time,ax (m/s^2),ay (m/s^2),az (m/s^2),aT (m/s^2)
0.001994,-0.1767,-0.3512,0.5899,0.709
0.003172,-0.2402,-0.1989,0.3288,0.453
0.007140,0.3074,-0.1830,-0.1093,0.374
0.011390,0.4282,-0.0992,-0.3603,0.568
0.015898,-0.1554,-0.1747,-0.3449,0.417
0.020033,-0.2585,-0.2713,-0.0781,0.383
0.024326,0.1702,-0.1963,0.2790,0.381
0.032965,0.6911,-0.2221,0.6000,0.942
0.036933,0.1492,-0.0541,0.5139,0.538
0.041971,-0.3103,-0.0737,0.1710,0.362
0.045288,-0.0012,-0.0751,-0.0987,0.124
0.049639,0.4011,-0.1844,-0.1680,0.472
0.058099,0.0376,-0.3611,-0.0267,0.364
0.062094,-0.6850,-0.4116,0.1039,0.806
0.066917,-0.1938,-0.0072,0.2064,0.283
0.070615,0.1175,0.1249,0.4572,0.488
0.075151,0.2797,-0.0714,0.7244,0.780
0.083857,-0.3173,-0.4816,0.6535,0.872
0.087458,-0.4331,-0.1311,0.2044,0.497
0.095559,0.2195,0.0863,-0.1194,0.264
0.096032,0.3975,0.3435,-0.0623,0.529
0.100721,-0.1096,0.3468,0.3476,0.503
0.104501,-0.5843,0.2496,0.6974,0.943
0.112742,-0.0484,0.2390,0.7542,0.793
0.116955,0.5058,0.0629,0.6909,0.859
0.121604,-0.0450,-0.0135,0.5274,0.529
0.125564,-0.3806,-0.0622,0.4558,0.597
0.129613,-0.0372,0.0094,0.3391,0.341
0.138727,0.2061,-0.0072,0.2157,0.298
0.142066,-0.0017,0.1245,-0.0067,0.125
0.146728,-0.5961,-0.0747,-0.0968,0.609
0.150625,-0.3105,-0.1788,-0.1057,0.374
0.155941,-0.0645,-0.1627,-0.1057,0.204
0.159118,-0.1838,-0.0822,0.1054,0.227
0.167739,-0.3028,-0.4654,0.2828,0.623
0.171712,-0.1823,-0.5204,0.3179,0.636
0.176052,-0.1397,-0.5006,0.1067,0.531
0.180083,-0.1336,-0.2841,-0.0092,0.314
0.187800,-0.0870,-0.1427,0.0336,0.170
0.193432,-0.1012,-0.2314,0.1248,0.282
0.197130,0.3534,-0.0140,0.2138,0.413
0.201270,-0.0977,-0.3249,0.1570,0.374
0.205302,0.1810,-0.3168,0.0833,0.374
0.209532,-0.0620,-0.3673,0.0886,0.383
0.218228,0.0895,-0.1582,0.1717,0.250
0.222524,0.1729,0.0909,0.3343,0.387
0.226489,0.1096,-0.0493,0.2840,0.308
0.231002,-0.0424,-0.1492,0.1459,0.213
0.235039,-0.3878,-0.2625,-0.0207,0.469
0.239319,-0.0259,-0.0820,-0.1237,0.151
0.247848,0.1381,-0.0704,-0.0466,0.162
0.251920,0.0376,-0.2728,0.1955,0.338
0.256105,-0.2452,-0.2853,0.3599,0.521
0.260070,-0.3458,-0.2262,0.3723,0.556
0.264622,0.0588,-0.0197,0.2436,0.251
0.273000,0.4841,-0.0523,0.1397,0.507
0.276885,0.1037,-0.0637,0.0695,0.140
0.281242,0.0152,0.1334,0.0800,0.156
0.287662,-0.0187,0.2922,0.1447,0.327
0.289914,0.1857,0.1369,0.1326,0.266
0.298392,0.1560,-0.2200,0.0237,0.271
0.302326,-0.0504,-0.4230,-0.1663,0.457
0.306636,0.0421,-0.3731,-0.2894,0.474
0.310920,0.2165,-0.1551,-0.1646,0.313
0.315059,0.2036,-0.2220,0.1382,0.331
0.319256,0.1144,-0.3540,0.3744,0.528
0.327791,0.3064,-0.4798,0.3387,0.662
0.331909,0.1145,-0.2487,-0.0505,0.278
0.336118,0.0706,-0.1233,-0.3508,0.378
0.340191,0.1307,-0.0273,-0.1935,0.235
0.344561,-0.0052,-0.1119,0.1468,0.185
0.353150,0.5195,0.1206,0.4361,0.689
0.357168,0.0130,-0.1699,0.2594,0.310
0.361498,-0.0804,-0.1292,-0.0342,0.156
0.365487,-0.0589,-0.0258,-0.1595,0.172
0.369885,0.3690,0.1728,0.1277,0.427
0.373925,0.4355,-0.0679,0.4646,0.640
0.382485,-0.2414,0.0751,0.3252,0.412
0.386933,0.0525,0.0565,-0.0590,0.097
0.390837,0.1630,-0.0766,-0.1974,0.267
0.395341,0.4720,-0.1030,-0.1747,0.514
0.399109,-0.0155,-0.1188,0.0153,0.121
0.407535,-0.0336,0.0012,0.3054,0.307
0.412351,0.6068,0.0793,0.4389,0.753
0.416438,0.3528,-0.0037,0.2657,0.442
0.420413,0.1424,0.0656,0.0467,0.164
0.424511,-0.0083,-0.0499,-0.0511,0.072
0.433177,0.2300,-0.0905,-0.1123,0.272
0.437516,0.4182,0.1728,0.0255,0.453
0.441465,-0.0808,0.0787,0.1995,0.229
0.446973,-0.1368,0.0483,0.2451,0.285
0.449975,0.1721,-0.0990,0.0710,0.211
0.454778,0.1071,-0.1165,-0.0171,0.159
0.463061,-0.1123,0.0398,0.0268,0.122
0.468212,0.1581,0.1706,0.1840,0.297
0.471575,-0.0740,0.0432,0.2875,0.300
0.476424,0.2057,0.0990,0.3885,0.451
0.479449,0.0661,-0.1851,0.3905,0.437
0.488427,0.1847,0.0801,0.2063,0.288
0.496112,0.1904,0.0884,0.0730,0.222
0.496694,-0.0206,0.0819,0.2265,0.242
0.501627,0.0623,0.2732,0.4563,0.536
0.504981,-0.1503,0.2155,0.6014,0.656
0.513125,0.0614,0.4474,0.5204,0.689
0.517359,-0.4254,-0.0964,0.3512,0.560
0.521421,0.0243,0.3048,0.1048,0.323
0.525947,-0.2357,0.1364,0.0350,0.275
0.530048,-0.1654,0.1420,0.2028,0.298
0.534636,-0.0285,0.1237,0.2803,0.308
0.542925,-0.3819,0.2998,0.2864,0.564
0.546929,0.0674,-0.0556,0.1899,0.209
0.551213,-0.2568,-0.2778,-0.0174,0.379
0.555413,-0.2626,-0.2395,-0.1566,0.388
0.559572,-0.2153,0.0506,0.0050,0.221
0.568418,0.0935,-0.1487,0.3986,0.436
0.572884,0.0446,-0.4496,0.3130,0.550
0.577067,-0.4246,-0.4439,-0.1395,0.630
0.581159,-0.0475,-0.1953,-0.3371,0.392
0.587573,0.1810,-0.0815,-0.1566,0.253
0.588985,0.0907,-0.1669,0.1628,0.250
0.597959,-0.4358,-0.3085,0.2956,0.610
0.601900,-0.1668,-0.1094,0.2427,0.314
0.607368,-0.0796,-0.0392,0.1324,0.159
0.610028,-0.0630,-0.2763,0.0120,0.284
0.614455,0.1435,-0.1362,-0.0121,0.198
0.622820,0.0063,-0.2069,0.1224,0.240
0.626901,0.0001,0.0632,0.2198,0.229
0.631653,0.4020,0.1317,0.2057,0.470
0.635590,0.0216,-0.0224,0.1875,0.190
0.639808,-0.0436,-0.1818,0.2902,0.345
0.648264,0.1292,-0.2752,0.1537,0.341
0.652443,-0.1058,0.0004,-0.0425,0.114
0.656841,-0.0759,0.0680,-0.0704,0.124
0.660705,0.0480,0.0991,0.1870,0.217
0.665080,0.1710,0.0638,0.3560,0.400
0.669368,-0.4528,-0.2351,0.2125,0.553
0.677791,-0.1579,-0.0172,-0.0597,0.170
0.681953,0.3274,0.0475,-0.2020,0.388
0.687895,-0.0260,-0.0870,-0.0088,0.091
0.690418,-0.2893,-0.2347,0.1881,0.417
0.695629,-0.2041,-0.0236,0.3081,0.370
0.704234,0.3527,0.1433,0.3658,0.528
0.707061,0.1649,-0.0840,0.2682,0.326
0.711491,-0.3537,-0.0514,0.0208,0.358
0.715468,-0.4385,-0.1303,-0.1132,0.471
0.720390,-0.0465,-0.0045,-0.0169,0.050
0.728482,0.3304,0.0400,0.1886,0.383
0.732492,-0.3380,-0.0051,0.4428,0.557
0.737807,-0.5280,0.0740,0.4676,0.709
0.740944,-0.2184,-0.2524,0.3113,0.456
0.745388,0.0448,-0.2280,-0.0476,0.237
0.749643,-0.1361,-0.0205,-0.0825,0.160
0.758176,-0.2961,0.1315,0.2565,0.413
0.762293,-0.0426,0.3000,0.4215,0.519
0.766612,0.1421,0.1521,0.3409,0.399
0.770902,-0.4341,-0.0831,0.0715,0.448
0.774939,-0.4023,-0.2687,-0.1989,0.523
0.783093,-0.1373,0.0092,-0.3633,0.388
0.788523,0.1130,-0.0292,-0.0894,0.147
0.791635,-0.1127,-0.1078,0.4064,0.435
0.797778,-0.2457,-0.1297,0.4867,0.560
0.800001,0.1664,-0.0612,0.2386,0.297
0.803923,-0.0133,-0.0991,-0.1149,0.152
0.812629,-0.0686,-0.2042,-0.2545,0.333
0.816737,-0.2418,-0.1830,-0.2470,0.391
0.820867,-0.1667,-0.1245,-0.0719,0.220
0.824925,0.5385,0.0398,0.1363,0.557
0.829572,0.1517,-0.0041,0.1220,0.195
0.837842,-0.7731,-0.3995,-0.0617,0.872
0.842121,-0.1328,-0.3226,-0.2754,0.444
0.846494,0.3546,-0.3026,-0.3219,0.567
0.850486,0.2313,-0.2157,-0.1099,0.335
0.854901,-0.2148,-0.1669,0.1007,0.290
0.863346,-0.1876,-0.0931,0.2292,0.311
0.867624,-0.0425,-0.2349,0.1731,0.295
0.871809,0.4604,-0.2051,0.0013,0.504
0.875841,0.1037,-0.3707,-0.3033,0.490
0.880184,-0.5207,-0.2504,-0.4476,0.731
0.884379,-0.2335,-0.1012,-0.2588,0.363
0.893595,0.6200,0.0565,0.1726,0.646
0.897336,0.2507,0.0038,0.3617,0.440
0.901098,-0.4704,-0.1768,0.1887,0.537
0.905298,-0.2442,-0.2132,-0.1552,0.359
0.909293,0.3167,-0.1126,-0.4392,0.553
0.917807,0.2748,-0.2147,-0.3863,0.520
0.922237,-0.0873,-0.2888,-0.0504,0.306
0.926287,0.3929,-0.0707,0.1840,0.440
0.930349,-0.0486,-0.0196,0.1106,0.122
0.935301,0.0133,-0.0760,-0.0644,0.101
0.943372,0.0763,-0.2244,-0.2183,0.322
0.947549,0.1082,-0.2542,-0.2375,0.364
0.952693,-0.0354,-0.2089,-0.1223,0.245
0.955965,0.2458,0.0392,0.0227,0.250
0.960242,0.0281,0.0962,0.1750,0.202
0.964105,-0.0204,-0.0261,0.1785,0.182
0.972824,0.3537,-0.1961,0.0815,0.413
0.978113,0.2504,-0.0304,-0.0531,0.258
0.982448,-0.1066,0.0713,-0.0671,0.145
0.985334,-0.0432,0.2363,0.1038,0.262
0.989271,-0.1681,0.0401,0.3359,0.378
0.997714,0.1091,0.2941,0.5036,0.593
1.002085,0.1912,0.1953,0.4013,0.486
1.006173,-0.2512,0.0358,0.1702,0.306
1.011067,-0.0516,-0.0087,-0.0525,0.074
1.014596,0.0161,-0.0508,-0.0567,0.078
1.018871,0.4004,0.0051,0.2190,0.456
1.028476,0.1429,0.1137,0.4459,0.482
1.031353,-0.0727,0.1434,0.3789,0.412
1.035903,-0.0324,0.0294,0.2461,0.250
1.039748,-0.0029,-0.1671,0.0822,0.186
1.044306,0.1338,-0.0981,0.0052,0.166
1.052715,-0.3471,-0.1904,0.1232,0.415
1.056817,-0.1492,-0.2167,0.3312,0.423
1.061067,0.3647,-0.0026,0.4429,0.574
1.065502,0.0608,-0.0358,0.4660,0.471
1.069403,-0.2026,-0.2123,0.3428,0.451
1.077851,0.0170,-0.3459,0.0388,0.348
1.082398,0.3012,-0.0063,-0.0213,0.302
1.086804,-0.0868,-0.1082,0.2695,0.303
1.090690,0.1142,0.1018,0.5767,0.597
1.094705,-0.0941,0.0394,0.4487,0.460
1.098840,-0.0613,0.1567,0.1255,0.210
1.107234,0.2217,0.0799,-0.1909,0.303
1.111641,0.0526,-0.0144,-0.2754,0.281
1.115700,-0.3065,-0.0816,-0.2385,0.397
1.120108,-0.0130,-0.0178,-0.0207,0.030
1.124142,0.6615,0.3117,0.2862,0.785
1.132692,0.1540,0.2837,0.3883,0.505
1.137080,-0.2143,0.1628,0.2587,0.373
1.141195,0.0672,0.0052,-0.1103,0.129
1.145397,0.4506,-0.0259,-0.3788,0.589
1.149603,0.0408,-0.0343,-0.4613,0.464
1.158128,-0.1172,0.2137,-0.2403,0.342
1.162242,0.0253,0.5520,0.2615,0.611
1.166241,0.2803,0.4015,0.3974,0.631
1.170590,0.3015,0.1883,0.0534,0.359
1.174893,-0.0520,0.1211,-0.4579,0.476
1.178921,-0.0856,0.1772,-0.8307,0.854
1.187677,0.0882,0.4639,-0.7146,0.857
1.191798,0.3860,0.5168,-0.4123,0.766
1.195958,-0.1157,0.4955,-0.1088,0.520
1.200049,0.0536,0.4119,-0.2120,0.466
1.204223,0.1536,0.4862,-0.6105,0.795
1.212919,-0.2105,0.4571,-0.9689,1.092
1.216788,-0.1569,0.5647,-1.0003,1.159
1.221389,-0.0794,0.5453,-0.8153,0.984
1.225434,0.0088,0.6377,-0.6673,0.923
1.229640,-0.2526,0.6225,-0.6956,0.967
1.233802,0.1087,0.5974,-0.9211,1.103
1.242379,-0.2762,0.3524,-1.2408,1.319
1.246767,-0.2371,0.5833,-1.3521,1.491
1.250773,-0.1835,0.5709,-1.1323,1.281
1.255069,-0.0156,0.7022,-0.8339,1.090
1.259107,-0.0166,0.8022,-0.7021,1.066
1.267615,-0.4344,0.6888,-0.7545,1.110
1.271773,0.0919,0.7205,-1.0444,1.272
1.276166,-0.3481,0.5360,-1.3425,1.487
1.280153,-0.1098,0.7517,-1.3676,1.564
1.284689,-0.2694,0.8197,-1.0994,1.398
1.292787,-0.2289,0.9081,-0.7627,1.208
1.297278,-0.1491,0.7403,-0.6208,0.978
1.301967,-0.4457,0.5631,-0.8935,1.146
1.305430,-0.1439,0.7026,-1.2559,1.446
1.309548,-0.3751,0.7089,-1.4043,1.617
1.314056,0.1943,0.7293,-1.1724,1.394
1.322480,-0.3340,0.7320,-0.8311,1.157
1.326459,-0.2236,0.9712,-0.6785,1.206
1.330825,-0.1262,0.7536,-0.7429,1.066
1.335065,0.0698,0.7819,-1.0499,1.311
1.339192,-0.1546,0.6703,-1.2768,1.450
1.347732,-0.4761,0.6585,-1.2377,1.481
1.351952,0.2389,0.8325,-0.9807,1.308
1.356193,0.0044,0.6804,-0.7643,1.023
1.360313,-0.0535,0.7734,-0.7308,1.065
1.364549,-0.0503,0.6085,-0.9487,1.128
1.373102,-0.1501,0.7961,-1.2796,1.514
1.377129,-0.1333,0.5401,-1.4307,1.535
1.381300,-0.1132,0.7950,-1.3123,1.538
1.385359,-0.0829,0.7356,-1.0969,1.323
1.389956,-0.1528,0.6295,-0.8404,1.061
1.394246,0.1795,0.6435,-0.7484,1.003
1.402483,0.0228,0.6624,-0.9408,1.151
1.406580,-0.2999,0.3062,-1.3790,1.444
1.410657,-0.0371,0.6031,-1.5740,1.686
1.415218,-0.1118,0.4937,-1.2557,1.354
1.419105,0.1555,0.6986,-0.7951,1.070
1.427904,-0.0363,0.6593,-0.5666,0.870
1.431930,-0.3402,0.5714,-0.6117,0.904
1.436461,0.3677,0.5906,-1.0772,1.282
1.440460,-0.0387,0.5953,-1.4612,1.578
1.444794,-0.1658,0.5961,-1.3595,1.494
1.448820,-0.0303,0.7606,-0.9118,1.188
1.457227,0.0793,0.9074,-0.4755,1.028
1.461807,-0.0088,0.8926,-0.4820,1.014
1.465798,0.1112,0.7583,-0.8942,1.178
1.469878,-0.1766,0.7598,-1.2318,1.458
1.474450,-0.4780,0.6841,-1.2589,1.510
1.482804,-0.1128,0.7249,-0.9642,1.212
1.486875,0.0418,0.8725,-0.6616,1.096
1.491247,-0.0766,0.8250,-0.5235,0.980
1.495912,-0.2808,0.7414,-0.7152,1.068
1.499368,-0.1096,0.7314,-1.0324,1.270
1.507805,0.1332,0.7283,-1.1355,1.356
1.511984,-0.1849,0.6510,-0.9538,1.170
1.516311,-0.1422,0.6079,-0.7843,1.002
1.520377,-0.0622,0.7496,-0.8135,1.108
1.524557,-0.0895,0.8525,-0.9293,1.264
1.529007,-0.2392,0.7403,-1.0243,1.286
1.537417,0.1259,0.6922,-1.0842,1.292
1.542118,-0.0171,0.4732,-1.1328,1.228
1.545786,-0.0681,0.5233,-1.1934,1.305
1.550047,-0.0588,0.6108,-1.2713,1.412
1.554436,-0.3608,0.5508,-1.1930,1.363
1.562883,-0.0849,0.5613,-0.9184,1.080
1.566973,0.0013,0.5125,-0.6699,0.843
1.571229,-0.3841,0.4243,-0.7671,0.957
1.575822,-0.1593,0.3760,-1.0390,1.116
1.579491,0.1340,0.3243,-1.2375,1.286
1.588267,0.1523,0.4813,-1.2065,1.308
1.593005,-0.1285,0.5192,-1.0825,1.207
1.596298,-0.2905,0.6024,-0.8761,1.102
1.600466,0.0601,0.4667,-0.8792,0.997
1.604794,0.0825,0.4395,-1.0454,1.137
1.609782,-0.4265,0.2658,-1.2114,1.311
1.617399,-0.2412,0.3197,-1.2479,1.311
1.621747,0.2904,0.5142,-1.1851,1.324
1.625728,-0.0969,0.5464,-0.9897,1.135
1.630068,-0.2616,0.4616,-0.8854,1.032
1.634357,-0.1996,0.3563,-1.0147,1.094
1.642862,-0.0427,0.3521,-1.1586,1.212
1.646903,-0.2746,0.2279,-1.0843,1.141
1.651398,-0.1398,0.3391,-0.8555,0.931
1.655548,-0.1131,0.4522,-0.6431,0.794
1.659437,-0.1457,0.5289,-0.5549,0.780
1.667892,-0.2212,0.4531,-0.6700,0.839
1.672351,-0.2887,0.5011,-0.9259,1.092
1.676651,-0.2391,0.3469,-1.2072,1.279
1.680557,-0.1718,0.3557,-1.2965,1.355
1.684754,-0.0026,0.4831,-1.1203,1.220
1.688999,-0.1656,0.5449,-0.7701,0.958
1.697704,-0.0492,0.6587,-0.4574,0.803
1.701803,-0.2610,0.4663,-0.4206,0.680
1.705745,-0.2035,0.3334,-0.6417,0.751
1.710252,-0.1493,0.3662,-0.9541,1.033
1.714433,-0.2687,0.4577,-1.0726,1.197
1.722683,0.0411,0.5398,-0.9334,1.079
1.726839,0.0966,0.5170,-0.6648,0.848
1.731241,-0.0524,0.4945,-0.4189,0.650
1.735504,-0.2871,0.4447,-0.4814,0.715
1.739497,-0.0806,0.4649,-0.7790,0.911
1.743878,0.1751,0.4852,-0.9575,1.088
1.752385,-0.1976,0.3412,-0.7526,0.850
1.756726,-0.2185,0.4474,-0.3463,0.606
1.760865,-0.0585,0.6876,-0.2220,0.725
1.765018,0.0321,0.7227,-0.3469,0.802
1.769414,0.2796,0.5714,-0.6361,0.900
1.777766,-0.1471,0.4278,-1.0444,1.138
1.781998,-0.3852,0.6042,-1.1358,1.343
1.786301,-0.0168,0.5969,-0.8428,1.033
1.790821,0.0193,0.4647,-0.3947,0.610
1.794707,0.2326,0.5037,-0.1280,0.569
1.803055,-0.3602,0.5637,-0.2239,0.705
1.807185,0.0163,0.7085,-0.4832,0.858
1.811329,0.1732,0.4804,-0.7401,0.899
1.815598,0.0755,0.3597,-0.7021,0.792
1.819714,-0.1701,0.4075,-0.5727,0.723
1.824058,-0.0479,0.6630,-0.4738,0.816
1.832515,0.3126,0.8360,-0.4256,0.989
1.836544,-0.1282,0.6363,-0.3972,0.761
1.840848,-0.0541,0.5076,-0.4510,0.681
1.845035,-0.1140,0.3752,-0.6762,0.782
1.849335,0.0189,0.5384,-0.7663,0.937
1.857845,-0.1568,0.3954,-0.6120,0.745
1.861926,-0.0499,0.6392,-0.3412,0.726
1.866617,0.0036,0.6928,-0.2275,0.729
1.870286,-0.2725,0.6488,-0.3985,0.809
1.874825,-0.0179,0.5341,-0.6331,0.829
1.883756,-0.2121,0.2973,-0.7949,0.875
1.888759,-0.1960,0.4760,-0.5897,0.783
1.891719,-0.4446,0.3306,-0.3332,0.646
1.895847,0.0520,0.5195,-0.1922,0.556
1.900672,-0.0989,0.3806,-0.2783,0.482
1.904099,-0.0347,0.3938,-0.4569,0.604
1.912767,-0.0949,0.3418,-0.7186,0.801
1.916861,-0.3556,0.3337,-0.8952,1.019
1.921284,-0.0611,0.5043,-0.8682,1.006
1.925047,-0.1971,0.5196,-0.6217,0.834
1.929662,-0.1147,0.5339,-0.3647,0.657
1.938006,-0.4085,0.1559,-0.3364,0.552
1.942030,0.1951,0.1853,-0.6048,0.662
1.946546,0.0661,0.1354,-0.9049,0.917
1.950544,-0.4000,0.2942,-0.9337,1.058
1.954674,-0.1601,0.4798,-0.6430,0.818
1.959020,-0.2407,0.3625,-0.3384,0.551
1.967393,-0.1163,0.3579,-0.2853,0.472
1.971876,-0.3334,0.1655,-0.5330,0.650
1.975749,-0.0916,0.2175,-0.8395,0.872
1.979773,0.2141,0.2802,-0.8607,0.930
1.984328,-0.0385,0.2457,-0.5824,0.633
1.992865,-0.1255,0.1694,-0.2794,0.350
1.997611,-0.0599,0.2664,-0.3433,0.439
2.001201,0.2076,0.4329,-0.4896,0.686
2.005324,-0.1800,0.2992,-0.6148,0.707
2.009319,0.0226,0.4130,-0.6340,0.757
2.017935,-0.1201,0.2394,-0.5197,0.585
2.024188,-0.1166,0.2256,-0.4812,0.544
2.026343,0.4255,0.3046,-0.5297,0.745
2.030556,-0.1535,0.1214,-0.6293,0.659
2.034939,-0.1500,0.3296,-0.6913,0.780
2.038895,-0.1282,0.2955,-0.5767,0.661
2.047369,0.3360,0.2670,-0.4597,0.629
2.051661,-0.1490,0.2412,-0.4239,0.510
2.055749,-0.3439,0.2286,-0.4404,0.604
2.060066,0.1480,0.2884,-0.5041,0.599
2.064175,0.1656,0.3187,-0.6310,0.726
2.072890,0.1253,0.2831,-0.6801,0.747
2.076863,-0.3960,0.0880,-0.6152,0.737
2.081099,-0.0050,0.2638,-0.4255,0.501
2.085456,-0.0577,0.0712,-0.3759,0.387
2.091007,0.3783,0.3615,-0.4353,0.681
2.098200,0.0792,0.2675,-0.4813,0.556
2.102134,-0.4613,0.1447,-0.5359,0.722
2.106360,0.0730,0.3217,-0.5985,0.683
2.110651,-0.2479,0.1480,-0.5417,0.614
2.114887,-0.0140,0.4020,-0.4190,0.581
2.118949,-0.1203,0.1841,-0.3607,0.422
2.127457,-0.0251,0.1192,-0.4603,0.476
2.131654,0.0835,0.1819,-0.5553,0.590
2.135981,-0.2051,0.2484,-0.4149,0.525
2.140271,0.1689,0.4064,-0.1836,0.477
2.144411,-0.0908,0.3343,-0.1106,0.364
2.152851,-0.2746,0.2853,-0.3185,0.508
2.157312,-0.0257,0.2728,-0.6317,0.689
2.161569,0.0790,0.4441,-0.6377,0.781
2.165544,-0.0895,0.4818,-0.3560,0.606
2.169698,-0.0921,0.3810,-0.1363,0.415
2.174689,0.0183,0.2591,-0.1425,0.296
2.182411,-0.1355,0.2277,-0.3487,0.438
2.186446,-0.0440,0.5185,-0.3852,0.647
2.191639,-0.0590,0.4748,-0.2902,0.560
2.194967,0.0769,0.4890,-0.2050,0.536
2.199222,-0.1236,0.3553,-0.1951,0.424
2.207525,-0.0371,0.4221,-0.1860,0.463
2.211808,0.0438,0.4416,-0.1774,0.478
2.215971,-0.2136,0.3320,-0.1839,0.436
2.220023,0.0319,0.4155,-0.2768,0.500
2.224451,-0.0931,0.4223,-0.3519,0.558
2.232858,0.1780,0.4615,-0.2691,0.563
2.236983,-0.2030,0.3546,-0.2896,0.501
2.241240,-0.0183,0.4621,-0.3158,0.560
2.245491,-0.1863,0.2698,-0.4106,0.525
2.249846,0.0608,0.2554,-0.3923,0.472
2.253962,0.1086,0.3123,-0.2583,0.420
2.262592,-0.4317,0.3232,-0.1939,0.573
2.266521,0.1679,0.4376,-0.3549,0.588
2.271040,0.1740,0.3158,-0.4546,0.580
2.275067,0.1460,0.3218,-0.5023,0.614
2.279198,-0.2410,0.4653,-0.6057,0.801
2.287926,-0.0470,0.5309,-0.7394,0.911
2.293274,-0.1485,0.4466,-0.6821,0.829
2.296387,0.1819,0.4423,-0.5765,0.749
2.300364,-0.1274,0.5159,-0.5841,0.790
2.304429,-0.3578,0.4809,-0.6333,0.872
2.313003,0.0086,0.5708,-0.7111,0.912
2.317186,0.0042,0.4341,-0.8159,0.924
2.321256,0.1254,0.5781,-0.8466,1.033
2.325653,-0.0884,0.4570,-0.9270,1.037
2.329645,-0.0516,0.5390,-1.0063,1.143
2.334145,-0.0438,0.5804,-0.9355,1.102
2.342781,-0.2027,0.6286,-0.8277,1.059
2.346491,0.0105,0.5652,-0.7772,0.961
2.351206,-0.0369,0.4602,-0.9101,1.020
2.355510,0.0655,0.4752,-1.0411,1.146
2.359619,-0.1136,0.5265,-1.0650,1.193
2.367859,0.0658,0.5933,-1.0048,1.169
2.372546,0.1093,0.5373,-0.8632,1.023
2.376487,-0.0455,0.5161,-0.7443,0.907
2.380743,-0.0921,0.5201,-0.7449,0.913
2.384778,0.0491,0.6175,-0.9292,1.117
2.389705,-0.0221,0.6064,-1.0515,1.214
2.397671,-0.0664,0.5818,-1.0597,1.211
2.401534,0.1720,0.7734,-1.0605,1.324
2.405882,-0.0179,0.5097,-1.0303,1.150
2.410074,-0.0190,0.5244,-1.0446,1.169
2.414787,-0.1328,0.6669,-1.0146,1.221
2.422637,-0.1206,0.6597,-0.9605,1.171
2.426711,-0.0790,0.6463,-0.9576,1.158
2.431356,-0.1932,0.4557,-0.9828,1.100
2.435221,-0.0660,0.5407,-1.0079,1.146
2.439536,-0.0655,0.5326,-0.9978,1.133
2.448197,0.0797,0.5549,-1.0015,1.148
2.452016,-0.0904,0.5153,-0.9903,1.120
2.456251,-0.2264,0.5139,-0.9633,1.115
2.460656,-0.1251,0.5063,-0.9771,1.108
2.465477,0.0432,0.4851,-0.9650,1.081
2.469036,-0.0092,0.4862,-0.9956,1.108
2.477494,-0.4109,0.6585,-0.9950,1.262
2.483093,-0.2877,0.4741,-0.9898,1.135
2.486092,-0.0920,0.3805,-0.9925,1.067
2.490162,-0.0426,0.4042,-0.9556,1.038
2.494824,-0.1645,0.5228,-0.8816,1.038
2.503017,-0.1899,0.4095,-0.7755,0.897
2.506824,-0.1741,0.3437,-0.7026,0.801
2.511015,-0.0805,0.3080,-0.8584,0.916
2.515319,-0.2096,0.5426,-0.9326,1.099
2.519523,-0.2548,0.3933,-0.9077,1.021
2.527925,-0.2796,0.4435,-0.7717,0.933
2.532142,0.1519,0.4327,-0.6469,0.793
2.536289,-0.3326,0.3658,-0.6266,0.798
2.540673,-0.0967,0.3470,-0.7556,0.837
2.544747,-0.1391,0.3267,-0.7964,0.872
2.549059,0.1427,0.5441,-0.6211,0.838
2.557773,-0.0544,0.5029,-0.4848,0.701
2.561845,-0.1385,0.3705,-0.5910,0.711
2.566045,-0.1846,0.4574,-0.7370,0.887
2.570211,0.0410,0.5906,-0.6975,0.915
2.574535,0.1257,0.5699,-0.5612,0.810
2.582651,-0.2027,0.4861,-0.5850,0.787
2.586793,-0.2659,0.3893,-0.6369,0.792
2.591542,-0.1009,0.4402,-0.5824,0.737
2.595457,0.3286,0.4064,-0.4796,0.709
2.599494,-0.0065,0.3825,-0.4449,0.587
2.603787,-0.0210,0.4381,-0.5507,0.704
2.612398,-0.1744,0.5925,-0.5843,0.850
2.616484,0.0317,0.3968,-0.6560,0.767
2.620523,0.1218,0.3510,-0.6264,0.728
2.624902,-0.0148,0.4801,-0.4807,0.680
2.629163,-0.0382,0.5108,-0.3937,0.646
2.637595,0.2417,0.4772,-0.4533,0.701
2.641622,-0.0841,0.2870,-0.5987,0.669
2.646039,-0.0565,0.3520,-0.5469,0.653
2.650202,0.0216,0.4618,-0.3427,0.575
2.654665,-0.0183,0.3475,-0.2650,0.437
2.662802,0.1485,0.3659,-0.3974,0.560
2.667161,-0.2714,0.3373,-0.5865,0.729
2.671341,-0.2472,0.5496,-0.5589,0.822
2.675508,0.2294,0.3924,-0.4593,0.646
2.679740,0.0941,0.3742,-0.3578,0.526
2.684048,-0.5049,0.3038,-0.2990,0.661
2.693486,-0.0447,0.5086,-0.3695,0.630
2.697084,0.2258,0.4315,-0.4305,0.650
2.700927,-0.0204,0.2981,-0.3248,0.441
2.705206,-0.1362,0.2910,-0.2616,0.414
2.709383,-0.3327,0.3524,-0.3052,0.573
2.717645,0.0870,0.3956,-0.5062,0.648
2.722235,0.3722,0.3212,-0.6522,0.817
2.726300,-0.0084,0.3500,-0.6371,0.727
2.730480,-0.7164,0.2250,-0.6125,0.969
2.734884,-0.0098,0.3162,-0.4756,0.571
2.743420,0.3546,0.1784,-0.3188,0.509
2.747492,0.1869,0.2735,-0.1596,0.368
2.751701,-0.5744,0.1428,-0.3847,0.706
2.757647,-0.1381,0.1883,-0.5946,0.639
2.760258,0.2064,0.2212,-0.6656,0.731
2.764363,-0.2110,0.1883,-0.6425,0.702
2.774613,-0.3529,0.1737,-0.5735,0.695
2.776854,-0.3282,0.2368,-0.4209,0.584
2.781405,0.1212,0.2785,-0.2168,0.373
2.785486,-0.0935,0.2362,-0.2227,0.338
2.789698,-0.3074,0.2356,-0.4234,0.574
2.799182,-0.3129,0.1311,-0.6724,0.753
2.802244,0.1398,0.4330,-0.6592,0.801
2.806646,0.0686,0.2468,-0.5700,0.625
2.810711,-0.2664,0.2568,-0.4502,0.583
2.815426,-0.0494,0.2126,-0.3962,0.452
2.819102,0.0845,0.1528,-0.4143,0.450
2.827744,0.4143,0.2888,-0.4256,0.660
2.832237,-0.3160,0.0617,-0.4641,0.565
2.835940,-0.2374,0.2006,-0.4791,0.571
2.840632,0.1719,0.2332,-0.4373,0.525
2.844415,-0.0234,0.2125,-0.4437,0.493
2.853446,-0.1768,0.3407,-0.3917,0.548
2.858041,-0.2642,0.2726,-0.4049,0.555
2.861551,-0.0017,0.3023,-0.4358,0.530
2.866309,0.0740,0.1744,-0.5193,0.553
2.869941,-0.2168,0.1442,-0.5280,0.589
2.878127,-0.0703,0.3212,-0.3731,0.497
2.885607,-0.0195,0.0962,-0.3204,0.335
2.886978,0.0344,0.2215,-0.3770,0.439
2.892148,-0.2712,0.2025,-0.5410,0.638
2.895315,-0.2459,0.3371,-0.6051,0.735
2.899092,0.0521,0.3116,-0.5685,0.650
2.907337,0.0779,0.1526,-0.3093,0.354
2.911594,-0.1684,0.1108,-0.1576,0.256
2.915930,-0.3989,0.2010,-0.2015,0.490
2.920212,-0.0358,0.2385,-0.3121,0.394
2.924887,0.1502,0.1389,-0.4153,0.463
2.932820,0.0475,0.2731,-0.3879,0.477
2.937201,-0.2479,0.2243,-0.3665,0.496
2.941312,-0.4135,0.3462,-0.3625,0.650
2.945560,-0.0069,0.3975,-0.3018,0.499
2.950605,0.1022,0.3264,-0.1873,0.390
2.958426,-0.2737,0.3523,-0.1575,0.473
2.962653,-0.6109,0.2731,-0.1829,0.694
2.966642,-0.1478,0.3602,-0.2685,0.473
2.970944,0.1805,0.2747,-0.2696,0.425
2.975275,-0.0290,0.2661,-0.1303,0.298
2.979267,-0.6282,0.3582,-0.0844,0.728
2.987909,-0.3684,0.5184,-0.0262,0.636
2.995211,-0.0735,0.2048,-0.1037,0.241
2.996299,0.0005,0.3686,-0.2127,0.426
3.003780,-0.2507,0.3702,-0.1624,0.476
3.004960,-0.5284,0.3706,-0.1489,0.662
3.013450,-0.1267,0.2225,-0.2588,0.364
3.016930,-0.0752,0.1134,-0.3240,0.351
3.021655,0.0204,0.3693,-0.2005,0.421
3.025809,-0.2438,0.2945,-0.0655,0.388
3.030262,-0.1944,0.3647,-0.0728,0.420
3.034185,-0.3238,0.0744,-0.2623,0.423
3.042506,-0.2065,0.3097,-0.3109,0.485
3.047288,0.2508,0.2616,-0.2288,0.429
3.051375,-0.2289,0.1743,-0.1132,0.309
3.055331,-0.3023,0.1591,-0.0408,0.344
3.059462,-0.3746,0.0071,-0.1314,0.397
3.067956,0.1088,0.2120,-0.3111,0.392
3.072007,-0.1286,-0.0436,-0.3983,0.421
3.076150,-0.1833,0.1060,-0.3726,0.429
3.080444,-0.0938,0.0539,-0.3117,0.330
3.084778,0.0347,0.1007,-0.2155,0.240
3.094220,0.1076,0.0271,-0.2031,0.231
3.097357,-0.1915,-0.0202,-0.2960,0.353
3.103279,-0.3167,0.0035,-0.5070,0.598
3.105703,0.0238,-0.0852,-0.5542,0.561
3.110002,0.1732,-0.0310,-0.4269,0.462
3.113896,0.2019,-0.0108,-0.2635,0.332
3.122713,-0.5725,-0.1776,-0.2748,0.659
3.126722,0.0423,0.0625,-0.3682,0.376
3.130797,0.0758,-0.1157,-0.3892,0.413
3.135363,-0.1430,-0.1910,-0.3763,0.446
3.139292,-0.0870,-0.1359,-0.2790,0.322
3.148042,-0.2814,-0.0878,-0.2061,0.360
3.152791,0.3421,0.2005,-0.1364,0.419
3.156337,0.1266,0.0017,-0.2238,0.257
3.161083,-0.1744,0.0520,-0.3884,0.429
3.164779,-0.2536,0.1595,-0.4714,0.559
3.173289,0.0963,0.0595,-0.4037,0.419
3.177562,0.0375,0.0631,-0.1852,0.199
3.181537,-0.2540,-0.0598,-0.1406,0.296
3.185743,0.0355,-0.0135,-0.1807,0.185
3.189861,0.0133,0.0087,-0.3316,0.332
3.194234,-0.0801,0.1423,-0.3081,0.349
3.203928,-0.6275,0.1549,-0.0936,0.653
3.206589,-0.1252,0.0636,-0.0224,0.142
3.210989,0.0497,0.1309,-0.1678,0.219
3.215191,-0.2673,0.1892,-0.2454,0.409
3.219865,-0.2451,0.1988,-0.2116,0.380
3.227973,-0.2295,0.1539,-0.1710,0.325
3.232094,0.0257,0.0099,-0.1483,0.151
3.236462,-0.2399,0.2613,-0.1338,0.379
3.240261,-0.2218,0.1532,-0.0682,0.278
3.244878,-0.0868,0.1757,-0.0713,0.209
3.253609,-0.2728,0.2514,-0.1717,0.409
3.257423,-0.1295,0.2553,-0.2348,0.370
3.262286,-0.0622,0.1288,-0.3176,0.348
3.265727,-0.0041,0.1463,-0.2268,0.270
3.270360,-0.1431,0.1092,-0.0198,0.181
3.274998,-0.3386,0.0754,0.0818,0.356
3.286639,-0.0111,0.0214,0.0790,0.083
3.287261,-0.1228,0.2128,0.0240,0.247
3.292649,-0.0911,0.3208,0.0237,0.334
3.295920,0.0703,0.3018,-0.0903,0.323
3.299644,-0.1481,0.2670,-0.2620,0.402
3.308132,-0.2511,0.3496,-0.2092,0.479
3.312338,0.0091,0.0842,-0.1326,0.157
3.317071,0.0993,0.2849,0.0141,0.302
3.320962,-0.0628,0.1666,0.0762,0.194
3.324996,0.0143,0.2268,0.0440,0.231
3.329023,0.0316,0.1697,-0.0928,0.196
3.338278,0.1956,0.1981,-0.1857,0.335
3.342300,0.1256,0.2604,-0.0965,0.305
3.346028,-0.0353,-0.0013,-0.2239,0.227
3.351008,0.2841,0.0344,-0.2844,0.403
3.355655,0.0141,0.1137,-0.2089,0.238
3.362840,0.1834,0.2421,-0.0391,0.306
3.367044,0.1208,0.1170,0.0432,0.174
3.371455,0.2795,0.0808,0.0671,0.299
3.376016,0.2856,0.2002,-0.0222,0.349
3.379536,0.1912,0.2429,-0.2287,0.385
3.388302,0.1981,0.1988,-0.3486,0.447
3.396312,0.0284,0.1877,-0.2955,0.351
3.396944,0.5308,0.1318,-0.1295,0.562
3.405679,0.3673,0.0654,-0.0373,0.375
3.406188,0.2488,0.1830,-0.0313,0.310
3.409609,0.0711,0.0468,-0.1143,0.143
3.417758,0.3198,0.1905,-0.2117,0.428
3.421717,0.6834,0.0717,-0.1748,0.709
3.425804,0.0871,0.1426,-0.1326,0.213
3.430055,0.2532,0.1921,-0.1506,0.352
3.434351,0.3813,0.1416,-0.2906,0.500
3.442766,0.3001,0.1646,-0.3254,0.472
3.446989,0.4221,0.0710,-0.2531,0.497
3.451556,0.4720,0.1223,-0.1247,0.503
3.455836,0.1709,0.0909,-0.0355,0.197
3.460089,0.2693,0.0925,-0.0525,0.290
3.468385,0.4452,0.1598,-0.0561,0.476
3.472607,0.0274,0.0235,-0.1235,0.129
3.477137,0.1455,0.3431,-0.1141,0.390
3.481019,-0.0767,0.2895,-0.1059,0.318
3.485416,0.3675,0.2608,-0.0307,0.452
3.489535,0.3813,0.1440,0.0513,0.411
3.498950,0.1318,0.0923,0.0862,0.183
3.505912,0.1367,0.1104,-0.0733,0.190
3.506264,0.1748,0.0745,-0.3716,0.417
3.511042,0.2412,0.1831,-0.4084,0.508
3.514715,0.0947,0.2065,-0.1621,0.279
3.522859,0.0661,0.2227,0.1111,0.258
3.527184,-0.1792,0.1834,0.1978,0.324
3.531656,0.2779,0.0575,-0.0239,0.285
3.535843,0.1190,0.0993,-0.2621,0.305
3.539916,-0.3013,0.1618,-0.3705,0.504
3.544068,0.1024,0.1626,-0.3430,0.393
3.552940,-0.0070,0.0920,-0.2069,0.227
3.557384,0.0716,0.0618,-0.0569,0.110
3.561316,-0.2596,0.1439,0.0076,0.297
3.565510,0.0177,0.1570,-0.0970,0.185
3.569508,0.0596,0.0087,-0.2425,0.250
3.578417,-0.3315,0.0368,-0.1797,0.379
3.582593,-0.0899,0.0333,-0.2152,0.236
3.586944,-0.0403,0.1882,-0.1594,0.250
3.590605,-0.1088,0.1624,-0.1441,0.243
3.596224,-0.1938,0.0849,-0.1447,0.256
3.606472,0.3216,0.1652,-0.1270,0.383
3.607279,-0.2016,-0.0142,-0.0992,0.225
3.612003,-0.4677,0.0924,-0.0902,0.485
3.615726,-0.0765,0.1142,-0.2268,0.265
3.621179,0.1998,0.1439,-0.1659,0.297
3.624030,-0.1226,0.0864,0.0328,0.154
3.632513,-0.2789,0.0126,-0.0580,0.285
3.637021,-0.0351,0.2271,-0.2912,0.371
3.641060,-0.0919,0.1948,-0.2661,0.342
3.646234,0.1258,0.0942,-0.0354,0.161
3.649371,-0.1555,0.0014,0.1201,0.196
3.658340,-0.5774,0.0266,0.0285,0.579
3.662446,0.1422,0.2051,-0.1494,0.291
3.666685,0.3002,0.1379,-0.2738,0.429
3.670581,-0.1833,0.0368,-0.2392,0.304
3.675077,-0.3555,0.0426,-0.1286,0.380
3.683355,0.1704,0.1041,-0.1001,0.223
3.688542,0.2606,-0.0589,-0.1445,0.304
3.691925,-0.0353,0.0795,-0.1705,0.191
3.695791,-0.0283,0.0598,-0.1610,0.174
3.699939,-0.0259,0.0849,-0.1254,0.154
3.704125,0.0940,-0.0014,-0.1089,0.144
3.712715,0.2864,0.0028,-0.1178,0.310
3.716717,0.0350,0.1027,-0.0833,0.137
3.720974,-0.2866,0.1143,-0.0112,0.309
3.725238,0.1208,0.1453,0.0179,0.190
3.729549,0.2610,0.0751,-0.0269,0.273
3.738214,0.0802,0.2327,-0.0806,0.259
3.742353,-0.2537,0.2065,-0.0127,0.327
3.746718,0.0592,0.0472,-0.1147,0.137
3.750895,0.4564,0.1210,-0.1627,0.499
3.754979,-0.0710,0.0774,-0.1596,0.191
3.759180,-0.1009,0.2272,-0.1138,0.273
3.768429,-0.0796,-0.1158,-0.0995,0.172
3.772187,0.3192,0.1311,0.0357,0.347
3.776965,0.1784,-0.0871,0.1189,0.231
3.780511,-0.1561,-0.0647,-0.0505,0.176
3.785491,-0.2594,-0.0658,-0.2844,0.391
3.793593,0.0589,-0.0610,-0.3564,0.366
3.797348,0.4210,0.1236,-0.2293,0.495
3.805512,-0.4644,-0.0650,-0.0583,0.473
3.806212,-0.1935,0.0170,-0.0063,0.194
3.811516,0.4741,-0.1280,-0.0341,0.492
3.818628,0.1782,-0.1618,-0.2443,0.343
3.822124,-0.5546,-0.2331,-0.3540,0.698
3.826396,-0.3705,-0.1383,-0.3741,0.544
3.830666,0.4592,0.1622,-0.1027,0.498
3.835572,0.1360,0.1395,0.3590,0.408
3.839140,-0.4838,0.1157,0.4556,0.675
3.847465,-0.1979,0.1622,0.1668,0.305
3.851971,-0.0431,0.0250,-0.1693,0.176
3.856228,0.3089,-0.1217,-0.2598,0.422
3.860316,-0.0881,0.1294,-0.0723,0.172
3.864587,-0.4350,0.2656,0.2875,0.585
3.873483,-0.2369,0.1707,0.4711,0.554
3.877303,0.2311,0.2201,0.3343,0.462
3.881678,-0.1851,0.0931,0.1365,0.248
3.886152,-0.3875,0.2062,0.0033,0.439
3.890109,0.0535,0.1783,-0.0821,0.203
3.898398,-0.2688,0.2645,0.0101,0.377
3.905495,0.2591,0.3348,0.3999,0.582
3.906810,-0.2489,0.0681,0.4612,0.528
3.911014,0.0878,0.1321,0.2854,0.327
3.914937,0.0868,0.0120,0.0741,0.115
3.919792,0.1162,0.0741,0.0609,0.151
3.927625,-0.1716,0.0360,0.1703,0.244
3.932347,-0.0734,0.1325,0.3046,0.340
3.937664,0.1666,0.0338,0.4101,0.444
3.940063,0.0691,0.0451,0.3026,0.314
3.944705,0.0001,0.1734,0.0646,0.185
3.953344,-0.1286,0.0494,-0.1149,0.179
3.957274,0.5923,0.1661,-0.1387,0.631
3.961726,-0.0574,-0.0761,0.1415,0.171
3.966108,-0.1910,0.0294,0.3383,0.390
3.970125,0.2280,0.0414,0.3446,0.415
3.974531,0.3815,-0.0315,0.2309,0.447
3.982865,0.5460,-0.1014,0.0895,0.562
3.988597,0.0294,-0.0820,0.1034,0.135
3.991465,0.0969,0.0271,0.1259,0.161
3.998874,-0.0072,0.0845,0.2063,0.223
3.999327,0.5158,0.1721,0.2882,0.615
4.007638,0.3096,0.1499,0.3740,0.508
4.011981,0.0084,-0.0697,0.2584,0.268
4.016265,0.3817,-0.1109,-0.0726,0.404
4.020449,0.4800,-0.0445,-0.2969,0.566
4.024681,0.3408,-0.1054,-0.1284,0.379
4.033176,0.1558,-0.1336,0.2391,0.315
4.037282,0.4813,0.0352,0.4535,0.662
4.041483,0.1182,0.0749,0.3472,0.374
4.045852,0.3961,0.0998,0.0797,0.416
4.049750,0.6476,-0.0192,-0.1237,0.660
4.054193,0.1037,-0.2839,-0.1001,0.318
4.062873,0.0669,-0.0701,0.0247,0.100
4.066990,0.2426,-0.0205,0.1656,0.294
4.071514,0.1921,-0.0058,0.2296,0.299
4.075395,0.3144,-0.0595,0.1776,0.366
4.079922,0.2251,-0.1603,0.0425,0.280
4.088349,0.1837,-0.0883,-0.0483,0.209
4.092439,0.1609,-0.0781,-0.0616,0.189
4.098371,0.2520,-0.0526,0.0396,0.260
4.102066,0.1813,-0.0680,0.1939,0.274
4.108685,0.0526,-0.0395,0.2861,0.294
4.113136,0.3708,0.0286,0.2101,0.427
4.117353,0.1855,-0.0669,-0.0123,0.198
4.121507,-0.1243,-0.1104,-0.1315,0.212
4.125659,0.1237,-0.1666,-0.2183,0.301
4.129747,0.1185,-0.0789,-0.1369,0.198
4.134473,0.0085,-0.3071,0.0184,0.308
4.142595,-0.1214,-0.2574,0.1063,0.304
4.146885,0.0218,-0.1252,0.1363,0.186
4.151019,-0.3308,-0.4268,0.0981,0.549
4.155341,0.2893,-0.1512,-0.0329,0.328
4.159573,-0.4709,-0.2801,-0.0773,0.553
4.168127,-0.3477,-0.1336,-0.0785,0.381
4.172456,0.2981,-0.1918,-0.1264,0.376
4.176868,-0.0592,-0.0976,-0.0328,0.119
4.180776,-0.3159,-0.1223,0.1140,0.357
4.185145,-0.2698,-0.3417,0.0868,0.444
4.189907,0.2331,-0.0738,0.0065,0.245
4.198334,-0.2744,-0.1605,0.1223,0.341
4.201642,-0.0369,-0.0055,0.3600,0.362
4.207062,0.0413,-0.1892,0.3724,0.420
4.211136,-0.2909,-0.1403,0.2229,0.392
4.214735,0.1974,0.1396,-0.0265,0.243
4.222703,-0.0305,0.0554,-0.1471,0.160
4.228085,-0.4076,-0.2049,-0.1325,0.475
4.231513,-0.2674,-0.0491,-0.0616,0.279
4.236372,0.0250,0.0016,0.0943,0.098
4.239601,-0.3339,-0.1346,0.1789,0.402
4.248394,-0.2553,-0.3700,0.1224,0.466
4.253481,0.0827,-0.1662,0.0296,0.188
4.256659,0.0976,-0.1476,0.0139,0.177
4.261690,-0.0448,-0.1640,0.0232,0.172
4.265086,-0.2200,-0.2394,-0.0549,0.330
4.269550,0.0540,-0.1740,-0.0726,0.196
4.278245,0.1632,-0.0914,-0.0879,0.207
4.281733,0.0537,-0.0389,-0.0646,0.093
4.287271,-0.2335,-0.2046,0.0343,0.312
4.290608,-0.1116,-0.3064,0.0041,0.326
4.295364,0.2436,-0.1766,-0.0600,0.307
4.307320,0.1146,-0.0615,-0.0784,0.152
4.307967,-0.2085,-0.3316,-0.0650,0.397
4.312082,0.4569,-0.0084,-0.0664,0.462
4.315410,-0.0994,-0.1754,0.0497,0.208
4.319393,-0.0750,-0.1180,0.1696,0.220
4.327983,0.2750,-0.1357,0.0990,0.322
4.332330,0.1429,0.0563,0.1008,0.184
4.336553,-0.3483,-0.0541,0.0154,0.353
4.340682,0.0263,-0.0236,-0.0534,0.064
4.344756,0.2553,-0.1095,-0.0105,0.278
4.349229,0.1921,-0.0836,0.0450,0.214
4.357964,0.1564,0.1237,0.0284,0.201
4.362059,-0.4022,0.0390,0.0802,0.412
4.366227,0.3398,-0.0479,0.1472,0.373
4.370287,0.4528,-0.0726,0.2485,0.522
4.374840,-0.4030,-0.0955,0.2703,0.495
4.382941,-0.2208,0.0126,0.1204,0.252
4.389899,1.0291,0.2695,0.0698,1.066
4.392600,0.2259,-0.0126,0.1353,0.264
4.398067,-0.6584,-0.1814,0.0441,0.684
4.399658,0.1422,0.0900,-0.0411,0.173
4.403845,0.3406,0.1414,0.1415,0.395
4.412513,0.1754,-0.0330,0.4820,0.514
4.416219,-0.2113,-0.0052,0.6370,0.671
4.420686,-0.3553,0.0249,0.5873,0.687
4.425047,0.1592,0.1289,0.4250,0.472
4.429183,0.3845,0.0483,0.2618,0.468
4.437852,-0.1479,0.2661,0.3456,0.461
4.441994,-0.5329,0.0021,0.4525,0.699
4.446195,0.2663,0.0841,0.4079,0.494
4.450509,0.3840,0.0935,0.3399,0.521
4.454916,-0.3679,0.0339,0.3338,0.498
4.462739,-0.5300,-0.1758,0.3100,0.639
4.467121,0.2870,-0.1316,0.3701,0.486
4.471384,0.3437,-0.0990,0.3070,0.471
4.475540,-0.1295,-0.1009,0.3664,0.402
4.479692,-0.0603,-0.1121,0.4346,0.453
4.484448,-0.1894,-0.2865,0.3872,0.518
4.492373,0.2260,-0.0979,0.2973,0.386
4.497096,0.4297,0.0007,0.2964,0.522
4.501764,-0.1986,-0.2417,0.2001,0.371
4.504773,-0.0085,-0.2603,0.0639,0.268
4.509107,0.1788,-0.2009,0.0492,0.273
4.518503,0.1893,-0.2883,0.1024,0.360
4.521732,-0.1679,-0.3133,0.1665,0.393
4.525846,0.1919,-0.1682,0.1644,0.304
4.530130,0.4369,-0.1425,0.1668,0.489
4.534416,0.1911,-0.2390,0.1512,0.341
4.542857,0.1141,-0.3055,0.1432,0.356
4.546971,0.0250,-0.2490,0.2158,0.330
4.551332,0.1316,-0.0307,0.3407,0.366
4.555453,0.1124,-0.2191,0.4472,0.511
4.559813,0.3083,-0.1386,0.3634,0.496
4.563987,0.2771,-0.1558,0.0370,0.320
4.572596,0.1013,-0.0229,-0.0978,0.143
4.576753,0.6469,0.1224,0.1178,0.669
4.580773,-0.1177,-0.1267,0.3309,0.373
4.585170,0.0967,-0.0772,0.3614,0.382
4.589182,0.3676,0.0016,0.1991,0.418
4.598340,0.6055,0.1451,0.0900,0.629
4.602055,-0.0591,-0.1567,0.0179,0.168
4.606199,0.0088,-0.0384,0.0985,0.106
4.610315,0.3205,-0.0272,0.2415,0.402
4.614404,0.1450,-0.0198,0.3183,0.350
4.618598,0.4256,-0.1206,0.3120,0.541
4.627236,0.0919,0.1100,0.2595,0.296
4.631332,-0.0002,0.0950,0.1823,0.206
4.635589,-0.0453,-0.0253,0.0785,0.094
4.639641,0.2742,0.0788,0.0198,0.286
4.644018,-0.0510,0.1521,0.1204,0.201
4.652693,-0.4811,0.0425,0.1446,0.504
4.656683,0.1793,0.1014,-0.0063,0.206
4.661053,0.2685,0.1540,-0.0704,0.317
4.665107,0.1229,0.0109,0.0012,0.123
4.669536,0.2649,-0.0239,-0.0183,0.267
4.677872,-0.0442,-0.0024,-0.0854,0.096
4.682510,-0.3867,-0.1557,-0.0357,0.418
4.686484,0.1458,-0.1523,-0.0411,0.215
4.690441,0.0465,-0.1374,-0.0923,0.172
4.694706,0.0143,0.1247,-0.1886,0.227
4.698776,-0.0400,-0.0339,-0.2111,0.218
4.707624,0.0108,-0.2845,-0.3634,0.462
4.712358,0.1588,-0.0601,-0.5867,0.611
4.715824,-0.2712,0.0118,-0.4803,0.552
4.720527,-0.1376,-0.2022,-0.2915,0.381
4.724181,-0.0181,-0.0931,-0.2381,0.256
4.732957,-0.1733,0.0377,-0.2051,0.271
4.737444,-0.0037,-0.0303,-0.2480,0.250
4.741407,0.2422,-0.0325,-0.3798,0.452
4.746281,-0.0383,-0.0487,-0.4644,0.468
4.750364,-0.0222,0.0027,-0.3678,0.369
4.758468,-0.0859,-0.1535,-0.2560,0.311
4.763864,0.3863,0.0539,-0.1749,0.427
4.767087,-0.0969,0.0288,-0.1811,0.207
4.771520,0.2444,0.0673,-0.1133,0.278
4.775295,0.1899,0.0454,-0.1610,0.253
4.779833,-0.4891,0.0616,-0.4148,0.644
4.788376,0.3139,0.1753,-0.5397,0.648
4.792262,0.2979,-0.0487,-0.5462,0.624
4.796527,0.4666,0.1005,-0.4045,0.626
4.801123,-0.4091,-0.0553,-0.3738,0.557
4.807797,0.1035,0.0613,-0.3607,0.380
4.815214,0.4339,-0.1775,-0.2500,0.531
4.818102,0.3177,-0.0386,-0.1422,0.350
4.821206,-0.1707,-0.0451,-0.0228,0.178
4.825583,-0.2090,-0.0241,-0.0809,0.225
4.829731,0.4511,0.0158,-0.0949,0.461
4.834139,0.1336,-0.1441,-0.0709,0.209
4.842590,0.2107,-0.1895,0.0354,0.286
4.846674,0.2320,-0.1599,0.0008,0.282
4.850877,0.2034,-0.2298,-0.0857,0.319
4.855138,0.1676,-0.3725,-0.1551,0.437
4.859404,0.2036,-0.2921,-0.1524,0.387
4.867971,0.0978,-0.2243,0.0665,0.254
4.872224,0.1959,-0.1536,0.1935,0.315
4.876441,0.5840,-0.2021,0.2187,0.656
4.880606,-0.1144,-0.3350,0.1352,0.379
4.884679,0.0231,-0.1810,0.0096,0.183
4.893488,0.3816,-0.2132,-0.0498,0.440
4.900554,0.6976,-0.2679,0.1301,0.759
4.901891,0.1608,-0.2367,0.2917,0.409
4.910161,-0.1754,-0.2070,0.2479,0.368
4.910471,0.1046,-0.0877,-0.0139,0.137
4.914156,0.2991,-0.1653,-0.2202,0.407
4.922594,0.5585,-0.1075,-0.2120,0.607
4.926903,-0.1876,-0.1116,-0.0976,0.239
4.930944,-0.0189,0.0163,0.0731,0.077
4.935454,0.0820,0.0193,0.0653,0.107
4.939239,0.3041,0.0224,0.0106,0.305
4.947845,0.1871,0.0733,0.0473,0.206
4.952189,0.1123,0.0805,0.2778,0.310
4.956239,-0.2529,-0.0508,0.2081,0.331
4.960576,0.2336,-0.0606,-0.0017,0.241
4.965275,0.1485,0.0615,-0.0219,0.162
4.981212,-0.0540,0.1464,0.2564,0.300
4.981899,0.0129,0.2597,0.4295,0.502
4.982419,0.0555,0.2033,0.2676,0.341
4.986279,-0.0833,0.1868,0.1277,0.241
4.989966,-0.2401,0.1957,0.0389,0.312
4.994279,-0.0050,0.1961,0.0934,0.217
5.002961,-0.0617,0.0910,0.1617,0.196
5.007753,0.0843,0.3533,0.2759,0.456
5.010794,-0.2100,0.2687,0.3064,0.458
5.015539,-0.0052,0.2976,0.2292,0.376
5.019292,0.1092,0.1600,0.0635,0.204
5.027917,-0.2670,0.1242,-0.0705,0.303
5.032226,-0.1006,0.4163,0.1148,0.443
5.036650,-0.3739,0.2918,0.3180,0.571
5.040566,0.0527,0.3732,0.3141,0.491
5.044809,0.1073,0.2136,0.1652,0.291
5.053468,-0.2929,0.3042,0.0085,0.422
5.057971,-0.3458,0.2657,-0.1073,0.449
5.061862,-0.0076,0.1747,-0.1741,0.247
5.066004,0.2636,0.2385,-0.2064,0.411
5.070162,-0.3628,0.2103,-0.0842,0.428
5.075258,-0.4658,0.1308,-0.0481,0.486
5.082765,0.0512,-0.1145,-0.2341,0.266
5.087272,0.5479,0.1620,-0.3855,0.689
5.092507,-0.1094,0.1364,-0.2893,0.338
5.095480,-0.2877,0.2494,-0.0923,0.392
5.101789,-0.2235,-0.1116,-0.1497,0.291
5.109031,0.4691,-0.0040,-0.3771,0.602
5.112286,0.4429,0.0287,-0.4793,0.653
5.116842,-0.2628,0.2172,-0.4626,0.575
5.120557,0.1850,0.0554,-0.4942,0.531
5.124735,0.3359,-0.0847,-0.5708,0.668
5.128830,0.1792,0.0443,-0.4982,0.531
5.137915,-0.4124,-0.2284,-0.4293,0.638
5.141991,0.0858,-0.1857,-0.5098,0.549
5.147007,0.5977,-0.0726,-0.6959,0.920
5.150503,0.2683,-0.0088,-0.7452,0.792
5.154620,0.0052,-0.0926,-0.7765,0.782
5.163072,0.1566,-0.1018,-0.7591,0.782
5.167223,0.2930,0.0309,-0.4988,0.579
5.172770,0.2497,0.1083,-0.1814,0.327
5.175877,0.1005,0.2616,0.1178,0.304
5.179642,0.0502,0.2469,0.2244,0.337
5.191689,0.0413,0.2589,0.2050,0.333
5.192391,-0.1224,0.4650,0.0754,0.487
5.197214,-0.1249,0.6772,-0.1105,0.697
5.200749,-0.0595,0.5492,-0.1386,0.570
5.205175,-0.2419,0.6657,-0.0872,0.714
5.209301,-0.3409,0.7519,0.0582,0.828
5.217733,-0.1528,0.6475,0.1971,0.694
5.222391,0.1793,0.3138,0.2994,0.469
5.226040,-0.2904,0.3023,0.3260,0.531
5.230920,-0.6428,0.4324,0.1910,0.798
5.234675,-0.1859,0.4637,-0.0674,0.504
5.242859,0.3869,0.5273,-0.1246,0.666
5.247243,-0.1296,0.4155,0.0792,0.442
5.251502,-0.6019,0.4564,0.2087,0.784
5.256243,-0.2254,0.6007,0.1598,0.661
5.260212,-0.1356,0.3141,-0.0044,0.342
5.268143,-0.1854,0.2536,-0.0955,0.328
5.272171,-0.4720,0.4563,-0.0163,0.657
5.276600,-0.4830,0.2635,0.0333,0.551
5.280746,0.1574,0.1831,-0.0565,0.248
5.284789,-0.1554,0.1064,-0.2486,0.312
5.289427,-0.2647,0.3001,-0.2934,0.496
5.297683,-0.6230,0.1233,-0.3583,0.729
5.302209,0.0850,0.1741,-0.2524,0.318
5.307826,-0.2735,-0.0126,-0.1608,0.317
5.310275,-0.3075,0.1590,-0.1192,0.366
5.314832,-0.2795,0.1025,-0.2148,0.367
5.322841,0.1500,0.1279,-0.3671,0.417
5.327013,0.2880,-0.0430,-0.2844,0.407
5.331400,-0.1011,0.0661,-0.2408,0.269
5.335531,0.0300,0.0555,-0.3323,0.338
5.339589,0.1728,-0.0029,-0.4409,0.474
5.343910,0.3706,0.0716,-0.3662,0.526
5.352463,0.0495,0.1989,-0.0647,0.215
5.356820,0.1303,0.1766,0.1077,0.244
5.361032,0.2392,0.1059,-0.0367,0.264
5.366176,0.2059,0.1531,-0.2370,0.349
5.369693,0.3694,0.2427,-0.2600,0.513
5.378281,0.0341,-0.0023,-0.2304,0.233
5.383613,0.3243,0.1455,-0.1862,0.401
5.386536,0.0902,0.0560,-0.1329,0.170
5.390263,0.0028,0.1966,-0.1873,0.272
5.394653,0.2564,0.0782,-0.3029,0.404
5.403754,0.2072,-0.0474,-0.3873,0.442
5.408131,0.4690,0.0355,-0.3127,0.565
5.411449,0.0514,0.0278,-0.2241,0.232
5.415541,0.1886,0.0167,-0.2451,0.310
5.419783,0.1723,-0.1595,-0.3376,0.411
5.423893,0.3539,0.0300,-0.3606,0.506
5.432588,0.2326,0.2662,-0.1953,0.404
5.437090,0.0276,-0.0807,-0.1058,0.136
5.441271,0.3393,-0.0623,-0.1994,0.398
5.445305,0.1864,-0.1165,-0.3138,0.383
5.449674,0.1144,-0.0429,-0.4038,0.422
5.458163,0.1172,-0.1084,-0.3451,0.380
5.462353,0.2535,-0.1725,-0.2657,0.406
5.466791,0.0611,-0.1820,-0.1898,0.270
5.470604,0.3352,0.0847,-0.1884,0.394
5.475040,-0.0429,-0.1147,-0.3378,0.359
5.483136,-0.2582,-0.1583,-0.4164,0.515
5.487404,0.1503,-0.1588,-0.4469,0.498
5.492324,0.2916,-0.0074,-0.3807,0.480
5.496217,0.0475,-0.1841,-0.4688,0.506
5.501437,-0.0438,-0.1695,-0.6346,0.658
5.504372,0.2036,-0.0518,-0.5064,0.548
5.513027,0.1841,0.0819,-0.1923,0.279
5.516808,0.1035,-0.1048,0.0890,0.172
5.520999,0.0029,-0.0662,0.0784,0.103
5.525421,-0.0457,-0.0018,-0.1787,0.184
5.529623,0.1217,0.1751,-0.5059,0.549
5.538155,0.4305,0.1127,-0.6368,0.777
5.542356,-0.3323,-0.0600,-0.4590,0.570
5.546392,0.0217,0.0896,-0.2585,0.274
5.550615,0.0768,0.0768,-0.1933,0.222
5.555061,0.1479,-0.1065,-0.2698,0.326
5.558949,-0.2231,-0.1980,-0.3621,0.469
5.567511,0.0133,0.1204,-0.3672,0.387
5.571567,-0.0107,0.0948,-0.2527,0.270
5.575817,0.0328,-0.1217,-0.2818,0.309
5.579986,-0.2098,-0.0823,-0.3735,0.436
5.584195,0.0433,0.2297,-0.5237,0.574
5.593217,0.3362,0.1235,-0.4856,0.603
5.598930,-0.1481,-0.3032,-0.4053,0.527
5.603789,-0.0495,-0.3057,-0.3671,0.480
5.605370,0.1088,0.0090,-0.2754,0.296
5.609551,0.4216,-0.0495,-0.1487,0.450
5.618084,0.0032,-0.2286,-0.0013,0.229
5.622369,-0.2324,-0.2318,-0.1282,0.352
5.626369,-0.0320,0.1374,-0.3019,0.333
5.630593,0.2520,0.1386,-0.5666,0.635
5.635195,-0.1943,-0.1117,-0.6058,0.646
5.640264,-0.1318,-0.0472,-0.4517,0.473
5.647585,-0.0302,-0.2441,-0.3458,0.424
5.652133,0.0007,-0.2428,-0.3542,0.429
5.657434,-0.0641,-0.2546,-0.4263,0.501
5.660504,-0.0747,-0.2209,-0.3689,0.436
5.665304,0.0590,-0.0606,-0.2075,0.224
5.674270,-0.0663,-0.0143,0.0539,0.087
5.677451,-0.3665,-0.0270,0.2245,0.431
5.682857,-0.2255,0.1787,0.2068,0.354
5.686274,-0.0908,0.3915,0.1271,0.422
5.690962,0.1364,0.5903,0.1046,0.615
5.698970,-0.3771,0.4220,0.1515,0.586
5.702816,-0.5358,0.5332,0.1045,0.763
5.708974,-0.4314,0.3510,-0.1253,0.570
5.711227,-0.0537,0.4080,-0.1028,0.424
5.715168,-0.2199,0.3648,0.1101,0.440
5.719106,-0.3169,0.3546,0.3196,0.573
5.727772,-0.2792,0.2476,0.2210,0.434
5.731991,-0.2924,0.0568,-0.0689,0.306
5.735921,-0.2607,0.0370,-0.1993,0.330
5.740466,-0.5393,0.0427,-0.3169,0.627
5.744691,-0.0296,0.2513,-0.2467,0.353
5.752915,-0.2773,0.0944,-0.1072,0.312
5.757669,-0.2053,0.1215,-0.0359,0.241
5.762103,-0.1640,0.0524,-0.2227,0.282
5.765897,0.0990,-0.0589,-0.3629,0.381
5.770090,-0.0315,-0.1254,-0.3051,0.331
5.774413,-0.2297,0.0038,-0.0814,0.244
5.782775,-0.3503,-0.0021,-0.0701,0.357
5.787193,0.1467,-0.0466,-0.1535,0.217
5.791286,0.0576,-0.1328,-0.2657,0.303
5.795056,-0.1302,-0.0763,-0.3278,0.361
5.799240,0.0529,-0.0959,-0.4298,0.443
5.810638,-0.0682,-0.1346,-0.5565,0.577
5.813242,0.0316,-0.1600,-0.4899,0.516
5.820306,-0.2171,-0.1665,-0.2970,0.404
5.820847,0.0390,-0.2667,-0.1798,0.324
5.824730,0.0795,-0.2532,-0.2353,0.355
5.833006,-0.2452,-0.2568,-0.3832,0.522
5.837592,0.0917,-0.0921,-0.4628,0.481
5.841357,0.4950,-0.2202,-0.3435,0.641
5.845612,0.1825,-0.0788,-0.1416,0.244
5.849800,-0.1242,0.1088,0.0977,0.192
5.854311,-0.0637,0.1879,-0.0617,0.208
5.862449,0.5154,0.1330,-0.2032,0.570
5.866658,0.2163,-0.0302,-0.2260,0.314
5.871415,0.0437,0.0051,-0.1755,0.181
5.875270,0.0326,0.0276,-0.1734,0.179
5.879521,0.2452,-0.1055,-0.2669,0.377
5.888137,0.2459,-0.1828,-0.3793,0.488
5.894564,-0.0524,-0.0371,-0.2992,0.306
5.898853,0.0299,0.0201,-0.1676,0.171
5.903158,0.1107,-0.1215,-0.1524,0.224
5.904495,0.2455,-0.1293,-0.1989,0.341
5.913145,-0.0154,-0.0634,-0.1652,0.178
5.916978,0.3143,-0.0830,-0.1248,0.348
5.921260,0.4077,0.1907,-0.1269,0.468
5.925743,-0.0322,0.1196,0.0546,0.135
5.930188,-0.1184,0.1459,0.1469,0.239
5.934332,0.2811,0.1273,0.0528,0.313
5.942956,0.4132,0.2404,-0.0536,0.481
5.947356,0.1380,0.2533,-0.0960,0.304
5.951182,-0.1506,0.1432,-0.0416,0.212
5.955439,0.2589,0.0223,-0.0023,0.260
5.959685,0.1716,-0.0179,0.1230,0.212
5.967980,-0.2374,0.2053,0.2004,0.372
5.972371,-0.0270,0.0955,0.2534,0.272
5.976859,0.1425,0.1821,0.2138,0.315
5.980558,0.2837,0.1831,0.2715,0.433
5.986157,-0.0270,0.3280,0.2816,0.433
5.989128,0.1858,0.3284,0.2298,0.442
5.997697,0.0201,0.2630,0.3782,0.461
6.005101,-0.1234,0.2804,0.5316,0.614
6.005660,-0.0493,0.3194,0.6113,0.691
6.012549,0.3874,0.4934,0.5085,0.807
6.014171,0.1085,0.4348,0.4252,0.618
6.022552,-0.1921,0.5182,0.5493,0.779
6.026785,0.0316,0.4941,0.5032,0.706
6.031312,0.2832,0.3741,0.4227,0.632
6.035632,-0.1566,0.2716,0.3003,0.434
6.039327,-0.3438,0.3394,0.2503,0.544
6.047939,-0.0599,0.2821,0.3296,0.438
6.052624,-0.0160,0.3857,0.4790,0.615
6.056788,-0.0928,0.2102,0.5466,0.593
6.060792,-0.1306,0.3123,0.3707,0.502
6.064866,0.0319,0.3188,0.2504,0.407
6.069431,-0.0265,0.1411,0.2577,0.295
6.078101,-0.4159,0.0706,0.1821,0.459
6.081967,-0.2852,0.1027,0.0931,0.317
6.086367,0.0973,0.0389,0.0441,0.114
6.090284,-0.0538,-0.0276,0.2063,0.215
6.094873,-0.7133,0.0379,0.2040,0.743
6.103647,0.3313,0.0378,0.0331,0.335
6.107057,0.0469,-0.2565,-0.1979,0.327
6.111196,-0.1741,-0.4175,-0.3108,0.549
6.115432,-0.7679,-0.3345,-0.2870,0.885
6.121642,-0.3914,-0.2652,-0.1468,0.495
6.128098,-0.2046,-0.2751,0.0797,0.352
6.132292,-0.0922,-0.1747,0.3095,0.367
6.136646,-0.2312,-0.0793,0.3849,0.456
6.140563,-0.4502,-0.2173,0.0945,0.509
6.144867,-0.5635,-0.1464,-0.3393,0.674
6.149346,-0.4601,-0.1410,-0.5412,0.724
6.158236,-0.2447,-0.5044,-0.4245,0.703
6.162812,-0.0756,-0.3209,-0.0869,0.341
6.166562,-0.4434,-0.3899,0.1657,0.613
6.170862,-0.4383,-0.1935,0.1793,0.512
6.175275,-0.1522,-0.3465,-0.0254,0.379
6.183882,0.0226,-0.4490,-0.2018,0.493
6.188280,0.0924,-0.4258,-0.3913,0.586
6.192156,-0.6801,-0.3322,-0.5138,0.915
6.195496,-0.6211,-0.4961,-0.5767,0.982
6.200515,0.3318,-0.6536,-0.3440,0.810
6.203972,0.4817,-0.5809,-0.1230,0.765
6.212478,-0.2994,-0.5444,0.0997,0.629
6.217132,-0.7538,-0.5753,0.1748,0.964
6.221235,0.0248,-0.4671,0.1279,0.485
6.224947,0.7918,-0.3477,0.0883,0.869
6.229298,-0.0489,-0.3243,-0.0144,0.328
6.238968,-0.4934,-0.2375,-0.1212,0.561
6.242121,0.2066,-0.2436,-0.1930,0.373
6.246088,0.8894,-0.3140,-0.1102,0.950
6.250338,0.4904,-0.3686,0.0427,0.615
6.255609,-0.7610,-0.4947,0.2290,0.936
6.262951,-0.2649,0.0282,0.4138,0.492
6.267239,1.0181,-0.2407,0.3898,1.116
6.271679,0.4101,-0.1511,0.4432,0.622
6.276324,-0.1163,-0.3825,0.3323,0.520
6.280023,0.2759,-0.0976,0.1206,0.316
6.284457,0.6323,-0.1261,0.0193,0.645
6.292781,0.3502,-0.1303,0.2085,0.428
6.297027,0.0545,-0.1436,0.5472,0.568
6.304184,-0.1782,-0.1886,0.6790,0.727
6.305130,0.9092,0.0642,0.5450,1.062
6.309361,0.4735,-0.1627,0.3994,0.640
6.317741,0.0872,0.1959,0.2853,0.357
6.321900,0.2702,0.1273,0.2632,0.398
6.326365,0.3726,0.2331,0.4687,0.643
6.330581,0.6998,0.0801,0.5934,0.921
6.334833,0.2803,0.0461,0.6275,0.689
6.343122,-0.0172,0.2842,0.4286,0.515
6.347281,0.0965,0.1436,0.4171,0.452
6.352362,0.3363,0.0976,0.5367,0.641
6.356088,0.3628,0.0998,0.6554,0.756
6.360187,0.3893,0.3071,0.8059,0.946
6.364258,-0.0623,0.5094,0.8890,1.027
6.373241,-0.0474,0.3607,0.9059,0.976
6.377281,-0.0675,0.2220,0.6188,0.661
6.381261,0.2590,0.1794,0.4817,0.576
6.385317,0.5096,0.4041,0.5509,0.852
6.389406,-0.1472,0.3372,0.7170,0.806
6.398152,-0.1379,0.3555,0.7192,0.814
6.403611,-0.3076,-0.0746,0.5495,0.634
6.406374,0.3743,0.2816,0.5552,0.726
6.412676,0.1859,0.0622,0.6375,0.667
6.414854,-0.3484,0.1943,0.7802,0.876
6.419051,-0.3996,-0.0927,0.7331,0.840
6.427601,-0.1313,0.1311,0.4820,0.516
6.431829,0.5487,0.2138,0.2577,0.643
6.435967,0.0096,-0.0670,0.3487,0.355
6.439961,-0.7122,-0.2353,0.4176,0.859
6.444590,-0.5394,-0.4201,0.2697,0.735
6.453274,0.1209,0.1074,0.1033,0.192
6.457293,0.2265,0.0453,0.2396,0.333
6.461447,-0.5183,-0.1529,0.5361,0.761
6.465641,-0.5180,-0.3321,0.4276,0.749
6.470000,-0.0583,-0.2490,0.1395,0.291
6.479014,0.0713,-0.0211,-0.0394,0.084
6.482622,-0.6346,-0.2409,0.0779,0.683
6.486926,-0.3969,-0.4157,0.2061,0.611
6.490848,0.0779,-0.2896,0.3068,0.429
6.497620,-0.1312,-0.1233,0.3458,0.390
6.499242,-0.0466,-0.1620,0.3366,0.376
6.507526,-0.6293,-0.3779,0.2130,0.764
6.512566,-0.1520,-0.1481,0.1136,0.241
6.515912,-0.1903,-0.2086,0.1637,0.326
6.520151,-0.1837,-0.3018,0.0823,0.363
6.524218,-0.0574,-0.3781,0.0005,0.382
6.532856,-0.1426,-0.3011,0.1707,0.374
6.537182,0.0404,-0.3953,0.2952,0.495
6.541406,-0.3387,-0.5029,0.2206,0.645
6.546704,-0.1995,-0.3758,0.0916,0.435
6.549939,-0.1560,-0.4310,0.1397,0.479
6.558465,-0.1780,-0.3366,0.2326,0.446
6.562761,-0.1509,-0.2530,0.3082,0.426
6.566616,-0.3234,-0.3855,0.3990,0.642
6.571460,-0.2521,-0.4413,0.2353,0.560
6.575489,-0.0237,-0.3936,-0.0029,0.394
6.579312,-0.1392,-0.3070,0.0356,0.339
6.587785,-0.4962,-0.2724,0.1456,0.585
6.592821,-0.2214,-0.1719,0.2078,0.349
6.596539,0.0834,-0.2788,0.2623,0.392
6.601476,-0.0302,-0.4914,0.3546,0.607
6.606344,-0.2879,-0.4480,0.2483,0.588
6.613325,-0.0800,-0.2936,0.0473,0.308
6.617480,0.2240,-0.3779,-0.0435,0.441
6.621385,-0.0773,-0.5861,0.0160,0.591
6.625728,-0.1473,-0.3936,0.0927,0.430
6.629727,0.1141,-0.2919,0.1660,0.355
6.638351,0.2458,-0.3358,0.2468,0.484
6.642983,-0.2266,-0.4985,0.1569,0.570
6.646760,-0.2303,-0.4988,0.1127,0.561
6.651552,0.1065,-0.4731,0.0879,0.493
6.655474,0.5705,-0.3135,0.2904,0.713
6.659843,-0.1262,-0.2129,0.4451,0.509
6.668472,-0.3350,-0.2529,0.4385,0.607
6.672233,0.1502,-0.1572,0.1385,0.258
6.677228,0.6299,-0.0694,0.0006,0.634
6.680610,0.2197,-0.3069,0.1690,0.414
6.685432,-0.1337,-0.4583,0.3365,0.584
6.693436,0.0416,-0.3627,0.3917,0.535
6.697767,0.5637,-0.1146,0.3598,0.679
6.704372,0.4558,0.1064,0.4752,0.667
6.706779,-0.2386,-0.0986,0.4952,0.558
6.711709,0.2769,-0.1190,0.3543,0.465
6.714330,0.3606,-0.0273,0.1433,0.389
6.722849,0.4021,-0.2781,0.0312,0.490
6.727217,0.3271,-0.2416,0.2903,0.500
6.732089,0.1172,-0.2905,0.4336,0.535
6.735431,0.1472,-0.1759,0.4836,0.535
6.739285,0.3399,-0.0894,0.1917,0.400
6.747857,0.4183,-0.0383,-0.1272,0.439
6.752336,0.1777,-0.0425,-0.2184,0.285
6.756466,0.2607,0.0638,-0.1816,0.324
6.760643,-0.1855,0.0877,-0.1971,0.285
6.764763,-0.1267,0.1216,-0.1587,0.237
6.773485,0.0480,0.1025,0.1173,0.163
6.777501,0.3581,0.2966,0.4456,0.644
6.781927,-0.1870,0.1469,0.6078,0.653
6.786374,-0.1477,0.1284,0.3956,0.441
6.790241,0.1489,0.1525,0.1448,0.258
6.794500,-0.2487,0.1565,0.0920,0.308
6.805713,-0.0602,0.2264,0.3106,0.389
6.806793,-0.2697,-0.0273,0.4565,0.531
6.814776,-0.3804,0.0887,0.5645,0.686
6.815150,-0.1215,0.0430,0.5054,0.522
6.820049,0.1431,0.1584,0.3030,0.371
6.827918,-0.4657,-0.0273,-0.0224,0.467
6.833011,-0.4318,0.2524,-0.2077,0.542
6.837293,0.3041,0.1445,-0.0817,0.346
6.840299,0.0175,-0.0231,0.1259,0.129
6.844798,-0.3409,-0.1554,0.2505,0.451
6.853185,-0.6582,-0.2089,0.1443,0.706
6.857359,0.1720,0.1474,0.0621,0.235
6.862567,0.0288,-0.0337,0.1596,0.166
6.866607,-0.3511,-0.0331,0.3127,0.471
6.870470,-0.4285,-0.0286,0.2283,0.486
6.874713,-0.4308,0.0514,0.0395,0.436
6.882782,0.1303,-0.0230,-0.1225,0.180
6.887327,-0.4112,-0.3655,-0.1587,0.573
6.891355,-0.5685,-0.3513,-0.0588,0.671
6.896146,-0.4823,-0.1960,0.1524,0.542
6.899819,0.0482,-0.0135,0.4431,0.446
6.908241,-0.1878,-0.1927,0.4801,0.550
6.914383,-0.4314,-0.1321,0.2152,0.500
6.916367,-0.1527,-0.0762,-0.0285,0.173
6.920368,0.1212,-0.0409,-0.0757,0.149
6.924966,-0.0117,-0.0859,0.0413,0.096
6.928961,-0.1628,-0.0917,0.2067,0.279
6.937751,-0.2620,-0.0257,0.4014,0.480
6.941622,0.0747,0.1063,0.3947,0.415
6.945975,0.1794,0.0863,0.3036,0.363
6.950318,-0.4696,-0.0561,0.0565,0.476
6.955783,-0.1518,0.1484,-0.1850,0.282
6.963106,-0.2791,0.1169,-0.2256,0.377
6.967362,0.1657,0.1990,-0.1189,0.285
6.971334,-0.0241,-0.0526,0.0678,0.089
6.975772,-0.7128,-0.2280,0.0598,0.751
6.980034,-0.3147,-0.2443,-0.0304,0.400
6.988593,0.0703,0.0269,0.0276,0.080
6.992632,0.3408,-0.1095,0.2099,0.415
6.997501,-0.5436,-0.2824,0.2986,0.681
7.000732,-0.2334,-0.2467,0.2120,0.400
7.006375,-0.0507,-0.3256,0.0252,0.330
7.009209,0.4477,-0.0657,-0.1326,0.472
7.017519,0.3121,-0.2052,-0.0485,0.377
7.022137,-0.4799,-0.1201,0.0547,0.498
7.026157,0.2427,-0.0946,0.0767,0.272
7.030333,0.1015,-0.1216,0.0232,0.160
7.034423,0.2672,0.0154,-0.0961,0.284
7.042808,-0.1864,-0.0930,-0.1632,0.265
7.047345,-0.0180,-0.0666,-0.2508,0.260
7.051508,0.1927,-0.2725,-0.2034,0.391
7.055903,-0.0583,-0.2572,-0.0307,0.266
7.061111,0.2911,-0.0477,0.0993,0.311
7.068160,0.2374,-0.2195,0.1780,0.369
7.072633,-0.1918,-0.3239,-0.0032,0.376
7.078003,0.2566,-0.0962,-0.0114,0.274
7.081040,-0.2472,-0.1672,0.0645,0.305
7.086264,0.4133,0.0022,0.2350,0.475
7.089694,0.2054,-0.0803,0.2184,0.310
7.097573,-0.0731,0.1198,0.2142,0.256
7.103114,0.0161,-0.1025,0.1958,0.222
7.105998,0.1657,-0.0676,-0.0193,0.180
7.110844,0.4880,-0.1254,-0.1496,0.526
7.114381,0.0475,-0.3453,-0.3015,0.461
7.123012,0.2924,-0.1218,-0.2462,0.401
7.127990,-0.0317,-0.2790,0.0856,0.294
7.131489,-0.0027,-0.0760,0.2975,0.307
7.136178,0.1797,-0.0912,0.2029,0.286
7.139762,-0.1261,-0.2436,-0.0976,0.291
7.144285,0.0413,-0.1504,-0.2898,0.329
7.152735,-0.3322,-0.2495,-0.3026,0.514
7.157457,-0.0199,-0.0235,-0.0709,0.077
7.161589,-0.0886,-0.2652,0.0907,0.294
7.165470,0.2571,-0.3246,0.0725,0.420
7.170049,0.0150,-0.4352,-0.1126,0.450
7.178572,-0.4312,-0.4214,-0.2714,0.661
7.182653,-0.3024,-0.3785,-0.2589,0.549
7.186608,-0.1114,-0.3992,-0.1443,0.439
7.190653,0.2944,-0.4001,-0.1293,0.513
7.195052,-0.0853,-0.3058,-0.1713,0.361
7.206219,-0.5180,-0.4263,-0.1948,0.699
7.207124,-0.2454,-0.0160,-0.0638,0.254
7.214814,0.1311,0.0452,0.2526,0.288
7.215566,-0.0545,-0.1689,0.3833,0.422
7.219864,-0.2463,-0.0916,0.1520,0.304
7.225266,-0.6971,-0.0830,-0.0093,0.702
7.232997,-0.0590,0.1726,0.0271,0.184
7.237042,0.3969,-0.0373,0.0657,0.404
7.241145,-0.1520,-0.2490,-0.0406,0.295
7.245069,-0.5281,-0.3012,-0.2445,0.655
7.249297,-0.3873,-0.1570,-0.2577,0.491
7.258041,0.1885,0.0432,-0.0675,0.205
7.262376,0.1017,-0.0760,0.1516,0.198
7.266615,-0.3794,-0.3737,0.0402,0.534
7.270553,-0.2848,-0.2609,-0.2538,0.462
7.275310,0.2309,-0.0991,-0.2281,0.339
7.283238,0.0182,-0.0713,0.1015,0.125
7.287526,-0.0870,-0.0273,0.3766,0.387
7.291981,-0.2383,-0.1688,0.2840,0.407
7.295898,0.1777,-0.0420,-0.0385,0.187
7.300222,0.1435,-0.0189,-0.1767,0.228
7.306258,-0.1616,0.0080,-0.0358,0.166
7.315407,-0.0191,0.1666,0.3031,0.346
7.316762,0.2503,0.0614,0.3777,0.457
7.320760,0.0394,0.1398,0.2889,0.323
7.325259,-0.4215,0.0847,0.0508,0.433
7.329513,-0.0017,0.1738,-0.0173,0.175
7.337931,0.4277,0.2934,0.1303,0.535
7.342134,0.4665,0.1061,0.2574,0.543
7.346697,-0.3611,-0.2114,0.1915,0.460
7.350776,0.0541,-0.0515,-0.0031,0.075
7.355056,0.1050,0.1200,0.0376,0.164
7.359176,0.5564,0.4282,0.4058,0.811
7.367809,0.2781,0.0369,0.6394,0.698
7.371789,-0.2476,0.1813,0.5223,0.606
7.376401,0.1689,0.3435,0.2233,0.443
7.380204,-0.1960,0.4278,0.0921,0.480
7.384782,-0.0010,0.2665,0.1796,0.321
7.392784,0.0231,0.1849,0.2022,0.275
7.398909,0.4756,0.2611,0.2884,0.614
7.401955,-0.1780,-0.1095,0.2767,0.347
7.407261,0.0936,0.0023,0.1533,0.180
7.409621,0.1857,-0.1506,-0.0387,0.242
7.418753,0.1534,-0.2000,-0.2076,0.327
7.422077,-0.1147,0.0983,-0.1831,0.237
7.426283,-0.3073,0.0346,0.1646,0.350
7.430524,0.2131,0.2780,0.5844,0.681
7.434933,0.4528,0.2344,0.6657,0.839
7.439034,0.0139,-0.0647,0.3969,0.402
7.447370,-0.3921,-0.2896,-0.1136,0.500
7.451820,0.1379,-0.0946,-0.2091,0.268
7.456771,-0.2236,0.1370,-0.1187,0.288
7.460186,0.0667,0.3016,0.1735,0.354
7.464534,-0.1074,-0.0655,0.3718,0.392
7.472828,0.1160,-0.1488,0.3161,0.368
7.477065,0.0498,-0.1317,0.1745,0.224
7.481464,-0.4175,0.1085,0.1186,0.447
7.485621,-0.2578,0.0590,0.1796,0.320
7.489911,0.1036,-0.1867,0.1938,0.288
7.498681,0.3548,-0.1333,0.0993,0.392
7.502670,-0.5074,-0.2673,0.0893,0.580
7.509491,-0.3032,-0.0014,-0.0182,0.304
7.511029,0.5232,0.0145,0.1363,0.541
7.515239,0.0562,-0.1714,0.4007,0.439
7.519242,-0.5931,-0.1982,0.4929,0.796
7.527754,-0.5389,0.0412,0.2124,0.581
7.531766,0.0059,0.0085,-0.0627,0.064
7.536119,0.3088,-0.0551,-0.1066,0.331
7.540154,-0.0556,-0.4186,0.0097,0.422
7.544422,-0.6161,-0.4570,0.1447,0.781
7.553307,-0.0675,-0.3996,0.1196,0.423
7.557331,-0.1704,-0.3444,0.2117,0.439
7.562968,0.1970,-0.0307,0.3051,0.364
7.565770,-0.3643,-0.3114,0.4086,0.630
7.570271,-0.3036,-0.2182,0.2399,0.444
7.574362,0.1948,-0.3159,0.0055,0.371
7.583147,0.0294,-0.2522,-0.1640,0.302
7.587128,0.2566,-0.2353,-0.1031,0.363
7.591181,-0.3441,-0.5933,-0.0149,0.686
7.598854,0.0299,-0.4457,-0.0134,0.447
7.599499,0.0088,-0.4349,0.0934,0.445
7.607616,0.0963,-0.0789,0.2874,0.313
7.611937,0.0196,-0.2514,0.3658,0.444
7.616298,-0.0848,-0.3677,0.2323,0.443
7.620620,0.0738,-0.3692,-0.0824,0.385
7.624504,-0.0775,-0.4293,-0.3333,0.549
7.633067,0.0066,-0.1186,-0.2828,0.307
7.637850,0.0963,-0.1479,0.0455,0.182
7.641507,-0.0053,-0.0743,0.2854,0.295
7.645711,-0.1265,-0.2535,0.3648,0.462
7.649864,-0.4176,-0.4037,0.1467,0.599
7.654478,-0.0274,-0.1696,-0.1200,0.210
7.663526,0.5965,-0.1612,-0.0828,0.623
7.666900,-0.0382,-0.4473,0.0892,0.458
7.671252,-0.4061,-0.5810,0.1569,0.726
7.675749,0.0693,-0.3596,0.0633,0.372
7.679819,0.4204,-0.1550,0.0458,0.450
7.688320,0.0264,-0.4587,-0.0413,0.461
7.693220,-0.4206,-0.3033,-0.0731,0.524
7.696490,-0.2275,-0.3536,0.0520,0.424
7.700483,0.5629,-0.0834,0.2969,0.642
7.704868,0.3048,-0.1656,0.3849,0.518
7.714504,-0.4328,-0.2654,0.3293,0.605
7.718342,0.0476,-0.3511,0.0246,0.355
7.723011,0.3106,-0.2787,-0.2350,0.479
7.725644,0.6017,-0.2503,-0.1975,0.681
7.729691,-0.3448,-0.2386,-0.0094,0.419
7.734166,0.2756,-0.1115,0.1942,0.355
7.742798,0.2501,-0.2075,0.3531,0.480
7.746808,0.2212,-0.1177,0.2639,0.364
7.750912,-0.0770,-0.0986,0.1538,0.198
7.755338,0.2903,0.0296,0.0388,0.294
7.759529,0.3865,-0.2507,-0.0933,0.470
7.767909,0.3997,-0.0527,-0.0598,0.408
7.772115,0.0903,-0.2923,0.1345,0.334
7.776462,-0.4778,-0.2865,0.2033,0.593
7.780684,0.3463,-0.0164,0.2215,0.411
7.785049,0.3371,-0.0027,0.2736,0.434
7.789079,0.4053,0.0517,0.4335,0.596
7.797681,-0.5214,-0.1813,0.3109,0.634
7.801747,0.2598,0.0186,0.0522,0.266
7.807963,0.3711,0.0136,0.0426,0.374
7.810568,-0.0157,-0.0293,0.2239,0.226
7.816455,-0.2246,0.0507,0.3539,0.422
7.822472,0.1519,-0.1484,0.3412,0.402
7.826775,0.3627,-0.2045,0.1971,0.461
7.831769,0.1363,-0.0353,-0.0315,0.144
7.835371,0.1584,-0.0249,-0.0030,0.160
7.839545,0.0422,-0.1905,0.1294,0.234
7.848047,-0.1580,-0.2616,0.2403,0.389
7.852272,-0.4741,-0.0237,0.1684,0.504
7.856712,0.1365,0.1992,0.2977,0.383
7.860836,0.3367,-0.0235,0.3899,0.516
7.865495,0.0805,-0.1011,0.2527,0.284
7.869313,-0.3474,-0.1327,0.0235,0.373
7.877938,-0.1903,-0.1730,-0.1771,0.312
7.882975,0.1517,-0.1677,-0.1653,0.280
7.886423,-0.0133,-0.3437,-0.0067,0.344
7.890490,-0.1785,-0.3782,0.2031,0.465
7.895176,0.0405,-0.4149,0.2401,0.481
7.902938,0.1455,-0.2420,-0.0845,0.295
7.907914,0.1074,-0.0769,-0.3055,0.333
7.911698,-0.1734,-0.3205,-0.3560,0.509
7.917595,-0.4387,-0.4105,-0.2516,0.651
7.919718,-0.0796,-0.2727,-0.0960,0.300
7.928399,0.0123,-0.2243,0.1192,0.254
7.932895,0.3573,0.1314,0.3617,0.525
7.936555,0.1778,-0.0365,0.4543,0.489
7.940768,-0.2407,-0.1952,0.4291,0.529
7.944829,-0.4025,-0.2453,0.0462,0.474
7.949525,0.0585,-0.0785,-0.1867,0.211
7.957951,0.0940,0.1533,-0.1008,0.206
7.962096,0.3095,0.3369,0.5100,0.685
7.966734,-0.0871,0.0295,0.9044,0.909
7.970591,-0.1818,-0.0447,0.7165,0.741
7.974979,0.2398,-0.1289,0.1899,0.332
7.983795,0.2656,0.0680,-0.2032,0.341
7.987404,0.3311,0.2016,0.0029,0.388
7.991604,-0.0380,0.1192,0.5328,0.547
7.996086,-0.1786,-0.1253,0.7133,0.746
8.000910,0.2509,-0.0233,0.5266,0.584
8.005251,0.3755,0.2899,0.4214,0.635
8.012667,0.0288,0.3368,0.5529,0.648
8.016595,0.0393,0.0161,0.6452,0.647
8.020984,-0.0861,-0.0345,0.4495,0.459
8.025107,0.0753,-0.0157,0.1807,0.196
8.030084,0.1898,0.1703,0.0868,0.269
8.038524,-0.2015,0.0670,0.2067,0.296
8.042151,0.0409,0.0109,0.4111,0.413
8.047348,0.0066,-0.1502,0.4665,0.490
8.050546,0.0014,-0.2497,0.3691,0.446
8.055547,0.1471,-0.0665,0.1387,0.213
8.063904,0.2997,0.1970,0.0924,0.370
8.067346,0.0944,-0.0845,0.2530,0.283
8.072371,-0.1324,-0.1602,0.3715,0.426
8.075891,-0.0569,-0.3043,0.2829,0.419
8.080613,-0.0258,-0.1673,0.1117,0.203
8.084402,0.0006,0.1284,0.1230,0.178
8.093064,0.0393,0.0406,0.3630,0.367
8.101428,0.0395,-0.2656,0.5953,0.653
8.102138,0.0976,-0.3091,0.4843,0.583
8.110239,-0.1036,-0.1977,0.2374,0.326
8.110547,0.1324,0.0287,0.0860,0.160
8.118236,0.0475,0.0541,0.1411,0.158
8.122016,0.0731,-0.0482,0.3891,0.399
8.126379,-0.3073,-0.2121,0.2418,0.445
8.130462,-0.1280,-0.0711,-0.1248,0.192
8.135062,-0.0092,-0.2517,-0.3996,0.472
8.143145,0.4689,-0.1490,-0.2364,0.546
8.147443,0.0572,-0.6301,0.1493,0.650
8.151625,-0.6125,-0.3444,0.3947,0.806
8.155846,0.1569,-0.2569,0.3999,0.501
8.160344,0.1973,-0.3555,0.1842,0.446
8.164330,0.4948,-0.0372,-0.0209,0.497
8.173132,-0.3453,-0.5257,-0.0617,0.632
8.177005,-0.3972,-0.2198,-0.1005,0.465
8.181405,0.3446,-0.4369,-0.1989,0.591
8.185322,0.2487,-0.3312,-0.2089,0.464
8.189696,0.0777,-0.1783,-0.0281,0.197
8.198047,-0.5384,-0.2881,0.1242,0.623
8.202483,-0.2340,-0.2698,0.0608,0.362
8.208625,0.1707,-0.4375,-0.1532,0.494
8.210984,0.1658,-0.3996,-0.2253,0.488
8.215921,-0.1463,-0.3100,-0.0694,0.350
8.223329,-0.0454,-0.1884,0.1592,0.251
8.227417,-0.0383,-0.0447,0.3603,0.365
8.231724,-0.0046,-0.1008,0.4114,0.424
8.236385,0.1274,-0.0377,0.3266,0.353
8.240246,-0.1088,-0.2597,0.1683,0.328
8.244337,0.1919,-0.0683,-0.0815,0.219
8.252850,0.1927,-0.0759,-0.0680,0.218
8.257383,0.0507,-0.1004,0.0847,0.141
8.261035,0.0932,-0.0414,0.1971,0.222
8.265270,-0.0086,-0.1474,0.3545,0.384
8.269307,-0.1491,-0.0698,0.3413,0.379
8.277914,0.4792,-0.0196,0.3665,0.604
8.282193,0.2291,-0.0317,0.1521,0.277
8.286454,0.0254,0.0006,0.0035,0.026
8.292209,-0.2005,-0.0671,-0.0131,0.212
8.295392,-0.0385,-0.0692,0.0861,0.117
8.301319,0.1904,-0.0303,0.2516,0.317
8.310267,-0.1113,-0.0698,0.2428,0.276
8.312003,-0.2024,-0.2136,0.0733,0.303
8.316032,0.1378,-0.2247,-0.0786,0.275
8.320157,0.0917,-0.2486,-0.0509,0.270
8.324335,0.1921,-0.0469,0.0550,0.205
8.333354,-0.2464,-0.0748,0.1598,0.303
8.337095,-0.4044,-0.0987,0.1913,0.458
8.341460,0.2334,-0.0648,0.1304,0.275
8.345386,0.4675,-0.0430,0.0583,0.473
8.349758,0.2777,0.0505,0.1138,0.304
8.358401,-0.4889,-0.0037,0.2330,0.542
8.362569,0.0074,-0.0158,0.1711,0.172
8.366574,0.1563,-0.0702,0.1180,0.208
8.370855,0.2421,0.0474,0.0583,0.254
8.375444,0.1166,0.1171,0.0806,0.184
8.379444,-0.3333,-0.0532,0.0074,0.338
8.387871,0.1520,0.1056,0.0686,0.197
8.392294,0.2342,0.0031,0.1383,0.272
8.396227,-0.1013,0.1193,0.2491,0.294
8.401430,-0.0650,0.1421,0.3030,0.341
8.404638,-0.2488,-0.0321,0.2897,0.383
8.413173,0.3130,0.1780,0.1548,0.392
8.416760,-0.0559,0.1944,0.0966,0.224
8.421583,0.0609,0.2907,0.1204,0.320
8.426234,0.0681,0.2590,0.2179,0.345
8.429857,0.0300,0.2887,0.2497,0.383
8.438242,-0.3674,0.1147,0.2257,0.446
8.442364,-0.1622,0.1859,0.1312,0.279
8.446621,0.1753,0.0110,0.1038,0.204
8.451218,0.1587,0.1280,0.1223,0.238
8.455308,-0.1339,0.1487,0.1949,0.279
8.459407,-0.5570,-0.1170,0.1615,0.592
8.468077,0.1165,-0.1434,-0.0837,0.203
8.472036,0.2142,-0.0508,-0.1574,0.271
8.476405,-0.2008,0.1022,-0.0737,0.237
8.480527,-0.2613,0.0325,0.1408,0.299
8.484907,-0.0245,-0.2515,0.1557,0.297
8.493408,0.0363,-0.2659,-0.0727,0.278
8.497263,-0.1390,-0.0703,-0.2816,0.322
8.501797,-0.3164,0.0994,-0.1181,0.352
8.505615,0.2169,0.1600,0.2278,0.353
8.511311,-0.0535,-0.1221,0.3984,0.420
8.514997,-0.1313,0.1510,0.2285,0.304
8.523291,-0.0109,0.1116,-0.1112,0.158
8.527100,-0.3071,0.2803,-0.1095,0.430
8.531662,0.4899,0.2398,0.2014,0.581
8.535222,-0.1408,-0.0588,0.4454,0.471
8.539819,-0.1875,-0.0271,0.3431,0.392
8.548699,-0.1354,-0.0006,-0.0428,0.142
8.552421,0.0264,0.0845,-0.3002,0.313
8.557027,0.3673,0.0689,-0.1408,0.399
8.560860,-0.2159,-0.0268,0.2313,0.318
8.565596,-0.3174,-0.0123,0.4441,0.546
8.573981,0.0017,-0.1086,0.2657,0.287
8.577544,-0.1841,0.2267,-0.0058,0.292
8.582544,0.6978,0.3178,0.1037,0.774
8.585605,-0.2146,-0.0581,0.1710,0.280
8.590405,0.0353,-0.0624,0.1383,0.156
8.594633,-0.1819,-0.2015,-0.1107,0.293
8.602943,0.0507,0.2798,-0.1951,0.345
8.610588,-0.0668,-0.1590,-0.1351,0.219
8.611717,0.1114,0.1324,0.0484,0.180
8.622737,0.3031,0.0291,0.3178,0.440
8.623201,-0.0281,-0.0322,0.3033,0.306
8.627906,-0.0762,0.0231,0.0621,0.101
8.632166,0.1345,-0.1160,-0.0541,0.186
8.636347,0.3254,-0.0883,-0.0234,0.338
8.640538,0.0134,-0.0608,-0.0126,0.063
8.644549,-0.0759,0.0839,-0.0136,0.114
8.653193,0.1572,0.2957,0.1264,0.358
8.657322,0.3046,-0.0293,0.2110,0.372
8.662041,0.0839,0.0919,0.1411,0.188
8.666029,-0.0901,-0.1707,-0.0516,0.200
8.670357,-0.0730,-0.1618,-0.1216,0.215
8.674579,0.1384,-0.0205,-0.0810,0.162
8.682860,0.3884,0.2500,0.0856,0.470
8.687153,-0.0012,0.1307,0.2910,0.319
8.691323,0.1837,-0.0216,0.2373,0.301
8.695881,0.2259,0.0120,0.0093,0.226
8.699629,-0.0631,0.2004,-0.0513,0.216
8.710790,-0.2484,0.1939,0.0740,0.324
8.713141,-0.0132,-0.0227,0.1787,0.181
8.719741,0.3290,0.0509,0.1113,0.351
8.720659,0.2403,0.0721,0.0081,0.251
8.724736,-0.0751,0.2581,0.0516,0.274
8.728824,-0.0969,0.2542,0.2160,0.347
8.737710,0.1457,0.1456,0.3190,0.380
8.742121,0.1657,0.0066,0.2114,0.269
8.745878,0.0098,-0.0586,-0.0200,0.063
8.750163,-0.1041,0.0395,-0.1921,0.222
8.754576,0.3979,0.1297,-0.0841,0.427
8.762872,-0.0848,-0.0778,0.2488,0.274
8.767198,-0.2445,-0.0570,0.5027,0.562
8.771446,-0.1153,-0.1332,0.3898,0.428
8.775902,0.0445,0.0371,0.0453,0.074
8.779741,0.2586,0.0234,-0.3121,0.406
8.788354,-0.1252,0.0673,-0.4203,0.444
8.792401,-0.0521,-0.1573,-0.3211,0.361
8.796629,-0.3169,-0.0365,0.0539,0.324
8.800899,0.1176,-0.0649,0.2720,0.303
8.805243,0.0107,0.0634,0.3221,0.328
8.810751,-0.2014,-0.0813,0.1708,0.276
8.820690,-0.2335,-0.1893,-0.0107,0.301
8.822071,0.0638,-0.0138,-0.3133,0.320
8.826053,0.2947,0.1009,-0.2638,0.408
8.830268,-0.0792,0.0819,-0.0585,0.128
8.834939,-0.3123,0.0503,0.1823,0.365
8.843088,-0.4909,-0.1481,0.1399,0.531
8.846953,-0.3463,0.0011,-0.1343,0.371
8.851470,0.1719,-0.1105,-0.3131,0.374
8.856356,-0.2354,-0.2483,-0.3188,0.468
8.859815,-0.0847,-0.1023,-0.0877,0.159
8.868595,-0.6064,-0.4880,0.1437,0.792
8.874830,-0.2214,-0.2775,0.1448,0.383
8.877685,0.3102,-0.1829,-0.0445,0.363
8.880793,-0.0910,-0.1067,-0.1430,0.200
8.885806,-0.1290,-0.0990,-0.2453,0.294
8.889237,-0.2646,-0.2707,-0.3441,0.512
8.897984,0.2639,-0.1171,-0.1814,0.341
8.902532,-0.2474,-0.3734,-0.0533,0.451
8.906168,-0.1441,0.0852,0.0417,0.172
8.911796,-0.0653,-0.0998,0.0337,0.124
8.914595,0.2722,-0.2594,-0.0675,0.382
8.922649,-0.0200,-0.4476,-0.3179,0.549
8.927887,-0.3412,-0.0525,-0.4291,0.551
8.931450,0.1086,0.2412,-0.2097,0.338
8.935700,0.0488,0.0100,0.0698,0.086
8.939640,-0.0238,-0.1114,0.1284,0.172
8.944624,-0.3342,-0.0252,0.0228,0.336
8.952556,0.1061,0.1381,-0.1983,0.264
8.956611,0.2738,-0.0585,-0.1558,0.320
8.961104,0.1080,-0.1643,-0.0244,0.198
8.965361,-0.2204,-0.2363,0.0240,0.324
8.969503,-0.0773,-0.1902,-0.0272,0.207
8.978024,0.0681,-0.1439,-0.1760,0.237
8.982044,0.1712,0.1241,-0.0743,0.224
8.987009,0.0456,0.1460,0.1436,0.210
8.990879,-0.0975,0.0090,0.2179,0.239
8.995152,0.0303,-0.0773,0.0134,0.084
9.003516,0.1270,-0.1212,-0.2956,0.344
9.009509,0.3006,0.1453,-0.2671,0.428
9.012306,0.0289,0.2206,-0.0177,0.223
9.016171,0.1025,0.0311,0.2491,0.271
9.019714,0.5134,-0.0031,0.3496,0.621
9.024111,0.4574,-0.0050,0.3298,0.564
9.032938,0.2598,0.4765,0.3053,0.623
9.036659,0.0491,0.4035,0.1366,0.429
9.041564,0.2161,0.1664,0.0656,0.280
9.045179,0.4309,0.0101,-0.0141,0.431
9.049917,0.3233,0.1262,-0.0246,0.348
9.058637,0.1726,0.5619,0.0627,0.591
9.062499,0.1081,0.4364,0.4032,0.604
9.066760,0.0932,0.0333,0.6205,0.628
9.070760,0.1695,-0.0269,0.5197,0.547
9.075217,0.1465,0.2487,0.2491,0.381
9.083469,0.4750,0.4352,0.0306,0.645
9.087410,0.5901,0.2894,-0.0370,0.658
9.091770,-0.0955,0.0940,0.0332,0.138
9.095980,-0.2002,0.1632,0.1601,0.304
9.100208,0.1410,0.1839,0.1832,0.295
9.104507,0.4512,0.4097,0.1651,0.631
9.113244,-0.1041,0.0403,0.1974,0.227
9.120352,0.0765,0.1417,0.2221,0.274
9.121175,0.2922,0.0977,0.1043,0.325
9.125441,0.3285,0.0992,-0.0975,0.357
9.130102,0.3158,-0.0333,-0.1972,0.374
9.138428,-0.3143,-0.1358,-0.1223,0.364
9.142054,0.2844,0.1425,0.0201,0.319
9.147282,-0.0822,0.0020,0.1001,0.130
9.150964,0.2195,-0.0032,0.0536,0.226
9.154595,0.1621,0.0142,0.0159,0.163
9.158874,0.0435,0.0652,0.0362,0.086
9.167556,0.1222,-0.1971,-0.0180,0.233
9.172021,-0.2371,-0.4031,-0.1296,0.485
9.176115,0.2323,-0.1304,-0.1830,0.323
9.180066,0.2351,0.0763,0.0170,0.248
9.184383,0.0475,-0.0119,0.0674,0.083
9.193059,-0.2146,-0.3353,-0.1618,0.430
9.197214,0.0955,-0.0703,-0.3176,0.339
9.201434,-0.0855,-0.1037,-0.2215,0.259
9.205488,0.1396,0.0282,0.0861,0.166
9.211512,-0.1446,-0.0832,0.3040,0.347
9.221722,-0.0034,-0.2347,0.2460,0.340
9.222170,0.3385,-0.1321,-0.2136,0.422
9.226265,-0.0101,-0.1163,-0.5188,0.532
9.230411,-0.0592,-0.0466,-0.3942,0.401
9.234824,-0.0459,-0.1480,0.0255,0.157
9.239051,-0.2368,-0.3250,0.2102,0.454
9.247279,-0.1475,-0.0309,0.1129,0.188
9.251545,-0.1215,-0.1445,-0.2767,0.335
9.255913,-0.1143,-0.1418,-0.3997,0.439
9.260213,0.1535,-0.1149,-0.1959,0.274
9.264548,-0.3005,-0.3272,0.1110,0.458
9.273161,-0.2949,-0.2249,0.0953,0.383
9.277283,0.2907,-0.2238,-0.1224,0.387
9.281408,0.0764,-0.0161,-0.1985,0.213
9.286206,0.0339,-0.0016,-0.0482,0.059
9.290111,-0.4661,-0.3076,0.0681,0.563
9.298740,0.1937,-0.1385,-0.0197,0.239
9.304148,0.1537,-0.2420,-0.2028,0.351
9.306944,0.0951,0.0028,-0.0256,0.099
9.312262,0.0389,0.1029,0.3148,0.333
9.315059,-0.4583,-0.1568,0.4166,0.639
9.318933,0.1139,-0.0479,0.1342,0.182
9.327888,-0.0595,-0.1297,-0.3211,0.351
9.331860,0.1008,0.4221,-0.2645,0.508
9.336151,-0.0371,0.1093,0.0538,0.127
9.340166,-0.2533,-0.2080,0.3272,0.463
9.344501,-0.1426,-0.3253,0.2447,0.431
9.353339,0.1871,-0.1311,0.0576,0.236
9.357169,0.1641,0.1356,-0.0256,0.214
9.362168,0.0727,0.1169,0.1517,0.205
9.365927,-0.0274,-0.0929,0.3057,0.321
9.370272,-0.1757,-0.2225,0.1770,0.334
9.374136,0.2333,-0.0203,-0.1562,0.282
9.382526,0.0898,0.1086,-0.4119,0.435
9.386774,0.0260,0.0369,-0.3038,0.307
9.390730,-0.1245,-0.1303,-0.0090,0.180
9.395337,-0.3660,-0.2506,0.1273,0.462
9.399477,-0.0437,-0.1907,0.0625,0.205
9.409216,0.4166,0.0417,-0.1389,0.441
9.412246,0.2515,0.1795,-0.0990,0.324
9.415965,-0.0450,-0.1208,0.1104,0.170
9.420518,-0.1353,-0.2341,0.1537,0.311
9.424407,0.3902,-0.1193,-0.0577,0.412
9.433100,0.1641,0.0127,-0.2712,0.317
9.438307,0.4223,0.3604,-0.1226,0.569
9.441435,-0.2662,0.1093,0.1510,0.325
9.446050,-0.1938,-0.0349,0.2403,0.311
9.450190,0.1983,-0.0577,0.0506,0.213
9.455180,0.0999,-0.0530,-0.1517,0.189
9.462930,0.1879,0.3518,-0.1058,0.413
9.467950,-0.1440,0.0883,0.2004,0.262
9.471201,0.0213,-0.0815,0.4043,0.413
9.476116,0.3078,-0.0891,0.2584,0.412
9.479548,-0.0439,0.2383,-0.0414,0.246
9.487980,-0.0445,0.2512,-0.1863,0.316
9.492203,0.0546,0.1323,0.0482,0.151
9.496643,-0.0167,-0.2126,0.1816,0.280
9.504800,0.1021,-0.2458,0.1483,0.305
9.505329,-0.1445,-0.1591,-0.0834,0.231
9.513381,0.1432,-0.0645,-0.1072,0.190
9.517364,0.2174,-0.1323,-0.0159,0.255
9.521520,-0.1502,-0.1546,0.1647,0.271
9.525719,0.0195,-0.2031,0.1076,0.231
9.529638,-0.1157,-0.1564,-0.1154,0.226
9.534451,0.3647,-0.0054,-0.1858,0.409
9.542889,0.2307,0.1047,-0.0115,0.254
9.546803,-0.1895,-0.2020,0.2121,0.349
9.551318,-0.0733,-0.2831,0.1976,0.353
9.555253,0.0538,-0.2271,-0.0012,0.233
9.559489,0.1729,0.1574,-0.0303,0.236
9.568191,-0.0402,0.2961,0.1882,0.353
9.572353,-0.2990,0.0160,0.3822,0.485
9.576679,0.2596,-0.1338,0.2145,0.362
9.580695,0.0014,-0.0509,-0.0049,0.051
9.585085,-0.1871,0.0805,-0.0906,0.223
9.589220,0.0739,0.1889,0.1073,0.229
9.597772,0.2163,0.0678,0.3532,0.420
9.604264,0.2012,-0.0404,0.5044,0.545
9.606699,-0.0002,-0.0507,0.3213,0.325
9.613986,0.0384,-0.0357,0.0052,0.053
9.614760,0.5827,0.2523,-0.0952,0.642
9.622780,0.3638,0.3348,0.1383,0.513
9.627092,-0.4154,-0.0373,0.3544,0.547
9.631656,0.2428,0.1344,0.2779,0.393
9.635511,0.3654,-0.0274,0.0797,0.375
9.639504,0.4689,0.2078,0.0129,0.513
9.647874,0.0332,0.2128,0.1205,0.247
9.652547,-0.1265,-0.0251,0.2143,0.250
9.656631,0.3223,-0.0846,0.1317,0.358
9.661064,0.3497,-0.0006,0.0465,0.353
9.665098,0.2638,0.1787,0.0402,0.321
9.669271,0.1493,0.1682,0.1024,0.247
9.677676,-0.2493,-0.2601,0.0680,0.367
9.681772,0.5296,-0.3150,-0.1154,0.627
9.686548,0.5546,-0.1221,-0.1431,0.586
9.690454,0.2789,0.0752,0.0309,0.290
9.694953,0.0557,0.0625,0.2788,0.291
9.703099,0.2511,-0.0809,0.2498,0.363
9.707270,0.8292,-0.0683,-0.0372,0.833
9.714430,0.0175,-0.1016,-0.2773,0.296
9.715499,-0.3231,0.0838,-0.3127,0.457
9.722507,0.3841,0.2202,0.0182,0.443
9.729059,0.9132,0.0866,0.3853,0.995
9.732172,0.3131,-0.2257,0.3139,0.498
9.736482,-0.3929,-0.2125,-0.2055,0.492
9.740704,0.0011,-0.0796,-0.6299,0.635
9.745895,0.8107,-0.1108,-0.4021,0.912
9.749178,0.5846,-0.2822,0.0460,0.651
9.757718,-0.3972,-0.1882,0.3161,0.541
9.761964,-0.4966,-0.1671,0.1755,0.553
9.766153,0.3624,0.0102,-0.1815,0.405
9.770279,1.1050,-0.0411,-0.2409,1.132
9.774912,-0.0825,-0.3193,-0.0755,0.338
9.783088,-0.7190,-0.3651,-0.0965,0.812
9.787553,0.2673,-0.1934,-0.3325,0.468
9.791628,0.2449,-0.2535,-0.3874,0.524
9.796004,0.5549,-0.0410,0.0273,0.557
9.799838,-0.0351,-0.2143,0.3873,0.444
9.808228,-0.3425,-0.1530,0.2787,0.467
9.814822,0.1258,-0.4162,-0.1221,0.452
9.817144,0.3879,-0.2208,-0.3757,0.583
9.820740,0.2007,-0.0837,-0.2630,0.341
9.824847,-0.5343,-0.0490,-0.0494,0.539
9.829436,0.1223,-0.1002,0.0505,0.166
9.837783,0.0307,-0.3500,-0.0552,0.356
9.841789,0.1021,-0.0729,-0.1954,0.232
9.845985,-0.1347,0.0069,-0.0252,0.137
9.850296,-0.2323,0.0701,0.1917,0.309
9.854949,0.1198,-0.0081,0.2383,0.267
9.863784,0.1057,-0.0807,0.0767,0.154
9.867529,-0.2608,-0.1843,-0.1138,0.339
9.872388,-0.3346,0.0315,-0.1884,0.385
9.876030,0.0008,0.0714,-0.0304,0.078
9.880217,0.1906,-0.0994,0.2360,0.319
9.884197,-0.1330,-0.1861,0.2575,0.344
9.892657,-0.3886,-0.0942,0.0116,0.400
9.896967,-0.0517,0.0746,-0.1938,0.214
9.901075,0.0289,0.1539,-0.1648,0.227
9.905300,-0.1790,-0.0235,0.1289,0.222
9.909452,-0.5331,-0.2322,0.1960,0.614
9.919435,0.0413,-0.0297,0.1017,0.114
9.922198,0.3336,0.2625,-0.1208,0.441
9.926742,-0.1528,0.1178,0.0113,0.193
9.931012,-0.3818,0.0561,0.2156,0.442
9.935526,-0.2089,-0.0888,0.2217,0.317
9.943239,0.2865,0.0866,0.1402,0.331
9.947152,-0.4626,-0.0498,-0.1067,0.477
9.951602,-0.2554,0.3128,0.1160,0.420
9.956377,0.1649,0.1274,0.4271,0.475
9.960628,0.0839,0.0108,0.5168,0.524
9.964239,-0.1066,0.1989,0.2352,0.326
9.973089,-0.6103,0.0141,-0.1061,0.620
9.977528,0.1445,0.3725,-0.1026,0.413
9.981458,0.1182,0.1952,0.0072,0.228
9.986033,-0.1759,0.0465,0.1473,0.234
9.989895,-0.1782,-0.0307,0.0671,0.193
9.998370,-0.1678,-0.0186,-0.1119,0.203
10.005290,0.4355,0.3690,-0.0958,0.579
10.006334,0.1078,0.0179,0.2040,0.231
10.013684,-0.1251,-0.1165,0.2963,0.342
10.015064,-0.1845,-0.0954,0.1770,0.273
10.023142,0.2712,0.0164,-0.0429,0.275
10.027649,0.6238,0.2454,-0.1056,0.679
10.031886,0.2199,0.1886,0.1365,0.320
10.036927,-0.0561,0.0473,0.2927,0.302
10.039891,0.3553,-0.0373,0.1264,0.379
10.044798,0.2693,-0.2566,-0.2756,0.463
10.052644,0.2487,-0.0081,-0.3970,0.469
10.057039,0.2744,0.1696,-0.1085,0.340
10.061176,0.0789,-0.0118,0.2190,0.233
10.065543,0.3692,-0.2111,0.3463,0.548
10.069581,0.3154,-0.1000,0.1448,0.361
10.078199,0.3594,0.0979,0.0562,0.377
10.082747,0.8140,0.2896,0.0401,0.865
10.086713,0.0300,-0.3202,0.0567,0.327
10.090790,0.0250,-0.2617,-0.0032,0.263
10.095119,0.4001,-0.1921,-0.0252,0.445
10.099193,0.5344,-0.0187,0.0280,0.535
10.107788,0.4529,0.0856,0.1198,0.476
10.115601,0.0067,-0.2066,0.2540,0.328
10.116299,0.1236,-0.3067,0.0674,0.338
10.120940,0.1704,-0.1821,-0.2528,0.355
10.125703,0.4825,0.0671,-0.2838,0.564
10.132730,0.3859,-0.0894,0.0636,0.401
10.136894,0.1605,-0.2805,0.3396,0.469
10.141533,0.1052,-0.3426,0.1801,0.401
10.145708,0.3300,-0.2068,-0.1421,0.415
10.149662,0.4147,-0.1677,-0.2893,0.533
10.158073,0.0266,-0.2237,-0.1355,0.263
10.162689,0.4032,-0.2386,0.1973,0.508
10.166466,0.1546,-0.3686,0.2552,0.474
10.170583,0.2634,-0.2237,-0.0409,0.348
10.174969,0.2733,-0.2002,-0.2735,0.435
10.179096,0.0968,-0.0206,-0.2586,0.277
10.187740,0.3268,-0.0813,0.1468,0.367
10.192064,0.3194,-0.2178,0.2764,0.475
10.196239,0.2206,0.0457,0.2503,0.337
10.200330,-0.2148,-0.0292,0.1233,0.249
10.204915,0.1134,0.1056,0.1299,0.202
10.214461,0.3218,-0.1343,0.2982,0.459
10.217288,0.5833,0.0844,0.4420,0.737
10.223204,-0.1753,-0.0932,0.4578,0.499
10.225614,-0.2220,0.1040,0.3242,0.406
10.229708,0.3940,0.4140,0.3164,0.653
10.238163,0.4289,0.4019,0.4966,0.769
10.242270,-0.2139,0.0739,0.6104,0.651
10.246577,-0.4865,-0.1118,0.3592,0.615
10.250931,0.1398,0.1214,0.0372,0.189
10.255156,0.5136,0.3701,0.0254,0.634
10.259265,-0.0311,0.2663,0.3128,0.412
10.267849,-0.6895,-0.0745,0.5377,0.878
10.272056,0.2168,-0.1162,0.5004,0.558
10.276609,0.2900,0.0765,0.2757,0.407
10.280522,0.1476,0.2692,0.2705,0.409
10.284993,-0.4583,0.1574,0.4328,0.650
10.293879,-0.4943,-0.1182,0.5498,0.749
10.297379,0.2733,-0.0226,0.3764,0.466
10.301859,0.1349,0.0686,0.1240,0.196
10.306231,-0.2312,0.1512,0.0937,0.292
10.311690,-0.3733,0.1750,0.2938,0.506
10.315678,-0.1865,0.0090,0.4926,0.527
10.323778,0.0464,-0.1005,0.3793,0.395
10.328062,-0.2381,0.0641,0.1803,0.305
10.330792,-0.4072,0.0854,0.1147,0.432
10.335269,-0.1593,0.1903,0.3637,0.440
10.339207,0.0249,0.0342,0.6025,0.604
10.347774,0.0183,-0.0127,0.5595,0.560
10.352148,-0.1827,-0.1061,0.2472,0.325
10.356555,-0.2290,-0.1215,-0.0713,0.269
10.360523,0.0552,0.1375,0.0233,0.150
10.364852,0.0149,0.0755,0.4615,0.468
10.373515,0.0096,-0.0714,0.7362,0.740
10.377351,-0.1241,-0.2241,0.5192,0.579
10.381985,-0.0658,-0.1261,0.0563,0.153
10.385753,0.0517,0.0101,-0.1612,0.170
10.390193,0.1569,-0.0803,-0.0288,0.179
10.395666,-0.0924,-0.4103,0.1910,0.462
10.403794,-0.1312,-0.4690,0.3233,0.585
10.406898,0.0601,-0.2647,0.2817,0.391
10.410883,0.0239,-0.0632,0.2737,0.282
10.415177,-0.0360,-0.2095,0.3314,0.394
10.419288,-0.0889,-0.3992,0.2329,0.471
10.429172,0.0039,-0.2977,0.0651,0.305
10.432189,0.1068,-0.2700,-0.0193,0.291
10.436976,0.2290,-0.0795,0.1060,0.265
10.440332,0.1401,-0.1059,0.3088,0.355
10.445636,-0.1062,-0.4338,0.4370,0.625
10.453727,0.3453,-0.3306,0.3076,0.568
10.457274,0.4300,-0.4968,0.0141,0.657
10.462458,0.3047,-0.2432,-0.1065,0.404
10.465785,0.0898,-0.1945,0.0753,0.227
10.470585,-0.0169,-0.4399,0.3325,0.552
10.474578,0.1722,-0.4023,0.3764,0.577
10.482838,0.1038,-0.3773,0.1658,0.425
10.487407,-0.0485,-0.3322,0.0924,0.348
10.491472,0.2064,-0.0927,0.1201,0.256
10.495602,-0.0423,-0.4270,0.3173,0.534
10.499632,0.0590,-0.5454,0.2816,0.617
10.508213,0.2780,-0.4606,0.0015,0.538
10.515205,-0.4535,-0.6836,-0.1423,0.833
10.517944,0.3905,-0.0224,0.0591,0.396
10.520535,0.3446,-0.1418,0.5409,0.657
10.524972,-0.2830,-0.3824,0.6562,0.810
10.528954,0.3048,-0.3819,0.2784,0.562
10.537579,0.1433,-0.4359,-0.1800,0.493
10.543573,0.3192,-0.1739,-0.0485,0.367
10.545759,0.3164,-0.2627,0.2585,0.486
10.550401,-0.0250,-0.3847,0.4236,0.573
10.554527,-0.0445,-0.4194,0.4031,0.583
10.562602,0.3906,-0.1988,0.2723,0.516
10.567222,0.4272,0.0408,0.3802,0.573
10.571395,-0.1227,-0.1178,0.5385,0.565
10.575673,0.1342,-0.0910,0.5302,0.554
10.579637,0.1527,-0.2515,0.3826,0.483
10.588365,0.3840,-0.2678,0.2837,0.547
10.592379,0.6247,-0.1480,0.4488,0.783
10.596472,-0.2083,-0.2488,0.5006,0.597
10.601679,-0.0890,-0.1545,0.3639,0.405
10.605048,0.1787,-0.1865,0.2166,0.337
10.609159,0.3841,-0.2171,0.2446,0.504
10.618528,0.0262,-0.0458,0.4151,0.418
10.623843,-0.0502,0.0929,0.5339,0.544
10.626157,0.2826,-0.0525,0.5982,0.664
10.629904,0.0992,-0.1822,0.5246,0.564
10.634412,-0.3274,-0.2829,0.3768,0.574
10.642884,-0.0071,-0.0262,0.3478,0.349
10.647040,0.1921,0.1308,0.5625,0.609
10.651257,-0.0163,-0.1041,0.6845,0.693
10.655483,-0.1222,-0.2649,0.5167,0.593
10.659756,-0.1079,-0.2870,0.1359,0.335
10.668223,-0.0028,-0.2273,-0.0583,0.235
10.672397,-0.0000,-0.1016,0.1556,0.186
10.676825,-0.2185,-0.1628,0.5540,0.617
10.680878,-0.4522,-0.2086,0.6661,0.832
10.685453,0.1638,-0.1631,0.4435,0.500
10.689933,0.1885,-0.4264,0.1514,0.490
10.698268,-0.1192,-0.3103,0.1075,0.349
10.701970,-0.2982,-0.1647,0.3562,0.493
10.706187,-0.5504,-0.4134,0.5943,0.909
10.710339,0.1478,-0.4095,0.5906,0.734
10.716814,-0.0331,-0.4602,0.4509,0.645
10.726227,-0.5297,-0.1477,0.3608,0.658
10.727326,-0.4614,-0.0856,0.4543,0.653
10.731417,-0.1236,-0.2205,0.5408,0.597
10.735625,0.2186,-0.3617,0.4774,0.638
10.739751,-0.3002,-0.3462,0.3556,0.580
10.744044,-0.6121,-0.1481,0.3571,0.724
10.752748,0.0479,-0.2025,0.4702,0.514
10.757102,0.2296,-0.4691,0.4997,0.723
10.761160,0.0511,-0.5739,0.4196,0.713
10.765632,-0.4093,-0.3211,0.2705,0.586
10.769351,-0.0735,-0.0609,0.3338,0.347
10.777692,0.0533,-0.0793,0.6354,0.643
10.782187,0.2041,-0.3305,0.8442,0.929
10.786652,0.0195,-0.4111,0.8421,0.937
10.790895,-0.3199,-0.3931,0.4881,0.704
10.794898,0.1167,-0.1481,0.1976,0.273
10.802981,0.0557,-0.0502,0.2443,0.256
10.807223,-0.2349,-0.1622,0.6213,0.684
10.812350,-0.2782,-0.4035,0.7699,0.913
10.816041,-0.0051,-0.4029,0.5447,0.677
10.819759,-0.0326,-0.3305,0.2604,0.422
10.824004,0.0938,-0.1339,0.2299,0.282
10.833110,0.1833,-0.3174,0.4718,0.597
10.836622,-0.0105,-0.2733,0.7784,0.825
10.840904,-0.0775,-0.4792,0.6960,0.849
10.845075,-0.0619,-0.3246,0.5323,0.627
10.849338,-0.0097,-0.0556,0.4180,0.422
10.858264,-0.0433,-0.2059,0.5132,0.555
10.862334,0.0653,-0.3101,0.5034,0.595
10.866715,-0.0708,-0.4905,0.4128,0.645
10.870517,-0.3002,-0.4636,0.2869,0.622
10.875452,0.0190,-0.3356,0.2802,0.438
10.883251,0.0769,-0.2815,0.4532,0.539
10.888587,-0.0424,-0.4910,0.5507,0.739
10.892551,-0.2144,-0.6697,0.3803,0.799
10.896929,-0.0774,-0.5573,0.1864,0.593
10.900483,-0.2404,-0.4150,0.2582,0.545
10.905070,-0.0442,-0.3949,0.4925,0.633
10.913619,-0.0635,-0.4245,0.7004,0.821
10.917196,-0.2388,-0.4606,0.6175,0.807
10.925260,-0.1467,-0.4972,0.4168,0.665
10.925905,-0.2552,-0.5617,0.2128,0.653
10.929982,0.2036,-0.3656,0.2519,0.488
10.938663,0.1975,-0.3324,0.6025,0.716
10.942075,-0.1199,-0.5301,0.7267,0.907
10.946723,-0.2256,-0.6087,0.4885,0.812
10.950658,0.0399,-0.4892,0.2540,0.553
10.954960,0.0602,-0.3025,0.3354,0.456
10.958991,0.0721,-0.2099,0.6379,0.675
10.967423,-0.3370,-0.3316,0.7470,0.884
10.972029,-0.1327,-0.3997,0.6428,0.769
10.975951,0.1225,-0.5018,0.3089,0.602
10.980316,0.2047,-0.4471,0.2298,0.543
10.984602,-0.2117,-0.4464,0.4551,0.672
10.993372,-0.0256,-0.1928,0.7956,0.819
10.997068,0.0394,-0.1211,0.8833,0.892
11.001452,0.1593,-0.2176,0.5826,0.642
11.005724,0.0736,-0.2745,0.3481,0.449
11.009912,-0.0348,-0.2846,0.2485,0.379
11.019589,0.2044,-0.1568,0.3798,0.459
11.023400,-0.0428,-0.3572,0.5102,0.624
11.026540,0.1042,-0.5118,0.5193,0.737
11.030349,-0.3933,-0.8119,0.3766,0.978
11.035057,0.0691,-0.5190,0.2083,0.563
11.038897,0.1185,-0.3533,0.2482,0.448
11.047427,-0.2984,-0.4067,0.5108,0.718
11.051851,-0.3800,-0.6950,0.5733,0.978
11.056080,-0.0339,-0.5824,0.5003,0.769
11.060095,-0.0914,-0.5099,0.3970,0.653
11.064268,-0.2466,-0.4070,0.3917,0.616
11.073207,-0.2062,-0.5101,0.5031,0.746
11.077185,-0.3050,-0.6828,0.4749,0.886
11.081271,0.1945,-0.5519,0.3375,0.676
11.085738,-0.1684,-0.6063,0.2634,0.682
11.089893,-0.6237,-0.4955,0.3152,0.857
11.098376,-0.2393,-0.4129,0.5401,0.721
11.102468,0.0893,-0.3698,0.7963,0.882
11.106545,0.2613,-0.5041,0.7532,0.943
11.110893,-0.5459,-0.6074,0.3921,0.906
11.116754,-0.5072,-0.4444,-0.0197,0.675
11.119310,0.0857,-0.3699,0.0840,0.389
11.127771,0.0200,-0.5674,0.5395,0.783
11.131934,0.0458,-0.4970,0.8804,1.012
11.136029,-0.5604,-0.5425,0.7879,1.109
11.140071,-0.5047,-0.4221,0.5914,0.885
11.144492,-0.2873,-0.2475,0.4758,0.608
11.153081,0.2516,-0.2927,0.6568,0.762
11.157077,0.2237,-0.0652,0.9273,0.956
11.161665,-0.3440,-0.2547,0.8300,0.934
11.166278,-0.5609,-0.2654,0.5062,0.801
11.170160,-0.0753,-0.3915,0.2196,0.455
11.174178,0.3324,-0.2876,0.3300,0.550
11.183345,-0.1874,0.0065,0.6613,0.687
11.186948,-0.7221,-0.3323,0.8330,1.151
11.191753,-0.1697,-0.4393,0.5437,0.719
11.195372,0.4889,-0.4021,0.2139,0.668
11.200556,-0.1009,-0.1600,0.1750,0.258
11.209173,-0.2833,-0.0960,0.4516,0.542
11.211961,-0.3372,-0.1981,0.8735,0.957
11.216766,0.2231,-0.4953,0.9069,1.057
11.220110,0.3625,-0.2253,0.7135,0.831
11.224508,-0.3998,-0.2427,0.5692,0.737
11.234457,-0.4857,-0.0898,0.5600,0.747
11.237113,0.1056,-0.2905,0.5961,0.671
11.241381,0.3798,-0.0249,0.7268,0.820
11.245569,-0.2270,-0.1301,0.7439,0.789
11.250040,-0.6635,-0.2752,0.4714,0.859
11.254387,-0.6509,-0.5135,0.1550,0.843
11.262825,0.3513,-0.0834,0.2564,0.443
11.266983,0.6404,-0.0528,0.6723,0.930
11.271479,-0.2129,-0.2929,0.8403,0.915
11.275490,-0.7100,-0.5431,0.5662,1.058
11.279209,-0.0920,-0.5247,0.2907,0.607
11.287978,0.2262,-0.2346,0.2617,0.418
11.291824,-0.0373,-0.0628,0.5905,0.595
11.296036,-0.6792,-0.1862,0.8125,1.075
11.300531,-0.2665,-0.2717,0.6858,0.784
11.304806,0.2626,-0.2884,0.3686,0.537
11.313398,0.0183,-0.2171,0.1557,0.268
11.317132,-0.2283,-0.4570,0.2721,0.579
11.321325,-0.4607,-0.2619,0.4619,0.703
11.325778,0.0021,-0.1891,0.5632,0.594
11.329972,-0.0080,-0.2019,0.4354,0.480
11.336317,-0.3762,-0.4278,0.1503,0.589
11.342555,-0.3378,-0.4283,0.0669,0.550
11.347875,0.0973,-0.3514,0.1566,0.397
11.351016,0.0180,-0.2823,0.5641,0.631
11.355828,-0.4190,-0.4332,0.6755,0.905
11.359687,-0.3969,-0.4130,0.4598,0.735
11.367989,-0.0803,-0.5921,0.2456,0.646
11.372722,-0.2426,-0.5246,0.0798,0.583
11.376590,-0.0086,-0.1757,0.1405,0.225
11.381086,-0.1259,-0.1459,0.3723,0.419
11.385051,0.0925,-0.2980,0.4160,0.520
11.393308,-0.0271,-0.5326,0.3034,0.614
11.397843,-0.4068,-0.6806,0.0222,0.793
11.401679,-0.1788,-0.3515,0.0752,0.401
11.406191,-0.0070,-0.3373,0.1696,0.378
11.410381,-0.0802,-0.4402,0.2792,0.527
11.417478,-0.3390,-0.5243,0.1661,0.646
11.423843,-0.2096,-0.4676,-0.0763,0.518
11.426722,-0.1745,-0.4444,-0.2432,0.536
11.431190,-0.1840,-0.3792,-0.0551,0.425
11.435513,-0.4315,-0.3939,0.4231,0.721
11.439734,-0.3218,-0.4973,0.7779,0.978
11.447891,0.0886,-0.4151,0.7549,0.866
11.452230,0.0015,-0.4966,0.4056,0.641
11.456977,-0.2122,-0.4222,0.0451,0.475
11.460637,-0.0381,-0.1300,-0.0118,0.136
11.464780,0.1072,-0.0679,0.2019,0.238
11.469372,0.0168,-0.2160,0.4213,0.474
11.477650,-0.5649,-0.4338,0.4010,0.817
11.481660,-0.5382,-0.4812,0.1588,0.739
11.486231,-0.0275,-0.2418,-0.0161,0.244
11.491648,-0.0137,0.0014,0.0990,0.100
11.494793,-0.3891,-0.2218,0.5083,0.677
11.502685,-0.2301,-0.2384,0.7405,0.811
11.508620,0.3123,-0.2524,0.6782,0.788
11.511326,-0.3806,-0.2625,0.4158,0.622
11.515635,-0.6081,-0.1500,0.1620,0.647
11.519499,-0.5989,0.0052,0.1584,0.620
11.529159,0.1386,0.0002,0.3893,0.413
11.532301,-0.0074,-0.0249,0.6286,0.629
11.536663,-0.4837,-0.2389,0.3789,0.659
11.541039,-0.2463,-0.2925,-0.0170,0.383
11.544853,-0.1528,-0.1326,-0.2782,0.344
11.549670,-0.3408,-0.1042,-0.1476,0.386
11.557808,-0.4035,-0.0093,0.3250,0.518
11.562042,-0.1773,-0.2457,0.6115,0.682
11.566172,-0.0300,-0.2455,0.6212,0.669
11.570584,-0.2930,-0.0336,0.3683,0.472
11.574745,-0.3317,-0.0488,0.2231,0.403
11.583029,0.2027,0.0812,0.3642,0.425
11.587384,0.2210,0.0089,0.5662,0.608
11.591689,-0.5435,-0.0163,0.6504,0.848
11.595798,-0.4817,0.0478,0.3827,0.617
11.599884,-0.2101,0.0141,0.0930,0.230
11.608106,0.1639,0.1276,0.0435,0.212
11.612523,-0.1079,0.1527,0.3253,0.375
11.617092,-0.3310,0.3034,0.6226,0.768
11.620631,-0.3384,0.1719,0.6297,0.735
11.625094,-0.0807,0.1197,0.3979,0.423
11.629283,-0.0020,0.0735,0.1620,0.178
11.637937,-0.1309,0.3568,0.1013,0.393
11.643430,-0.1358,0.3478,0.3953,0.544
11.646083,-0.0890,0.1757,0.6055,0.637
11.650455,0.1998,0.1496,0.6478,0.694
11.654490,-0.2449,0.1803,0.4920,0.578
11.662943,-0.3670,0.2104,0.2724,0.503
11.667872,-0.0792,0.2167,0.1376,0.269
11.671461,0.3581,0.3989,0.1696,0.562
11.675716,-0.2203,0.3784,0.3381,0.553
11.679827,-0.3557,0.2523,0.3587,0.565
11.684167,-0.1956,0.0912,0.1314,0.253
11.692446,0.0980,0.0911,-0.0242,0.136
11.696505,-0.1994,0.1895,0.0654,0.283
11.700896,-0.3412,0.4560,0.3059,0.647
11.705108,-0.5103,0.3100,0.4525,0.749
11.709286,-0.4420,0.1794,0.3345,0.583
11.717728,-0.3440,-0.1655,0.0805,0.390
11.722079,-0.4215,0.1395,-0.1234,0.461
11.727264,-0.2789,0.2626,-0.1197,0.401
11.730653,-0.4896,0.1509,0.1086,0.524
11.734886,-0.4507,0.1854,0.2827,0.563
11.743367,-0.6883,0.0253,0.3417,0.769
11.747837,-0.5990,0.1631,0.1160,0.631
11.751600,-0.5921,0.1045,-0.2595,0.655
11.755828,-0.5164,0.0504,-0.3527,0.627
11.759909,-0.5949,-0.0254,-0.1688,0.619
11.765716,-0.8994,-0.1127,0.0349,0.907
11.772895,-0.7779,-0.1118,-0.0699,0.789
11.776956,-0.6078,-0.1403,-0.1635,0.645
11.782289,-0.5341,-0.1511,-0.2903,0.626
11.785155,-0.7794,-0.1507,-0.3427,0.865
11.789335,-0.8706,-0.1589,-0.3593,0.955
11.798210,-0.6663,-0.0415,-0.2731,0.721
11.802300,-0.5978,-0.1395,-0.1966,0.645
11.807112,-0.5884,-0.2734,-0.2422,0.693
11.810645,-0.6602,-0.2026,-0.2076,0.721
11.815558,-0.7668,-0.1036,-0.2886,0.826
11.826175,-0.2407,-0.0218,-0.3192,0.400
11.828339,-0.2762,-0.0816,-0.2575,0.386
11.832081,-0.5145,-0.0231,-0.3094,0.601
11.835948,-1.1222,-0.1486,-0.4256,1.209
11.840189,-0.5301,-0.1090,-0.5460,0.769
11.844135,-0.5649,-0.1247,-0.5699,0.812
11.853217,-0.7405,0.1892,-0.2499,0.804
11.857322,-0.5784,0.3966,0.1240,0.712
11.861059,-0.7068,0.1998,0.2654,0.781
11.865606,-0.4994,0.0927,0.1049,0.519
11.869544,-0.8349,-0.1142,-0.2933,0.892
11.878105,-0.2803,0.2502,-0.5703,0.683
11.882497,-0.4525,0.1904,-0.5414,0.731
11.886679,-0.5752,0.4281,-0.1254,0.728
11.890894,-0.7450,0.0663,0.0859,0.753
11.894945,-0.5120,-0.0619,-0.1347,0.533
11.899198,-0.5669,-0.1408,-0.5846,0.826
11.907639,-0.6099,-0.0539,-0.8756,1.068
11.911881,-0.4246,0.1927,-0.7510,0.884
11.919491,-0.7740,0.1069,-0.3172,0.843
11.920146,-0.6154,-0.0066,-0.0841,0.621
11.925797,-0.5366,-0.0855,-0.2786,0.611
11.932759,-0.6909,-0.2945,-0.7546,1.065
11.937564,-0.6181,-0.0177,-0.8666,1.065
11.941198,-0.7531,-0.1247,-0.5976,0.969
11.945345,-0.5588,0.1892,-0.1297,0.604
11.949643,-0.9140,0.0221,0.0773,0.918
11.958104,-0.4605,0.1337,-0.2091,0.523
11.962520,-0.8482,-0.0336,-0.7289,1.119
11.966605,-0.6931,0.1058,-1.0569,1.268
11.970771,-0.7255,0.2337,-1.0015,1.259
11.974958,-0.8693,0.1577,-0.6434,1.093
11.978991,-0.5367,0.1828,-0.3633,0.673
11.987710,-0.4418,0.2392,-0.2422,0.558
11.992003,-0.7390,0.0323,-0.4054,0.843
11.996051,-0.6563,0.0608,-0.6120,0.899
12.000220,-0.5437,0.1516,-0.6664,0.873
12.004402,-0.6179,0.3045,-0.5118,0.858
12.013100,-0.3630,0.4543,-0.2707,0.641
12.017974,-0.7679,0.3423,-0.2613,0.880
12.021917,-0.6240,0.2428,-0.4720,0.819
12.025554,-0.6279,0.1678,-0.7908,1.024
12.029706,-0.5651,0.3376,-0.9995,1.197
12.038738,-0.7607,0.4700,-0.8162,1.211
12.042416,-0.3907,0.6503,-0.3350,0.829
12.046649,-0.6469,0.4535,-0.0547,0.792
12.050707,-0.6060,0.4656,-0.2173,0.794
12.055671,-0.5570,0.3945,-0.5634,0.885
12.059206,-0.3523,0.4165,-0.8078,0.975
12.067690,-0.4561,0.3598,-0.7025,0.912
12.073219,-0.8726,0.2550,-0.4552,1.017
12.075833,-0.0549,0.5515,-0.2878,0.624
12.080278,-0.4961,0.5669,-0.2633,0.798
12.084838,-0.5886,0.4623,-0.3439,0.824
12.093317,-0.6712,0.5159,-0.4452,0.957
12.097082,-0.4316,0.5605,-0.5262,0.882
12.101755,-0.4004,0.6103,-0.3953,0.830
12.105416,-0.2057,0.6158,-0.2589,0.699
12.110859,-0.5545,0.4685,-0.1742,0.747
12.114862,-0.7050,0.5064,-0.2978,0.918
12.122343,-0.0347,0.5368,-0.4873,0.726
12.126513,0.0176,0.3999,-0.6137,0.733
12.130868,-0.2864,0.4360,-0.4880,0.714
12.136428,-0.4674,0.5103,-0.2588,0.739
12.139102,-0.1934,0.5702,-0.1474,0.620
12.147845,-0.0592,0.3505,-0.2908,0.459
12.152189,-0.1933,0.2772,-0.6506,0.733
12.156083,-0.1371,0.3601,-0.8377,0.922
12.160430,-0.2125,0.5115,-0.7438,0.927
12.164527,-0.3443,0.5608,-0.3965,0.768
12.173263,-0.1603,0.5422,-0.0046,0.565
12.177329,-0.1654,0.4640,0.1075,0.504
12.181390,-0.1702,0.4570,-0.0258,0.488
12.185655,-0.3832,0.3492,-0.2969,0.597
12.189898,-0.2596,0.2665,-0.4835,0.610
12.194259,0.0182,0.4844,-0.3546,0.601
12.202659,-0.6790,0.5785,-0.0372,0.893
12.206846,-0.1567,0.7814,0.0869,0.802
12.211237,-0.6001,0.3944,-0.2263,0.753
12.215307,-0.3813,0.4417,-0.7276,0.933
12.219222,-0.4034,0.3958,-1.0115,1.159
12.227807,-0.4565,0.3113,-0.8012,0.973
12.232042,-0.1910,0.2463,-0.1742,0.357
12.236515,-0.6990,0.0548,0.2103,0.732
12.240311,-0.2303,0.2466,0.1611,0.374
12.244680,-0.4624,0.2379,-0.1868,0.553
12.253213,-0.2582,0.4064,-0.4089,0.632
12.257234,-0.8201,0.4173,-0.3265,0.976
12.261717,-0.6008,0.2724,-0.0874,0.665
12.265660,-0.1285,0.4558,0.0404,0.475
12.269946,-0.6783,0.3358,-0.0927,0.763
12.275111,-0.8864,0.3589,-0.3527,1.019
12.283712,-0.8804,0.0153,-0.6352,1.086
12.286968,-0.4875,0.3110,-0.5647,0.808
12.291837,-0.8980,0.2837,-0.2254,0.968
12.295393,-0.6449,0.3879,0.0633,0.755
12.300112,-0.8295,0.2956,0.0556,0.882
12.308569,-0.7875,0.0747,-0.1784,0.811
12.312586,-0.5379,-0.1106,-0.4944,0.739
12.317037,-0.5094,-0.0206,-0.7026,0.868
12.320473,-0.5345,0.0695,-0.5070,0.740
12.325199,-0.5043,0.0411,-0.1130,0.518
12.330489,-0.4532,-0.0020,0.0872,0.462
12.337698,-0.6645,0.1348,0.0258,0.679
12.341754,-0.5132,0.0901,-0.2950,0.599
12.346660,-0.7524,0.0274,-0.5681,0.943
12.350369,-0.6997,0.1335,-0.6626,0.973
12.354386,-0.7364,0.3048,-0.5452,0.966
12.363799,-0.0535,0.4800,-0.2878,0.562
12.367058,-0.8571,0.1804,-0.1579,0.890
12.371320,-1.0765,-0.1089,-0.2579,1.112
12.375692,-0.5990,-0.1958,-0.4527,0.776
12.379501,-0.6581,-0.0867,-0.5276,0.848
12.388103,-0.5044,0.0544,-0.2725,0.576
12.392057,-0.5966,0.1040,0.1897,0.635
12.396538,-0.6388,0.1258,0.3263,0.728
12.400519,-0.8506,0.1269,0.0634,0.862
12.404977,-0.5844,0.2259,-0.4703,0.783
12.409193,-0.5797,0.1988,-0.7439,0.964
12.419596,-0.5919,0.1776,-0.6694,0.911
12.421925,-0.6796,0.1284,-0.2473,0.734
12.426527,-0.3190,0.2959,0.2405,0.497
12.430088,-0.6785,0.1267,0.2550,0.736
12.434356,-0.3825,0.0267,-0.1395,0.408
12.442837,-0.2705,-0.2291,-0.6835,0.770
12.447359,-0.7373,-0.1080,-0.9038,1.171
12.451105,-1.0623,-0.0750,-0.7284,1.290
12.455310,-0.4555,0.1545,-0.2182,0.528
12.459702,0.0338,0.0104,0.1727,0.176
12.468046,-0.3973,-0.2525,0.0456,0.473
12.472256,-1.2238,-0.2276,-0.5383,1.356
12.476527,-1.0284,-0.3566,-0.9018,1.414
12.480613,-0.2199,-0.1191,-0.6473,0.694
12.484995,-0.2273,-0.0903,0.0563,0.251
12.489125,-0.9106,-0.0064,0.4554,1.018
12.497618,-1.0528,0.1939,0.2203,1.093
12.501926,-0.7285,-0.0334,-0.5463,0.911
12.505950,-0.1479,0.0588,-0.8667,0.881
12.510300,-0.6451,-0.0326,-0.6673,0.929
12.514770,-1.3345,-0.1081,-0.2009,1.354
12.524283,-0.3062,0.2080,0.1837,0.413
12.527069,-0.6205,-0.1882,0.1587,0.668
12.531513,-0.4497,-0.1116,-0.0475,0.466
12.535661,-1.0040,-0.2801,-0.4494,1.135
12.539645,-0.7034,-0.0687,-0.5678,0.907
12.543905,-0.5623,0.0539,-0.3644,0.672
12.552450,-0.5406,0.0234,0.0132,0.541
12.556473,-0.5754,0.2012,0.2076,0.644
12.560756,-1.2675,-0.0568,-0.0078,1.269
12.565054,-0.7112,0.0031,-0.3416,0.789
12.569307,-0.5779,-0.2329,-0.5098,0.805
12.577906,-0.4871,-0.0072,-0.2862,0.565
12.582099,-1.2155,0.1071,0.1031,1.225
12.586696,-0.7222,0.1525,0.4311,0.855
12.590419,-0.5962,0.0182,0.3453,0.689
12.594703,-0.7821,-0.0078,-0.0103,0.782
12.603280,-1.0419,0.1288,-0.3521,1.107
12.607185,-0.8558,0.1400,-0.4486,0.976
12.612375,-0.5883,-0.0053,-0.2541,0.641
12.616221,-0.8073,-0.0494,0.1348,0.820
12.620268,-0.7182,0.0118,0.3242,0.788
12.624017,-0.8056,-0.0506,0.2472,0.844
12.632557,-0.6980,-0.1549,0.0280,0.716
12.637779,-0.6448,-0.2482,-0.1093,0.700
12.640902,-0.9533,-0.0392,-0.0348,0.955
12.645640,-0.8065,0.1473,0.0423,0.821
12.649342,-0.2478,0.1464,0.1176,0.311
12.658022,-0.5696,-0.2345,0.0647,0.619
12.662611,-0.9616,-0.3003,-0.2540,1.039
12.666346,-0.7104,0.1146,-0.3778,0.813
12.670450,-0.6253,-0.1221,-0.2295,0.677
12.674915,-0.1598,-0.0881,0.1012,0.209
12.683254,-0.5753,-0.1741,0.3813,0.712
12.687475,-0.5649,0.0550,0.4570,0.729
12.691880,-0.5450,-0.0834,0.1374,0.568
12.695900,-0.4848,-0.1855,-0.1946,0.554
12.699869,-0.1017,-0.0218,-0.2664,0.286
12.704160,-0.6239,0.0599,-0.0864,0.633
12.713795,-0.5400,0.1887,0.0348,0.573
12.716781,-0.9152,-0.2559,-0.0331,0.951
12.720999,-0.4485,-0.1977,-0.1736,0.520
12.725190,-0.4498,-0.1222,-0.1867,0.502
12.729440,-0.6029,-0.0349,-0.0826,0.610
12.737894,-0.5339,-0.2379,0.1138,0.595
12.742534,-0.3615,-0.2137,0.3445,0.543
12.746409,-0.1883,-0.0741,0.3103,0.370
12.750490,-0.4961,-0.0946,0.1964,0.542
12.754856,-0.8502,-0.3683,-0.1692,0.942
12.763404,-0.6064,-0.2304,-0.3426,0.734
12.768059,-0.4132,-0.1115,-0.1901,0.468
12.771716,-0.3717,-0.0281,0.1927,0.420
12.776530,-0.7171,0.0823,0.4473,0.849
12.779923,-0.8963,-0.1149,0.3373,0.965
12.784530,-0.1230,-0.1574,0.0361,0.203
12.793237,-0.3375,-0.2486,-0.2662,0.497
12.796941,-0.6885,-0.1137,-0.2340,0.736
12.801429,-1.1718,0.0648,0.0156,1.174
12.805412,-0.9535,0.1889,0.2752,1.010
12.812344,-0.1995,0.2346,0.3872,0.495
12.818346,-0.1141,0.2524,0.2725,0.389
12.822099,-0.8936,-0.0307,0.1381,0.905
12.826405,-1.2304,-0.3266,-0.1942,1.288
12.830598,-0.5282,0.0389,-0.2551,0.588
12.835062,-0.3659,0.1895,0.2535,0.484
12.838937,-0.4068,0.3595,0.8647,1.021
12.847483,-0.9652,0.2052,0.9273,1.354
12.852198,-1.0476,0.0755,0.2834,1.088
12.856105,-0.0294,0.0621,-0.3535,0.360
12.859986,-0.5446,-0.0142,-0.6163,0.823
12.864309,-0.8751,0.0867,-0.2868,0.925
12.873003,-0.4905,-0.0371,0.4099,0.640
12.877060,-0.2777,0.0313,0.8525,0.897
12.881246,-0.5137,0.1150,0.8001,0.958
12.885540,-0.8881,-0.1947,0.3567,0.977
12.889911,-0.4560,0.0171,-0.0767,0.463
12.898214,-0.8939,-0.0802,-0.1381,0.908
12.902296,-0.1708,0.3973,0.3487,0.556
12.906491,-0.2686,0.0978,0.6315,0.693
12.911977,-0.7385,-0.0115,0.6729,0.999
12.915099,-0.7233,-0.0752,0.2873,0.782
12.920638,-0.2695,0.0291,-0.0652,0.279
12.928665,0.0450,0.0842,-0.0232,0.098
12.931784,-0.3992,0.1797,0.3542,0.563
12.936022,-0.8798,0.2541,0.7120,1.160
12.940091,-0.7251,0.1880,0.6608,0.999
12.945442,-0.0570,0.1727,0.3778,0.419
12.953182,-0.3483,0.0031,0.0762,0.357
12.957070,-0.7921,0.0116,-0.0266,0.793
12.961802,-0.6186,-0.0344,0.1067,0.629
12.965599,0.1873,0.0759,0.6386,0.670
12.969932,-0.2024,0.0373,1.0240,1.044
12.978580,-0.5759,0.0556,0.8858,1.058
12.982650,-0.6727,-0.0332,0.3912,0.779
12.986727,-0.3452,-0.1976,0.1513,0.426
12.990870,0.0331,-0.0363,0.3839,0.387
12.995252,-0.6233,0.0247,0.6939,0.933
12.999284,-0.5940,0.2768,0.8288,1.057
13.007812,-0.5190,0.0681,0.6923,0.868
13.012748,0.0387,0.2479,0.4304,0.498
13.017246,-0.7540,-0.0201,0.2872,0.807
13.020190,-0.8377,-0.0999,0.3124,0.900
13.024329,-0.3553,-0.1299,0.4285,0.572
13.032988,-0.0624,-0.0739,0.6241,0.632
13.037239,-0.2202,-0.0738,0.7793,0.813
13.041191,-0.7846,-0.2026,0.6985,1.070
13.045757,-0.4361,-0.1966,0.3238,0.578
13.049994,-0.1208,-0.2500,0.0177,0.278
13.054342,-0.3716,-0.2244,0.1293,0.453
13.062925,-0.9030,-0.3226,0.4719,1.069
13.066660,-0.8908,-0.0521,0.5263,1.036
13.070938,-0.6162,-0.0790,0.5124,0.805
13.075233,-0.3505,-0.2837,0.3365,0.563
13.079350,-0.3558,-0.1514,0.0779,0.394
13.087855,-1.3468,-0.4320,-0.0412,1.415
13.092113,-0.8895,-0.4156,-0.1455,0.993
13.096303,-0.2074,-0.2535,0.0481,0.331
13.100468,-0.6226,-0.4185,0.2967,0.807
13.104690,-0.5576,-0.5201,0.4389,0.880
13.113491,-0.7447,-0.4351,0.3819,0.943
13.117231,-0.3587,-0.4191,0.3008,0.628
13.121564,-0.0728,-0.4337,0.3345,0.553
13.125793,-0.7776,-0.3570,0.2654,0.896
13.131193,-0.8689,-0.2452,0.2022,0.925
13.134505,-0.6382,-0.1429,0.1427,0.669
13.142684,-0.4611,-0.0743,0.1421,0.488
13.146773,-0.3048,0.1425,0.3458,0.482
13.151024,-1.1042,-0.1163,0.2955,1.149
13.155340,-1.2873,-0.3051,0.0595,1.324
13.159462,-0.6277,-0.3486,-0.1815,0.741
13.167945,-0.1756,-0.3267,0.0338,0.372
13.172195,-0.7822,-0.0426,0.4680,0.913
13.176451,-1.3106,-0.1590,0.5924,1.447
13.180481,-0.8035,-0.2387,0.2656,0.879
13.185789,-0.1515,-0.3588,-0.1876,0.432
13.193435,-0.3873,-0.2660,-0.3776,0.603
13.197616,-0.9803,-0.3209,-0.2916,1.072
13.202605,-1.0684,-0.3012,-0.0637,1.112
13.205786,-0.8672,-0.0910,0.0740,0.875
13.214174,-0.4321,-0.0298,0.3058,0.530
13.214614,-0.7055,-0.2446,0.3060,0.807
13.223112,-0.8669,-0.2199,0.0942,0.899
13.227334,-0.8748,-0.2567,-0.2897,0.957
13.231183,-0.4867,-0.2549,-0.3397,0.646
13.236198,-0.6782,-0.3568,-0.0951,0.772
13.239323,-0.7286,-0.1991,0.1861,0.778
13.247847,-0.5492,-0.0547,0.3300,0.643
13.252638,-0.5049,-0.2304,0.4549,0.718
13.256615,-0.9172,-0.2494,0.1409,0.961
13.261075,-1.0803,-0.2920,-0.2611,1.149
13.265066,-0.5776,-0.2078,-0.5113,0.799
13.269261,-0.6325,-0.2511,-0.3943,0.786
13.277742,-0.0710,-0.1267,0.1153,0.185
13.281876,-0.5284,-0.2078,0.4841,0.746
13.286732,-0.9596,-0.0298,0.5476,1.105
13.290252,-0.5882,-0.0335,0.1399,0.605
13.294933,0.1613,-0.0052,-0.1503,0.220
13.303060,-0.7447,-0.3908,-0.0703,0.844
13.307048,-0.4554,-0.3182,0.2054,0.592
13.311417,-0.6229,-0.1425,0.2569,0.689
13.315472,-0.4280,0.0741,0.1406,0.457
13.322151,0.1373,0.0897,0.0372,0.168
13.330822,-0.3730,-0.1972,0.0384,0.424
13.332467,-0.7240,-0.3198,-0.0492,0.793
13.336549,-0.8132,-0.3263,-0.2285,0.906
13.340980,-0.4748,-0.2100,-0.2125,0.561
13.344809,-0.4525,-0.1239,-0.0543,0.472
13.349143,-0.1442,-0.0449,0.2287,0.274
13.357699,-0.6593,-0.0946,0.3895,0.772
13.361788,-0.2763,-0.1928,0.3829,0.510
13.366074,-0.4753,-0.4171,0.1140,0.643
13.370241,-0.3487,-0.2937,-0.1719,0.487
13.374628,-0.3557,-0.1979,-0.1239,0.425
13.382948,-0.6172,-0.1230,0.1772,0.654
13.386981,-0.1001,-0.0372,0.4515,0.464
13.391503,-0.0490,0.0264,0.4627,0.466
13.395614,-0.4203,0.1266,0.2917,0.527
13.399706,-1.0089,-0.0927,-0.0394,1.014
13.408380,-0.0833,-0.1877,-0.3572,0.412
13.413366,-0.0194,-0.2744,-0.1509,0.314
13.416652,-0.1886,-0.1249,0.2628,0.347
13.420697,-0.4078,-0.0778,0.6042,0.733
13.424972,-0.3994,-0.0669,0.6307,0.749
13.429353,-0.2689,-0.2061,0.5028,0.606
13.437701,-0.0340,0.0819,0.3692,0.380
13.441782,-0.0429,-0.0705,0.1168,0.143
13.446082,-0.5740,-0.0388,0.0571,0.578
13.450357,-0.4390,0.0750,0.0968,0.456
13.454801,-0.4785,0.0305,0.4479,0.656
13.463857,0.0270,0.0503,0.5416,0.545
13.467078,-0.0540,0.1101,0.4885,0.504
13.471372,-0.2885,0.1050,0.2301,0.384
13.475731,-0.3845,-0.0295,-0.0353,0.387
13.479626,-0.0041,-0.0824,0.0237,0.086
13.483953,0.2930,-0.0503,0.3991,0.498
13.492803,-0.9528,-0.1310,0.8587,1.289
13.496378,0.1412,0.2761,0.8659,0.920
13.500644,0.2275,0.1079,0.6580,0.705
13.504970,-0.3469,0.1628,0.3438,0.515
13.510003,-0.0979,0.0737,0.0624,0.137
13.517905,-0.0628,0.1253,0.0132,0.141
13.522272,-0.1525,0.0827,0.3013,0.348
13.527175,-0.0191,0.0548,0.6355,0.638
13.531753,0.0950,0.2540,0.6989,0.750
13.534924,-0.4075,0.1864,0.6357,0.778
13.542971,-0.2940,0.1054,0.4242,0.527
13.547228,-0.0324,0.0291,0.2904,0.294
13.551316,0.0306,0.0690,0.4215,0.428
13.555817,-0.1645,0.0775,0.6229,0.649
13.559953,-0.4194,0.1095,0.8382,0.944
13.564270,-0.5269,0.0627,0.8648,1.015
13.572975,0.2413,0.2208,0.8084,0.872
13.576960,-0.0958,0.1673,0.6247,0.654
13.581041,-0.6224,0.1792,0.4381,0.782
13.585225,-0.7421,-0.0044,0.2410,0.780
13.589534,-0.1389,0.0656,0.2666,0.308
13.597975,0.1374,-0.0400,0.5376,0.556
13.602027,-0.6063,-0.0491,0.6631,0.900
13.606334,-0.5980,-0.0046,0.5398,0.806
13.610515,-0.2433,-0.1768,0.3384,0.453
13.614737,0.1610,-0.1802,0.2038,0.316
13.623074,-0.4214,-0.4528,0.1644,0.640
13.627310,-0.5933,-0.4368,0.0963,0.743
13.631641,-0.2911,-0.1818,0.2441,0.421
13.635921,0.0208,-0.3118,0.4454,0.544
13.639999,-0.1431,-0.2541,0.5236,0.599
13.644042,-0.6592,-0.3329,0.3686,0.825
13.652737,-0.2206,-0.3803,0.0713,0.445
13.657165,0.2929,-0.5321,-0.2359,0.652
13.660956,-0.2503,-0.6308,-0.2561,0.725
13.665217,-0.6568,-0.5834,-0.0868,0.883
13.669537,-0.2530,-0.4269,0.1443,0.517
13.678828,0.1498,-0.4895,0.2509,0.570
13.682386,0.2028,-0.3847,0.2715,0.513
13.687183,-0.4603,-0.3560,0.0589,0.585
13.690500,-0.4596,-0.4482,-0.2124,0.676
13.695485,0.2741,-0.6482,-0.3302,0.777
13.699137,0.2903,-0.7562,-0.1580,0.825
13.707584,0.0342,-0.6390,0.1939,0.669
13.714667,-0.1268,-0.4735,0.3123,0.581
13.716402,-0.0683,-0.4488,0.1982,0.495
13.720844,0.3635,-0.4245,0.1464,0.578
13.724278,0.1574,-0.4997,0.0232,0.524
13.732904,0.1027,-0.3320,-0.1486,0.378
13.737181,-0.2595,-0.4326,-0.3301,0.603
13.741083,-0.1354,-0.4614,-0.0956,0.490
13.745613,0.3379,-0.4244,0.2108,0.582
13.749717,0.3125,-0.3043,0.4367,0.617
13.758116,-0.0645,-0.3428,0.4231,0.548
13.762578,-0.2514,-0.4524,0.0987,0.527
13.767217,-0.0367,-0.4743,-0.2502,0.538
13.770960,0.4916,-0.4511,-0.2556,0.715
13.775266,-0.0172,-0.3964,0.1151,0.413
13.779109,-0.3604,-0.3614,0.3986,0.648
13.787572,0.6078,-0.0312,0.5182,0.799
13.791802,-0.0924,-0.2877,0.4416,0.535
13.795949,-0.1353,-0.3334,0.2623,0.445
13.801036,0.0630,-0.3254,0.0093,0.332
13.804247,-0.1707,-0.3158,-0.0390,0.361
13.813153,0.1373,-0.2118,0.2211,0.336
13.817988,0.1097,-0.2373,0.4703,0.538
13.821242,0.2316,-0.1603,0.5371,0.606
13.825515,-0.1063,-0.2294,0.2988,0.391
13.832653,-0.0767,-0.1569,-0.0145,0.175
13.839348,0.0899,-0.4059,-0.1931,0.458
13.842473,0.0603,-0.4870,-0.0548,0.494
13.846434,-0.0628,-0.4278,0.2147,0.483
13.850663,-0.2602,-0.3604,0.3773,0.583
13.854909,0.1347,-0.1709,0.4096,0.464
13.859500,-0.0972,-0.2818,0.3123,0.432
13.867556,0.0688,-0.3077,0.2377,0.395
13.871748,-0.2356,-0.4881,-0.0070,0.542
13.875892,-0.1668,-0.4297,-0.1473,0.484
13.880207,0.1674,-0.3392,-0.0547,0.382
13.884501,0.0940,-0.3806,0.2550,0.468
13.893162,0.3805,-0.1917,0.5078,0.663
13.897412,0.0408,-0.3141,0.4500,0.550
13.901548,-0.0136,-0.2945,0.2238,0.370
13.905481,0.2248,-0.3954,-0.0259,0.456
13.910066,0.2102,-0.3358,-0.1106,0.411
13.914146,-0.0095,-0.1519,-0.0330,0.156
13.923241,0.2872,-0.1158,0.1004,0.326
13.927145,0.0995,0.1268,0.2955,0.337
13.930644,-0.1859,0.0142,0.3541,0.400
13.935139,0.2143,0.0763,0.3390,0.408
13.939123,0.3527,-0.0933,0.1536,0.396
13.947572,0.3726,-0.0572,-0.0451,0.380
13.952010,-0.4060,-0.1629,0.0462,0.440
13.956115,0.1163,0.0097,0.3918,0.409
13.960342,0.5779,0.1852,0.7003,0.927
13.964659,0.4029,0.1729,0.7823,0.897
13.973091,-0.1949,0.0222,0.5484,0.582
13.977084,-0.0841,-0.0772,0.0361,0.120
13.981647,0.5428,0.0019,-0.2229,0.587
13.985739,0.3927,0.0127,0.1039,0.406
13.989862,0.1574,0.0396,0.6461,0.666
13.994198,0.1154,0.0901,0.9836,0.994
14.002484,0.1942,0.0048,0.8431,0.865
14.006804,0.2776,-0.0893,0.4033,0.498
14.010862,0.2473,0.0754,0.2395,0.352
14.016052,0.0202,0.0824,0.4297,0.438
14.019772,-0.0425,0.1518,0.7880,0.804
14.027794,0.0051,0.3261,0.8693,0.928
14.031785,0.4056,0.4019,0.6431,0.860
14.036190,0.0002,0.0177,0.1286,0.130
14.040442,0.1260,-0.1119,-0.2731,0.321
14.044673,0.0009,-0.0714,-0.2872,0.296
14.053234,0.1388,0.3364,0.2308,0.431
14.057550,-0.0613,0.0913,0.8107,0.818
14.061528,-0.0577,0.0951,0.9371,0.944
14.065633,-0.3088,0.0493,0.5288,0.614
14.069921,0.0297,0.0594,-0.0007,0.066
14.075355,0.3715,0.0650,-0.3096,0.488
14.082573,-0.2202,0.0638,-0.0916,0.247
14.086830,-0.0196,0.0809,0.5164,0.523
14.091898,0.4148,0.0120,0.8778,0.971
14.095208,0.6815,0.0011,0.7280,0.997
14.099445,-0.1164,-0.2266,0.2343,0.346
14.109057,-0.1443,-0.2725,-0.1137,0.329
14.112172,0.6074,-0.1359,-0.1357,0.637
14.116370,0.6814,0.0484,0.1814,0.707
14.120379,0.3079,-0.0293,0.4292,0.529
14.124684,0.0323,-0.0580,0.2795,0.287
14.128703,0.3953,-0.1010,-0.1526,0.436
14.138000,0.7503,-0.1249,-0.4506,0.884
14.142839,0.0088,-0.3261,-0.2729,0.425
14.145639,0.3746,-0.1775,0.1938,0.458
14.149953,0.5512,-0.1234,0.6521,0.863
14.155063,0.6307,-0.0644,0.7684,0.996
14.163992,0.7002,-0.2252,0.3914,0.833
14.167378,0.3746,-0.2024,-0.2153,0.477
14.171395,0.5687,-0.0709,-0.4750,0.744
14.175438,0.7830,0.0747,-0.2722,0.832
14.179884,0.6667,0.1850,0.2093,0.723
14.188483,0.6369,0.1235,0.4813,0.808
14.192103,0.5834,-0.0848,0.2950,0.659
14.197083,0.8049,-0.1579,0.0485,0.822
14.200615,0.3920,-0.2663,-0.0789,0.480
14.204878,0.5294,0.0325,0.0542,0.533
14.208990,0.8808,0.1193,0.3681,0.962
14.217411,0.5333,0.0267,0.5364,0.757
14.222956,0.6496,-0.0257,0.3262,0.727
14.225734,0.6086,-0.1966,-0.0689,0.643
14.230404,0.7101,-0.1312,-0.2287,0.757
14.235244,0.6105,-0.1087,-0.0669,0.624
14.242786,0.5426,-0.1600,0.2909,0.636
14.246920,0.3822,-0.3322,0.3042,0.591
14.251219,0.5646,-0.0815,0.0567,0.573
14.255409,0.2831,-0.1391,-0.2216,0.385
14.259843,0.2159,0.0472,-0.3193,0.388
14.267920,0.4687,0.0133,-0.2711,0.542
14.272125,0.3039,-0.3772,-0.2164,0.530
14.276503,0.5970,-0.3003,-0.2500,0.713
14.282060,0.3189,-0.4124,-0.1139,0.534
14.284754,-0.0223,-0.3781,0.0650,0.384
14.288820,0.4522,0.0398,0.2049,0.498
14.297403,0.3468,-0.2328,0.3611,0.552
14.301763,0.3409,-0.1207,0.2676,0.450
14.305932,0.3883,-0.3585,-0.0926,0.537
14.310363,0.6143,-0.2785,-0.5071,0.844
14.314687,0.3146,-0.1608,-0.6580,0.747
14.324715,-0.4002,0.0202,-0.2909,0.495
14.327028,-0.6481,-0.2764,0.0191,0.705
14.331659,0.4588,-0.2959,0.2183,0.588
14.335692,0.5744,-0.3265,0.1863,0.686
14.339636,-0.3346,-0.3021,-0.0212,0.451
14.348571,-0.1850,-0.1492,-0.1987,0.310
14.352628,-0.2726,-0.4964,-0.1419,0.584
14.356765,0.9546,0.0265,0.3098,1.004
14.360927,-0.1199,-0.0664,0.6224,0.637
14.365656,-0.9985,0.0584,0.5205,1.127
14.369171,-0.8434,0.1783,0.1262,0.871
14.377883,0.2992,-0.0571,-0.1209,0.328
14.382751,0.8786,0.0749,-0.0042,0.882
14.386187,-0.8296,-0.1511,0.1316,0.853
14.390553,-0.7275,0.1436,0.2441,0.781
14.394600,-0.1738,0.0514,0.2321,0.295
14.402912,0.3488,-0.0072,0.2315,0.419
14.407437,-0.3026,-0.1416,0.3792,0.505
14.411410,-0.9720,-0.2620,0.3760,1.075
14.416371,-0.0695,-0.1353,0.1310,0.201
14.420173,0.4722,0.0921,-0.1581,0.506
14.424225,-0.4922,-0.2613,-0.1984,0.591
14.432469,-0.5805,-0.2852,-0.0416,0.648
14.436650,-0.2302,-0.2872,0.1337,0.392
14.440771,-0.3389,-0.1528,0.3286,0.496
14.445067,-0.4152,-0.4112,0.0408,0.586
14.449541,0.0320,-0.5054,-0.5664,0.760
14.458137,-0.0898,-0.6480,-0.9625,1.164
14.461919,-0.7604,-0.7952,-0.8992,1.421
14.466369,-0.2929,-0.6589,-0.6509,0.971
14.470632,0.4467,-0.9678,-0.5153,1.184
14.474861,0.3680,-1.1202,-0.7435,1.394
14.483240,0.2952,-0.8551,-1.0830,1.411
14.487436,0.6901,-0.8107,-1.1038,1.534
14.491692,0.4927,-0.5207,-0.5682,0.915
14.495765,-0.2348,-0.5182,0.0173,0.569
14.499850,-0.2087,-0.0879,0.4857,0.536
14.504173,1.4558,0.6619,0.9659,1.868
14.512926,2.3919,0.8435,1.4650,2.929
14.517141,-0.8043,0.1728,1.0326,1.320
14.521013,-1.0560,0.0867,0.1108,1.065
14.525367,-0.9538,0.0378,-0.6825,1.173
14.529340,1.0065,0.6234,-0.3770,1.242
14.538232,0.6936,0.7473,0.3520,1.079
14.542039,-2.4974,0.4731,0.9765,2.723
14.546395,-1.4028,0.7947,0.8919,1.843
14.550345,-0.5236,0.0082,0.3317,0.620
14.554770,1.0786,0.0091,-0.2359,1.104
14.563480,-0.2715,-0.1505,-0.4314,0.532
14.567517,-0.8554,0.3641,0.2048,0.952
14.571763,0.1908,0.2656,1.0104,1.062
14.575927,0.8217,0.6333,1.6180,1.922
14.579898,0.0496,0.6649,1.6682,1.797
14.584590,-0.6892,0.3297,0.9777,1.241
14.592753,0.5492,0.5346,-0.0387,0.767
14.596999,0.1605,0.4753,-0.2730,0.571
14.601307,-0.6211,0.0761,-0.0132,0.626
14.605321,-0.9136,0.3218,0.1952,0.988
14.609615,-0.8972,0.1640,0.1714,0.928
14.617806,-0.8670,-0.0614,0.1668,0.885
14.624767,-0.0755,0.3522,0.0505,0.364
14.626339,-0.9110,0.0110,0.1044,0.917
14.630420,-0.8652,-0.0901,0.3135,0.925
14.634819,-0.5725,-0.4065,0.2961,0.762
14.639550,0.5795,-0.0255,0.2421,0.628
14.648198,0.6404,0.1457,0.3849,0.761
14.651917,-1.1368,-0.0520,0.4935,1.240
14.656766,-0.0840,0.1404,0.5082,0.534
14.660153,0.5204,0.0953,0.3543,0.637
14.664748,0.4538,0.0380,-0.0037,0.455
14.673731,-0.7997,0.0949,-0.3101,0.863
14.676967,0.4869,0.1813,-0.3437,0.623
14.681358,0.6236,0.0063,-0.0643,0.627
14.685642,-0.0271,-0.0470,0.0662,0.086
14.690779,-0.4801,-0.0543,0.0646,0.488
14.698164,-0.2347,-0.4055,-0.0814,0.476
14.702370,0.8528,-0.1044,-0.3230,0.918
14.706693,0.5774,0.0026,-0.2107,0.615
14.711012,-0.0892,-0.2349,0.0137,0.252
14.714921,-0.1967,-0.1034,0.0101,0.222
14.719053,0.0858,-0.1209,-0.0180,0.149
14.727731,0.6120,-0.0398,0.1625,0.634
14.734565,0.6477,0.3584,0.3830,0.833
14.736519,-0.3378,-0.1152,0.3431,0.495
14.741657,0.6702,0.0239,-0.0681,0.674
14.744412,0.4402,-0.1427,-0.5128,0.691
14.752883,0.5724,0.2030,-0.5844,0.843
14.756816,0.1679,-0.2194,-0.2798,0.393
14.761737,0.4095,-0.2333,0.2650,0.541
14.765260,0.5738,-0.0327,0.5976,0.829
14.769540,0.0299,0.0223,0.5872,0.588
14.778040,0.6330,-0.2389,0.1251,0.688
14.782350,0.7187,0.1370,-0.3569,0.814
14.786739,0.3121,0.2630,-0.6542,0.771
14.790962,0.6054,0.2908,-0.2654,0.722
14.794977,0.5785,-0.0980,0.1832,0.615
14.799261,0.8513,-0.1805,0.3919,0.954
14.807481,0.2433,0.2486,0.3036,0.462
14.811935,0.3794,0.3819,0.3674,0.652
14.816065,0.5419,-0.0439,0.4082,0.680
14.820185,0.7369,0.0994,0.4086,0.848
14.826251,-0.2894,0.0594,0.2838,0.410
14.833219,0.5739,0.5771,-0.1030,0.820
14.837162,0.4681,0.3850,-0.4754,0.770
14.841564,0.1148,0.4860,-0.2216,0.546
14.845424,1.0468,0.4650,0.3908,1.210
14.849477,0.0096,0.1250,0.8527,0.862
14.854166,-0.3852,0.0999,0.7330,0.834
14.862576,-0.2681,0.1458,0.4460,0.540
14.866707,1.2955,0.4106,0.2871,1.389
14.870810,0.6307,0.3356,0.2192,0.747
14.875001,-0.0829,0.2932,0.2997,0.427
14.879089,-0.6179,-0.0861,0.1373,0.639
14.887741,1.4264,0.3960,-0.1558,1.488
14.891838,0.6604,0.2740,-0.2613,0.761
14.896025,-0.3418,0.0673,0.1821,0.393
14.900185,0.2381,-0.1294,0.4237,0.503
14.904416,0.5496,-0.1561,0.4101,0.703
14.913216,0.3693,-0.1660,0.2745,0.489
14.919571,-0.6492,-0.0805,0.2342,0.695
14.921545,0.3549,0.4822,0.2711,0.657
14.926399,-0.0521,0.0922,0.1358,0.172
14.930039,0.5778,0.1554,-0.0583,0.601
14.934138,-0.4917,-0.0434,-0.2337,0.546
14.942668,-0.5609,0.0715,-0.2269,0.609
14.947564,0.5795,-0.1016,-0.0263,0.589
14.950851,0.8207,-0.4870,0.2449,0.985
14.955204,0.0640,-0.3724,0.3118,0.490
14.959994,-0.7297,-0.3897,0.0799,0.831
14.967927,0.0455,-0.2404,-0.3896,0.460
14.972133,1.1221,-0.1182,-0.4586,1.218
14.977073,0.2631,-0.0829,-0.2496,0.372
14.982217,0.2943,-0.1843,0.0926,0.359
14.984705,0.4596,-0.8354,-0.0359,0.954
15.001866,1.1719,-0.6209,-0.3633,1.375
15.002328,0.6654,-0.4662,-0.2711,0.857
15.002491,-0.8879,-0.5922,-0.1864,1.083
15.005589,0.3722,-0.2994,0.0018,0.478
15.009982,0.5536,-0.1851,0.0471,0.586
15.014209,0.7401,0.2742,0.0920,0.795
15.022657,-0.5214,0.0867,0.0845,0.535
15.026691,-0.2730,-0.2024,0.1671,0.379
15.031209,0.4076,-0.4091,0.1359,0.593
15.035220,0.2772,0.0358,-0.0510,0.284
15.039315,-0.0720,0.0091,-0.1588,0.175
15.047717,-0.9083,-0.4447,-0.1950,1.030
15.051991,0.2998,-0.1763,-0.0406,0.350
15.056231,0.5730,-0.5797,0.0882,0.820
15.060271,0.4319,-0.3095,-0.0133,0.532
15.064522,-0.4098,-0.3444,-0.2209,0.579
15.069015,-0.1885,-0.3687,-0.2366,0.477
15.077535,1.0502,-0.1737,0.1386,1.073
15.081629,-0.2259,-0.1471,0.5933,0.652
15.086144,-0.8664,-0.0785,0.5339,1.021
15.090303,-0.5988,0.1621,0.0124,0.620
15.094384,0.8016,0.0863,-0.3748,0.889
15.102776,0.8203,0.0527,-0.1624,0.838
15.107543,-1.5441,-0.4278,0.3765,1.646
15.111209,-1.5983,-0.0709,0.7172,1.753
15.116156,-0.7756,0.1274,0.6193,1.001
15.119559,0.3964,0.2264,0.5829,0.740
15.128210,0.6189,0.2738,0.7714,1.026
15.132548,-1.2361,0.1776,0.5126,1.350
15.137960,-1.9997,0.1098,0.0771,2.004
15.142068,-0.0108,0.1462,-0.0400,0.152
15.144825,1.4199,-0.0106,0.3577,1.464
15.149256,-0.2077,0.4180,0.5821,0.746
15.157954,-1.7569,0.0785,0.5595,1.845
15.161910,-0.4852,0.3622,0.5635,0.827
15.166048,-0.0253,0.0690,0.4345,0.441
15.170320,1.0434,0.5522,0.4664,1.269
15.174841,-0.6794,0.3270,0.4548,0.881
15.182947,-0.8621,0.2388,0.4779,1.014
15.187366,-0.4301,-0.0168,0.0925,0.440
15.191372,0.2371,-0.0169,0.1776,0.297
15.195603,0.6844,0.1521,0.5063,0.865
15.199679,-1.3574,0.0602,0.6706,1.515
15.208166,-0.4805,0.0784,0.5251,0.716
15.212442,-0.9695,0.0222,0.2679,1.006
15.216629,0.2592,0.4461,0.2186,0.560
15.221099,-0.3515,0.2990,0.2138,0.509
15.224915,-0.9132,0.2031,0.3388,0.995
15.229394,-0.6243,-0.3194,0.1828,0.725
15.238181,0.7402,0.2810,0.0880,0.797
15.242904,0.0505,-0.3628,-0.1895,0.412
15.245742,-0.6685,-0.4041,-0.0675,0.784
15.250229,-0.1009,-0.0849,0.3369,0.362
15.255275,0.0283,-0.0058,0.8371,0.838
15.262701,1.0491,0.0075,0.9619,1.423
15.267118,-0.4257,0.0099,0.6606,0.786
15.272547,-1.1254,0.2304,0.2070,1.167
15.275515,-0.7112,0.1463,-0.2282,0.761
15.279697,0.8390,-0.1859,-0.4042,0.950
15.284009,0.4376,-0.2707,-0.2374,0.567
15.292844,-1.2202,-0.3912,0.0562,1.283
15.296953,-0.4696,-0.0665,0.0248,0.475
15.301060,0.3687,-0.3154,0.1769,0.516
15.305139,0.2909,-0.3621,0.6582,0.806
15.309238,0.0575,-0.2436,1.0283,1.058
15.319060,-0.4544,-0.0924,0.7207,0.857
15.323032,-0.3173,0.0653,0.0544,0.329
15.326149,0.1675,-0.0998,-0.3382,0.390
15.330366,0.5661,0.0712,-0.2359,0.617
15.334567,-0.1199,-0.1140,0.0068,0.166
15.342978,0.0032,-0.2913,0.2405,0.378
15.347232,0.7046,-0.1438,0.3157,0.785
15.351863,-0.0940,-0.1182,0.2749,0.314
15.355817,0.1575,-0.0163,0.3052,0.344
15.359908,0.4457,-0.1504,0.3647,0.595
15.364118,0.3092,0.0410,0.5274,0.613
15.372654,0.0941,0.2431,0.4734,0.540
15.377492,0.2233,0.2109,0.3994,0.504
15.381068,0.4243,-0.1571,0.1238,0.469
15.385692,0.4365,-0.1272,-0.2074,0.500
15.389347,0.4037,0.0396,-0.0832,0.414
15.397921,-0.2195,-0.3146,0.4227,0.571
15.403363,0.2065,0.0332,0.8432,0.869
15.406470,0.5211,0.2395,0.5901,0.823
15.410674,0.5191,0.2957,0.4465,0.746
15.414692,0.6118,0.0061,0.2167,0.649
15.423507,0.2322,-0.0173,0.0530,0.239
15.427473,0.1940,-0.1157,-0.1860,0.293
15.431482,0.5804,0.0583,-0.2109,0.620
15.435809,0.2751,-0.1805,0.0221,0.330
15.439847,0.3582,-0.4736,0.4218,0.728
15.443971,0.2368,-0.2138,0.7725,0.836
15.452826,0.4240,0.0692,0.7649,0.877
15.456770,1.0311,0.2395,0.4633,1.155
15.460953,0.8993,-0.3071,0.1189,0.958
15.465215,0.5133,-0.5125,-0.1857,0.749
15.469647,-0.0379,0.0444,-0.3602,0.365
15.478235,0.3513,0.1929,-0.2769,0.487
15.482294,0.7803,-0.1297,0.0983,0.797
15.486463,0.6095,-0.3285,0.5741,0.900
15.490670,0.4119,-0.1171,0.6571,0.784
15.495057,0.1064,-0.1126,0.2787,0.319
15.498921,0.7731,-0.1561,-0.2905,0.840
15.507528,0.4637,-0.5911,-0.3781,0.841
15.511981,0.2909,-0.0670,0.2848,0.413
15.515813,0.2333,-0.0098,0.5533,0.601
15.520244,0.2262,0.0792,0.4348,0.496
15.524242,0.2007,-0.2798,0.1793,0.388
15.532778,0.5145,-0.2216,0.1446,0.579
15.536868,0.7570,0.0455,0.1617,0.775
15.540967,0.1319,-0.1380,0.3011,0.356
15.546374,0.2193,0.0316,0.2769,0.355
15.549561,-0.0643,-0.1035,0.3206,0.343
15.558493,0.7504,0.1157,0.5523,0.939
15.562135,0.4047,0.0020,0.7165,0.823
15.567234,0.0975,-0.1758,0.3440,0.398
15.570637,0.0811,-0.1822,-0.1211,0.233
15.575410,0.1514,-0.3649,-0.1113,0.410
15.579177,1.3251,-0.0885,0.4605,1.406
15.587688,0.0083,-0.3012,0.7874,0.843
15.592095,-0.3521,0.1479,0.6666,0.768
15.595981,-0.3862,-0.0762,0.3122,0.502
15.600630,0.7251,0.0797,0.2366,0.767
15.604377,0.6873,-0.1972,0.1995,0.742
15.613376,-0.5384,-0.1309,0.2698,0.616
15.620214,0.1938,-0.0292,0.2034,0.282
15.622114,-0.5317,-0.5044,0.0740,0.737
15.627522,1.0902,-0.1473,0.0562,1.102
15.629728,0.2269,-0.2063,0.2712,0.409
15.638274,-0.0135,0.0721,0.5704,0.575
15.642521,0.0048,-0.3449,0.3048,0.460
15.646427,0.0924,-0.0780,-0.1019,0.158
15.650788,0.5434,-0.2256,-0.1523,0.608
15.655020,0.2589,-0.4402,0.0739,0.516
15.659198,-0.0185,-0.3185,0.1787,0.366
15.667733,0.5567,-0.4578,0.4666,0.859
15.671851,0.0627,-0.0713,0.5250,0.533
15.676041,0.5277,-0.1785,0.4308,0.704
15.680250,0.6173,-0.2602,0.3178,0.741
15.684544,-0.2740,-0.1259,0.2992,0.425
15.693049,-0.2689,-0.1520,0.2097,0.373
15.697304,0.0551,0.2504,-0.1648,0.305
15.701360,0.8790,0.2709,0.0259,0.920
15.705428,0.1138,-0.2793,0.5802,0.654
15.709981,-0.0426,-0.0707,0.9077,0.911
15.718275,-0.2008,-0.1583,0.5543,0.610
15.722579,0.2000,0.2182,0.1301,0.323
15.728866,0.5151,0.1107,0.0562,0.530
15.730841,-0.0199,-0.0550,0.4457,0.450
15.735864,-0.5110,-0.1602,0.6070,0.809
15.739055,0.4051,-0.0203,0.1935,0.449
15.747790,0.3017,0.1776,-0.2258,0.417
15.752066,0.0784,-0.1958,-0.2457,0.324
15.756410,-0.1210,-0.4347,0.2008,0.494
15.760705,-0.1379,-0.3401,0.6331,0.732
15.764425,-0.5976,-0.2402,0.7760,1.008
15.773194,-0.3285,-0.0097,0.6177,0.700
15.777229,0.3146,-0.1041,0.3389,0.474
15.781489,-0.5983,0.0447,0.1922,0.630
15.785924,-0.2747,-0.0550,0.0442,0.284
15.790252,0.2327,-0.3376,-0.0391,0.412
15.794153,-0.1371,-0.4092,-0.1216,0.448
15.802805,-0.2920,-0.0395,0.1090,0.314
15.806883,-0.5216,-0.4551,0.3316,0.768
15.811454,0.3844,-0.6313,0.5707,0.934
15.815188,0.5286,-0.6816,0.6688,1.091
15.820050,-0.3100,-0.0700,0.6161,0.693
15.827970,-0.1337,-0.1200,0.4458,0.481
15.831924,0.3713,-0.0720,0.2097,0.432
15.837545,0.7592,0.0183,-0.1111,0.767
15.840289,0.1091,0.0347,-0.0852,0.143
15.844593,-0.5791,-0.0271,0.0748,0.585
15.853194,-0.3216,-0.7189,0.2314,0.821
15.857100,1.5387,-0.1061,0.2765,1.567
15.861871,0.8086,-0.0990,0.5103,0.961
15.865699,-0.6674,-0.1202,0.6154,0.916
15.870077,0.0748,0.0610,0.4247,0.436
15.874298,0.9727,0.2209,0.2434,1.027
15.882758,0.9943,0.2730,0.1400,1.041
15.886964,0.0979,0.1248,0.1517,0.220
15.890959,0.0780,-0.1025,0.1818,0.223
15.895625,1.0031,-0.1354,0.1529,1.024
15.899489,0.9681,0.0608,0.2598,1.004
15.907958,-0.3854,0.0755,0.4787,0.619
15.912299,0.8374,-0.0291,0.5469,1.001
15.916522,0.3962,-0.6366,0.1617,0.767
15.920540,1.0933,0.0045,-0.1709,1.107
15.924842,0.1503,0.3969,-0.1401,0.447
15.933388,0.6100,-0.0867,0.2659,0.671
15.937533,0.5952,-0.5620,0.5864,1.007
15.941718,0.5680,-0.3842,0.3814,0.785
15.945640,0.8900,0.2277,0.1745,0.935
15.950178,0.4210,0.0379,0.0776,0.430
15.954392,0.8993,-0.3704,0.3110,1.021
15.962706,-0.1827,-0.3117,0.4438,0.572
15.966841,0.6844,0.2805,0.2943,0.796
15.971282,0.7688,0.1340,0.0186,0.781
15.975418,0.3047,-0.0504,-0.0054,0.309
15.979564,0.0566,-0.3503,0.2359,0.426
15.987965,0.8522,-0.0621,0.1429,0.866
15.992073,1.1367,0.1982,0.0275,1.154
15.996346,0.1989,-0.5155,-0.0595,0.556
16.000512,0.4672,-0.3472,0.2062,0.618
16.004876,0.1476,-0.4015,0.4142,0.595
16.009008,0.6895,-0.1287,0.2992,0.763
16.017525,0.6579,-0.1066,-0.0667,0.670
16.022132,0.4306,0.0176,0.0009,0.431
16.026342,0.1951,-0.2838,0.2261,0.412
16.030348,0.9291,-0.0738,0.3145,0.984
16.035050,0.2421,-0.0527,0.2005,0.319
16.043132,-0.0231,-0.1401,-0.0018,0.142
16.046937,0.3455,-0.1215,0.0195,0.367
16.051834,0.8161,-0.2415,0.3832,0.933
16.055452,0.5513,-0.2977,0.6208,0.882
16.060238,-0.2950,-0.0778,0.3939,0.498
16.068504,0.3322,0.1158,0.0008,0.352
16.072315,0.9756,0.0427,0.0461,0.978
16.076860,1.0402,-0.0713,0.2618,1.075
16.080639,0.1095,-0.2107,0.2828,0.369
16.085195,0.1136,0.0471,0.0944,0.155
16.089092,0.3740,0.1737,0.0057,0.412
16.097739,0.8484,-0.0539,0.1999,0.873
16.102291,0.5683,0.1203,0.5113,0.774
16.106046,0.1146,-0.1416,0.6073,0.634
16.110937,0.5527,-0.0965,0.3939,0.686
16.114752,0.1796,-0.1919,0.0367,0.265
16.123362,0.0569,0.0213,0.0300,0.068
16.128297,0.0722,-0.0009,0.1870,0.200
16.131491,0.8105,-0.0435,0.4618,0.934
16.135446,0.2394,-0.1786,0.4859,0.570
16.139517,-0.4309,-0.1368,0.4081,0.609
16.148041,0.0274,0.0527,0.2774,0.284
16.152253,0.9176,0.0201,0.2500,0.951
16.156651,0.5422,-0.2120,0.2800,0.646
16.160747,0.0611,0.0221,0.3517,0.358
16.165159,-0.0498,-0.0102,0.3038,0.308
16.169155,0.3650,0.1331,0.2047,0.439
16.177911,0.5275,-0.1382,0.2480,0.599
16.182062,0.0385,-0.2552,0.4119,0.486
16.186015,0.4936,-0.0475,0.2193,0.542
16.190342,0.4884,-0.0292,0.1079,0.501
16.194611,0.1896,-0.0752,0.2849,0.350
16.202810,0.4587,0.0695,0.5896,0.750
16.207015,-0.3522,-0.2833,0.6125,0.761
16.211408,0.6084,0.0340,0.3548,0.705
16.215531,0.3853,-0.1513,0.0625,0.419
16.222084,-0.1200,-0.0479,-0.0916,0.158
16.223915,0.3336,-0.0432,0.0050,0.336
16.232268,0.6546,-0.0871,0.3353,0.741
16.236721,0.1216,-0.0623,0.5934,0.609
16.240816,-0.3187,-0.1144,0.4072,0.530
16.245221,0.3614,0.0068,0.0938,0.373
16.249455,0.1635,-0.3790,-0.0925,0.423
16.257941,0.1741,-0.2874,-0.1499,0.368
16.261878,-0.2308,-0.3053,0.0066,0.383
16.265934,0.5766,-0.3025,0.4085,0.769
16.275754,0.3410,-0.1771,0.5736,0.690
16.275946,0.0753,-0.2200,0.3817,0.447
16.282819,-0.3185,-0.1489,0.0216,0.352
16.287146,0.4135,-0.0114,-0.0940,0.424
16.291206,0.8536,-0.0744,0.1344,0.867
16.295395,0.5062,-0.0524,0.2522,0.568
16.299424,-0.0678,-0.0534,0.0893,0.124
16.303933,-0.3125,0.0017,-0.1023,0.329
16.312505,0.6253,-0.0755,-0.1811,0.655
16.316432,0.7985,-0.2449,-0.0039,0.835
16.321415,0.1191,-0.2282,0.2187,0.338
16.324965,0.0031,-0.1728,0.4596,0.491
16.329201,0.2689,-0.3351,0.4773,0.642
16.337792,0.6987,-0.2812,0.4113,0.858
16.341861,0.4607,-0.3804,0.3072,0.672
16.346167,0.3223,-0.1158,0.1599,0.378
16.350259,0.3574,-0.3266,0.0363,0.486
16.354541,0.4941,-0.3376,-0.0269,0.599
16.363073,0.7274,-0.2767,0.1233,0.788
16.367347,-0.0327,-0.2448,0.2450,0.348
16.371396,0.0504,-0.3220,0.0260,0.327
16.375554,0.4662,-0.3456,-0.0821,0.586
16.379697,0.4808,-0.4813,-0.0052,0.680
16.384372,0.2722,-0.4388,0.1328,0.533
16.392493,-0.0536,-0.4843,0.1334,0.505
16.396696,0.3064,-0.1565,0.1190,0.364
16.401706,0.7178,-0.2600,0.0610,0.766
16.405018,0.5663,-0.2707,0.0780,0.632
16.409254,-0.1045,-0.3970,0.1498,0.437
16.419019,-0.1348,-0.3072,0.1777,0.380
16.422325,0.6117,-0.3574,0.2269,0.744
16.426390,0.8241,-0.3877,0.1563,0.924
16.430977,0.4029,-0.1995,0.1047,0.462
16.434545,-0.2430,-0.3241,0.1248,0.424
16.438791,0.3122,-0.2595,0.0306,0.407
16.447193,1.3145,-0.0849,0.1056,1.321
16.451389,-0.0316,-0.3355,0.1439,0.366
16.455613,0.1883,-0.1277,0.2810,0.362
16.459698,0.1412,-0.2774,0.4563,0.552
16.463977,0.5485,-0.2111,0.6031,0.842
16.472639,0.1974,-0.3603,0.5294,0.670
16.476572,0.7727,-0.0733,0.4108,0.878
16.480764,0.4263,-0.2011,0.3252,0.573
16.485017,0.0930,-0.2438,0.1725,0.313
16.489223,0.5774,-0.0088,0.0917,0.585
16.497709,0.3226,0.1795,0.2474,0.444
16.501780,-0.1098,-0.0559,0.3901,0.409
16.506157,0.2793,-0.2263,0.2732,0.451
16.510304,0.3623,-0.0729,0.0809,0.378
16.514636,0.5704,0.0132,0.1702,0.595
16.518683,0.2958,-0.2520,0.2668,0.471
16.527469,0.2783,-0.0882,0.2840,0.407
16.531417,0.3021,-0.0341,0.2561,0.397
16.536141,0.4209,0.0243,0.2361,0.483
16.539825,0.6427,-0.0389,0.2037,0.675
16.544213,-0.4014,-0.3265,0.0581,0.521
16.552668,0.4398,-0.0919,0.1620,0.478
16.556645,0.8003,-0.3415,0.3076,0.923
16.561226,0.5260,-0.1126,0.4797,0.721
16.565041,0.5033,-0.0386,0.5718,0.763
16.569494,-0.3700,-0.2184,0.4898,0.652
16.578453,0.7791,-0.1861,0.2774,0.848
16.582141,0.9787,-0.0012,-0.0085,0.979
16.586849,0.3508,0.2383,0.0955,0.435
16.590540,-0.1807,0.0007,0.2079,0.275
16.594717,0.0540,-0.1269,0.2672,0.301
16.598933,0.8807,-0.1382,0.2059,0.915
16.607282,0.4798,-0.0994,0.1190,0.504
16.611517,0.1020,-0.0775,-0.0639,0.143
16.615750,-0.1299,-0.0256,-0.0922,0.161
16.619732,0.1592,-0.1187,0.1771,0.266
16.624150,0.6308,-0.1821,0.3475,0.743
16.632805,0.3208,-0.2226,0.3153,0.502
16.637694,0.0376,0.0970,0.0440,0.113
16.641270,0.5865,-0.0206,-0.1073,0.597
16.645122,0.6759,-0.2263,-0.0243,0.713
16.649380,0.3590,-0.4440,0.1216,0.584
16.653957,0.2580,-0.2419,0.2031,0.408
16.662580,0.0151,-0.1592,0.1346,0.209
16.666307,0.5340,0.0542,0.0799,0.543
16.670739,0.4401,-0.0915,0.0938,0.459
16.675181,0.4330,0.0042,0.2318,0.491
16.679300,0.3030,-0.1401,0.2552,0.420
16.687631,0.4601,-0.1385,0.1963,0.519
16.692257,0.7996,-0.0440,0.1418,0.813
16.695747,0.0914,0.0766,0.2341,0.263
16.700573,0.3280,-0.1088,0.2602,0.433
16.704212,0.1128,-0.2513,0.0997,0.293
16.713100,0.7446,-0.0125,0.0531,0.747
16.716782,0.5030,0.1415,0.0618,0.526
16.721021,0.3002,0.2056,0.1760,0.404
16.725376,0.3193,0.1070,0.3699,0.500
16.729419,0.2147,-0.0217,0.5558,0.596
16.733777,0.6911,0.0438,0.5206,0.866
16.742160,0.0831,0.1223,0.1469,0.208
16.746322,0.0869,0.0722,-0.0947,0.147
16.750493,0.3791,0.0757,0.0040,0.387
16.754831,0.6483,0.0101,0.0575,0.651
16.759119,0.5469,0.1912,0.0516,0.582
16.767521,-0.3538,0.1547,0.1271,0.407
16.771590,0.0468,0.1111,0.4314,0.448
16.775985,0.3340,-0.1555,0.4992,0.620
16.780169,0.5284,-0.0534,0.4410,0.690
16.784600,0.0923,-0.0497,0.2220,0.246
16.793073,0.1570,0.1222,-0.1215,0.233
16.797473,0.1426,-0.1756,-0.2195,0.315
16.801483,0.1446,-0.3505,0.0263,0.380
16.805564,0.6010,-0.1575,0.2659,0.676
16.809918,0.3421,0.0493,0.3919,0.523
16.814217,0.0093,0.0635,0.3102,0.317
16.822334,-0.0914,-0.1657,0.1221,0.225
16.826580,0.5289,0.0229,0.0820,0.536
16.830796,0.3696,-0.0500,-0.0840,0.382
16.835234,0.2191,-0.0099,-0.1448,0.263
16.839276,-0.4035,-0.1758,-0.0879,0.449
16.847781,0.3561,0.0808,0.1573,0.398
16.852094,0.3296,-0.2889,0.2141,0.488
16.856330,0.1982,-0.1754,0.0815,0.277
16.860408,-0.2097,-0.3403,-0.0343,0.401
16.864618,-0.1669,-0.3797,-0.1376,0.437
16.868761,0.6336,-0.2117,-0.2278,0.706
16.877583,0.2970,-0.1516,-0.0423,0.336
16.881701,0.2170,-0.3007,0.2142,0.428
16.886025,-0.2463,-0.2651,0.2615,0.446
16.890339,0.3895,-0.2494,-0.0078,0.463
16.894333,0.7832,0.0041,-0.1555,0.799
16.902605,0.5020,-0.0115,-0.1530,0.525
16.906866,-0.2016,-0.3466,-0.0599,0.405
16.911143,0.2316,-0.0156,-0.0381,0.235
16.915231,0.4856,0.0043,0.1731,0.516
16.919330,0.8686,0.1391,0.4135,0.972
16.928011,-0.1286,-0.0086,0.3556,0.378
16.932678,-0.5238,-0.0344,0.2081,0.565
16.936506,0.6445,0.0546,-0.0488,0.649
16.941070,0.7366,-0.0302,-0.2009,0.764
16.944943,0.1117,-0.0295,-0.2549,0.280
16.951408,-0.3371,0.0289,0.0172,0.339
16.957476,0.2917,0.0769,0.5214,0.602
16.961684,0.4681,-0.2575,0.4148,0.676
16.966391,0.3531,-0.0371,-0.0150,0.355
16.969923,-0.0726,0.0996,-0.3195,0.342
16.974818,0.2633,0.0758,-0.2767,0.389
16.983526,0.5757,-0.1868,-0.1955,0.636
16.987228,0.8389,-0.1455,0.0378,0.852
16.991232,-0.0043,-0.1600,0.0379,0.164
16.996251,0.0518,-0.0329,-0.0167,0.064
17.000655,0.4770,-0.4441,-0.1099,0.661
17.007980,0.7798,-0.3928,-0.1233,0.882
17.012769,0.1165,-0.1036,-0.0207,0.157
17.016304,-0.0594,-0.0262,-0.0296,0.071
17.021077,0.3927,-0.0319,-0.0767,0.401
17.024818,0.6176,-0.1652,0.0166,0.639
17.029732,0.2101,-0.1327,-0.0084,0.249
17.040195,-0.3372,-0.2595,-0.3469,0.549
17.042024,0.8090,-0.0650,-0.4134,0.911
17.046908,0.4446,-0.1604,-0.1221,0.488
17.050774,0.4953,-0.0990,0.2562,0.566
17.054979,-0.1109,0.0050,0.2914,0.312
17.062743,0.2843,0.0598,-0.0139,0.291
17.067067,0.8745,0.3223,-0.0065,0.932
17.071238,0.5288,-0.1529,-0.0830,0.557
17.075497,0.1482,-0.1987,-0.1369,0.283
17.079591,-0.1796,-0.2521,-0.1577,0.347
17.088435,0.7336,0.0474,-0.1918,0.760
17.092546,0.5787,-0.0431,-0.1535,0.600
17.096649,0.2535,0.0282,0.0841,0.269
17.100729,-0.1901,-0.1700,0.0598,0.262
17.105084,0.6161,-0.1018,-0.1412,0.640
17.109328,0.4890,-0.2314,-0.3657,0.653
17.117787,0.4910,0.1833,-0.2849,0.597
17.124331,-0.4004,-0.1471,-0.1053,0.439
17.126137,0.6998,0.0531,0.0173,0.702
17.130972,0.6898,-0.0819,0.0940,0.701
17.134680,0.2132,0.0769,0.2906,0.369
17.142968,0.1148,0.0491,0.2461,0.276
17.147342,0.2204,0.2740,0.1081,0.368
17.151857,0.3926,0.2133,-0.0417,0.449
17.155742,0.5375,0.1392,0.0699,0.560
17.159839,0.4597,0.1690,0.1709,0.519
17.163992,-0.3983,-0.0361,-0.0226,0.401
17.172455,-0.0590,0.4000,-0.1938,0.448
17.176706,0.7016,0.0580,-0.3169,0.772
17.180900,0.4158,-0.0301,-0.0339,0.418
17.185155,-0.2273,0.0130,0.2122,0.311
17.189477,-0.1631,0.1741,0.3462,0.420
17.197929,0.6163,0.3259,0.2639,0.745
17.202261,0.2296,-0.0789,0.0216,0.244
17.206669,0.1117,0.3238,0.0477,0.346
17.210574,-0.2446,0.1571,-0.0152,0.291
17.214852,0.5183,0.4052,-0.0018,0.658
17.224305,-0.5483,-0.0755,-0.0378,0.555
17.227558,0.4859,0.2065,-0.0550,0.531
17.231678,0.5564,0.2069,-0.0661,0.597
17.235708,-0.2717,-0.1068,-0.1291,0.319
17.240180,0.0249,0.1214,-0.2290,0.260
17.244235,-0.0897,0.0168,-0.0812,0.122
17.252774,0.8721,0.2091,0.2256,0.925
17.257168,-0.4520,0.0215,0.1184,0.468
17.261025,0.1478,0.0970,-0.0432,0.182
17.265399,0.0426,0.1124,-0.1780,0.215
17.269396,0.1856,0.0915,-0.0590,0.215
17.278100,-0.1771,0.1865,0.2215,0.339
17.282168,-0.1598,0.1803,0.3580,0.432
17.286251,0.2894,0.1440,0.2675,0.420
17.291398,0.0081,-0.0128,-0.1308,0.132
17.294874,0.1710,0.0803,-0.3390,0.388
17.303120,-0.3034,0.0672,-0.3482,0.467
17.307284,0.1941,0.2268,-0.2668,0.400
17.311601,0.4139,0.0649,0.0494,0.422
17.315816,0.0254,0.0004,0.1318,0.134
17.320061,-0.0535,0.0688,0.0143,0.088
17.325032,-0.1936,-0.0412,-0.3069,0.365
17.333255,0.8303,0.0331,-0.4598,0.950
17.336874,0.0509,-0.2030,-0.3044,0.369
17.341206,-0.1366,-0.0046,-0.0006,0.137
17.345497,0.1294,0.0249,0.1663,0.212
17.349703,0.7334,0.1143,0.1115,0.751
17.358045,-0.2146,-0.1128,-0.1561,0.288
17.362154,0.1310,0.1781,-0.2449,0.330
17.366466,0.4456,0.2952,-0.2917,0.609
17.370498,0.1253,0.1949,-0.1722,0.289
17.375028,0.2033,-0.0964,-0.0730,0.237
17.378989,0.0309,0.2147,-0.0017,0.217
17.387360,0.2926,0.2335,0.0227,0.375
17.391729,-0.4022,0.0195,0.0393,0.405
17.395846,0.8755,0.2075,0.1231,0.908
17.400096,0.1753,-0.1206,0.2018,0.293
17.404304,-0.1824,0.1870,0.0098,0.261
17.413251,0.4866,0.3586,-0.2856,0.669
17.416938,0.2215,0.0225,-0.2682,0.349
17.421255,0.2982,-0.1231,-0.2908,0.434
17.425470,0.1721,0.0041,-0.3039,0.349
17.429794,0.4331,0.1984,-0.2994,0.563
17.438005,-0.0615,0.0048,-0.3678,0.373
17.442115,0.2077,0.0257,-0.2624,0.336
17.447359,0.2486,-0.1923,-0.2002,0.373
17.450739,0.7357,0.0159,-0.2023,0.763
17.455815,0.0797,-0.0801,-0.2134,0.241
17.459102,-0.1225,0.0082,-0.1251,0.175
17.467537,0.8879,0.0201,0.0348,0.889
17.471887,-0.1522,-0.0703,0.0713,0.182
17.475903,0.7169,0.0902,0.0118,0.723
17.480404,0.3000,-0.0195,-0.1731,0.347
17.484697,-0.1097,0.1003,-0.4109,0.437
17.492920,-0.2078,0.0087,-0.5755,0.612
17.497447,0.5483,0.3610,-0.2697,0.710
17.501510,0.4950,0.0213,0.1616,0.521
17.505926,-0.4315,-0.0918,0.2756,0.520
17.510025,0.3784,0.2088,-0.0082,0.432
17.518452,0.2131,0.0509,-0.4499,0.500
17.525539,0.6519,0.1361,-0.5408,0.858
17.526639,0.2939,-0.2106,-0.2510,0.440
17.532885,0.1326,-0.2525,-0.0158,0.286
17.535178,0.2091,0.0740,-0.0163,0.222
17.539537,0.7382,0.4163,-0.1112,0.855
17.548109,0.4890,0.1855,-0.0829,0.530
17.551995,-0.5147,-0.2626,-0.2166,0.617
17.556035,0.5700,0.2030,-0.2757,0.665
17.560412,0.5026,0.1896,-0.2367,0.587
17.565212,0.2560,0.1353,-0.2284,0.369
17.573018,-0.2658,-0.0040,-0.2098,0.339
17.576976,0.4869,0.1872,0.0021,0.522
17.582617,0.1372,-0.0773,0.1259,0.202
17.585647,0.4861,0.3737,0.1583,0.633
17.589793,0.4740,0.3722,0.1325,0.617
17.594162,-0.1583,0.3687,0.0262,0.402
17.602397,0.1413,0.2735,-0.1652,0.349
17.606684,0.6272,0.2901,-0.1586,0.709
17.610972,0.0735,0.2024,-0.0554,0.222
17.615294,0.1213,0.1435,-0.0071,0.188
17.619304,0.3254,0.2494,0.0704,0.416
17.628300,0.1465,-0.0728,0.0726,0.179
17.632126,0.4213,0.4278,0.1157,0.611
17.636215,-0.0193,0.1975,0.0367,0.202
17.640241,0.0774,0.1992,-0.0452,0.218
17.645111,-0.1930,0.2188,-0.1722,0.339
17.653204,0.2332,0.3195,-0.1520,0.424
17.657205,0.6752,-0.0051,-0.2230,0.711
17.661646,-0.4201,0.0643,-0.2611,0.499
17.665578,0.1233,0.2048,-0.1338,0.274
17.669956,0.1604,0.1787,0.0913,0.257
17.674224,0.1204,-0.0756,0.0554,0.153
17.683686,0.2688,0.3170,-0.0770,0.423
17.687103,0.1774,-0.0581,-0.0772,0.202
17.691119,-0.2013,-0.0927,-0.2313,0.320
17.695518,0.0373,0.1927,-0.3757,0.424
17.699357,0.2126,0.2386,-0.1847,0.369
17.707949,0.3652,0.1309,0.0984,0.400
17.712140,0.1008,0.0194,0.1711,0.200
17.716548,0.1128,0.0514,0.0466,0.132
17.720553,-0.1877,0.0546,-0.2410,0.310
17.725883,0.0854,0.2574,-0.3815,0.468
17.733962,0.4281,0.1494,-0.1560,0.480
17.737574,-0.3011,-0.2642,0.2346,0.464
17.741584,0.0053,-0.1253,-0.0015,0.125
17.745752,-0.0468,0.2302,-0.4142,0.476
17.749993,0.4601,0.1902,-0.5253,0.724
17.754384,-0.2382,0.0185,-0.3101,0.391
17.762644,-0.1008,-0.0979,0.0580,0.152
17.766823,0.1857,0.1552,0.3061,0.390
17.771199,0.1417,0.0319,0.1417,0.203
17.775417,0.3175,0.1698,-0.0581,0.365
17.779353,-0.0870,-0.0383,-0.2446,0.262
17.788174,0.0912,0.1907,-0.2542,0.331
17.792300,0.4702,0.2416,-0.1563,0.551
17.796394,0.2357,0.2043,-0.0251,0.313
17.800465,-0.2383,0.1164,0.1147,0.289
17.804942,0.0201,0.2259,0.1932,0.298
17.809009,0.1359,0.1100,0.1412,0.225
17.817595,0.1708,0.1026,-0.1063,0.226
17.821925,-0.0665,0.3551,-0.0147,0.362
17.825788,-0.1522,0.0526,0.0358,0.165
17.829808,0.0426,0.0456,-0.0564,0.084
17.834744,0.3659,0.1025,-0.1716,0.417
17.842577,-0.3287,-0.3178,-0.2043,0.501
17.846802,-0.1180,-0.0048,-0.3670,0.386
17.851268,-0.0216,0.1511,-0.1569,0.219
17.856670,0.4233,0.1119,0.1216,0.454
17.859626,0.1881,0.0206,0.1114,0.220
17.868045,-0.2722,-0.0491,-0.1899,0.336
17.873640,0.7521,0.1350,-0.2650,0.809
17.876474,0.2520,-0.1821,-0.3130,0.441
17.880459,0.1326,0.2945,-0.2186,0.390
17.885161,0.1447,0.2936,0.1358,0.354
17.889083,-0.0330,-0.0618,0.2982,0.306
17.897726,0.5746,0.2513,0.2232,0.666
17.901803,0.2716,0.0592,-0.0756,0.288
17.905929,-0.3875,-0.1178,-0.3962,0.567
17.910134,0.3006,0.0112,-0.5371,0.616
17.915477,0.4615,-0.0909,-0.3141,0.566
17.923283,-0.0425,-0.0128,0.0264,0.052
17.927177,-0.1516,0.0937,0.1193,0.215
17.934201,0.2029,-0.1674,0.0478,0.267
17.936695,0.4195,-0.2316,-0.1368,0.498
17.941677,0.1527,0.0645,-0.2457,0.296
17.948825,0.2415,0.0924,-0.2273,0.344
17.952377,0.2543,-0.2572,-0.2318,0.430
17.957021,0.8806,0.0503,-0.3010,0.932
17.960787,0.3945,-0.0967,-0.1524,0.434
17.965604,0.2473,-0.2207,-0.0808,0.341
17.969298,0.2935,0.0334,-0.1689,0.340
17.977786,0.4879,0.2303,-0.1645,0.564
17.982078,0.0547,0.0421,-0.0425,0.081
17.986136,0.3756,-0.0242,-0.1607,0.409
17.990630,0.5562,0.0330,-0.1805,0.586
17.994696,-0.0615,0.0117,-0.2667,0.274
18.003092,0.4187,-0.2375,-0.3853,0.617
18.007356,0.1178,-0.0732,-0.1668,0.217
18.011399,0.3844,-0.1500,-0.0173,0.413
18.015569,0.2353,0.0834,0.1462,0.289
18.019791,0.3975,0.0582,0.1054,0.415
18.024128,0.3717,-0.1353,-0.1132,0.411
18.034822,-0.1507,-0.0481,-0.5088,0.533
18.036877,0.7302,0.3475,-0.3446,0.879
18.041507,0.0726,-0.2182,-0.1715,0.287
18.045137,0.3931,-0.0024,-0.1153,0.410
18.049241,0.1956,0.1603,0.0044,0.253
18.057694,-0.0556,0.1065,0.0478,0.129
18.062652,0.6935,0.2961,-0.1101,0.762
18.066151,-0.1694,0.1049,-0.1321,0.239
18.070265,0.4077,-0.0704,0.0727,0.420
18.074821,0.3399,-0.0465,0.0079,0.343
18.082934,-0.0397,0.2756,-0.0011,0.278
18.087261,0.0672,-0.1025,-0.0354,0.128
18.091883,0.0484,-0.0562,-0.1878,0.202
18.095973,0.4804,0.2153,-0.1100,0.538
18.099810,-0.0963,-0.1585,-0.0088,0.186
18.103972,0.3548,0.1725,-0.1703,0.430
18.112749,0.4796,0.1925,-0.2128,0.559
18.116649,-0.0428,0.1047,0.0746,0.136
18.120803,0.0463,-0.1324,0.1111,0.179
18.126270,0.0527,0.0114,0.0004,0.054
18.129936,0.3365,-0.0934,-0.1552,0.382
18.138047,0.2335,-0.0086,-0.3096,0.388
18.142078,0.4467,0.1393,-0.3027,0.557
18.146931,-0.0608,-0.1948,-0.0614,0.213
18.150373,0.2403,-0.0495,-0.0607,0.253
18.154674,0.4205,0.2703,0.0346,0.501
18.164256,-0.5209,-0.0934,0.1080,0.540
18.167321,0.3905,0.1453,-0.0940,0.427
18.171543,0.4371,0.3433,-0.0737,0.561
18.176057,0.0788,0.0971,-0.0086,0.125
18.179888,0.2165,0.1471,-0.0896,0.277
18.184358,0.0144,0.3490,-0.0586,0.354
18.192943,0.2351,0.1855,0.1096,0.319
18.196905,0.1377,-0.0902,0.0936,0.189
18.201256,0.3066,0.3286,0.1283,0.467
18.205185,-0.1328,0.0134,0.1624,0.210
18.209445,0.4063,0.2856,0.0069,0.497
18.218583,0.5150,0.1735,-0.1259,0.558
18.222182,-0.3584,0.1302,-0.0067,0.381
18.226838,0.2215,-0.0020,-0.1968,0.296
18.230531,0.1274,0.0208,-0.1813,0.223
18.234946,0.1740,-0.1161,-0.1290,0.246
18.238976,-0.0834,-0.3331,-0.2874,0.448
18.247421,0.2939,0.2773,-0.3307,0.522
18.251539,0.4107,-0.3838,-0.2046,0.598
18.256553,0.5307,-0.2460,-0.0231,0.585
18.259980,0.2057,0.0268,0.0832,0.224
18.264091,-0.3513,-0.0099,0.1329,0.376
18.272847,0.7953,-0.1197,-0.3354,0.871
18.276768,0.8543,0.1250,-0.3759,0.942
18.281160,0.4034,-0.0787,-0.2801,0.497
18.285261,-0.0569,-0.1836,-0.2931,0.350
18.289640,0.1571,-0.0376,-0.3899,0.422
18.297920,0.5676,-0.1682,-0.3234,0.675
18.302320,0.4603,-0.3558,-0.2519,0.634
18.306386,0.3213,0.0712,-0.0151,0.329
18.311164,-0.1742,-0.3302,0.0094,0.373
18.314835,0.4875,-0.2598,-0.2553,0.609
18.319017,1.0691,0.1665,-0.3301,1.131
18.327860,0.0517,-0.2031,-0.1116,0.237
18.331795,0.0599,-0.2922,-0.1711,0.344
18.335896,0.1683,-0.0734,-0.1496,0.237
18.340031,0.4510,-0.1668,-0.1280,0.498
18.344279,0.5815,0.0230,-0.3219,0.665
18.352711,0.3011,0.1856,-0.3743,0.515
18.357092,-0.0516,-0.1582,-0.2562,0.305
18.361393,0.2247,-0.4445,-0.2426,0.554
18.365330,0.8470,0.0047,-0.2599,0.886
18.369647,-0.1565,-0.3368,-0.1244,0.392
18.378088,0.2634,0.0600,-0.0980,0.287
18.382287,0.9143,0.2143,0.0144,0.939
18.386693,0.2166,-0.1801,0.0876,0.295
18.391535,0.1331,0.0206,-0.0336,0.139
18.395169,-0.1075,0.1448,-0.2198,0.284
18.399346,0.4893,-0.0142,-0.2841,0.566
18.408177,0.9371,-0.1940,-0.3954,1.035
18.411889,0.0169,-0.1547,-0.2244,0.273
18.416549,-0.5153,-0.2083,-0.1652,0.580
18.420705,0.0314,-0.1170,-0.2483,0.276
18.424545,0.9930,0.0821,-0.0906,1.000
18.435833,0.0283,-0.3837,0.2462,0.457
18.439869,0.1416,0.0087,0.2863,0.320
18.443508,-0.3161,0.0429,-0.0727,0.327
18.445438,0.4049,-0.0261,-0.4063,0.574
18.452327,0.5333,0.0942,-0.4025,0.675
18.458307,-0.0896,-0.0388,-0.1160,0.152
18.462482,-0.0825,0.0834,0.1018,0.155
18.466486,0.1680,0.1068,-0.0207,0.200
18.470952,0.2738,0.2928,0.0677,0.407
18.475150,-0.2322,0.1092,0.0568,0.263
18.479142,0.0162,0.0434,0.0197,0.050
18.487848,0.3194,0.3643,0.0530,0.487
18.491894,0.3611,0.1340,0.1252,0.405
18.496196,-0.0924,0.1024,0.0068,0.138
18.500193,-0.0709,0.1973,-0.0260,0.211
18.504660,0.0640,0.0560,0.0713,0.111
18.513171,0.5433,0.1339,0.1077,0.570
18.517008,-0.1558,0.0523,0.2078,0.265
18.521434,-0.5206,0.0013,-0.0359,0.522
18.527954,0.0368,0.0955,-0.1900,0.216
18.529892,0.3775,0.1914,-0.1542,0.450
18.534719,-0.2263,-0.1240,-0.0713,0.268
18.542398,0.0705,0.0987,0.1123,0.165
18.546752,0.0447,-0.0475,0.3792,0.385
18.550765,0.3067,-0.1010,0.3835,0.501
18.555753,0.2446,0.0545,0.0682,0.260
18.559619,-0.0700,0.2025,-0.1528,0.263
18.567765,-0.0619,0.0205,-0.2174,0.227
18.572197,0.2481,0.1410,-0.2252,0.364
18.576252,0.4269,0.3884,0.0535,0.580
18.580430,-0.2284,0.1106,0.2776,0.376
18.584889,0.0333,0.1172,0.2403,0.269
18.593065,0.2950,0.1735,0.0564,0.347
18.597449,0.0255,-0.1720,-0.0844,0.193
18.601448,-0.0640,0.0095,-0.0922,0.113
18.605770,-0.4036,-0.1652,0.0431,0.438
18.609780,0.4476,0.0144,0.2106,0.495
18.614485,0.2146,0.0409,0.1335,0.256
18.622561,-0.4178,0.0635,0.0010,0.423
18.628206,0.2233,0.0075,-0.1559,0.272
18.631666,-0.1264,0.0156,-0.1912,0.230
18.635286,0.1593,0.0868,-0.0217,0.183
18.639268,-0.0091,-0.2294,0.1050,0.252
18.647893,0.3036,-0.1190,0.0897,0.338
18.652236,0.2552,0.0365,-0.0261,0.259
18.656722,0.2558,-0.0323,-0.0317,0.260
18.660601,0.2196,-0.2347,-0.1650,0.361
18.664729,0.3238,-0.0997,-0.2099,0.399
18.673341,0.1415,-0.1627,-0.1438,0.259
18.677500,-0.4588,0.1687,-0.0528,0.492
18.681572,-0.2387,0.0803,-0.0144,0.252
18.686113,0.4136,-0.2204,0.0875,0.477
18.690021,0.8309,-0.2231,0.1067,0.867
18.694596,-1.0019,-0.2906,-0.0940,1.047
18.702642,0.0281,0.0180,-0.2687,0.271
18.706967,0.3302,-0.4903,-0.3546,0.689
18.711921,0.1805,-0.2766,-0.2413,0.409
18.715290,0.4471,0.0591,0.0425,0.453
18.719826,-0.5423,-0.0710,0.1707,0.573
18.728609,0.1490,-0.0731,0.0622,0.177
18.732454,0.3329,-0.3556,-0.3197,0.583
18.739138,0.3926,-0.1694,-0.3963,0.583
18.740777,0.1064,0.1639,-0.0394,0.199
18.745848,-0.1738,-0.0081,0.2562,0.310
18.749091,0.4437,0.1027,0.3786,0.592
18.757558,-0.1396,0.0798,0.1223,0.202
18.762043,-0.0062,0.2477,0.1467,0.288
18.765883,0.3364,-0.1473,-0.1396,0.393
18.770017,-0.0211,0.0100,-0.2622,0.263
18.774500,-0.2061,0.1188,-0.0664,0.247
18.782665,-0.3359,-0.0583,0.1857,0.388
18.786977,0.5390,0.3673,0.3679,0.749
18.791140,-0.1257,-0.1019,0.3505,0.386
18.795592,-0.2193,0.0871,0.2601,0.351
18.799681,-0.2061,0.1151,0.0694,0.246
18.807899,-0.5215,0.1056,-0.0620,0.536
18.812450,1.0269,0.2220,0.1977,1.069
18.816483,-0.0731,-0.1911,0.2059,0.290
18.820652,-0.4001,0.2507,0.1694,0.502
18.824885,-0.0666,-0.0618,0.0327,0.097
18.829107,0.4008,-0.0299,-0.1265,0.421
18.837758,0.7766,0.0414,-0.1740,0.797
18.841792,-0.4883,-0.2384,0.0114,0.544
18.846928,-0.2853,-0.0344,0.1024,0.305
18.850714,0.3462,-0.0486,0.1127,0.367
18.854583,0.6921,0.2136,0.1549,0.741
18.862882,-0.3857,0.1558,0.2443,0.482
18.868054,-0.8539,0.2837,0.1853,0.919
18.871472,0.2140,0.1278,0.1037,0.270
18.876332,0.3610,0.0140,0.0965,0.374
18.879710,-0.1511,0.1978,0.1630,0.298
18.888353,-0.2081,-0.0715,0.2424,0.327
18.893174,-0.0724,-0.0535,0.0500,0.103
18.896518,0.0876,0.0836,-0.0238,0.123
18.901495,0.3884,-0.0143,-0.0927,0.400
18.905047,0.0117,-0.0670,-0.1201,0.138
18.909741,-0.6593,-0.2705,-0.1930,0.738
18.918411,0.2002,0.1566,-0.0477,0.259
18.922300,0.8050,-0.0954,0.0446,0.812
18.926597,0.0887,-0.0624,0.2394,0.263
18.930564,-0.0914,-0.1229,0.2537,0.296
18.937009,0.4428,-0.1730,0.0899,0.484
18.944088,0.0480,0.0480,-0.1653,0.179
18.947042,0.4793,-0.0377,-0.2151,0.527
18.951430,0.4847,-0.0863,-0.0900,0.500
18.956243,-0.5228,-0.1558,0.0197,0.546
18.960003,0.0866,0.0216,0.0238,0.092
18.963973,0.6720,0.0642,-0.0327,0.676
18.972368,-0.3565,-0.0751,0.0561,0.369
18.976606,-0.6039,0.0342,0.0529,0.607
18.980756,0.0236,-0.0111,0.1888,0.191
18.985505,0.3303,-0.2732,0.1997,0.473
18.989261,0.2378,-0.2031,-0.1076,0.331
18.997882,0.4890,-0.0223,-0.4640,0.674
19.002433,-0.4176,-0.1435,-0.4649,0.641
19.005973,0.2199,0.0454,-0.0657,0.234
19.010233,0.5448,-0.0956,0.3149,0.637
19.014672,-0.0629,-0.0644,0.4927,0.501
19.023131,-0.1275,0.0955,0.2544,0.300
19.029180,0.5206,0.1893,0.0032,0.554
19.031502,0.4652,-0.1377,-0.2763,0.558
19.037357,-0.2536,-0.2633,-0.2641,0.451
19.039906,0.2586,-0.0987,-0.1315,0.306
19.044076,0.0718,0.0280,0.1193,0.142
19.052757,0.0234,0.1498,0.2706,0.310
19.057097,-0.1153,0.0939,0.2855,0.322
19.061057,-0.0713,-0.2743,0.1072,0.303
19.065243,-0.1050,-0.0352,-0.2327,0.258
19.069648,0.2875,0.0122,-0.3184,0.429
19.078026,-0.0564,0.0024,-0.1432,0.154
19.082132,0.1815,-0.0423,0.2391,0.303
19.086604,-0.1771,-0.0815,0.4653,0.504
19.090531,0.0888,0.1107,0.3355,0.364
19.095019,0.3056,0.0077,0.0665,0.313
19.103067,0.0778,0.0231,-0.0600,0.101
19.107434,0.4034,-0.1211,-0.0206,0.422
19.111762,-0.5108,0.1608,0.2128,0.576
19.115885,0.5756,0.1913,0.3285,0.690
19.120051,0.6341,0.2367,0.4055,0.789
19.124198,-0.3798,0.1769,0.2403,0.483
19.133643,-0.6443,0.3061,0.1526,0.729
19.137074,0.4298,-0.1013,-0.1100,0.455
19.141055,0.4756,-0.1269,-0.2849,0.569
19.145205,-0.2199,-0.2816,-0.2463,0.434
19.149592,0.0144,-0.0182,-0.1083,0.111
19.157879,0.0789,0.2824,0.1331,0.322
19.162483,0.0612,0.2408,0.3056,0.394
19.166364,0.0053,0.1223,0.4500,0.466
19.170828,0.1172,0.0882,0.2861,0.321
19.174937,0.1766,0.0452,0.2196,0.285
19.179386,0.7687,0.3384,0.1513,0.853
19.187573,0.0568,0.0553,0.1702,0.188
19.191922,-0.1021,0.1034,0.2922,0.326
19.196027,0.0462,-0.1413,0.2195,0.265
19.200056,0.4697,0.1624,0.0235,0.498
19.204280,-0.4953,0.2694,-0.0209,0.564
19.213274,-0.1863,0.2656,0.1652,0.364
19.217037,0.7394,0.2585,0.3631,0.863
19.221055,-0.4037,-0.0508,0.4390,0.599
19.225352,-0.1770,0.2290,0.5223,0.597
19.229957,0.4478,0.1569,0.5398,0.719
19.238354,0.0400,0.1481,0.3526,0.385
19.242086,-0.2784,0.0830,0.1148,0.312
19.247399,0.0953,0.4456,0.1925,0.495
19.250562,0.0518,0.2096,0.2797,0.353
19.255859,0.2924,0.2947,0.2670,0.494
19.258991,0.0327,0.0708,0.2838,0.294
19.267567,-0.4029,0.0785,0.3443,0.536
19.271855,-0.4641,-0.0965,0.1777,0.506
19.276273,0.6058,0.1063,0.1217,0.627
19.280924,0.3815,-0.0645,0.1898,0.431
19.284420,-0.6322,0.0180,0.3483,0.722
19.294235,-0.1376,0.1563,0.2957,0.362
19.297285,0.2533,0.1213,0.2615,0.384
19.301406,0.1780,0.0644,0.2308,0.298
19.305397,-0.1705,0.0712,0.0653,0.196
19.311077,0.1560,0.0582,0.0543,0.175
19.318421,-0.1562,-0.2044,0.1658,0.306
19.322465,-0.3679,-0.3526,0.2518,0.568
19.327712,0.2041,0.0391,0.2102,0.296
19.330623,-0.1434,-0.0725,0.1043,0.192
19.334981,0.0022,-0.1733,0.0535,0.181
19.339306,0.1971,-0.2519,-0.0634,0.326
19.347478,0.3658,-0.2642,-0.0847,0.459
19.352147,-0.4818,-0.3673,-0.2255,0.646
19.356082,0.2887,-0.4834,-0.1882,0.594
19.361030,0.2318,-0.4352,-0.0241,0.494
19.364392,-0.0397,-0.2753,0.2403,0.368
19.373368,0.1299,-0.2532,0.3227,0.430
19.377170,0.2298,-0.0636,0.2207,0.325
19.381751,0.5163,0.0393,0.1239,0.532
19.386021,-0.3058,-0.2614,0.0360,0.404
19.389929,0.2330,-0.3203,-0.1838,0.437
19.394581,-0.0271,-0.3852,-0.3461,0.519
19.403088,-0.5296,0.0046,-0.1979,0.565
19.406763,0.2298,-0.0084,0.3852,0.449
19.411509,0.3498,-0.0368,0.7148,0.797
19.415237,-0.0274,-0.3898,0.4778,0.617
19.419923,-0.3919,-0.3348,-0.1270,0.531
19.428354,0.4333,-0.2223,-0.8440,0.974
19.432051,0.1454,-0.2095,-0.6102,0.661
19.438147,0.1906,-0.3644,0.0805,0.419
19.440253,-0.2802,-0.4123,0.6832,0.846
19.444714,0.0578,-0.3952,0.6399,0.754
19.453123,0.4312,-0.3507,0.1021,0.565
19.457726,0.5264,-0.1561,-0.3139,0.632
19.461578,-0.3785,-0.4301,-0.4352,0.719
19.465651,-0.0594,-0.0261,-0.1571,0.170
19.469938,0.2827,-0.1788,0.3366,0.475
19.474184,0.8881,-0.1221,0.6121,1.085
19.482631,-0.0985,-0.4743,0.2932,0.566
19.486569,-0.7212,-0.2019,-0.0489,0.750
19.491122,-0.0994,-0.5624,-0.3669,0.679
19.495461,0.7474,-0.4888,-0.4568,1.003
19.499290,0.5396,-0.5572,-0.1765,0.795
19.507864,-0.7678,-0.2098,0.3672,0.877
19.512032,0.5016,-0.0854,0.6195,0.802
19.516475,0.3248,-0.1721,0.5040,0.624
19.520437,0.4229,-0.2689,0.2600,0.565
19.524795,0.2038,-0.1655,0.0855,0.276
19.533106,-0.3238,-0.2385,-0.0709,0.408
19.537909,0.6136,0.3654,-0.0189,0.714
19.541896,0.3326,-0.0423,0.4228,0.540
19.545630,0.2555,-0.0973,0.7039,0.755
19.550352,0.1130,-0.1524,0.4737,0.510
19.554413,-0.4992,0.1160,0.0208,0.513
19.563028,-0.0335,-0.1316,-0.0358,0.140
19.567151,0.5196,-0.1423,0.1705,0.565
19.571568,0.3319,-0.3310,0.3907,0.610
19.575363,-0.3085,-0.1993,0.3993,0.543
19.579340,0.1607,-0.0289,0.2440,0.294
19.588140,0.2575,-0.2638,-0.0375,0.370
19.592352,0.2847,-0.3814,-0.1316,0.494
19.597164,-0.0245,-0.3244,0.1004,0.340
19.601361,-0.1804,-0.3745,0.2375,0.479
19.604973,0.7010,-0.2144,0.0549,0.735
19.608956,0.2526,-0.1607,-0.0375,0.302
19.618514,0.2397,-0.1734,0.2500,0.387
19.622362,-0.3060,-0.3026,0.4861,0.649
19.626388,0.4303,-0.0339,0.4950,0.657
19.630141,0.1355,-0.2082,0.4763,0.537
19.634443,0.1791,-0.0889,0.2964,0.358
19.642847,-0.5021,-0.4176,-0.0824,0.658
19.646846,-0.1938,-0.0449,-0.1123,0.228
19.651263,0.4258,-0.1917,0.1892,0.504
19.655377,-0.0020,-0.1442,0.6466,0.662
19.659639,-0.3345,-0.1858,0.7274,0.822
19.668173,-0.4832,-0.2848,0.4178,0.699
19.672476,0.5881,0.0627,0.0720,0.596
19.676759,-0.0248,-0.0912,-0.0757,0.121
19.680785,-0.2623,-0.2253,0.0062,0.346
19.684892,-0.1093,-0.2959,0.1148,0.336
19.689004,-0.0031,-0.2477,0.2755,0.371
19.698056,0.3835,-0.4418,0.3352,0.674
19.701918,0.4610,-0.2439,0.3444,0.625
19.706078,-0.4430,-0.3068,0.3945,0.668
19.710279,-0.4940,-0.3098,0.4091,0.712
19.714442,0.5344,-0.0270,0.2509,0.591
19.722963,0.6591,-0.1151,0.1499,0.686
19.726930,-0.6135,-0.1650,0.2999,0.703
19.731370,-0.4878,-0.1692,0.2224,0.562
19.735545,0.1395,-0.2837,0.2048,0.377
19.739373,0.2746,-0.4564,0.1895,0.565
19.748318,-0.1127,-0.2913,0.2344,0.391
19.752306,-0.8589,0.0203,0.2980,0.909
19.756444,-0.3519,-0.2315,0.4892,0.646
19.760711,0.2561,-0.2630,0.4229,0.560
19.764937,0.3081,-0.2207,0.1913,0.425
19.768988,-0.1718,-0.2143,0.0024,0.275
19.777772,-0.0139,-0.3004,-0.1323,0.329
19.782034,-0.3288,-0.5303,0.0089,0.624
19.786202,0.3811,-0.2695,0.2630,0.536
19.790530,0.1778,-0.1703,0.5416,0.595
19.794616,-0.1670,-0.2870,0.3836,0.507
19.802992,0.0742,-0.3991,0.0514,0.409
19.807014,0.3012,-0.5044,-0.1644,0.610
19.811314,0.3858,-0.2471,-0.0587,0.462
19.815537,-0.1257,-0.2527,0.1546,0.322
19.819588,-0.1104,-0.2202,0.3432,0.422
19.828680,0.1551,-0.0970,0.4630,0.498
19.832444,0.3013,-0.4814,0.3469,0.665
19.838620,0.0755,-0.2432,0.0700,0.264
19.840781,-0.1954,-0.2582,0.0016,0.324
19.845410,0.1176,-0.2035,0.1610,0.285
19.849180,0.8648,-0.5054,0.3189,1.051
19.858114,0.1440,-0.3682,0.2181,0.452
19.862410,-0.6214,-0.4409,0.0305,0.763
19.866150,-0.1452,-0.2134,-0.1088,0.280
19.871519,1.0586,-0.2869,-0.0873,1.100
19.875033,0.3509,-0.4218,0.1033,0.558
19.883048,-0.4209,-0.5207,0.3214,0.743
19.887785,0.0143,-0.2696,0.1625,0.315
19.892185,0.4564,-0.2896,-0.0390,0.542
19.895713,0.4672,-0.3836,-0.0539,0.607
19.899691,-0.0261,-0.3925,0.1659,0.427
19.904273,0.0745,-0.2034,0.2780,0.352
19.912598,0.1860,-0.1645,0.2732,0.369
19.916595,0.1580,-0.1668,0.0673,0.239
19.920794,0.4021,-0.1818,-0.0200,0.442
19.925071,-0.0305,-0.1079,0.0412,0.119
19.929747,0.2365,-0.4518,0.1294,0.526
19.939722,-0.1766,-0.6018,0.1203,0.639
19.941956,0.0681,-0.2733,0.0053,0.282
19.946322,0.1102,-0.1433,0.2895,0.341
19.950216,0.2390,-0.0912,0.5380,0.596
19.954520,0.3674,-0.2179,0.5779,0.719
19.963050,-0.2658,0.0470,0.3812,0.467
19.967273,0.3985,0.0511,0.1287,0.422
19.975707,0.0738,0.0735,-0.1115,0.153
19.976124,-0.2891,-0.0906,-0.0302,0.304
19.980346,0.0177,-0.1083,0.3846,0.400
19.984001,0.6779,-0.0447,0.7396,1.004
19.992525,0.0072,-0.0330,0.6275,0.628
19.996712,-0.6958,-0.2342,0.3890,0.831
20.000934,0.1735,0.0417,0.2286,0.290
20.005073,0.2743,-0.0289,0.2092,0.346
20.009263,0.2164,0.0665,0.2245,0.319
20.018044,0.1042,0.0403,0.1883,0.219
20.022091,0.0043,0.2176,0.3988,0.454
20.026194,-0.3990,-0.1274,0.4092,0.586
20.031835,-0.0070,-0.1169,0.3199,0.341
20.034789,0.1530,-0.0540,0.3010,0.342
20.042998,0.1969,0.1139,0.4225,0.480
20.047230,0.0671,-0.0927,0.4910,0.504
20.051430,0.0876,-0.0904,0.2776,0.305
20.056428,-0.2863,-0.0190,0.1171,0.310
20.059805,0.0728,0.0045,0.2016,0.214
20.064100,0.2945,-0.0811,0.3671,0.478
20.072745,-0.0269,-0.0066,0.4711,0.472
20.077921,-0.3877,-0.0240,0.2840,0.481
20.081047,-0.2357,-0.0026,0.2439,0.339
20.085515,0.6192,0.0170,0.1912,0.648
20.089294,0.0809,-0.1410,0.2877,0.330
20.097520,-0.2672,-0.2016,0.4194,0.537
20.101945,-0.0138,0.0787,0.3168,0.327
20.106194,-0.1407,-0.0254,0.1156,0.184
20.110351,0.1537,-0.1053,0.0708,0.199
20.114588,-0.0596,-0.1385,0.1790,0.234
20.118711,0.1066,0.0196,0.3689,0.385
20.127143,0.0246,0.1126,0.3957,0.412
20.131730,0.0050,-0.0467,0.3288,0.332
20.135584,0.0022,0.0111,0.2872,0.287
20.139816,-0.1487,-0.0567,0.3121,0.350
20.144071,0.3142,-0.2244,0.2715,0.472
20.152647,-0.2495,-0.1776,0.1251,0.331
20.156784,-0.0970,-0.1160,0.1107,0.187
20.161141,0.1286,-0.1778,0.3178,0.386
20.165696,0.4037,-0.0025,0.3911,0.562
20.169256,-0.3107,-0.1549,0.2776,0.445
20.177771,-0.2279,0.0598,0.0414,0.239
20.182834,0.0153,-0.0944,-0.0705,0.119
20.186181,0.6127,0.0018,0.1162,0.624
20.190434,-0.4032,-0.0615,0.3988,0.570
20.194667,-0.7308,-0.4056,0.4517,0.950
20.199889,0.4679,-0.3014,0.2241,0.600
20.207233,0.7250,-0.4175,-0.1351,0.847
20.211562,0.1386,-0.0217,-0.1365,0.196
20.215725,-0.6563,-0.3235,0.0742,0.736
20.219770,-0.2947,-0.2616,0.3419,0.522
20.224087,0.5040,-0.1732,0.4517,0.699
20.235763,0.2313,-0.2082,0.2405,0.393
20.236975,-0.0152,-0.1259,0.0341,0.131
20.241050,-0.8786,-0.1632,0.0189,0.894
20.245342,0.3721,-0.1782,0.1855,0.452
20.249583,0.2246,-0.2586,0.3669,0.502
20.257711,-0.2373,-0.2860,0.3891,0.538
20.262054,0.0491,0.3722,0.4366,0.576
20.266359,-0.0540,-0.0470,0.2238,0.235
20.270543,0.4953,0.0217,0.2169,0.541
20.274727,-0.1287,-0.0379,0.2774,0.308
20.278865,0.0573,0.1827,0.4864,0.523
20.287627,0.2876,0.0309,0.4519,0.537
20.291640,-0.2282,-0.0689,0.2954,0.380
20.295809,-0.1270,-0.0876,0.2271,0.275
20.299978,0.2787,0.1053,0.2475,0.387
20.304266,0.3750,0.0280,0.3376,0.505
20.312744,-0.2886,-0.2862,0.2516,0.478
20.316838,-0.1452,-0.3445,0.0412,0.376
20.321264,0.3010,-0.1836,-0.0697,0.359
20.325402,0.5319,-0.2409,-0.0457,0.586
20.329704,0.1310,-0.1104,0.1006,0.199
20.334072,-0.2609,-0.2983,0.2548,0.471
20.342312,-0.0627,-0.2719,0.4056,0.492
20.346631,0.9594,0.0093,0.3636,1.026
20.350596,0.3865,-0.0600,0.4469,0.594
20.355519,-0.3347,0.0272,0.4627,0.572
20.359145,0.1006,-0.2074,0.3350,0.407
20.367554,0.5995,0.0259,0.0997,0.608
20.372277,0.9685,0.0350,0.0483,0.970
20.375910,-0.3036,0.1138,0.2697,0.422
20.380599,-0.3261,0.2154,0.5394,0.666
20.384423,0.0993,0.2371,0.6320,0.682
20.392832,0.5177,-0.0249,0.4655,0.697
20.397006,0.4007,-0.2141,0.0288,0.455
20.401087,-0.4617,-0.1911,-0.1335,0.517
20.405425,-0.0705,-0.1099,0.0072,0.131
20.409640,0.4677,-0.0118,0.3838,0.605
20.413948,1.0876,-0.0611,0.5954,1.241
20.422750,-0.0990,0.0803,0.6033,0.617
20.426476,-0.4556,0.0898,0.3222,0.565
20.430687,-0.1605,-0.0787,0.1574,0.238
20.435057,0.7090,0.0795,0.2656,0.761
20.439551,0.2514,-0.0601,0.4944,0.558
20.447517,-0.1914,0.0276,0.5422,0.576
20.451813,0.1097,-0.0615,0.2295,0.262
20.457274,-0.0111,-0.1205,-0.2755,0.301
20.460185,0.9914,0.2438,-0.2111,1.043
20.464473,-0.0383,0.0274,0.2214,0.226
20.473625,-1.0001,-0.0347,0.6543,1.196
20.476997,-0.1117,-0.3991,0.6240,0.749
20.481116,0.6379,-0.3707,0.2917,0.793
20.485582,0.7932,-0.1098,-0.0636,0.803
20.490637,-0.3215,-0.3754,-0.0424,0.496
20.493993,-0.4495,-0.1776,0.0338,0.484
20.502299,0.6844,-0.0606,0.2257,0.723
20.506688,0.6989,0.3010,0.4856,0.903
20.510708,0.0095,-0.1656,0.5330,0.558
20.514936,-0.4458,-0.2774,0.2012,0.562
20.519200,-0.1567,-0.0051,-0.1164,0.195
20.527593,0.6853,-0.1231,-0.0990,0.703
20.532421,1.2279,0.1995,0.2278,1.265
20.536102,-0.1422,-0.3088,0.3722,0.504
20.540440,-0.4270,-0.0727,0.3505,0.557
20.544539,0.1426,0.0356,0.2553,0.295
20.548586,0.3605,-0.1164,0.0620,0.384
20.557251,0.1000,-0.0678,0.0006,0.121
20.561451,-0.3353,-0.1688,0.2021,0.426
20.565500,-0.0530,0.0275,0.3708,0.376
20.569703,0.3230,-0.1871,0.4499,0.585
20.574058,0.4014,-0.1580,0.3502,0.556
20.582523,0.2449,-0.3145,0.1809,0.438
20.586684,-0.5493,0.0791,0.0756,0.560
20.590927,0.3144,0.0716,0.1126,0.342
20.595231,0.2242,-0.1116,0.2536,0.356
20.599154,0.4571,-0.1873,0.2279,0.544
20.607776,-0.1290,-0.1100,0.1485,0.225
20.612054,-0.0983,-0.2186,-0.0361,0.242
20.616039,0.3605,-0.1341,0.1355,0.408
20.620367,0.1936,-0.2794,0.1451,0.370
20.624547,0.4785,-0.0157,0.3360,0.585
20.628858,-0.0012,-0.0679,0.3710,0.377
20.637504,0.1123,-0.0880,0.2496,0.287
20.641644,0.0732,-0.2367,-0.0748,0.259
20.645768,0.3043,-0.1380,-0.0734,0.342
20.650058,0.4141,-0.1100,0.1866,0.467
20.654297,0.0602,-0.4001,0.2827,0.494
20.662660,-0.3140,-0.3175,0.1432,0.469
20.667132,0.2045,-0.3758,-0.1530,0.454
20.671597,0.6203,-0.1493,-0.1797,0.663
20.675405,0.4856,-0.0771,0.1291,0.508
20.679525,-0.4866,-0.0890,0.5332,0.727
20.688073,0.0673,-0.0890,0.7315,0.740
20.692245,0.8840,0.0401,0.4611,0.998
20.696367,-0.0479,-0.1896,-0.0333,0.198
20.700660,0.1380,0.1082,-0.2294,0.289
20.704943,-0.1767,0.0559,-0.0865,0.205
20.709276,0.7349,0.1508,0.2482,0.790
20.717862,0.5543,-0.1864,0.3895,0.703
20.721912,-0.5167,-0.2644,0.3564,0.681
20.725933,0.0980,-0.2466,-0.0041,0.265
20.730394,0.1612,-0.1759,-0.1481,0.281
20.734593,0.7132,-0.2283,0.1080,0.757
20.742798,0.0148,-0.2688,0.3635,0.452
20.748319,-0.4627,-0.0593,0.4517,0.649
20.751416,-0.1281,-0.1750,0.1481,0.263
20.755795,0.7753,-0.0352,-0.0865,0.781
20.759881,0.0544,-0.1755,-0.0708,0.197
20.764973,-0.4787,0.0584,0.1728,0.512
20.773287,0.3793,0.2216,0.5677,0.718
20.776629,0.1316,-0.0072,0.6497,0.663
20.781964,0.2626,0.1060,0.5515,0.620
20.784892,0.0852,-0.1502,0.2535,0.307
20.789424,-0.1518,-0.0646,0.0513,0.173
20.797926,0.0315,-0.0975,-0.0638,0.121
20.801759,0.2834,0.0986,0.0747,0.309
20.806160,-0.0405,-0.0817,0.2773,0.292
20.810251,0.1081,-0.1503,0.4519,0.488
20.815007,-0.3400,-0.1969,0.4387,0.589
20.823269,-0.1273,-0.1429,0.2967,0.353
20.827059,0.4975,-0.2183,0.0867,0.550
20.831431,0.6581,-0.3810,-0.0603,0.763
20.835637,0.0645,-0.5068,-0.1000,0.521
20.839680,-0.4852,-0.3773,-0.1420,0.631
20.844119,0.3991,0.0979,0.0039,0.411
20.852323,0.5624,-0.2145,0.1584,0.622
20.856692,0.0902,-0.2526,0.3643,0.452
20.860694,0.0425,-0.3226,0.1544,0.360
20.865234,0.0399,-0.1198,-0.0342,0.131
20.869307,0.3714,-0.1072,-0.0792,0.395
20.877983,0.7122,-0.0053,0.1966,0.739
20.881792,-0.2793,-0.4900,0.3800,0.680
20.886104,0.0794,-0.3903,0.3891,0.557
20.890294,0.2234,-0.2025,-0.1143,0.322
20.894549,0.0838,0.0090,-0.3951,0.404
20.902978,0.0340,0.1237,0.0135,0.129
20.907029,-0.3571,-0.3080,0.4301,0.638
20.911425,0.3512,-0.0313,0.5468,0.651
20.915506,0.2152,-0.4279,0.0987,0.489
20.919826,-0.1118,-0.4646,-0.4185,0.635
20.924384,-0.2991,-0.2527,-0.5618,0.685
20.933667,0.3644,-0.2509,0.0010,0.442
20.937208,0.6421,-0.3484,0.6543,0.981
20.940792,0.4144,-0.2278,0.7333,0.873
20.945071,-0.0819,-0.2309,0.2209,0.330
20.949287,0.3909,-0.0608,-0.3816,0.550
20.957715,0.4115,-0.4115,-0.5859,0.826
20.962235,0.0759,-0.3634,-0.4418,0.577
20.966136,0.2351,-0.2774,0.0014,0.364
20.970432,0.2182,-0.2752,0.2788,0.448
20.974701,-0.1137,-0.4402,0.2141,0.503
20.978755,0.1985,-0.3106,-0.0516,0.372
20.987421,0.1016,-0.4383,-0.1687,0.480
20.991568,0.2600,-0.3762,-0.1499,0.481
20.995693,0.0581,-0.3588,-0.1644,0.399
20.999860,-0.1073,-0.1997,-0.1474,0.270
21.004128,0.0657,-0.2671,-0.0706,0.284
21.012639,0.1399,-0.5058,0.0218,0.525
21.016731,0.2696,-0.3799,0.0617,0.470
21.021448,0.1002,-0.2473,0.1553,0.309
21.025422,0.2883,-0.0026,0.2243,0.365
21.029759,0.0195,-0.1381,0.1133,0.180
21.038426,0.2640,-0.2055,-0.0887,0.346
21.042075,0.2927,-0.3198,-0.2705,0.511
21.046371,0.2980,-0.0652,-0.2186,0.375
21.050405,0.0791,-0.1119,0.0109,0.137
21.055696,0.0625,-0.2468,0.1274,0.285
21.058869,0.3523,-0.1857,0.1319,0.420
21.067405,-0.3362,-0.2656,0.2824,0.513
21.072559,0.6307,-0.1414,0.4007,0.760
21.075718,0.0093,-0.1860,0.2809,0.337
21.079966,0.0339,-0.2513,0.1526,0.296
21.084621,0.3763,0.0132,0.0728,0.384
21.093409,0.1152,0.0703,0.0845,0.159
21.096859,-0.2526,-0.0064,0.2683,0.369
21.101324,-0.0152,0.0313,0.3926,0.394
21.105369,0.3687,0.1035,0.4535,0.594
21.109617,0.1018,0.2258,0.5022,0.560
21.118101,-0.2689,0.1457,0.3753,0.484
21.122171,-0.0541,0.1472,0.1299,0.204
21.126258,0.2609,0.1064,-0.0553,0.287
21.130643,0.3706,0.1547,0.0975,0.413
21.134994,-0.4346,0.0312,0.3828,0.580
21.138907,-0.0069,-0.0134,0.4771,0.477
21.147352,0.2262,-0.0447,0.4247,0.483
21.151788,0.3740,0.1926,0.2457,0.487
21.155760,0.3921,0.2348,0.2575,0.525
21.160815,-0.2658,-0.0323,0.1829,0.324
21.164141,-0.2894,0.0473,0.1238,0.318
21.172733,-0.0670,-0.0884,0.1672,0.201
21.176796,1.1113,0.1617,0.2889,1.160
21.181115,0.0138,-0.0599,0.3466,0.352
21.185333,-0.3158,-0.1454,0.2985,0.458
21.189643,-0.0008,-0.1127,0.1259,0.169
21.198138,0.5836,0.1174,0.0540,0.598
21.202174,0.3877,0.2884,0.3256,0.583
21.206454,-0.2652,-0.1122,0.4022,0.495
21.210472,0.2710,0.0198,0.3841,0.470
21.214879,0.1605,0.0071,0.1617,0.228
21.219028,0.3854,-0.0638,0.0111,0.391
21.227521,0.1282,-0.1109,0.0010,0.170
21.231587,0.1818,-0.4278,-0.0399,0.466
21.236353,0.4366,-0.1584,0.1747,0.496
21.240125,-0.3544,-0.1519,0.2413,0.455
21.244482,0.0138,-0.0373,0.1819,0.186
21.252913,0.7434,0.1101,-0.0104,0.752
21.256938,0.7910,-0.1735,-0.0376,0.811
21.261521,-0.0501,-0.2789,-0.0112,0.284
21.265727,-0.2182,-0.2513,-0.0709,0.340
21.269641,0.2490,-0.2365,0.0024,0.343
21.274349,0.5608,-0.3880,-0.0005,0.682
21.282451,1.4012,0.0649,0.1656,1.412
21.286606,-0.5018,-0.1212,0.3259,0.611
21.290961,-0.3485,-0.1548,0.1425,0.407
21.295246,0.7312,-0.1747,-0.1750,0.772
21.299159,0.2982,-0.0106,-0.1893,0.353
21.307778,-0.0382,-0.2504,0.2008,0.323
21.312181,-0.5763,-0.3658,0.0497,0.684
21.316456,0.3047,-0.1418,-0.1640,0.374
21.320172,0.2391,-0.2612,-0.1143,0.372
21.324382,0.2711,-0.2770,0.0657,0.393
21.332954,0.0874,-0.4090,0.1682,0.451
21.337020,-0.4437,-0.1488,0.0908,0.477
21.342227,0.1305,-0.2557,0.0134,0.287
21.346383,0.6121,-0.2463,0.0787,0.664
21.349808,-0.5073,-0.6382,0.0869,0.820
21.354034,-0.3566,-0.2759,0.0091,0.451
21.363563,0.8037,0.0926,0.0487,0.810
21.367194,0.3053,0.2318,0.1095,0.399
21.370846,0.2470,0.0596,0.2666,0.368
21.375219,-0.1716,-0.2573,0.1441,0.341
21.379235,-0.3970,-0.3366,-0.1067,0.531
21.387866,-0.0517,-0.0081,-0.2726,0.278
21.392028,1.0886,0.1167,-0.0189,1.095
21.396450,0.6387,0.0164,0.4892,0.805
21.400317,-1.0345,0.0030,0.6094,1.201
21.404625,-0.1727,-0.0422,0.3238,0.369
21.413086,1.0545,0.1265,-0.0201,1.062
21.417150,0.5025,-0.0873,0.1158,0.523
21.421529,-0.8750,0.0962,0.2820,0.924
21.425787,-0.7654,0.2383,0.2745,0.847
21.429845,0.2753,0.1202,0.2756,0.408
21.434052,0.6935,-0.0317,0.3558,0.780
21.442501,0.6036,0.2855,0.5053,0.837
21.446892,-1.3489,-0.0968,0.2214,1.370
21.450931,-0.3182,0.1264,-0.0487,0.346
21.455196,0.8736,-0.0177,-0.1229,0.882
21.459404,0.5715,0.1436,0.2454,0.638
21.467830,-0.1943,-0.1292,0.5891,0.634
21.473245,-1.3774,0.0741,0.3719,1.429
21.476255,0.6405,0.1179,0.0227,0.652
21.480408,0.4701,-0.0095,-0.0537,0.473
21.484713,0.0767,-0.0822,0.2062,0.235
21.488881,-0.6938,-0.2128,0.3251,0.795
21.497434,-0.3203,0.5900,0.1844,0.696
21.501665,0.5654,0.3822,0.3270,0.757
21.505711,-0.1369,-0.0481,0.4982,0.519
21.510082,-0.3814,-0.1194,0.3861,0.556
21.514393,-0.3106,0.0081,0.1526,0.346
21.522611,0.4135,0.2146,-0.0122,0.466
21.527828,0.4722,-0.1155,0.1809,0.519
21.531081,-0.7665,-0.3036,0.0689,0.827
21.535370,-0.1062,0.0356,0.0761,0.135
21.539360,0.4053,0.1292,0.2615,0.499
21.547885,0.3201,0.2538,0.5495,0.685
21.552164,-0.0146,-0.3096,0.6096,0.684
21.556230,-0.3407,-0.1802,0.1593,0.417
21.560402,0.4346,0.0290,-0.2422,0.498
21.564596,0.4139,0.1267,-0.1580,0.461
21.568834,0.2596,-0.2551,0.3114,0.479
21.577290,-0.4933,-0.4253,0.5383,0.845
21.581532,0.0361,-0.0356,0.3517,0.355
21.585802,0.8482,0.1686,0.2168,0.892
21.589777,-0.0565,-0.2976,0.1142,0.324
21.594286,-0.2148,-0.3948,0.0072,0.449
21.602903,-0.0523,-0.1151,0.0276,0.129
21.606708,0.2757,0.1423,0.3248,0.449
21.611078,0.5393,0.0348,0.5318,0.758
21.615275,-0.0025,-0.1529,0.4670,0.491
21.620113,0.0652,-0.4216,0.0937,0.437
21.627893,0.5043,-0.2437,-0.3712,0.672
21.632113,0.4088,-0.0220,-0.5306,0.670
21.637352,0.0531,0.0774,0.0870,0.128
21.640512,-0.0124,-0.0687,0.7494,0.753
21.644723,0.1954,-0.0849,0.7845,0.813
21.648869,0.3912,0.1412,0.3500,0.544
21.657347,0.6205,-0.0819,-0.1465,0.643
21.661742,-0.1273,-0.7272,-0.5400,0.915
21.665875,-0.0568,-0.8105,-0.7715,1.120
21.670049,0.0661,-0.3052,-0.4480,0.546
21.674365,0.1151,0.0018,0.3987,0.415
21.682722,-0.1434,-0.1558,1.2060,1.224
21.687070,-0.8088,-0.2240,1.0318,1.330
21.691657,-0.0085,0.2591,0.4865,0.551
21.695630,-0.0015,0.1951,0.0216,0.196
21.699674,0.1255,-0.1086,-0.0883,0.188
21.703841,0.2479,-0.4638,0.1036,0.536
21.712479,-0.2003,-0.2629,0.3459,0.478
21.716610,0.0576,-0.1385,0.4821,0.505
21.720760,0.0249,-0.2089,0.4718,0.517
21.725395,-0.0164,-0.3800,0.2898,0.478
21.729369,-0.0361,-0.1594,0.2035,0.261
21.737771,-0.1855,0.1633,0.2264,0.335
21.742112,-0.0699,0.1753,0.2543,0.317
21.746007,-0.0419,-0.0797,0.2496,0.265
21.751001,0.1489,-0.1977,0.3039,0.392
21.754455,-0.1552,-0.1938,0.3704,0.446
21.763035,-0.2006,0.1288,0.3410,0.416
21.767872,-0.3691,-0.2475,0.5011,0.670
21.771257,-0.1254,-0.2871,0.6276,0.701
21.794543,-0.3089,-0.1305,0.6111,0.697
21.795051,-0.3950,0.1051,0.5217,0.663
21.795180,-0.1357,-0.1474,0.2636,0.331
21.795325,0.4768,-0.1157,0.2152,0.536
21.796532,-0.7667,-0.3851,0.0779,0.862
21.800781,-0.4323,-0.1646,0.1456,0.485
21.804905,-0.2602,-0.1354,0.3019,0.421
21.808988,-0.3038,-0.3290,0.3918,0.595
21.817695,-0.0391,-0.3529,0.4447,0.569
21.821762,-0.4525,-0.3912,0.2985,0.668
21.826011,0.0413,-0.1986,0.3820,0.432
21.830168,-0.3602,-0.3382,0.3156,0.586
21.834578,-0.1113,-0.2304,0.3471,0.431
21.844610,-0.6938,-0.5446,0.4793,1.004
21.847439,0.0289,-0.2772,0.5351,0.603
21.852120,-0.0211,-0.1482,0.5570,0.577
21.855669,-0.3378,-0.2771,0.5529,0.705
21.859863,-0.3765,-0.2891,0.3837,0.610
21.864023,-0.4365,-0.1361,0.3560,0.579
21.872862,-0.2769,-0.3153,0.3966,0.577
21.877000,-0.0477,-0.2321,0.5526,0.601
21.880858,-0.5463,-0.4945,0.4872,0.883
21.885175,-0.6709,-0.2576,0.4217,0.833
21.889340,-0.5286,-0.1664,0.4355,0.705
21.897786,-0.0435,-0.0437,0.5557,0.559
21.902110,-0.0074,-0.1480,0.5023,0.524
21.906251,-0.5544,-0.2100,0.5612,0.816
21.911283,-0.6071,-0.2651,0.5188,0.841
21.914614,0.0302,-0.1412,0.4564,0.479
21.918826,-0.5196,-0.4505,0.4915,0.845
21.928034,-0.2922,-0.4136,0.5071,0.717
21.931486,-0.0411,0.0829,0.6524,0.659
21.937146,-0.3701,-0.1105,0.7015,0.801
21.939857,-0.3739,-0.0629,0.5936,0.704
21.945139,-0.7747,-0.3510,0.3456,0.918
21.952587,-0.6542,-0.1773,0.2207,0.713
21.956617,0.2337,-0.0983,0.4088,0.481
21.962040,0.0468,-0.2211,0.7239,0.758
21.965294,-0.7370,-0.4144,0.7151,1.107
21.969610,-0.6805,-0.4621,0.3321,0.887
21.978010,0.1336,-0.3531,0.1457,0.405
21.982030,0.3316,-0.4246,0.3453,0.640
21.986364,-0.0434,-0.2764,0.5977,0.660
21.990314,-0.8618,-0.2928,0.4635,1.021
21.994798,-0.4233,-0.1267,0.2283,0.497
21.999664,0.3902,-0.0746,0.2785,0.485
22.007239,0.1267,-0.4983,0.3607,0.628
22.011648,-0.2295,-0.4426,0.4495,0.671
22.015845,-0.8027,-0.3357,0.3929,0.955
22.019997,-0.1881,-0.1920,0.6803,0.731
22.024381,-0.0203,-0.2756,0.9269,0.967
22.032691,-0.1408,-0.5568,0.9669,1.125
22.036923,-0.4576,-0.2831,0.5069,0.739
22.040974,-0.4651,-0.1750,0.0369,0.498
22.045410,0.0262,-0.2747,-0.1090,0.297
22.049385,0.0592,-0.3406,0.0601,0.351
22.058113,-0.2331,-0.6854,0.3221,0.792
22.062286,-0.3752,-0.8024,0.1667,0.901
22.066214,0.5036,-0.2301,0.0553,0.556
22.070450,0.2612,-0.6333,0.2043,0.715
22.074733,0.0223,-0.7228,0.4014,0.827
22.079006,0.0895,-0.6767,0.3074,0.749
22.087622,0.1640,-0.2486,0.2383,0.381
22.091703,0.7053,-0.4993,0.2142,0.890
22.095874,0.0561,-0.7590,-0.0109,0.761
22.100001,-0.3787,-0.6825,-0.1112,0.788
22.104279,-0.0250,-0.4129,0.1259,0.432
22.112881,0.3591,-0.2182,0.6525,0.776
22.116710,-0.1136,-0.4123,0.7458,0.860
22.121146,-0.6742,-0.4090,0.4900,0.928
22.125299,-0.3571,-0.4262,0.0640,0.560
22.129475,0.3730,-0.4764,-0.1424,0.622
22.133804,0.1560,-0.4557,-0.0199,0.482
22.142420,0.0455,-0.4457,0.3634,0.577
22.146474,-0.7946,-0.6868,0.6300,1.225
22.150498,0.1940,-0.3007,0.5803,0.682
22.154819,0.6452,-0.3263,0.4032,0.828
22.159127,-0.0538,-0.4484,0.1814,0.487
22.167444,-0.1731,-0.8616,-0.0541,0.880
22.171637,-0.0947,-0.5751,-0.1094,0.593
22.175914,0.7721,-0.3145,0.0547,0.836
22.180127,-0.1406,-0.4932,0.3455,0.618
22.185786,-0.6985,-0.5053,0.4532,0.974
22.192834,-0.2656,-0.3827,0.5229,0.700
22.197027,0.2119,-0.0910,0.6141,0.656
22.201642,0.4105,-0.1697,0.7934,0.909
22.205332,-0.5708,-0.5489,0.6463,1.022
22.210112,-0.2093,-0.5976,0.2746,0.690
22.213967,-0.3825,-0.4795,-0.0091,0.613
22.222200,0.4851,0.0090,0.0680,0.490
22.227368,-0.2993,-0.1837,0.5489,0.652
22.230744,-1.1515,-0.5139,0.5639,1.381
22.235909,-0.8836,-0.4748,0.5068,1.124
22.239172,-0.5819,-0.4002,0.4753,0.851
22.248440,-0.3542,-0.3083,0.5647,0.734
22.252037,-0.3990,-0.2887,0.6611,0.824
22.255964,-0.4125,-0.3519,0.5950,0.805
22.260362,-0.3140,-0.3654,0.4418,0.654
22.264794,-0.0876,-0.2605,0.4273,0.508
22.275044,-0.1028,-0.1508,0.6219,0.648
22.277947,-0.2088,-0.1976,0.7903,0.841
22.281285,-0.2330,-0.2307,0.6745,0.750
22.285777,-0.1686,-0.2681,0.4477,0.548
22.289656,-0.0851,-0.1789,0.3986,0.445
22.294276,-0.1926,-0.1203,0.5505,0.596
22.302391,-0.3872,-0.2105,0.6616,0.795
22.306474,-0.2415,-0.2261,0.5569,0.648
22.311461,-0.1483,-0.2623,0.4587,0.549
22.315308,-0.1674,-0.1720,0.5608,0.610
22.319448,-0.2037,-0.1275,0.7674,0.804
22.327697,-0.2697,-0.1867,0.8205,0.884
22.331857,-0.0787,-0.2301,0.6530,0.697
22.336387,-0.0412,-0.2242,0.5284,0.575
22.340251,-0.1254,-0.2138,0.5555,0.608
22.344412,-0.1155,-0.2236,0.5993,0.650
22.348591,-0.0391,-0.3117,0.4785,0.572
22.357311,0.0057,-0.2888,0.3225,0.433
22.361450,-0.0674,-0.2686,0.3798,0.470
22.365799,-0.1188,-0.3044,0.5708,0.658
22.369710,-0.0185,-0.3273,0.6390,0.718
22.374156,0.0146,-0.3875,0.5194,0.648
22.382575,-0.0530,-0.4190,0.3505,0.549
22.387018,-0.0921,-0.3241,0.3833,0.510
22.391886,-0.0460,-0.2659,0.5971,0.655
22.395322,0.0338,-0.2810,0.7098,0.764
22.399555,-0.0222,-0.3919,0.5622,0.686
22.407844,-0.1702,-0.4240,0.3132,0.554
22.412169,-0.0559,-0.4033,0.2697,0.488
22.416282,0.0619,-0.3752,0.4462,0.586
22.420530,0.0574,-0.4068,0.5390,0.678
22.424454,0.0459,-0.4600,0.4561,0.649
22.428914,0.0372,-0.4729,0.3458,0.587
22.437560,0.1459,-0.4293,0.3699,0.585
22.441761,0.1054,-0.3946,0.4424,0.602
22.445715,0.0266,-0.4124,0.4334,0.599
22.450081,0.0272,-0.4428,0.3549,0.568
22.454494,0.0786,-0.3866,0.3698,0.541
22.462816,-0.0420,-0.3358,0.5569,0.652
22.467082,-0.1153,-0.3606,0.6778,0.776
22.471224,-0.0213,-0.4248,0.5137,0.667
22.476006,0.0431,-0.4622,0.2933,0.549
22.479622,-0.1392,-0.4793,0.2666,0.566
22.488335,-0.1158,-0.4156,0.4283,0.608
22.492816,-0.0311,-0.3641,0.5658,0.674
22.496358,-0.0749,-0.3830,0.5978,0.714
22.500669,-0.1915,-0.4199,0.5499,0.718
22.504867,-0.2600,-0.4375,0.4620,0.687
22.510005,0.0058,-0.3856,0.4032,0.558
22.517684,0.0471,-0.4397,0.3694,0.576
22.521902,0.1002,-0.3894,0.3956,0.564
22.527112,-0.1235,-0.4466,0.4077,0.617
22.530107,-0.1293,-0.4680,0.3919,0.624
22.534614,0.0595,-0.4611,0.3076,0.558
22.543079,0.0647,-0.3745,0.2322,0.445
22.547234,-0.0966,-0.3269,0.2601,0.429
22.551342,-0.0909,-0.3837,0.3135,0.504
22.555959,0.1591,-0.4071,0.3634,0.568
22.559668,-0.0023,-0.3641,0.3923,0.535
22.563831,-0.0944,-0.2460,0.4680,0.537
22.572636,-0.1833,-0.1842,0.5646,0.622
22.576695,0.0730,-0.1785,0.6100,0.640
22.580730,-0.0225,-0.2255,0.5608,0.605
22.584918,-0.1601,-0.2071,0.4556,0.525
22.589326,-0.0479,-0.1664,0.3668,0.406
22.597568,-0.1079,-0.1781,0.3383,0.397
22.601738,0.0285,-0.2539,0.3800,0.458
22.606117,-0.0871,-0.2578,0.4446,0.521
22.610393,-0.0719,-0.2338,0.4783,0.537
22.614470,0.0405,-0.2128,0.4663,0.514
22.623001,-0.0195,-0.2395,0.4270,0.490
22.628192,0.0419,-0.2473,0.4006,0.473
22.631962,-0.0105,-0.2475,0.4111,0.480
22.635961,0.1044,-0.1891,0.4490,0.498
22.639674,0.0041,-0.2005,0.4567,0.499
22.644063,-0.0038,-0.1628,0.4535,0.482
22.652789,0.0363,-0.1630,0.4740,0.503
22.656767,-0.0094,-0.1940,0.4863,0.524
22.661378,0.0305,-0.1719,0.4686,0.500
22.665024,-0.0049,-0.1921,0.4011,0.445
22.669578,0.0439,-0.1998,0.3615,0.415
22.677929,0.0080,-0.2444,0.3376,0.417
22.681914,-0.0297,-0.2791,0.3176,0.424
22.687884,-0.1266,-0.3140,0.2942,0.449
22.690304,-0.1335,-0.3091,0.2860,0.442
22.696014,0.0154,-0.2805,0.3194,0.425
22.704016,0.0392,-0.2464,0.3655,0.443
22.707117,-0.0370,-0.2210,0.3347,0.403
22.712168,-0.0152,-0.1936,0.2638,0.328
22.715561,0.0694,-0.1908,0.2243,0.303
22.720500,0.0307,-0.1992,0.2942,0.357
22.723981,-0.1358,-0.2950,0.3897,0.507
22.732997,-0.0126,-0.2352,0.4140,0.476
22.739106,0.0875,-0.1926,0.3867,0.441
22.741237,-0.0174,-0.2120,0.3119,0.377
22.745898,-0.0679,-0.3236,0.1422,0.360
22.749485,-0.1446,-0.3434,0.0257,0.373
22.758043,-0.0485,-0.2665,0.1376,0.304
22.762051,0.0102,-0.1851,0.3873,0.429
22.766569,-0.0435,-0.2721,0.4671,0.542
22.770357,-0.2153,-0.4104,0.3387,0.574
22.774740,-0.1255,-0.4053,0.1947,0.467
22.783644,0.0481,-0.3105,0.2587,0.407
22.787534,0.0007,-0.2924,0.4232,0.514
22.791783,0.0041,-0.3377,0.4254,0.543
22.796147,-0.0544,-0.4149,0.2887,0.508
22.800809,-0.0447,-0.3744,0.1797,0.418
22.804811,0.1065,-0.2049,0.2607,0.348
22.813062,0.0328,-0.1020,0.4289,0.442
22.828354,-0.0525,-0.1518,0.4637,0.491
22.828512,-0.0642,-0.2844,0.3333,0.443
22.828562,-0.0343,-0.2885,0.2341,0.373
22.829988,0.1390,-0.1641,0.2575,0.335
22.837917,-0.0239,-0.1363,0.2901,0.321
22.841897,-0.1762,-0.1512,0.2305,0.327
22.846418,-0.1574,-0.2427,0.2184,0.362
22.850224,-0.0523,-0.2339,0.3527,0.426
22.854482,-0.0137,-0.1649,0.4756,0.504
22.858683,-0.1640,-0.1302,0.4070,0.458
22.867182,-0.0750,-0.2426,0.2169,0.334
22.871632,-0.1372,-0.4448,0.0979,0.476
22.875508,0.0662,-0.3443,0.1908,0.399
22.879862,-0.0003,-0.2939,0.3380,0.448
22.883968,-0.0431,-0.2778,0.3259,0.430
22.892557,-0.0052,-0.3778,0.1432,0.404
22.896988,-0.1016,-0.3362,0.0476,0.354
22.901100,0.1179,-0.1635,0.1889,0.276
22.905296,0.0623,-0.0712,0.3974,0.408
22.909456,0.0733,-0.1485,0.4674,0.496
22.917998,0.0123,-0.2786,0.3743,0.467
22.922123,-0.0562,-0.3664,0.2758,0.462
22.926144,0.0938,-0.2213,0.2454,0.344
22.930420,0.0038,-0.1473,0.2024,0.250
22.934777,-0.0740,-0.1602,0.1862,0.257
22.939643,-0.1739,-0.2734,0.2703,0.422
22.947421,-0.0590,-0.1860,0.4924,0.530
22.951831,-0.0899,-0.1374,0.6707,0.690
22.955898,-0.0762,-0.0739,0.5918,0.601
22.959920,0.0783,-0.0839,0.3567,0.375
22.964202,-0.0467,-0.1143,0.2288,0.260
22.972739,-0.0440,-0.0507,0.3554,0.362
22.976708,-0.0260,-0.0335,0.5465,0.548
22.981276,0.0911,0.0276,0.5345,0.543
22.985165,0.0597,-0.0441,0.3937,0.401
22.989406,-0.1523,-0.1344,0.3082,0.369
22.997891,-0.0763,-0.1252,0.3331,0.364
23.002086,0.0048,-0.0518,0.3664,0.370
23.006300,0.0689,-0.0378,0.3712,0.379
23.010351,0.0020,-0.0381,0.3618,0.364
23.014747,-0.1575,-0.0855,0.3664,0.408
23.018785,-0.2338,-0.1414,0.3473,0.442
23.027372,-0.1178,-0.1853,0.2347,0.321
23.031658,-0.0355,-0.1665,0.1276,0.213
23.035785,-0.1339,-0.1755,0.1356,0.259
23.040057,-0.2327,-0.1532,0.2964,0.407
23.044155,-0.2525,-0.2074,0.4478,0.554
23.052665,-0.1351,-0.2534,0.4766,0.556
23.057102,-0.1693,-0.3096,0.3917,0.527
23.061156,-0.2141,-0.2318,0.2829,0.424
23.065268,-0.1933,-0.2266,0.2459,0.386
23.069430,-0.0639,-0.2832,0.2548,0.386
23.074289,-0.0981,-0.3677,0.2657,0.464
23.082177,-0.1695,-0.3722,0.2609,0.485
23.086451,-0.2072,-0.3701,0.2222,0.479
23.091465,-0.1162,-0.3883,0.1694,0.439
23.094720,-0.0348,-0.4515,0.1387,0.474
23.099025,-0.1382,-0.4985,0.1204,0.531
23.108455,-0.2024,-0.5103,0.1109,0.560
23.111508,-0.0451,-0.4197,0.1170,0.438
23.115890,0.0541,-0.3688,0.1545,0.404
23.119974,-0.0889,-0.3825,0.2071,0.444
23.124283,-0.1982,-0.4315,0.1998,0.515
23.132901,-0.0629,-0.3335,0.1481,0.370
23.137244,0.0118,-0.2723,0.1298,0.302
23.141186,-0.1173,-0.2851,0.1259,0.333
23.145474,-0.1243,-0.2822,0.1243,0.332
23.149640,-0.1001,-0.3047,0.1119,0.340
23.155093,-0.0603,-0.2904,0.0845,0.308
23.162642,-0.0908,-0.3002,0.0576,0.319
23.166449,-0.1102,-0.2992,0.1063,0.336
23.171299,-0.0871,-0.3159,0.2073,0.388
23.174874,0.0560,-0.3388,0.2924,0.451
23.179193,0.0050,-0.3898,0.2717,0.475
23.187970,-0.0578,-0.3620,0.1711,0.405
23.191696,-0.0030,-0.2989,0.1134,0.320
23.196008,-0.0092,-0.2720,0.1476,0.310
23.200115,-0.0611,-0.2878,0.2132,0.363
23.204527,-0.0803,-0.2869,0.2174,0.369
23.212862,-0.0395,-0.2866,0.1733,0.337
23.217101,-0.0271,-0.2583,0.1168,0.285
23.221546,0.0201,-0.2245,0.1101,0.251
23.225678,-0.0847,-0.3017,0.1805,0.362
23.230892,-0.0055,-0.3570,0.2559,0.439
23.234338,0.0663,-0.2592,0.2453,0.363
23.242533,0.0220,-0.1314,0.2076,0.247
23.250030,0.0214,-0.1341,0.2246,0.262
23.251338,-0.1078,-0.2625,0.1871,0.340
23.255435,-0.0261,-0.2007,0.1452,0.249
23.259313,0.0147,-0.1199,0.1837,0.220
23.267642,-0.0541,-0.1030,0.2495,0.275
23.272081,-0.0791,-0.1312,0.3048,0.341
23.276384,-0.0811,-0.1533,0.3702,0.409
23.280225,-0.0080,-0.1406,0.4459,0.468
23.284536,-0.0209,-0.1242,0.4318,0.450
23.289988,-0.0286,-0.0554,0.3684,0.374
23.297426,-0.0623,-0.0421,0.3504,0.358
23.301424,0.0322,0.0032,0.3946,0.396
23.306140,0.0185,-0.0859,0.3765,0.387
23.309832,-0.0480,-0.0902,0.3227,0.339
23.314062,-0.1157,-0.0781,0.3002,0.331
23.322598,-0.0686,-0.0330,0.3321,0.341
23.326656,0.0079,0.0750,0.4192,0.426
23.331146,-0.1171,0.0606,0.5322,0.548
23.335074,-0.1947,0.0707,0.5576,0.595
23.339704,-0.1606,0.0831,0.4492,0.484
23.347976,-0.1328,0.1083,0.3140,0.358
23.352180,-0.0786,0.1764,0.2828,0.342
23.356378,-0.1718,0.0601,0.3562,0.400
23.360587,-0.2674,0.0285,0.4259,0.504
23.365365,-0.2481,0.0025,0.4589,0.522
23.371323,-0.2331,-0.0397,0.4561,0.514
23.377471,-0.1282,0.0287,0.3947,0.416
23.382455,-0.2338,-0.0027,0.3616,0.431
23.385695,-0.3813,-0.0387,0.3624,0.528
23.389952,-0.2979,-0.0717,0.3621,0.474
23.394260,-0.2148,-0.0563,0.3580,0.421
23.402672,-0.2560,-0.0732,0.3660,0.453
23.406866,-0.2999,-0.1025,0.4201,0.526
23.411150,-0.3179,-0.0973,0.4647,0.571
23.415364,-0.2447,-0.1313,0.4919,0.565
23.419444,-0.0991,-0.1463,0.4718,0.504
23.428077,-0.1428,-0.1741,0.3803,0.442
23.432063,-0.3060,-0.1387,0.2997,0.450
23.436253,-0.2951,-0.1407,0.2727,0.426
23.440581,-0.2582,-0.1190,0.2594,0.385
23.444739,-0.2982,-0.1181,0.2430,0.402
23.448999,-0.3491,-0.1473,0.2530,0.456
23.457427,-0.2819,-0.1564,0.2736,0.423
23.461545,-0.1522,-0.1511,0.2736,0.348
23.465729,-0.2787,-0.1880,0.2246,0.404
23.469999,-0.3472,-0.2016,0.1390,0.425
23.474401,-0.3243,-0.2271,0.0923,0.406
23.482686,-0.2459,-0.2635,0.1361,0.385
23.486818,-0.1995,-0.2357,0.2480,0.396
23.491471,-0.2664,-0.1655,0.3610,0.478
23.495364,-0.3870,-0.1928,0.3797,0.575
23.499600,-0.3374,-0.2067,0.2801,0.485
23.503687,-0.2197,-0.2011,0.1336,0.326
23.512411,-0.2800,-0.1921,0.0467,0.343
23.516575,-0.4099,-0.1909,0.0891,0.461
23.520549,-0.4630,-0.2544,0.1873,0.560
23.524891,-0.3643,-0.3424,0.2583,0.563
23.531206,-0.2274,-0.3805,0.2424,0.505
23.537407,-0.3011,-0.4250,0.1552,0.543
23.541704,-0.4336,-0.4096,0.0735,0.601
23.545976,-0.4249,-0.3929,0.0541,0.581
23.550291,-0.2986,-0.3739,0.0883,0.487
23.554320,-0.2927,-0.3888,0.1043,0.498
23.564279,-0.3983,-0.4498,0.0460,0.603
23.567073,-0.4674,-0.5070,-0.0854,0.695
23.571254,-0.3585,-0.4538,-0.1696,0.603
23.575517,-0.3270,-0.4042,-0.1192,0.533
23.579849,-0.4244,-0.4034,-0.0006,0.586
23.583882,-0.4574,-0.4062,0.0901,0.618
23.592679,-0.3874,-0.4306,0.1312,0.594
23.597118,-0.2882,-0.4060,0.1475,0.519
23.600840,-0.2875,-0.3594,0.1664,0.489
23.607297,-0.4354,-0.3502,0.1881,0.590
23.609774,-0.4694,-0.3714,0.1900,0.628
23.617717,-0.3181,-0.3613,0.1451,0.503
23.622069,-0.4830,-0.4757,-0.0462,0.680
23.626105,-0.7043,-0.4929,-0.3195,0.917
23.631019,-0.5067,-0.4736,-0.4907,0.850
23.634445,-0.3185,-0.5254,-0.4148,0.741
23.642884,-0.4447,-0.5429,-0.1486,0.717
23.647220,-0.9562,-0.5508,0.1540,1.114
23.651403,-0.9505,-0.4270,0.3704,1.106
23.656283,-0.4486,-0.3317,0.4691,0.729
23.659742,-0.2187,-0.2801,0.4622,0.583
23.664115,-0.3431,-0.1767,0.3233,0.503
23.673317,-0.5845,-0.1483,0.0919,0.610
23.676487,-0.4838,-0.2434,-0.1247,0.556
23.681348,-0.2103,-0.3064,-0.2592,0.453
23.685062,-0.3090,-0.2781,-0.2078,0.465
23.692210,-0.6438,-0.1987,-0.0559,0.676
23.697722,-0.7017,-0.1496,0.0947,0.724
23.702027,-0.5093,-0.1411,0.2040,0.567
23.706379,-0.3546,-0.1494,0.2995,0.488
23.710406,-0.3811,-0.1324,0.3810,0.555
23.714622,-0.4159,-0.0586,0.4877,0.644
23.718822,-0.3647,0.0528,0.6403,0.739
23.727292,-0.2478,0.2000,0.8360,0.895
23.732132,-0.4145,0.3039,0.9756,1.103
23.735729,-0.5961,0.3930,1.0299,1.253
23.740019,-0.6343,0.4083,1.0227,1.271
23.744293,-0.5620,0.4578,1.0136,1.246
23.752860,-0.4494,0.5794,1.0764,1.302
23.757158,-0.6589,0.6480,1.1589,1.482
23.761020,-0.7189,0.6707,1.1884,1.542
23.765202,-0.6202,0.6641,1.1749,1.485
23.769465,-0.5744,0.6641,1.1580,1.453
23.778123,-0.7017,0.7014,1.1562,1.523
23.782109,-0.8616,0.7338,1.1560,1.618
23.786297,-0.8582,0.6933,1.2048,1.634
23.790420,-0.8220,0.5883,1.2202,1.585
23.794814,-0.8625,0.5283,1.1696,1.546
23.798935,-0.9639,0.5196,1.0572,1.522
23.807295,-1.0581,0.5051,0.9368,1.501
23.811461,-0.9469,0.4728,0.8295,1.345
23.816390,-0.9317,0.3895,0.7202,1.240
23.819931,-0.9810,0.2658,0.5866,1.173
23.824247,-0.9741,0.1330,0.4123,1.066
23.832654,-0.9236,-0.0008,0.2168,0.949
23.837077,-0.8632,-0.0853,0.0966,0.873
23.841152,-0.8619,-0.1569,0.1166,0.884
23.845042,-0.7862,-0.1844,0.1823,0.828
23.849504,-0.8574,-0.3013,0.1899,0.928
23.858009,-0.8248,-0.3765,0.0765,0.910
23.861926,-0.7274,-0.4302,-0.0678,0.848
23.866157,-0.7229,-0.5078,-0.1558,0.897
23.870460,-0.6952,-0.5811,-0.1742,0.923
23.874718,-0.6973,-0.6872,-0.1823,0.996
23.878664,-0.7216,-0.7627,-0.2364,1.076
23.887343,-0.6746,-0.8148,-0.3289,1.108
23.891574,-0.5367,-0.7828,-0.4020,1.031
23.895586,-0.5407,-0.7622,-0.3916,1.013
23.899874,-0.5827,-0.7805,-0.3271,1.027
23.904013,-0.5416,-0.7771,-0.2856,0.989
23.912649,-0.4887,-0.7506,-0.3239,0.952
23.916789,-0.3570,-0.7588,-0.4419,0.948
23.921070,-0.3614,-0.7877,-0.5468,1.025
23.925401,-0.4515,-0.8200,-0.6193,1.122
23.929627,-0.4918,-0.8576,-0.6271,1.171
23.933691,-0.3398,-0.8812,-0.6015,1.120
23.942278,-0.2779,-0.9103,-0.5885,1.119
23.946828,-0.4110,-0.9782,-0.6074,1.223
23.950764,-0.4472,-1.0123,-0.6731,1.295
23.954752,-0.3621,-1.0415,-0.7371,1.326
23.959356,-0.2931,-1.0096,-0.7425,1.287
23.967465,-0.3168,-0.9830,-0.6562,1.224
23.971583,-0.4153,-0.9411,-0.5639,1.173
23.975906,-0.3579,-0.8940,-0.5013,1.086
23.981701,-0.3206,-0.8365,-0.4503,1.003
23.984338,-0.3764,-0.7568,-0.3778,0.926
23.992779,-0.4186,-0.6375,-0.2624,0.807
23.997063,-0.4810,-0.5653,-0.1279,0.753
24.001089,-0.4248,-0.4847,-0.0019,0.645
24.005349,-0.5117,-0.4989,0.0108,0.715
24.009510,-0.5730,-0.4925,-0.0606,0.758
24.013983,-0.6129,-0.4244,-0.1390,0.758
24.022229,-0.6819,-0.3382,-0.0969,0.767
24.026446,-0.6739,-0.2216,0.0805,0.714
24.030637,-0.7890,-0.2111,0.2914,0.867
24.034901,-0.7616,-0.1685,0.4131,0.883
24.039047,-0.7928,-0.1372,0.3912,0.895
24.047555,-0.9127,-0.0990,0.2916,0.963
24.051744,-0.9844,-0.0700,0.2340,1.014
24.055845,-0.8551,0.0069,0.3286,0.916
24.060116,-0.7129,0.1318,0.5144,0.889
24.064259,-0.8470,0.1791,0.6420,1.078
24.073184,-0.9302,0.2150,0.6269,1.142
24.077343,-0.9811,0.1923,0.5015,1.118
24.082160,-0.8108,0.2175,0.3944,0.928
24.085709,-0.7586,0.2509,0.3852,0.887
24.089711,-0.9599,0.2661,0.4628,1.098
24.094224,-1.0538,0.2586,0.5308,1.208
24.102525,-0.9173,0.2511,0.5553,1.101
24.106629,-0.8127,0.2355,0.5295,0.998
24.110879,-0.9553,0.2555,0.5225,1.118
24.115516,-1.0539,0.2414,0.5660,1.220
24.119294,-0.8752,0.2569,0.6521,1.121
24.127762,-0.6856,0.2986,0.7144,1.034
24.133044,-0.7124,0.3575,0.7055,1.064
24.136086,-0.8510,0.3259,0.6279,1.107
24.140468,-0.7527,0.2916,0.5252,0.963
24.144519,-0.5542,0.2910,0.4606,0.777
24.149030,-0.6477,0.3000,0.4235,0.830
24.158168,-0.7464,0.3339,0.3615,0.894
24.161698,-0.7595,0.2148,0.2752,0.836
24.166671,-0.5524,0.0692,0.2255,0.601
24.169804,-0.4381,0.0130,0.2361,0.498
24.174795,-0.5923,0.0271,0.2568,0.646
24.182578,-0.6364,0.0690,0.2959,0.705
24.186815,-0.4742,-0.0460,0.3464,0.589
24.192030,-0.3817,-0.0447,0.4053,0.559
24.195240,-0.4576,0.0479,0.4132,0.618
24.199399,-0.5114,0.1851,0.3399,0.641
24.208142,-0.4377,0.2358,0.2535,0.558
24.212174,-0.4576,0.1896,0.2259,0.544
24.216521,-0.4082,0.2454,0.2570,0.541
24.220779,-0.3839,0.3217,0.2575,0.563
24.224987,-0.3418,0.3191,0.1924,0.506
24.228960,-0.2675,0.2718,0.1136,0.398
24.237875,-0.2826,0.1846,0.0916,0.350
24.242887,-0.3696,0.1068,0.1239,0.404
24.245591,-0.3926,0.0939,0.1086,0.418
24.250089,-0.3515,0.0845,0.0812,0.370
24.254901,-0.3616,0.0877,0.0640,0.378
24.262648,-0.4323,0.0909,0.0623,0.446
24.266790,-0.4684,0.0695,0.0409,0.475
24.271073,-0.4335,0.0624,0.0048,0.438
24.275177,-0.5033,0.0617,0.0317,0.508
24.279499,-0.5837,0.1047,0.1561,0.613
24.287881,-0.6194,0.1538,0.3132,0.711
24.292538,-0.5423,0.1768,0.3940,0.693
24.296325,-0.5203,0.1829,0.3505,0.653
24.300750,-0.4919,0.2035,0.2772,0.600
24.305098,-0.4272,0.2583,0.2438,0.556
24.309062,-0.5167,0.2938,0.2473,0.644
24.317305,-0.4189,0.3570,0.2703,0.613
24.321505,-0.4290,0.3640,0.2927,0.634
24.325940,-0.4426,0.3485,0.2859,0.632
24.329997,-0.4312,0.3112,0.2545,0.590
24.334254,-0.4538,0.2534,0.2173,0.563
24.342623,-0.4305,0.2045,0.2202,0.525
24.346848,-0.4258,0.1916,0.2551,0.532
24.351260,-0.3329,0.2255,0.2907,0.496
24.355531,-0.3447,0.2502,0.2966,0.519
24.359541,-0.3259,0.2475,0.2397,0.474
24.363740,-0.2532,0.2128,0.1527,0.364
24.372208,-0.3217,0.1383,0.0613,0.355
24.376326,-0.3117,0.1297,0.0175,0.338
24.380594,-0.2974,0.1091,0.0253,0.318
24.385013,-0.1418,0.0975,0.0687,0.185
24.389056,-0.0468,0.0345,0.1084,0.123
24.397637,-0.1354,-0.0264,0.0785,0.159
24.401890,-0.1733,-0.0708,-0.0339,0.190
24.405879,-0.0367,-0.0828,-0.1625,0.186
24.410219,0.0864,-0.0564,-0.1898,0.216
24.414470,0.0458,-0.0468,-0.0963,0.116
24.422743,0.0194,0.0042,0.0377,0.043
24.427021,0.0455,0.0048,0.1040,0.114
24.431308,0.1375,-0.0251,0.0724,0.157
24.435432,0.1334,-0.0625,0.0105,0.148
24.439592,0.0391,-0.1090,-0.0119,0.116
24.443653,0.0857,-0.1237,0.0198,0.152
24.452402,0.2281,-0.0613,0.0877,0.252
24.456423,0.2666,-0.0169,0.1451,0.304
24.460605,0.1863,0.0029,0.1548,0.242
24.464850,0.0522,-0.0144,0.0865,0.102
24.469055,-0.0057,-0.0373,-0.0091,0.039
24.477533,0.0584,-0.0590,-0.0746,0.112
24.481756,0.1328,-0.0426,-0.0653,0.154
24.485949,-0.0253,-0.0718,-0.0316,0.082
24.490202,-0.0669,-0.0910,-0.0281,0.116
24.494646,-0.0483,-0.1379,-0.0570,0.157
24.503064,-0.0292,-0.1845,-0.0922,0.208
24.507088,0.0133,-0.2264,-0.1438,0.269
24.511691,-0.0984,-0.2835,-0.1972,0.359
24.516187,-0.1582,-0.2927,-0.2191,0.398
24.519919,-0.1262,-0.2713,-0.2163,0.369
24.524066,-0.0807,-0.2486,-0.1782,0.316
24.532847,-0.1392,-0.3006,-0.1573,0.367
24.536648,-0.1464,-0.3100,-0.1984,0.396
24.541182,-0.1602,-0.3742,-0.2902,0.500
24.545876,-0.1898,-0.4105,-0.3524,0.573
24.549443,-0.1890,-0.4117,-0.3333,0.562
24.557890,-0.1979,-0.3990,-0.2419,0.507
24.561873,-0.1558,-0.3335,-0.1251,0.389
24.567015,-0.2086,-0.3930,-0.0806,0.452
24.570430,-0.2174,-0.4114,-0.1445,0.487
24.575406,-0.2641,-0.4315,-0.2525,0.565
24.583136,-0.2534,-0.4031,-0.2841,0.554
24.587126,-0.2610,-0.3771,-0.1995,0.500
24.591802,-0.2736,-0.3161,-0.0348,0.419
24.595578,-0.2633,-0.2525,0.0967,0.377
24.600083,-0.2822,-0.2462,0.1327,0.397
24.603993,-0.2945,-0.2241,0.0716,0.377
24.612508,-0.4035,-0.2029,0.0013,0.452
24.616905,-0.3190,-0.1381,0.0162,0.348
24.621041,-0.2897,-0.0502,0.1333,0.323
24.625240,-0.2999,-0.0016,0.2376,0.383
24.629562,-0.3035,0.0035,0.2574,0.398
24.637668,-0.3215,-0.0181,0.1827,0.370
24.643566,-0.2757,-0.0365,0.0968,0.295
24.646250,-0.2538,-0.0360,0.1070,0.278
24.650833,-0.2623,0.0059,0.2320,0.350
24.654715,-0.2836,0.0657,0.4005,0.495
24.658757,-0.2434,0.1408,0.4883,0.563
24.667187,-0.2904,0.1226,0.4371,0.539
24.671663,-0.3281,0.1192,0.2686,0.440
24.675741,-0.2949,0.1162,0.1281,0.342
24.679997,-0.3393,0.1446,0.1333,0.392
24.685258,-0.3167,0.1761,0.2732,0.454
24.693104,-0.2617,0.2102,0.4390,0.553
24.696871,-0.1777,0.2652,0.5189,0.609
24.701436,-0.2121,0.2938,0.4669,0.591
24.705196,-0.3047,0.2554,0.3293,0.516
24.709731,-0.2240,0.2487,0.1934,0.387
24.718411,-0.2428,0.2255,0.1554,0.366
24.722110,-0.2380,0.2285,0.2340,0.404
24.726515,-0.1831,0.2385,0.3330,0.449
24.730475,-0.1587,0.2708,0.3703,0.485
24.735124,-0.1784,0.2712,0.3284,0.462
24.738978,-0.1162,0.2328,0.2372,0.352
24.748339,-0.0693,0.1551,0.1319,0.215
24.751812,0.0030,0.1659,0.0958,0.192
24.755808,-0.0231,0.1714,0.1400,0.223
24.760215,-0.0201,0.1780,0.1938,0.264
24.764246,0.0655,0.1767,0.2151,0.286
24.772818,0.1402,0.1576,0.2017,0.292
24.777133,0.1611,0.1105,0.1540,0.249
24.781419,0.0812,0.0587,0.1012,0.142
24.785356,0.0406,0.0535,0.0743,0.100
24.789589,0.2047,0.0703,0.1176,0.246
24.798214,0.3238,0.0707,0.1857,0.380
24.802660,0.2598,0.0519,0.2047,0.335
24.806407,0.1233,0.0348,0.1283,0.181
24.810513,0.1849,0.0116,0.0022,0.185
24.814863,0.3450,-0.0005,-0.0850,0.355
24.819660,0.3229,0.0003,-0.0767,0.332
24.827539,0.2125,0.0334,0.0047,0.215
24.831622,0.2400,0.0359,0.0900,0.259
24.836678,0.4128,0.0487,0.1005,0.428
24.840402,0.4041,0.0146,0.0427,0.407
24.844347,0.2881,-0.0347,-0.0282,0.292
24.852707,0.2335,-0.0644,-0.0574,0.249
24.856767,0.3284,-0.0356,0.0094,0.330
24.861316,0.4641,0.0169,0.1214,0.480
24.865299,0.4407,0.0444,0.1802,0.478
24.869510,0.2709,0.0206,0.1312,0.302
24.873729,0.2282,-0.0439,-0.0124,0.233
24.882120,0.3943,-0.0928,-0.1417,0.429
24.886386,0.4047,-0.1056,-0.1411,0.441
24.890471,0.3061,-0.1175,-0.0582,0.333
24.894955,0.2109,-0.1103,0.0403,0.241
24.898932,0.2422,-0.1323,0.0958,0.292
24.907412,0.4030,-0.1254,0.1140,0.437
24.911662,0.3117,-0.1220,0.0988,0.349
24.916006,0.1444,-0.1471,0.0807,0.221
24.920043,0.0982,-0.1815,0.0776,0.220
24.924295,0.2641,-0.2015,0.0936,0.345
24.932843,0.3882,-0.1647,0.1216,0.439
24.936952,0.2096,-0.1347,0.1686,0.301
24.941210,0.0515,-0.1488,0.1871,0.245
24.945423,0.1295,-0.1879,0.1550,0.276
24.949642,0.2756,-0.1869,0.1124,0.352
24.953851,0.1604,-0.1948,0.0968,0.270
24.962263,-0.0780,-0.2163,0.1096,0.255
24.966585,-0.1083,-0.2185,0.1456,0.284
24.970757,0.1049,-0.1810,0.2077,0.295
24.974877,0.2044,-0.1480,0.2835,0.380
24.979134,0.0008,-0.1499,0.2956,0.331
24.987709,-0.2174,-0.2399,0.2078,0.385
24.991849,-0.0297,-0.2094,0.0994,0.234
24.996102,0.0797,-0.1997,0.0606,0.223
25.000313,-0.0466,-0.1794,0.1005,0.211
25.004456,-0.1714,-0.1959,0.1712,0.312
25.012968,-0.0496,-0.1675,0.2365,0.294
25.022579,0.0699,-0.1114,0.2829,0.312
25.022776,-0.0558,-0.1449,0.2823,0.322
25.025666,-0.1305,-0.1827,0.2482,0.335
25.029765,-0.0448,-0.2331,0.2133,0.319
25.034056,0.2140,-0.2191,0.2258,0.381
25.042508,0.2602,-0.2044,0.2721,0.428
25.046564,0.0763,-0.2041,0.3202,0.387
25.050845,0.0899,-0.1629,0.3484,0.395
25.055123,0.2835,-0.1322,0.3616,0.478
25.059896,0.3806,-0.1147,0.3619,0.538
25.067807,0.2148,-0.1555,0.3222,0.417
25.071747,-0.0158,-0.2001,0.2458,0.317
25.076055,0.1673,-0.1938,0.1804,0.313
25.080187,0.3942,-0.1659,0.2092,0.476
25.084614,0.3640,-0.1382,0.3359,0.514
25.088652,0.1707,-0.1599,0.4452,0.503
25.097118,0.2220,-0.1326,0.4638,0.531
25.101284,0.3441,-0.1411,0.3722,0.526
25.105550,0.4176,-0.1164,0.2824,0.517
25.110296,0.3186,-0.0998,0.2087,0.394
25.114057,0.2887,-0.0934,0.1600,0.343
25.122448,0.4492,-0.0566,0.1613,0.481
25.127475,0.4595,-0.0539,0.1882,0.499
25.130852,0.4366,0.0038,0.2016,0.481
25.135122,0.3758,0.0502,0.1763,0.418
25.140206,0.3967,0.0868,0.1408,0.430
25.148279,0.4032,0.0815,0.1082,0.425
25.151908,0.4518,0.0762,0.0703,0.464
25.156245,0.4091,0.0533,0.0168,0.413
25.160440,0.3648,0.0655,-0.0261,0.372
25.165236,0.3945,0.1116,-0.0354,0.411
25.168763,0.3801,0.1580,-0.0035,0.412
25.177222,0.2966,0.1926,0.0016,0.354
25.181411,0.2713,0.2594,-0.0380,0.377
25.185792,0.2399,0.2993,-0.1060,0.398
25.189866,0.1423,0.2900,-0.1766,0.368
25.194179,0.1466,0.2644,-0.2406,0.386
25.202554,0.1866,0.2455,-0.2872,0.421
25.206712,0.2029,0.2400,-0.2916,0.429
25.211067,0.1329,0.2287,-0.2885,0.391
25.215142,0.1350,0.2498,-0.2939,0.409
25.219390,0.1690,0.2926,-0.3064,0.456
25.227793,0.1819,0.3268,-0.3146,0.489
25.231964,0.1549,0.2925,-0.3502,0.482
25.236221,0.1588,0.2670,-0.4328,0.533
25.240607,0.0976,0.2237,-0.5321,0.585
25.244667,0.1132,0.2141,-0.5946,0.642
25.248879,0.1523,0.2256,-0.5829,0.643
25.257359,0.0777,0.2509,-0.5214,0.584
25.261576,0.0488,0.3027,-0.4707,0.562
25.265789,0.0631,0.3132,-0.4903,0.585
25.269955,0.1260,0.3198,-0.5608,0.658
25.274268,0.0353,0.2907,-0.6441,0.708
25.282655,-0.0579,0.2489,-0.7061,0.751
25.287018,0.0144,0.2584,-0.7073,0.753
25.291295,0.1187,0.2910,-0.6355,0.709
25.295486,0.1693,0.3395,-0.5150,0.640
25.299428,0.0527,0.3359,-0.4454,0.560
25.303821,0.0859,0.3629,-0.5072,0.630
25.312133,0.2339,0.4242,-0.6645,0.822
25.316344,0.1680,0.3824,-0.8043,0.906
25.321240,0.1419,0.3504,-0.8354,0.917
25.324744,0.1421,0.3371,-0.7984,0.878
25.328994,0.1930,0.3516,-0.7179,0.822
25.337868,0.2139,0.3521,-0.6617,0.779
25.341693,0.1700,0.4033,-0.6435,0.778
25.346007,0.0259,0.3759,-0.6558,0.756
25.350088,0.0761,0.3354,-0.6808,0.763
25.354368,0.2227,0.3254,-0.7220,0.823
25.362765,0.1974,0.3404,-0.7382,0.836
25.367052,0.0850,0.3216,-0.7268,0.799
25.371126,0.1108,0.3377,-0.7153,0.799
25.375396,0.1742,0.3331,-0.7072,0.801
25.379567,0.1524,0.3237,-0.6855,0.773
25.384070,0.1548,0.3304,-0.6755,0.768
25.392321,0.0341,0.3044,-0.7235,0.786
25.396426,0.0404,0.2880,-0.8097,0.860
25.401288,0.0888,0.2474,-0.8352,0.876
25.404918,0.0985,0.2442,-0.7771,0.820
25.409012,0.0370,0.2430,-0.6978,0.740
25.418771,0.0386,0.2473,-0.6787,0.723
25.421754,0.1417,0.2288,-0.7326,0.780
25.425990,0.1313,0.2035,-0.7801,0.817
25.430119,0.1230,0.1615,-0.7927,0.818
25.434606,0.0937,0.1322,-0.7694,0.786
25.443213,0.0322,0.1331,-0.7295,0.742
25.447108,0.0864,0.1856,-0.6643,0.695
25.451338,0.1049,0.2335,-0.6215,0.672
25.455495,0.0740,0.2547,-0.6049,0.660
25.459707,0.0361,0.2229,-0.6198,0.660
25.463951,0.0122,0.2062,-0.6558,0.688
25.472519,0.0298,0.1937,-0.6582,0.687
25.476686,0.0423,0.1943,-0.6269,0.658
25.480708,0.0703,0.2201,-0.5667,0.612
25.485325,0.0392,0.2551,-0.5059,0.568
25.489305,0.0749,0.3026,-0.4584,0.554
25.497530,0.1369,0.2993,-0.4343,0.545
25.502282,0.1753,0.2995,-0.4533,0.571
25.506043,0.0831,0.3142,-0.4759,0.576
25.510574,0.0662,0.3462,-0.4600,0.580
25.514501,0.2179,0.3784,-0.4011,0.593
25.518705,0.2804,0.3913,-0.3367,0.587
25.527189,0.1820,0.4038,-0.2996,0.535
25.531252,0.1261,0.4280,-0.3137,0.545
25.535707,0.2417,0.4361,-0.3343,0.600
25.539698,0.3211,0.4246,-0.3291,0.626
25.544056,0.2583,0.4290,-0.2889,0.578
25.554195,0.1513,0.4333,-0.2313,0.514
25.556750,0.2169,0.4555,-0.2101,0.547
25.563518,0.3042,0.4715,-0.2081,0.598
25.565132,0.2568,0.4662,-0.2217,0.577
25.569273,0.1234,0.4576,-0.2581,0.540
25.577927,0.0585,0.4186,-0.2996,0.518
25.582023,0.1815,0.4249,-0.2993,0.551
25.586328,0.2570,0.4571,-0.2311,0.573
25.590417,0.1368,0.4701,-0.1286,0.506
25.594650,0.1179,0.4809,-0.0556,0.498
25.598873,0.1659,0.4315,-0.0560,0.466
25.607277,0.2029,0.3880,-0.1319,0.457
25.611537,0.2093,0.3391,-0.2301,0.460
25.615862,0.2121,0.3123,-0.2828,0.472
25.619889,0.2086,0.3079,-0.2897,0.471
25.624076,0.2292,0.3298,-0.2476,0.472
25.632619,0.3292,0.3737,-0.1707,0.526
25.637485,0.1969,0.3259,-0.1406,0.406
25.641250,0.1489,0.2676,-0.2079,0.370
25.645199,0.1854,0.1867,-0.3464,0.435
25.649328,0.2150,0.1480,-0.4484,0.519
25.658075,0.1470,0.1370,-0.4539,0.496
25.662119,0.0823,0.1386,-0.3688,0.403
25.666306,0.2140,0.1456,-0.2585,0.366
25.670765,0.2415,0.1275,-0.2049,0.341
25.675288,0.1983,0.0790,-0.2442,0.324
25.679040,0.1307,0.0422,-0.3514,0.377
25.687342,0.0745,0.0127,-0.4392,0.446
25.692396,0.1279,0.0317,-0.4449,0.464
25.695842,0.2586,0.0795,-0.3691,0.458
25.699959,0.2918,0.0985,-0.2784,0.415
25.704219,0.2081,0.0800,-0.2625,0.344
25.712652,0.1449,0.0597,-0.3660,0.398
25.716872,0.1856,0.0457,-0.4854,0.522
25.721240,0.2962,0.0208,-0.4850,0.569
25.725404,0.3143,0.0302,-0.3690,0.486
25.729507,0.2662,0.0591,-0.2129,0.346
25.733804,0.1816,0.0851,-0.1162,0.232
25.742601,0.1950,0.0969,-0.1301,0.254
25.746570,0.1452,0.0687,-0.2279,0.279
25.750514,0.1722,0.0700,-0.3030,0.355
25.754778,0.1390,0.0895,-0.2935,0.337
25.759032,0.0890,0.1043,-0.2134,0.254
25.767625,0.1345,0.1290,-0.1274,0.226
25.771791,0.1298,0.1629,-0.0700,0.220
25.775940,0.0599,0.1623,-0.0562,0.182
25.780117,0.0447,0.1360,-0.0899,0.169
25.784326,0.0412,0.1369,-0.1280,0.192
25.792817,-0.0151,0.1038,-0.1173,0.157
25.797121,0.1502,0.1586,-0.0580,0.226
25.801134,0.1497,0.1549,-0.0051,0.215
25.805453,0.0191,0.1535,0.0114,0.155
25.809537,0.0042,0.1927,-0.0010,0.193
25.813939,0.0001,0.1765,-0.0123,0.177
25.822295,0.1130,0.1813,-0.0260,0.215
25.826522,-0.0117,0.1330,-0.0418,0.140
25.830984,-0.0679,0.1057,-0.0588,0.139
25.834948,0.0089,0.1366,-0.0530,0.147
25.839080,-0.0204,0.1320,-0.0150,0.134
25.847568,0.0095,0.1224,0.0235,0.125
25.851767,0.0262,0.1143,0.0182,0.119
25.856038,-0.1060,0.1168,-0.0472,0.165
25.860098,-0.1124,0.1259,-0.1016,0.197
25.864367,0.0101,0.1152,-0.1173,0.165
25.872936,0.0557,0.1180,-0.0833,0.155
25.876944,0.0176,0.1126,-0.0267,0.117
25.881244,-0.0126,0.1107,0.0023,0.111
25.885462,0.0754,0.0895,0.0004,0.117
25.889611,0.1901,0.0681,0.0129,0.202
25.893887,0.2639,0.0637,0.0368,0.274
25.902316,0.1917,0.0909,0.0520,0.218
25.906633,0.1144,0.1168,0.0324,0.167
25.910744,0.2404,0.1741,0.0114,0.297
25.915020,0.3046,0.1934,-0.0116,0.361
25.919251,0.2231,0.1765,-0.0571,0.290
25.927854,0.1445,0.1593,-0.1166,0.245
25.931988,0.1998,0.1221,-0.1270,0.266
25.936322,0.3038,0.1186,-0.0729,0.334
25.940275,0.3513,0.1438,-0.0123,0.380
25.944911,0.2734,0.1279,0.0279,0.303
25.948877,0.2669,0.1083,0.0010,0.288
25.957464,0.4484,0.1096,-0.0665,0.466
25.961624,0.4843,0.1022,-0.0794,0.501
25.966013,0.4099,0.0946,-0.0421,0.423
25.969914,0.3354,0.0758,-0.0129,0.344
25.974088,0.4658,0.0980,-0.0348,0.477
25.983070,0.6195,0.1030,-0.1026,0.636
25.987373,0.5522,0.0841,-0.1852,0.588
25.991018,0.4381,0.0649,-0.2786,0.523
25.995667,0.4720,0.0534,-0.3338,0.581
26.000160,0.6215,0.0558,-0.3049,0.695
26.007972,0.6685,0.0562,-0.2067,0.702
26.012546,0.5980,0.0684,-0.1191,0.614
26.016386,0.4836,0.0590,-0.1243,0.503
26.021115,0.4687,0.0350,-0.1906,0.507
26.024884,0.5554,0.0511,-0.2350,0.605
26.029213,0.5786,0.0689,-0.2097,0.619
26.037466,0.5057,0.1113,-0.1294,0.534
26.041668,0.4565,0.1225,-0.0656,0.477
26.047751,0.4989,0.1081,-0.0672,0.515
26.050790,0.5821,0.1018,-0.1384,0.607
26.054315,0.6134,0.1019,-0.2107,0.656
26.062685,0.5705,0.1045,-0.2351,0.626
26.066932,0.5481,0.1155,-0.2142,0.600
26.071163,0.6215,0.1406,-0.1519,0.655
26.075479,0.6798,0.1321,-0.1243,0.704
26.079465,0.5788,0.0907,-0.1900,0.616
26.088540,0.4902,0.0737,-0.2990,0.579
26.092270,0.5168,0.0679,-0.3337,0.619
26.096504,0.5087,0.0639,-0.2536,0.572
26.100647,0.5305,0.0756,-0.1135,0.548
26.104895,0.4787,0.0393,-0.0361,0.482
26.109118,0.5337,0.0080,-0.0775,0.539
26.117651,0.5718,-0.0391,-0.2042,0.608
26.122189,0.5506,-0.0551,-0.3113,0.635
26.125883,0.5421,-0.0114,-0.3268,0.633
26.130353,0.5030,0.0154,-0.2604,0.567
26.134542,0.5434,0.0218,-0.1974,0.579
26.142731,0.5582,0.0085,-0.1988,0.593
26.147039,0.4681,-0.0309,-0.2839,0.548
26.151378,0.4618,-0.0005,-0.3769,0.596
26.155462,0.4604,-0.0015,-0.3992,0.609
26.159634,0.4789,-0.0444,-0.3374,0.587
26.163716,0.4627,-0.0786,-0.2694,0.541
26.172723,0.4112,-0.1219,-0.2611,0.502
26.176560,0.4226,-0.1073,-0.3165,0.539
26.180742,0.4393,-0.1000,-0.3734,0.585
26.184953,0.4526,-0.0965,-0.3732,0.595
26.189235,0.4482,-0.1343,-0.3516,0.585
26.197755,0.4362,-0.1511,-0.3517,0.580
26.201787,0.4226,-0.1614,-0.3875,0.596
26.206013,0.3538,-0.1770,-0.4413,0.593
26.210524,0.3651,-0.1057,-0.4447,0.585
26.214491,0.3012,-0.1064,-0.3925,0.506
26.222894,0.3808,-0.1298,-0.3377,0.525
26.227155,0.4190,-0.1797,-0.3278,0.562
26.231439,0.3420,-0.1702,-0.3167,0.496
26.235638,0.3371,-0.1079,-0.2653,0.442
26.240125,0.3182,-0.0656,-0.1659,0.365
26.243906,0.3482,-0.0588,-0.0599,0.358
26.253124,0.3684,-0.0563,-0.0033,0.373
26.257326,0.3183,-0.0377,-0.0397,0.323
26.260827,0.2310,0.0091,-0.1096,0.256
26.265008,0.2809,0.0737,-0.1286,0.318
26.269195,0.2727,0.0898,-0.0769,0.297
26.277728,0.1880,0.0983,0.0014,0.212
26.282279,0.1356,0.0799,0.0179,0.158
26.286452,0.1607,0.1008,0.0214,0.191
26.291545,0.2714,0.1279,0.0675,0.308
26.294734,0.2345,0.1189,0.1471,0.301
26.302968,0.1864,0.1061,0.1921,0.288
26.307164,0.1195,0.0706,0.1368,0.195
26.311571,0.1324,0.1131,0.0270,0.176
26.315731,0.1817,0.1382,-0.0216,0.229
26.319937,0.1355,0.1341,0.0011,0.191
26.324314,0.1176,0.1156,0.0326,0.168
26.332874,0.1526,0.0682,0.0065,0.167
26.337168,0.2050,0.0707,-0.0537,0.223
26.341067,0.1748,0.0759,-0.0539,0.198
26.345167,0.0940,0.0687,0.0176,0.118
26.349498,0.0865,0.0383,0.0952,0.134
26.359591,0.1667,0.0285,0.1170,0.206
26.362259,0.1473,0.0588,0.0922,0.183
26.367132,0.0985,0.1042,0.0689,0.159
26.370494,0.1090,0.1303,0.0738,0.185
26.374911,0.1578,0.1084,0.0936,0.213
26.378943,0.2052,0.0823,0.0955,0.241
26.387988,0.1100,0.0394,0.0571,0.130
26.392052,0.0757,0.0918,0.0001,0.119
26.396262,0.1862,0.1460,0.0178,0.237
26.399992,0.2383,0.1485,0.0884,0.294
26.404713,0.1595,0.1129,0.1411,0.241
26.413284,0.0532,0.0844,0.1192,0.155
26.416916,0.1169,0.1177,0.0835,0.186
26.421317,0.2293,0.1386,0.0909,0.283
26.425440,0.2671,0.1377,0.1431,0.333
26.429735,0.2197,0.1072,0.1892,0.309
26.440457,0.1556,0.0965,0.1663,0.247
26.442477,0.2813,0.1446,0.0933,0.330
26.446508,0.3766,0.1775,0.0542,0.420
26.450786,0.2925,0.1449,0.0462,0.330
26.455233,0.1578,0.1145,0.0416,0.199
26.458845,0.1366,0.1123,0.0110,0.177
26.467493,0.3418,0.1825,0.0008,0.387
26.471796,0.3881,0.1635,0.0148,0.421
26.475966,0.2335,0.1041,-0.0144,0.256
26.480501,0.2243,0.0632,-0.0958,0.252
26.484423,0.3072,0.0624,-0.1530,0.349
26.493060,0.3589,0.0643,-0.1344,0.389
26.497934,0.3585,0.0778,-0.0388,0.369
26.501566,0.2374,0.0303,0.0137,0.240
26.505675,0.2173,0.0065,-0.0249,0.219
26.509596,0.2977,0.0122,-0.1335,0.327
26.518413,0.2572,0.0619,-0.2190,0.343
26.522473,0.2177,0.0973,-0.2103,0.318
26.526603,0.2567,0.0762,-0.1429,0.304
26.530822,0.2339,0.0254,-0.1061,0.258
26.535101,0.2066,0.0065,-0.1252,0.242
26.541739,0.2490,0.0459,-0.1677,0.304
26.549153,0.2236,0.0475,-0.1694,0.284
26.552322,0.1555,0.0022,-0.1411,0.210
26.555926,0.2160,0.0016,-0.1332,0.254
26.560250,0.1980,0.0370,-0.1417,0.246
26.565119,0.2040,0.0908,-0.1502,0.269
26.572804,0.1418,0.0804,-0.1628,0.230
26.577293,0.1024,0.0488,-0.1868,0.219
26.582341,0.0803,-0.0022,-0.2142,0.229
26.585473,0.1267,-0.0226,-0.2377,0.270
26.589886,0.1934,-0.0154,-0.2165,0.291
26.594060,0.1667,-0.0176,-0.1471,0.223
26.602613,0.2169,-0.0045,-0.0706,0.228
26.606587,0.1626,-0.0175,-0.0618,0.175
26.610734,0.1491,0.0070,-0.1152,0.189
26.615147,0.1925,0.0431,-0.1590,0.253
26.619148,0.1761,0.0451,-0.1577,0.241
26.628037,0.0562,0.0100,-0.1390,0.150
26.632023,0.0754,-0.0017,-0.1511,0.169
26.636152,0.1452,0.0190,-0.1566,0.214
26.641542,0.1755,0.0689,-0.1257,0.227
26.645035,0.0788,0.0857,-0.0719,0.137
26.653312,-0.0301,0.0739,-0.0297,0.085
26.657097,0.0744,0.0718,-0.0298,0.108
26.661777,0.1579,0.1004,-0.0559,0.195
26.665964,0.1063,0.1383,-0.0742,0.190
26.670163,-0.0010,0.1363,-0.0635,0.150
26.674686,0.0357,0.1344,-0.0280,0.142
26.683189,0.0794,0.1372,0.0081,0.159
26.686784,0.1509,0.1867,0.0392,0.243
26.690813,0.1260,0.2101,0.0328,0.247
26.695253,-0.0033,0.1790,-0.0178,0.180
26.699503,0.0660,0.2101,-0.0636,0.229
26.707866,0.1194,0.2547,-0.0360,0.284
26.712047,0.0785,0.3023,0.0559,0.317
26.716614,-0.0515,0.2807,0.1263,0.312
26.720557,-0.0141,0.2498,0.1229,0.279
26.724914,0.1908,0.2574,0.0811,0.331
26.733179,0.2092,0.2806,0.0696,0.357
26.737251,0.1077,0.3148,0.1192,0.353
26.741488,0.0375,0.2789,0.2094,0.351
26.745494,0.1570,0.2511,0.2556,0.391
26.750252,0.2286,0.2338,0.2440,0.408
26.754117,0.1634,0.2415,0.1969,0.352
26.762387,0.0579,0.2291,0.1358,0.273
26.766582,0.1062,0.2128,0.0653,0.247
26.771163,0.2520,0.2233,0.0157,0.337
26.775379,0.2368,0.2476,-0.0050,0.343
26.779442,0.2056,0.2841,-0.0126,0.351
26.788186,0.3020,0.2563,-0.0431,0.398
26.792274,0.4323,0.1369,-0.0987,0.464
26.796589,0.4235,0.0309,-0.1974,0.468
26.800630,0.3116,-0.0456,-0.2893,0.428
26.805117,0.3188,-0.0762,-0.3462,0.477
26.813385,0.3990,-0.1036,-0.3511,0.542
26.817459,0.3406,-0.1529,-0.3179,0.490
26.822129,0.2535,-0.1754,-0.3189,0.444
26.825799,0.2139,-0.1853,-0.3906,0.482
26.830312,0.3061,-0.1488,-0.4770,0.586
26.834543,0.3541,-0.1342,-0.4997,0.627
26.842803,0.2581,-0.1535,-0.4506,0.541
26.846891,0.2262,-0.1882,-0.3958,0.493
26.851069,0.2993,-0.2163,-0.4097,0.552
26.856002,0.4067,-0.1818,-0.4660,0.645
26.859507,0.3375,-0.1859,-0.5064,0.636
26.868072,0.2295,-0.2019,-0.4970,0.583
26.873319,0.2171,-0.2485,-0.4512,0.559
26.876482,0.3140,-0.2187,-0.4196,0.568
26.881406,0.3365,-0.1687,-0.3990,0.549
26.884934,0.2250,-0.1770,-0.3921,0.485
26.889739,0.1529,-0.2101,-0.3918,0.470
26.898161,0.1941,-0.2483,-0.4076,0.515
26.901893,0.2970,-0.1822,-0.3821,0.517
26.906175,0.2580,-0.1150,-0.3158,0.424
26.910232,0.1614,-0.1051,-0.2466,0.313
26.915124,0.2192,-0.0967,-0.2137,0.321
26.923311,0.3067,-0.0926,-0.2163,0.386
26.927031,0.2793,-0.0549,-0.2073,0.352
26.932033,0.2003,-0.0314,-0.1664,0.262
26.935699,0.1381,-0.0562,-0.1128,0.187
26.939628,0.1986,-0.0383,-0.0879,0.221
26.948462,0.1694,-0.0106,-0.1127,0.204
26.952195,0.1840,0.0635,-0.1401,0.240
26.956479,0.1069,0.0398,-0.1292,0.172
26.960839,0.0713,0.0273,-0.0922,0.120
26.964747,0.1208,0.0555,-0.0299,0.136
26.970700,0.0837,0.0678,0.0547,0.121
26.977350,0.1552,0.1122,0.1265,0.229
26.981801,0.1635,0.0899,0.1513,0.240
26.986130,0.2464,0.1094,0.1419,0.305
26.990364,0.3173,0.1334,0.1242,0.366
26.994626,0.2433,0.1420,0.1103,0.303
27.002850,0.2896,0.1999,0.1153,0.370
27.006993,0.3376,0.2005,0.1362,0.416
27.011687,0.3810,0.2032,0.1509,0.457
27.015432,0.3378,0.1643,0.1204,0.394
27.019872,0.3538,0.1493,0.0555,0.388
27.028298,0.4805,0.2016,0.0264,0.522
27.032611,0.4006,0.2190,0.0775,0.463
27.036736,0.3915,0.2225,0.1833,0.486
27.043056,0.4097,0.2026,0.2275,0.511
27.045320,0.4839,0.2428,0.1970,0.576
27.050039,0.5673,0.3219,0.1685,0.674
27.057946,0.5496,0.3167,0.2171,0.670
27.062068,0.5235,0.2683,0.3466,0.683
27.066290,0.5585,0.2605,0.4668,0.773
27.070541,0.6267,0.2877,0.5398,0.876
27.074607,0.6682,0.3240,0.5315,0.913
27.082898,0.5863,0.3440,0.4528,0.817
27.086994,0.4258,0.3434,0.3361,0.642
27.091595,0.4047,0.3834,0.2215,0.600
27.099131,0.3974,0.4373,0.1475,0.609
27.100414,0.3524,0.4397,0.1399,0.581
27.103757,0.2933,0.3704,0.1463,0.495
27.112573,0.1722,0.2161,0.0731,0.286
27.116462,0.1306,0.1045,-0.0557,0.176
27.120705,0.2925,0.0767,-0.0859,0.314
27.124849,0.4353,0.0128,0.0312,0.437
27.129458,0.5076,-0.0566,0.1825,0.542
27.137568,0.5361,-0.0939,0.2232,0.588
27.141929,0.5240,-0.1317,0.1200,0.553
27.146789,0.5676,-0.1474,-0.0436,0.588
27.150471,0.5713,-0.1783,-0.1650,0.621
27.154665,0.4685,-0.2168,-0.2104,0.557
27.164021,0.3384,-0.2179,-0.2221,0.460
27.167276,0.2368,-0.1816,-0.2550,0.393
27.171677,0.2814,-0.1354,-0.3048,0.436
27.175708,0.2652,-0.1236,-0.3275,0.439
27.180050,0.1477,-0.1536,-0.3103,0.376
27.184305,0.0553,-0.2142,-0.2570,0.339
27.192664,0.1521,-0.2660,-0.1791,0.355
27.197236,0.2800,-0.2885,-0.0749,0.409
27.201227,0.2500,-0.3043,-0.0074,0.394
27.205225,0.2589,-0.2999,0.0004,0.396
27.210178,0.2574,-0.3006,-0.0633,0.401
27.218135,0.3573,-0.2192,-0.1605,0.449
27.222127,0.2957,-0.1444,-0.2172,0.394
27.226366,0.1528,-0.1095,-0.2405,0.305
27.230423,0.1369,-0.0901,-0.2528,0.301
27.234943,0.1957,-0.0798,-0.2465,0.325
27.243130,0.2368,-0.0642,-0.2120,0.324
27.247327,0.2133,-0.0572,-0.1324,0.257
27.251875,0.2382,-0.0789,-0.0256,0.252
27.255836,0.2176,-0.0932,0.1021,0.258
27.261476,0.1979,-0.0708,0.2145,0.300
27.264258,0.1681,-0.0218,0.2965,0.342
27.273013,0.1207,0.0422,0.3454,0.368
27.276983,0.0414,0.1073,0.3822,0.399
27.281568,-0.0689,0.1989,0.4133,0.464
27.285484,-0.2246,0.2741,0.4442,0.568
27.289549,-0.3075,0.3353,0.4656,0.651
27.298825,-0.2832,0.3480,0.4468,0.633
27.302088,-0.3245,0.3343,0.4118,0.622
27.306371,-0.4233,0.3222,0.4002,0.666
27.310724,-0.4519,0.3317,0.4441,0.715
27.314864,-0.3294,0.3509,0.5510,0.732
27.319142,-0.2305,0.3203,0.6655,0.774
27.327611,-0.2220,0.2758,0.7183,0.801
27.332144,-0.2837,0.2637,0.6629,0.768
27.335996,-0.2468,0.2819,0.5736,0.685
27.340040,-0.1551,0.2955,0.5309,0.627
27.344598,-0.2038,0.2617,0.5474,0.640
27.352922,-0.3710,0.1970,0.5622,0.702
27.356786,-0.4656,0.1870,0.5155,0.719
27.361721,-0.4566,0.2123,0.4385,0.668
27.365412,-0.4555,0.2150,0.3878,0.636
27.369529,-0.4724,0.1558,0.3641,0.616
27.378046,-0.5381,0.0865,0.3540,0.650
27.382635,-0.4872,0.0523,0.3427,0.598
27.386673,-0.3511,0.0140,0.3544,0.499
27.391555,-0.2876,-0.0475,0.3678,0.469
27.395080,-0.2967,-0.1076,0.3471,0.469
27.399439,-0.2150,-0.1178,0.2919,0.381
27.407653,-0.0839,-0.0983,0.2473,0.279
27.411868,-0.0172,-0.0943,0.2419,0.260
27.416580,-0.0617,-0.1059,0.2495,0.278
27.420651,-0.1062,-0.1053,0.2322,0.276
27.424709,-0.0666,-0.0994,0.1662,0.205
27.433075,0.0121,-0.0956,0.0865,0.129
27.437784,-0.0185,-0.1125,0.0473,0.123
27.441369,-0.1043,-0.1549,0.0600,0.196
27.445561,-0.0548,-0.1841,0.0905,0.212
27.451985,0.0318,-0.1912,0.0989,0.218
27.458837,0.0692,-0.1618,0.0865,0.196
27.462734,-0.0161,-0.1469,0.0515,0.156
27.466653,-0.0230,-0.1687,0.0061,0.170
27.470878,0.0599,-0.2079,-0.0151,0.217
27.475021,0.1262,-0.2109,-0.0113,0.246
27.479069,0.0763,-0.1843,0.0075,0.200
27.487713,0.0005,-0.1562,0.0040,0.156
27.491877,-0.0313,-0.1886,-0.0279,0.193
27.496093,0.0893,-0.2109,-0.0677,0.239
27.500397,0.2119,-0.1731,-0.0854,0.287
27.504494,0.1608,-0.1552,-0.0637,0.232
27.513020,0.0559,-0.1831,-0.0439,0.196
27.517372,0.0993,-0.2085,-0.0761,0.243
27.521529,0.2470,-0.2323,-0.1287,0.363
27.525648,0.2868,-0.1852,-0.1667,0.380
27.529770,0.1794,-0.1463,-0.1603,0.282
27.534022,0.1217,-0.1653,-0.1143,0.235
27.544075,0.2210,-0.1941,-0.0659,0.301
27.546736,0.2473,-0.2233,-0.0348,0.335
27.550998,0.1768,-0.2163,-0.0394,0.282
27.555094,0.1215,-0.2002,-0.0652,0.243
27.559963,0.1597,-0.1946,-0.0866,0.266
27.567912,0.2581,-0.1783,-0.0972,0.328
27.571958,0.2413,-0.1405,-0.0941,0.295
27.576190,0.2230,-0.0795,-0.0724,0.248
27.580300,0.2227,-0.1164,-0.0534,0.257
27.584443,0.2804,-0.1584,-0.0730,0.330
27.593060,0.3107,-0.1791,-0.1144,0.376
27.597744,0.2952,-0.1746,-0.1365,0.369
27.601982,0.3047,-0.1293,-0.1220,0.353
27.605714,0.2613,-0.1425,-0.0952,0.312
27.609895,0.2642,-0.1363,-0.0537,0.302
27.614294,0.2971,-0.1117,-0.0271,0.319
27.622614,0.2507,-0.1138,-0.0447,0.279
27.627319,0.3255,-0.0958,-0.1020,0.354
27.631100,0.2900,-0.1321,-0.1440,0.350
27.635646,0.1914,-0.1473,-0.1474,0.283
27.639445,0.2677,-0.1706,-0.1125,0.337
27.647889,0.3710,-0.1799,-0.0831,0.421
27.652343,0.3412,-0.1628,-0.0854,0.388
27.656383,0.1599,-0.1807,-0.1146,0.267
27.660412,0.1839,-0.1657,-0.1569,0.293
27.664774,0.3271,-0.1540,-0.1720,0.400
27.673329,0.3411,-0.1145,-0.1325,0.383
27.677578,0.2240,-0.1310,-0.0649,0.267
27.681606,0.1804,-0.1423,0.0075,0.230
27.685935,0.2737,-0.1610,0.0563,0.323
27.690221,0.3557,-0.1401,0.0830,0.391
27.694695,0.3132,-0.0864,0.1063,0.342
27.703010,0.1426,-0.0970,0.1165,0.208
27.706964,0.2722,-0.0731,0.0779,0.292
27.712482,0.4179,-0.0525,0.0159,0.421
27.715274,0.4356,0.0118,-0.0429,0.438
27.719527,0.3295,0.0554,-0.0787,0.343
27.728715,0.1749,-0.0209,-0.0840,0.195
27.732212,0.2185,-0.0764,-0.0450,0.236
27.736469,0.2650,-0.0936,0.0377,0.284
27.740645,0.2387,-0.0569,0.1430,0.284
27.745731,0.1648,-0.0532,0.2049,0.268
27.749076,0.2048,-0.0547,0.1788,0.277
27.757628,0.2500,-0.0459,0.0581,0.261
27.761743,0.1414,0.0044,-0.0725,0.159
27.765659,0.0394,0.0568,-0.1175,0.136
27.770272,0.1062,0.0698,-0.0349,0.132
27.774109,0.1787,0.0422,0.0998,0.209
27.782430,0.0986,0.0161,0.1756,0.202
27.786694,0.0408,-0.0339,0.1461,0.155
27.790807,0.1229,-0.0237,0.0864,0.152
27.795434,0.1621,-0.0245,0.0771,0.181
27.799360,0.1365,-0.0072,0.1275,0.187
27.807790,0.1235,0.0280,0.1667,0.209
27.812479,0.1182,0.0448,0.1261,0.179
27.818430,0.1844,0.0556,0.0266,0.194
27.820613,0.1733,0.0051,-0.0515,0.181
27.824661,0.0894,-0.0580,-0.0662,0.125
27.829018,0.0217,-0.0890,-0.0287,0.096
27.837503,0.0251,-0.0719,0.0468,0.089
27.841555,0.0456,-0.0819,0.1147,0.148
27.845838,0.0464,-0.0850,0.1111,0.147
27.850393,0.0188,-0.0946,0.0340,0.102
27.854328,0.0686,-0.0930,-0.0518,0.127
27.862641,0.1116,-0.0733,-0.0861,0.159
27.867692,0.1036,-0.0555,-0.0162,0.119
27.871330,0.1173,-0.0918,0.0867,0.172
27.876139,0.1612,-0.1026,0.1163,0.224
27.879435,0.2045,-0.0772,0.0627,0.227
27.887964,0.1693,-0.0262,0.0202,0.173
27.893217,0.1078,-0.0378,0.0657,0.132
27.896594,0.1683,-0.0582,0.1632,0.242
27.901982,0.2473,-0.0556,0.2207,0.336
27.904850,0.2036,-0.0150,0.2219,0.301
27.910445,0.1328,0.0274,0.1781,0.224
27.917726,0.0926,0.0282,0.1176,0.152
27.921888,0.0778,0.0522,0.0646,0.114
27.926088,0.0898,0.1118,0.0432,0.150
27.930213,0.1132,0.1472,0.0337,0.189
27.935662,0.2179,0.0975,0.0180,0.239
27.942828,0.2538,-0.0357,-0.0061,0.256
27.946979,0.2189,-0.1337,-0.0366,0.259
27.957402,0.3006,-0.1459,-0.0317,0.336
27.957755,0.3649,-0.1178,0.0551,0.387
27.959734,0.3604,-0.0981,0.1846,0.417
27.963903,0.2557,-0.0856,0.2536,0.370
27.973459,0.2291,-0.0701,0.1856,0.303
27.976585,0.3821,-0.0226,0.0109,0.383
27.980715,0.5074,0.0380,-0.1095,0.520
27.985054,0.4388,0.0700,-0.1021,0.456
27.989183,0.2848,0.0654,0.0070,0.292
27.997770,0.3116,0.0254,0.1286,0.338
28.002218,0.5353,0.0152,0.2060,0.574
28.006137,0.6620,0.0423,0.2311,0.702
28.010266,0.4561,0.0570,0.2259,0.512
28.014623,0.2316,0.0560,0.2141,0.320
28.023020,0.2820,0.0703,0.2064,0.357
28.027089,0.4593,0.1016,0.2098,0.515
28.031527,0.4249,0.1125,0.2084,0.486
28.036505,0.2802,0.0949,0.1872,0.350
28.039719,0.1853,0.0763,0.1313,0.240
28.045351,0.2344,0.0710,0.0772,0.257
28.052535,0.3687,0.0782,0.0682,0.383
28.058062,0.3289,0.0634,0.1065,0.351
28.060677,0.1038,-0.0027,0.1219,0.160
28.065130,0.0369,-0.0506,0.0622,0.088
28.069503,0.1495,-0.0818,-0.0388,0.175
28.077799,0.2625,-0.0669,-0.0975,0.288
28.082172,0.0864,-0.1204,-0.0829,0.170
28.086227,-0.1763,-0.1736,-0.0546,0.253
28.090408,-0.2420,-0.2179,-0.0718,0.333
28.094871,-0.1712,-0.1663,-0.1204,0.267
28.103043,-0.2030,-0.0900,-0.1495,0.268
28.107252,-0.4878,-0.1105,-0.1409,0.520
28.111767,-0.5793,-0.1724,-0.1217,0.617
28.115782,-0.3987,-0.2504,-0.1067,0.483
28.120072,-0.2748,-0.2556,-0.0914,0.386
28.124039,-0.5053,-0.2447,-0.0501,0.564
28.132766,-0.8720,-0.2723,0.0104,0.914
28.137038,-1.0282,-0.2653,0.0057,1.062
28.141175,-1.1331,-0.2221,-0.0176,1.155
28.146111,-1.1145,-0.1132,-0.0169,1.120
28.149471,-1.1722,-0.0546,0.0097,1.173
28.158412,-1.2450,-0.0529,0.0228,1.246
28.162062,-1.2046,-0.1092,0.0034,1.210
28.166792,-1.0787,-0.1852,-0.0082,1.095
28.170631,-1.0283,-0.3020,0.0043,1.072
28.175021,-1.1017,-0.4110,0.0146,1.176
28.178933,-1.0872,-0.4761,-0.0036,1.187
28.187383,-1.0846,-0.4664,-0.0327,1.181
28.191809,-1.1425,-0.3746,-0.0529,1.204
28.195939,-1.2214,-0.3152,-0.0589,1.263
28.200029,-1.1594,-0.3138,-0.0894,1.204
28.204303,-1.1864,-0.3649,-0.1557,1.251
28.213223,-1.2322,-0.3638,-0.2128,1.302
28.217149,-1.1435,-0.3775,-0.2130,1.223
28.221228,-1.1057,-0.4675,-0.1780,1.214
28.225332,-0.9614,-0.5385,-0.1737,1.116
28.229764,-0.8852,-0.6635,-0.2433,1.133
28.239238,-0.7685,-0.7131,-0.3972,1.121
28.242394,-0.6106,-0.6893,-0.5928,1.095
28.247898,-0.5102,-0.5778,-0.7170,1.053
28.250471,-0.5747,-0.5482,-0.6945,1.055
28.255124,-0.6052,-0.6096,-0.6015,1.049
28.259099,-0.3710,-0.7028,-0.5569,0.970
28.267600,-0.0045,-0.6973,-0.5700,0.901
28.271910,0.1053,-0.6652,-0.5775,0.887
28.276088,-0.0366,-0.6800,-0.5685,0.887
28.281387,0.1671,-0.6385,-0.5336,0.849
28.284316,0.5764,-0.5699,-0.4338,0.919
28.293776,0.9078,-0.4687,-0.3389,1.076
28.297049,0.6324,-0.4332,-0.3795,0.855
28.301563,0.2346,-0.4511,-0.5200,0.727
28.305251,0.3097,-0.4328,-0.6497,0.840
28.310931,0.7096,-0.3280,-0.6972,1.048
28.318291,0.7507,-0.2736,-0.6367,1.022
28.322361,0.5018,-0.2144,-0.5461,0.772
28.327210,0.5097,-0.1888,-0.4892,0.731
28.331282,0.7369,-0.1527,-0.3991,0.852
28.335921,0.8958,-0.1378,-0.2788,0.948
28.338998,0.8706,-0.1102,-0.1651,0.893
28.347554,0.7122,-0.0566,-0.0598,0.717
28.354147,0.8158,-0.0393,-0.0100,0.817
28.356186,1.1366,0.0397,0.0305,1.138
28.360869,1.1679,0.1477,0.0735,1.179
28.364458,0.8693,0.2376,0.1101,0.908
28.373207,0.6508,0.2805,0.0729,0.712
28.377392,0.7433,0.3484,-0.0086,0.821
28.381395,0.7231,0.4134,-0.0212,0.833
28.385500,0.5211,0.4722,0.0396,0.704
28.390142,0.3676,0.4532,0.0809,0.589
28.394052,0.3410,0.3790,0.0853,0.517
28.402746,0.4539,0.3229,0.1097,0.568
28.406660,0.4067,0.3112,0.2022,0.551
28.410987,0.3802,0.3031,0.3333,0.589
28.415100,0.3538,0.2827,0.4396,0.631
28.419277,0.3682,0.2613,0.4801,0.659
28.427620,0.3770,0.2813,0.4379,0.643
28.431955,0.2796,0.3371,0.3449,0.557
28.436111,0.0825,0.3735,0.2938,0.482
28.440216,0.0354,0.3602,0.2994,0.470
28.446386,0.0722,0.3505,0.3096,0.473
28.453105,-0.0239,0.3242,0.2914,0.437
28.456932,-0.0452,0.3159,0.2573,0.410
28.461544,-0.0889,0.2899,0.2522,0.394
28.465507,-0.0207,0.2665,0.2953,0.398
28.469775,0.0339,0.2191,0.3523,0.416
28.474324,-0.0024,0.1742,0.3753,0.414
28.482675,-0.0401,0.1596,0.3475,0.384
28.487772,0.0186,0.1670,0.3267,0.367
28.491529,0.0248,0.1540,0.3404,0.374
28.495549,-0.0659,0.1454,0.3614,0.395
28.499187,-0.1722,0.1350,0.3560,0.418
28.507813,-0.1530,0.1706,0.3283,0.400
28.512361,-0.1271,0.1704,0.3026,0.370
28.516382,-0.1147,0.1698,0.2685,0.338
28.520320,-0.1357,0.1471,0.2148,0.294
28.524618,-0.1839,0.1095,0.1598,0.267
28.533227,-0.1317,0.0946,0.1399,0.214
28.537535,-0.0912,0.0845,0.1902,0.227
28.541643,-0.1121,0.0497,0.2568,0.285
28.546730,-0.1396,0.0068,0.2780,0.311
28.550293,-0.1583,-0.0069,0.2437,0.291
28.554382,-0.1587,0.0314,0.2198,0.273
28.562761,-0.1185,0.0790,0.2594,0.296
28.567027,-0.1400,0.1066,0.3239,0.369
28.571027,-0.1744,0.0734,0.3321,0.382
28.575588,-0.1722,0.0644,0.2427,0.304
28.579481,-0.1378,0.1011,0.1307,0.215
28.588074,-0.1582,0.1109,0.0965,0.216
28.592161,-0.1551,0.0603,0.1660,0.235
28.596329,-0.2164,-0.0130,0.2833,0.357
28.601585,-0.2730,-0.0471,0.3553,0.451
28.605009,-0.2182,-0.0125,0.3658,0.426
28.608972,-0.1965,0.0637,0.3505,0.407
28.618455,-0.2126,0.0993,0.3461,0.418
28.621917,-0.3267,0.0917,0.3386,0.479
28.625806,-0.3644,0.0965,0.3025,0.483
28.630429,-0.3628,0.0955,0.2922,0.475
28.634671,-0.3177,0.0769,0.3410,0.472
28.642982,-0.3247,0.0408,0.4224,0.534
28.647201,-0.3318,0.0141,0.4539,0.562
28.651008,-0.2468,0.0064,0.4121,0.480
28.655465,-0.1355,0.0191,0.3258,0.353
28.659526,-0.1115,0.0519,0.2619,0.289
28.668115,-0.1713,0.1073,0.2546,0.325
28.672240,-0.1728,0.1031,0.2557,0.325
28.676547,-0.1354,0.0400,0.2209,0.262
28.680526,-0.0317,-0.0009,0.1518,0.155
28.684821,0.0025,0.0182,0.1259,0.127
28.689093,-0.0886,0.0145,0.1874,0.208
28.697922,-0.0304,-0.0391,0.2830,0.287
28.701868,0.0589,-0.0761,0.3379,0.351
28.706062,0.0067,-0.0374,0.3237,0.326
28.710083,-0.0444,0.0844,0.2878,0.303
28.714570,-0.0899,0.1530,0.2620,0.316
28.722984,-0.0345,0.1292,0.2284,0.265
28.727062,0.0750,0.1022,0.1790,0.219
28.731344,0.0577,0.0512,0.1122,0.136
28.735502,0.0085,0.0398,0.0694,0.080
28.739688,0.0485,0.0203,0.0866,0.101
28.748141,0.2408,-0.0196,0.1671,0.294
28.752246,0.3045,-0.0251,0.2438,0.391
28.756486,0.1951,-0.0556,0.2335,0.309
28.760587,0.2135,-0.0698,0.1220,0.256
28.764970,0.3815,-0.0282,0.0058,0.383
28.769067,0.3272,-0.0214,-0.0325,0.329
28.777475,0.1835,-0.0219,-0.0130,0.185
28.781759,0.1645,-0.0868,0.0161,0.187
28.786286,0.3081,-0.0979,0.0253,0.324
28.790292,0.4165,-0.0490,0.0438,0.422
28.794885,0.3205,-0.0300,0.0752,0.331
28.803323,0.2741,-0.0483,0.0984,0.295
28.807006,0.3181,-0.1025,0.0870,0.345
28.811933,0.4045,-0.1055,0.0599,0.422
28.815759,0.3660,-0.0821,0.0502,0.378
28.820166,0.3148,-0.0398,0.0536,0.322
28.823992,0.2971,-0.0186,0.0548,0.303
28.832563,0.3429,-0.0213,0.0338,0.345
28.837079,0.4190,-0.0431,-0.0131,0.421
28.840803,0.3960,-0.0694,-0.0529,0.406
28.845377,0.4019,-0.0491,-0.0590,0.409
28.849264,0.3925,-0.0609,-0.0020,0.397
28.857669,0.4369,-0.0858,0.0846,0.453
28.861950,0.4498,-0.1320,0.1256,0.485
28.866234,0.4445,-0.1159,0.1103,0.472
28.870984,0.4510,-0.0864,0.0684,0.464
28.875145,0.4805,-0.0436,0.0651,0.487
28.884284,0.4412,-0.0130,0.0913,0.451
28.887350,0.3996,0.0286,0.1106,0.416
28.892400,0.3861,0.0158,0.0647,0.392
28.895609,0.4755,-0.0124,-0.0217,0.476
28.899866,0.5370,-0.0249,-0.0912,0.545
28.904062,0.4588,-0.0356,-0.0803,0.467
28.912601,0.4127,-0.0435,-0.0051,0.415
28.916843,0.4804,-0.0708,0.0904,0.494
28.920956,0.5649,-0.0883,0.1532,0.592
28.925212,0.5186,-0.0454,0.1661,0.546
28.929499,0.3647,-0.0046,0.1367,0.389
28.937746,0.3603,0.0203,0.0645,0.367
28.942221,0.4921,0.0454,-0.0193,0.495
28.948385,0.5374,0.0799,-0.0568,0.546
28.950520,0.3858,0.0884,-0.0227,0.396
28.954876,0.2806,0.0927,0.0547,0.301
28.963208,0.3810,0.0836,0.1375,0.414
28.967418,0.5206,0.1015,0.2275,0.577
28.971620,0.4301,0.1044,0.2950,0.532
28.975912,0.2906,0.1179,0.3113,0.442
28.979979,0.3081,0.1295,0.2651,0.427
28.984284,0.4205,0.1722,0.1968,0.495
28.992992,0.3571,0.2120,0.1396,0.438
28.996944,0.1524,0.2492,0.1239,0.317
29.001085,0.0326,0.2116,0.1134,0.242
29.005472,0.0984,0.1285,0.0943,0.187
29.009514,0.1785,0.0789,0.0592,0.204
29.018209,0.1361,0.0585,0.0131,0.149
29.022131,0.0375,-0.0061,-0.0443,0.058
29.026416,0.0812,-0.0336,-0.1052,0.137
29.030588,0.1400,-0.0559,-0.1526,0.215
29.034895,0.0807,-0.0998,-0.2156,0.251
29.038969,-0.0227,-0.1708,-0.3258,0.369
29.048724,-0.1701,-0.3049,-0.4340,0.557
29.052794,-0.1333,-0.3923,-0.4166,0.588
29.056534,-0.0649,-0.4530,-0.2597,0.526
29.060012,-0.1737,-0.4909,-0.0748,0.526
29.064250,-0.3112,-0.4893,0.0083,0.580
29.074454,-0.2961,-0.4383,-0.0717,0.534
29.076837,-0.1819,-0.3362,-0.2856,0.477
29.081019,-0.0689,-0.2454,-0.5135,0.573
29.085534,-0.1781,-0.2490,-0.6855,0.751
29.089907,-0.2086,-0.3535,-0.7849,0.886
29.098247,0.0384,-0.5355,-0.7748,0.943
29.102191,0.3281,-0.7411,-0.6440,1.035
29.106644,0.3049,-0.8854,-0.4424,1.036
29.110739,0.2087,-0.8762,-0.2671,0.939
29.115009,0.1803,-0.7798,-0.2052,0.826
29.119426,0.2881,-0.6022,-0.2707,0.720
29.127668,0.3554,-0.4097,-0.4006,0.674
29.131814,0.1438,-0.2889,-0.5135,0.606
29.135900,0.0608,-0.2389,-0.6169,0.664
29.140144,0.2326,-0.2803,-0.6689,0.762
29.144582,0.3817,-0.3314,-0.5939,0.780
29.152985,0.2352,-0.3949,-0.3977,0.608
29.156807,0.1408,-0.4358,-0.1876,0.495
29.161183,0.2929,-0.4259,-0.1016,0.527
29.165921,0.4839,-0.3721,-0.1245,0.623
29.170019,0.5273,-0.2607,-0.2040,0.623
29.178024,0.4661,-0.1516,-0.2877,0.568
29.183013,0.5179,-0.0803,-0.3667,0.640
29.186484,0.6626,-0.0652,-0.3922,0.773
29.190669,0.6740,-0.0371,-0.3261,0.750
29.195016,0.5493,-0.0374,-0.1985,0.585
29.200001,0.5135,-0.0594,-0.0903,0.525
29.207538,0.6376,-0.0378,-0.0525,0.641
29.211829,0.6675,0.0221,-0.0372,0.669
29.217237,0.5425,0.0825,-0.0155,0.549
29.220209,0.5048,0.1275,-0.0141,0.521
29.224522,0.5549,0.1497,-0.0354,0.576
29.233024,0.5899,0.1783,-0.0447,0.618
29.237330,0.5315,0.2128,-0.0214,0.573
29.241379,0.4847,0.2822,0.0320,0.562
29.249059,0.4685,0.2879,0.0937,0.558
29.251348,0.5196,0.2677,0.1473,0.603
29.255438,0.5347,0.2761,0.1565,0.622
29.262865,0.4565,0.2903,0.1229,0.555
29.266820,0.4081,0.3363,0.0812,0.535
29.271344,0.4637,0.3899,0.0623,0.609
29.275163,0.5247,0.4084,0.0708,0.669
29.279674,0.5386,0.4266,0.0849,0.692
29.288219,0.5026,0.4268,0.0791,0.664
29.292094,0.5452,0.4240,0.0858,0.696
29.296646,0.5947,0.3878,0.1139,0.719
29.300223,0.5827,0.3724,0.1631,0.711
29.304631,0.5250,0.3996,0.2218,0.696
29.313483,0.4828,0.4491,0.2824,0.717
29.317247,0.5249,0.4758,0.3112,0.774
29.321611,0.5627,0.4958,0.2861,0.803
29.327174,0.5076,0.5269,0.2299,0.767
29.330016,0.4557,0.5616,0.1808,0.746
29.334320,0.4910,0.5776,0.1643,0.776
29.342482,0.5724,0.5843,0.1896,0.840
29.349281,0.5432,0.5837,0.2462,0.834
29.351171,0.4591,0.5746,0.2755,0.785
29.355616,0.4957,0.5516,0.2772,0.792
29.359328,0.5467,0.5044,0.2725,0.792
29.367904,0.5495,0.4727,0.2872,0.780
29.372096,0.4594,0.4742,0.2998,0.725
29.376260,0.4391,0.4969,0.2848,0.722
29.380372,0.5215,0.5043,0.2631,0.772
29.384676,0.5427,0.4790,0.2415,0.763
29.393459,0.4739,0.4531,0.2029,0.686
29.397440,0.4112,0.4280,0.1371,0.609
29.401646,0.4529,0.4258,0.0863,0.628
29.405691,0.4452,0.4250,0.0865,0.622
29.409915,0.3722,0.4138,0.1465,0.576
29.414345,0.2903,0.3772,0.2113,0.521
29.422633,0.2841,0.3468,0.2075,0.494
29.426869,0.2541,0.3089,0.1377,0.423
29.431208,0.1569,0.2315,0.0511,0.284
29.435270,0.1053,0.1795,-0.0060,0.208
29.439560,0.1450,0.1716,-0.0009,0.225
29.449114,0.1807,0.2023,0.0736,0.281
29.452204,0.1182,0.1962,0.1676,0.284
29.457001,0.0817,0.1508,0.1630,0.237
29.460383,0.1730,0.1323,0.0729,0.230
29.464723,0.2408,0.1147,-0.0201,0.267
29.469192,0.2664,0.0897,-0.0723,0.290
29.477337,0.1995,0.0280,-0.0972,0.224
29.481539,0.2181,-0.0011,-0.1090,0.244
29.485918,0.2949,-0.0190,-0.1270,0.322
29.491032,0.3108,-0.0610,-0.1487,0.350
29.494295,0.2564,-0.1137,-0.1705,0.328
29.502615,0.1542,-0.1519,-0.1745,0.278
29.508237,0.2340,-0.1449,-0.1519,0.314
29.511390,0.2944,-0.1162,-0.1174,0.338
29.515436,0.3139,-0.0846,-0.0665,0.332
29.519572,0.2744,-0.0864,-0.0443,0.291
29.527874,0.2906,-0.0865,-0.0885,0.316
29.532446,0.3924,-0.0893,-0.1787,0.440
29.536615,0.3827,-0.0778,-0.2389,0.458
29.540754,0.3541,-0.0744,-0.2235,0.425
29.544817,0.3985,-0.0612,-0.1550,0.432
29.550424,0.4254,-0.0397,-0.0847,0.436
29.557550,0.4547,-0.0176,-0.0354,0.456
29.561722,0.4179,-0.0383,-0.0266,0.420
29.565933,0.4147,-0.0529,-0.0345,0.420
29.570159,0.4655,-0.0501,-0.0197,0.469
29.575612,0.4956,-0.0318,0.0372,0.498
29.582881,0.4514,-0.0098,0.1183,0.467
29.586996,0.4205,0.0131,0.1496,0.447
29.591351,0.4612,0.0354,0.0979,0.473
29.595629,0.4772,0.0493,-0.0224,0.480
29.599675,0.4316,0.0552,-0.1595,0.463
29.608096,0.3201,-0.0001,-0.2695,0.418
29.612445,0.3072,-0.0727,-0.3195,0.449
29.616662,0.3148,-0.1510,-0.3344,0.483
29.620648,0.2294,-0.1851,-0.3818,0.482
29.625011,0.1789,-0.1576,-0.4243,0.487
29.629367,0.3113,-0.1278,-0.3775,0.506
29.637657,0.4428,-0.1674,-0.2189,0.522
29.641896,0.1343,-0.2037,-0.0344,0.246
29.646175,-0.2814,-0.2183,0.0995,0.370
29.651089,-0.2274,-0.2141,0.2442,0.396
29.654492,0.2039,-0.1261,0.3816,0.451
29.662728,0.1523,0.0189,0.4670,0.492
29.667147,-0.3550,0.1541,0.5126,0.642
29.671498,-0.2469,0.1416,0.4804,0.558
29.675624,0.3865,0.1189,0.3335,0.524
29.679626,0.8032,0.1323,0.1697,0.832
29.684254,0.5397,0.1996,0.1223,0.588
29.692835,0.1223,0.2075,0.2196,0.326
29.696623,0.3067,0.2146,0.3352,0.502
29.701131,0.7372,0.2043,0.4061,0.866
29.705025,0.8000,0.2746,0.4746,0.970
29.709310,0.5078,0.3125,0.5387,0.804
29.717926,0.4433,0.2648,0.4896,0.712
29.722903,0.6472,0.1763,0.3075,0.738
29.726320,0.8476,0.2601,0.2118,0.912
29.731089,0.7324,0.3819,0.3282,0.889
29.734962,0.5407,0.3977,0.5412,0.862
29.743061,0.4885,0.3002,0.5805,0.816
29.750769,0.8457,0.2987,0.3965,0.981
29.751601,0.9666,0.3993,0.2241,1.070
29.757404,0.8579,0.3854,0.2410,0.971
29.759722,0.7536,0.1982,0.3049,0.837
29.764606,1.0356,0.1568,0.3117,1.093
29.772756,1.3431,0.2768,0.3353,1.412
29.776888,1.2644,0.3382,0.4372,1.380
29.781934,0.9908,0.2103,0.4061,1.091
29.785206,1.0130,0.1910,0.2406,1.059
29.789580,1.3107,0.3558,0.1875,1.371
29.799048,1.2269,0.3952,0.3349,1.332
29.802193,0.8380,0.1799,0.4115,0.951
29.806348,0.8240,0.1188,0.2995,0.885
29.810434,1.0033,0.2675,0.2415,1.066
29.814617,1.1224,0.3847,0.3792,1.246
29.822935,0.7884,0.2546,0.5038,0.970
29.827178,0.5501,0.1059,0.4115,0.695
29.831330,0.5757,0.1852,0.2187,0.643
29.835556,0.8344,0.3377,0.2100,0.924
29.839759,0.8420,0.3244,0.4022,0.988
29.843990,0.5129,0.2252,0.5985,0.820
29.852543,0.1899,0.3099,0.7702,0.852
29.856875,0.0693,0.3623,0.9452,1.015
29.860879,0.3594,0.2588,0.9516,1.050
29.865100,0.3802,0.1106,0.7796,0.874
29.869300,0.2035,0.1318,0.6197,0.665
29.878120,0.1557,0.2839,0.6343,0.712
29.882113,0.3214,0.3928,0.7428,0.900
29.886605,0.4881,0.3587,0.8303,1.028
29.890404,0.5538,0.3781,0.8370,1.072
29.894881,0.3934,0.4453,0.7872,0.986
29.899112,0.1645,0.4463,0.6761,0.827
29.907565,0.1778,0.3475,0.5257,0.655
29.911734,0.1269,0.2210,0.4389,0.508
29.915806,0.0366,0.2390,0.4326,0.496
29.920164,-0.1035,0.2831,0.4952,0.580
29.924672,-0.2208,0.2708,0.5645,0.664
29.932958,-0.3368,0.1685,0.5597,0.675
29.937068,-0.3154,0.1378,0.4418,0.560
29.941105,-0.1889,0.1516,0.3492,0.425
29.945300,-0.1801,0.0821,0.3668,0.417
29.952122,-0.1724,0.0186,0.4378,0.471
29.959169,-0.1554,-0.0068,0.4462,0.472
29.962428,-0.0416,0.0111,0.3685,0.371
29.966471,0.0901,-0.0073,0.2460,0.262
29.970566,0.0157,-0.0572,0.1203,0.134
29.975020,-0.0379,-0.0789,-0.0002,0.087
29.978860,-0.0145,-0.0958,-0.0681,0.118
29.987415,0.0838,-0.1292,-0.0499,0.162
29.992015,-0.0053,-0.2129,0.0004,0.213
29.996283,-0.1542,-0.2300,0.0187,0.278
29.999961,-0.1923,-0.1966,0.0191,0.276
30.004330,-0.1903,-0.1796,0.0532,0.267
30.012957,-0.2776,-0.2261,0.1028,0.372
30.017038,-0.4693,-0.2733,0.1007,0.552
30.021424,-0.5058,-0.2599,0.0493,0.571
30.025367,-0.4145,-0.2592,-0.0038,0.489
30.029779,-0.4280,-0.2619,-0.0212,0.502
30.038400,-0.5190,-0.2582,-0.0111,0.580
30.042883,-0.6036,-0.2354,0.0031,0.648
30.046641,-0.6419,-0.2760,-0.0289,0.699
30.050759,-0.5732,-0.3064,-0.1017,0.658
30.055506,-0.5276,-0.3257,-0.1514,0.638
30.058992,-0.5984,-0.3569,-0.1476,0.712
30.067666,-0.5831,-0.3675,-0.1313,0.702
30.073708,-0.4726,-0.4258,-0.1439,0.652
30.075987,-0.4127,-0.4595,-0.1642,0.639
30.080222,-0.4026,-0.4748,-0.1813,0.648
30.084682,-0.3747,-0.4883,-0.2110,0.651
30.093075,-0.3112,-0.4977,-0.2371,0.633
30.097171,-0.3506,-0.4800,-0.2231,0.635
30.101425,-0.3577,-0.4347,-0.1779,0.590
30.105359,-0.3618,-0.3684,-0.1326,0.533
30.110276,-0.4583,-0.3222,-0.1185,0.573
30.118204,-0.5555,-0.3483,-0.1484,0.672
30.122447,-0.5485,-0.3735,-0.2315,0.703
30.126564,-0.4483,-0.3532,-0.2770,0.634
30.130755,-0.4600,-0.3496,-0.2365,0.624
30.135222,-0.4963,-0.3723,-0.1475,0.638
30.139063,-0.4735,-0.4171,-0.0997,0.639
30.147790,-0.3592,-0.3747,-0.0780,0.525
30.152704,-0.2585,-0.3188,-0.0523,0.414
30.156082,-0.2007,-0.2919,-0.0369,0.356
30.160476,-0.1531,-0.3053,-0.0903,0.353
30.164484,-0.0963,-0.3276,-0.1672,0.380
30.173703,-0.0068,-0.3291,-0.2081,0.389
30.177128,0.0178,-0.2979,-0.2019,0.360
30.182006,-0.0670,-0.2698,-0.1677,0.325
30.185723,-0.1367,-0.2484,-0.1227,0.309
30.190975,-0.1631,-0.2281,-0.0830,0.292
30.194553,-0.2181,-0.2130,-0.0666,0.312
30.202403,-0.2613,-0.2158,-0.0763,0.347
30.207552,-0.2980,-0.2189,-0.1129,0.387
30.210805,-0.2831,-0.2055,-0.1478,0.380
30.215572,-0.2630,-0.1828,-0.1441,0.351
30.219423,-0.2530,-0.1713,-0.0856,0.317
30.227848,-0.3086,-0.1976,-0.0220,0.367
30.232492,-0.3369,-0.1958,-0.0364,0.391
30.236291,-0.3307,-0.2071,-0.1258,0.410
30.240863,-0.2887,-0.2473,-0.2125,0.436
30.244967,-0.2150,-0.2798,-0.2449,0.429
30.253285,-0.2516,-0.3079,-0.1989,0.445
30.260221,-0.2233,-0.2857,-0.1342,0.387
30.261959,-0.0819,-0.2579,-0.1137,0.294
30.265956,-0.0437,-0.2406,-0.1478,0.286
30.269992,-0.0221,-0.2509,-0.1787,0.309
30.274106,-0.0023,-0.2815,-0.1761,0.332
30.282710,0.0835,-0.3139,-0.1345,0.352
30.286735,0.1914,-0.3208,-0.0880,0.384
30.291196,0.2098,-0.2930,-0.0594,0.365
30.295516,0.1641,-0.2290,-0.0585,0.288
30.299485,0.1550,-0.1696,-0.0575,0.237
30.307960,0.1722,-0.1410,-0.0331,0.225
30.312372,0.1482,-0.1183,0.0192,0.191
30.316430,0.0677,-0.0961,0.0946,0.151
30.320553,0.0568,-0.0787,0.1269,0.160
30.324806,0.1444,-0.0442,0.1080,0.186
30.333470,0.1385,0.0272,0.1155,0.182
30.337345,0.0485,0.1200,0.2244,0.259
30.341707,0.0435,0.2065,0.4141,0.465
30.346721,0.1258,0.2373,0.5756,0.635
30.352509,0.2420,0.2219,0.6360,0.716
30.354747,0.2879,0.2021,0.5795,0.678
30.363506,0.2335,0.2228,0.4790,0.578
30.366816,0.2143,0.2993,0.4341,0.569
30.371363,0.3257,0.3459,0.4950,0.686
30.375471,0.3282,0.3676,0.5946,0.772
30.380500,0.1512,0.4012,0.6393,0.770
30.387920,0.1186,0.3889,0.6059,0.730
30.392433,0.2045,0.3788,0.5041,0.663
30.396621,0.2846,0.3305,0.4014,0.593
30.400685,0.1858,0.2551,0.3535,0.474
30.404828,0.1056,0.2005,0.3314,0.402
30.408997,0.1160,0.1857,0.3176,0.386
30.417601,0.0896,0.1967,0.2982,0.368
30.421940,-0.0362,0.1565,0.2488,0.296
30.426251,-0.1782,0.0858,0.1414,0.243
30.430049,-0.2022,-0.0220,-0.0150,0.204
30.434524,-0.1312,-0.1449,-0.1364,0.238
30.442713,-0.2109,-0.2750,-0.1595,0.381
30.446774,-0.3118,-0.3882,-0.1077,0.509
30.450975,-0.1826,-0.3861,-0.0480,0.430
30.455371,-0.1497,-0.4046,0.0327,0.433
30.459375,-0.2187,-0.4789,0.1202,0.540
30.467967,-0.2596,-0.5000,0.1350,0.579
30.472248,-0.1101,-0.3227,0.0734,0.349
30.476370,0.0283,-0.1800,0.0240,0.184
30.480436,0.0085,-0.1245,-0.0065,0.125
30.484816,0.0005,-0.0388,-0.0447,0.059
30.488886,0.0680,0.0367,-0.0659,0.102
30.497636,0.2081,0.0645,-0.0604,0.226
30.501663,0.3020,0.0920,-0.0074,0.316
30.505899,0.1666,-0.0192,0.0500,0.175
30.510138,0.1780,-0.0964,0.0859,0.220
30.514369,0.1602,-0.1562,0.0726,0.235
30.522776,0.0907,-0.1806,0.0244,0.204
30.526921,0.1183,-0.1614,-0.0432,0.205
30.531418,0.1249,-0.0699,-0.0794,0.164
30.535443,0.1367,0.0472,-0.0957,0.173
30.539540,0.0603,0.0839,-0.1063,0.148
30.548210,0.0391,0.0254,-0.1250,0.133
30.552301,0.0187,-0.0161,-0.1216,0.124
30.556557,-0.0103,-0.0569,-0.0839,0.102
30.560724,0.0954,-0.0499,-0.0791,0.134
30.565127,0.1674,-0.0697,-0.1183,0.217
30.569300,0.2005,-0.0514,-0.1478,0.254
30.577565,0.2647,-0.0491,-0.1148,0.293
30.581880,0.2249,-0.0429,-0.0280,0.231
30.586165,0.2375,-0.0383,0.0261,0.242
30.590188,0.2202,-0.0764,0.0192,0.234
30.594559,0.1933,-0.1203,-0.0205,0.229
30.603000,0.1403,-0.1672,-0.0444,0.223
30.606924,0.0169,-0.1843,-0.0471,0.191
30.611338,0.0746,-0.0762,0.0481,0.117
30.615493,0.1142,-0.0312,0.2000,0.232
30.620166,0.0964,-0.0370,0.2818,0.300
30.623862,-0.0171,-0.0318,0.2534,0.256
30.632451,-0.1255,0.0115,0.1997,0.236
30.637499,-0.0337,0.0707,0.1734,0.190
30.640718,0.0305,0.0644,0.1817,0.195
30.645400,-0.0870,0.0478,0.2262,0.247
30.649479,-0.1286,0.0752,0.2994,0.334
30.657698,-0.0513,0.1038,0.3771,0.394
30.661936,0.1042,0.1180,0.4319,0.460
30.665892,0.0454,0.0357,0.5717,0.575
30.671224,-0.0109,-0.0450,0.8112,0.812
30.674431,0.0870,0.0228,1.0273,1.031
30.683595,0.3089,0.1991,1.0652,1.127
30.687137,0.3603,0.3919,0.9022,1.048
30.692070,0.2877,0.5404,0.6598,0.900
30.695694,0.3049,0.6347,0.4478,0.834
30.700495,0.4092,0.6248,0.3409,0.821
30.704041,0.3559,0.5114,0.3566,0.718
30.712712,0.1592,0.3594,0.5211,0.653
30.717197,0.0652,0.2107,0.7637,0.795
30.720875,0.1473,0.1388,0.9638,0.985
30.726135,0.1060,0.0915,1.0291,1.039
30.729483,-0.4743,0.0708,0.6411,0.801
30.737879,0.1430,0.3242,0.1886,0.401
30.742248,0.6358,0.3676,0.0613,0.737
30.746524,-0.1677,0.2072,0.1590,0.310
30.750902,-0.6480,0.0493,0.1971,0.679
30.754901,-0.0369,-0.0758,0.3453,0.355
30.763653,0.6529,-0.1443,0.6286,0.918
30.767978,1.2820,0.0720,0.9643,1.606
30.771415,-0.3677,-0.4355,1.1153,1.252
30.775669,-0.3574,-0.5296,0.8729,1.082
30.780615,0.9080,-0.3424,0.5309,1.106
30.784316,0.8371,-0.1542,0.4328,0.955
30.792553,0.2812,-0.1283,0.5103,0.597
30.796707,-0.8477,-0.1415,0.5698,1.031
30.800968,-0.1142,-0.2537,0.3833,0.474
30.805559,0.7437,-0.1241,0.2222,0.786
30.809586,-0.2907,-0.3336,0.2318,0.500
30.817918,-1.0199,-0.5456,0.3731,1.215
30.822041,-0.8497,-0.3933,0.3393,0.996
30.826305,-0.1103,-0.5492,0.2396,0.609
30.830528,0.3302,-0.3526,0.3954,0.624
30.834864,-0.3862,-0.3738,0.5304,0.755
30.838951,-0.6254,-0.3271,0.4941,0.862
30.847434,-0.1472,-0.3028,0.3083,0.456
30.854086,0.4162,-0.3260,0.3130,0.614
30.856268,-0.1618,-0.5154,0.4026,0.674
30.861043,-0.9221,-0.6008,0.3424,1.153
30.864216,-0.5170,-0.5650,0.1868,0.788
30.873091,0.7774,-0.5166,0.1655,0.948
30.876938,0.4629,-0.6822,0.2002,0.848
30.881155,-0.7860,-0.6689,0.2446,1.061
30.885408,-0.6448,-0.7104,0.1257,0.968
30.889628,0.5010,-0.6910,-0.1113,0.861
30.898271,0.4576,-0.8649,-0.2792,1.018
30.902141,-0.4852,-0.7967,-0.2541,0.967
30.907027,-0.6467,-0.8183,-0.1636,1.056
30.911220,-0.2216,-0.8458,-0.0281,0.875
30.914799,0.6250,-0.8773,0.2074,1.097
30.919451,0.0658,-0.8346,0.5381,0.995
30.928811,-0.9383,-0.7088,0.6217,1.330
30.931575,-0.6677,-0.6156,0.3707,0.981
30.935641,0.2203,-0.8679,0.1741,0.912
30.939859,0.7631,-0.6275,-0.0613,0.990
30.945186,-0.8419,-0.5540,-0.2215,1.032
30.954004,-0.6995,-0.3984,-0.3490,0.877
30.957290,0.7108,-0.3061,-0.3188,0.837
30.962581,0.4009,-0.5884,-0.0346,0.713
30.965353,-0.2780,-0.6515,0.3973,0.812
30.969555,-0.5770,-0.7474,0.5615,1.099
30.979075,0.1006,-0.7112,0.4959,0.873
30.982259,0.4737,-0.7320,0.4556,0.984
30.986516,0.2379,-0.6520,0.4954,0.853
30.990669,-0.3846,-0.5496,0.3954,0.779
30.995254,-0.2324,-0.2822,0.2146,0.424
30.999243,0.2443,-0.3363,0.1582,0.445
31.007581,0.2235,-0.5060,0.1975,0.587
31.011966,-0.5470,-0.4767,0.1655,0.744
31.016281,-0.7760,-0.4455,0.2035,0.918
31.020226,-0.0462,-0.4904,0.3289,0.592
31.024398,0.1212,-0.4065,0.4668,0.631
31.032929,-0.4849,-0.2764,0.6358,0.846
31.037205,-0.6321,-0.2063,0.7074,0.971
31.041286,0.0543,-0.2670,0.5180,0.585
31.045795,0.1284,-0.2616,0.3122,0.427
31.049758,-0.3903,-0.3369,0.3273,0.611
31.054142,-0.8745,-0.3893,0.4745,1.068
31.062848,0.0182,-0.3637,0.5426,0.654
31.066628,0.3074,-0.3155,0.6317,0.770
31.071133,-0.0691,-0.1959,0.6894,0.720
31.075081,-0.3080,-0.1933,0.5611,0.669
31.080211,-0.2229,-0.2809,0.3148,0.477
31.087955,0.1080,-0.4490,0.1279,0.479
31.091986,0.2249,-0.6004,0.1222,0.653
31.096213,-0.1089,-0.5463,0.3311,0.648
31.100263,-0.3288,-0.4701,0.5166,0.772
31.104658,0.2489,-0.3730,0.6178,0.763
31.113197,0.4568,-0.2885,0.6759,0.865
31.117100,0.0722,-0.3060,0.7513,0.814
31.121503,-0.4905,-0.4133,0.5876,0.870
31.125906,0.1220,-0.4103,0.3120,0.530
31.129960,0.5129,-0.3374,0.2833,0.676
31.134802,0.1999,-0.2712,0.5053,0.607
31.142748,-0.1531,-0.2067,0.7890,0.830
31.146674,0.0801,-0.2797,0.8016,0.853
31.151151,0.5374,-0.2388,0.6739,0.894
31.155615,0.4415,-0.2207,0.5869,0.767
31.159634,-0.1813,-0.2275,0.4895,0.569
31.167955,-0.1456,-0.2490,0.4052,0.497
31.171987,0.1637,-0.3841,0.3459,0.542
31.176517,0.2949,-0.1884,0.4136,0.542
31.180431,-0.0010,-0.0482,0.6989,0.701
31.185145,-0.1332,-0.0679,1.0539,1.064
31.193797,0.0071,-0.3832,1.0384,1.107
31.197548,-0.0157,-0.4677,0.6088,0.768
31.201876,0.2021,-0.3529,0.2154,0.460
31.205808,0.0929,-0.2757,0.2790,0.403
31.210285,0.1346,-0.2887,0.5951,0.675
31.214335,0.2434,-0.3034,0.8341,0.920
31.222724,0.1134,-0.0685,0.7425,0.754
31.227074,0.1918,-0.0043,0.3701,0.417
31.231435,0.1470,-0.1988,0.0299,0.249
31.236418,0.2659,-0.4338,-0.1080,0.520
31.239419,0.0110,-0.4423,0.0247,0.443
31.247950,-0.0634,-0.3283,0.3713,0.500
31.254676,0.2535,-0.5747,0.7645,0.989
31.256829,0.3290,-0.6518,0.9145,1.170
31.261220,0.2638,-0.4760,0.7446,0.922
31.264787,-0.0912,-0.3366,0.3832,0.518
31.269377,0.0021,-0.2951,-0.0435,0.298
31.277487,0.0771,-0.4026,-0.2630,0.487
31.281698,0.3174,-0.3549,-0.0711,0.481
31.285856,0.0684,-0.4259,0.2529,0.500
31.290077,0.0244,-0.4843,0.4444,0.658
31.294862,0.2593,-0.5737,0.5006,0.804
31.302716,0.2187,-0.5751,0.5426,0.820
31.307107,0.1060,-0.4697,0.5689,0.745
31.311321,0.0466,-0.3892,0.4942,0.631
31.315286,0.1928,-0.3247,0.3494,0.514
31.319726,0.1302,-0.3373,0.2330,0.430
31.327937,0.0243,-0.3240,0.1728,0.368
31.332155,0.1823,-0.1913,0.2229,0.346
31.336241,0.3842,-0.1896,0.4423,0.616
31.340540,0.4629,-0.2475,0.6979,0.873
31.345008,0.1571,-0.3863,0.7878,0.891
31.349071,0.0582,-0.3155,0.6261,0.703
31.357757,0.4148,-0.3353,0.3675,0.648
31.362280,0.2884,-0.3949,0.2206,0.536
31.366046,0.0407,-0.3639,0.1506,0.396
31.370425,-0.0075,-0.2432,0.2325,0.336
31.374774,0.3604,-0.0899,0.4583,0.590
31.382759,0.1221,-0.2894,0.7185,0.784
31.387104,-0.3052,-0.4633,0.7513,0.934
31.391321,-0.2045,-0.4423,0.6231,0.791
31.395844,-0.0338,-0.4724,0.3881,0.612
31.399743,0.1481,-0.3559,0.2069,0.437
31.408019,0.0460,-0.2842,0.1970,0.349
31.412570,-0.2025,-0.2173,0.3817,0.484
31.416415,-0.1169,-0.1696,0.6181,0.652
31.421459,-0.0988,-0.2672,0.6390,0.700
31.425082,-0.0344,-0.4235,0.3789,0.569
31.430104,-0.2137,-0.5938,0.1602,0.651
31.437764,-0.5194,-0.5144,-0.1206,0.741
31.441616,-0.1354,-0.4539,-0.7182,0.860
31.446143,0.0322,-0.3972,-0.4640,0.612
31.450365,-0.1525,-0.2873,-0.1636,0.364
31.457641,-0.2750,-0.2766,0.0777,0.398
31.462936,-0.1631,-0.2198,0.4028,0.487
31.467059,0.1359,-0.3175,0.8051,0.876
31.472116,-0.1089,-0.2640,1.1671,1.202
31.475803,-0.2343,-0.2757,1.4273,1.472
31.479867,-0.1689,-0.5012,1.4103,1.506
31.484005,-0.1551,-0.5380,1.0699,1.207
31.492779,-0.0215,-0.3823,0.8175,0.903
31.496892,-0.1491,-0.1719,0.7288,0.763
31.500935,0.1856,0.0649,0.6819,0.710
31.505252,0.2334,-0.0211,0.5689,0.615
31.509964,0.1355,0.0078,0.3897,0.413
31.517690,-0.0866,-0.0127,0.2259,0.242
31.522645,-0.0863,-0.0922,-0.0067,0.126
31.527861,0.1991,-0.0320,-0.3096,0.369
31.531289,0.1443,0.0086,-0.3304,0.361
31.534503,-0.2420,-0.1661,0.1054,0.312
31.544007,0.0330,-0.2038,0.7355,0.764
