time,gFx,gFy,gFz,TgF
0.001537,0.4844,0.0049,1.0011,1.112
0.001724,0.4654,-0.0073,0.9923,1.096
0.001807,0.4634,-0.0093,0.9869,1.090
0.016444,0.4742,-0.0010,0.9879,1.096
0.016707,0.4888,0.0015,0.9947,1.108
0.016840,0.4937,-0.0044,1.0035,1.118
0.016971,0.4869,-0.0117,1.0074,1.119
0.017156,0.4781,-0.0127,0.9884,1.098
0.017261,0.4708,-0.0015,0.9327,1.045
0.017355,0.4649,0.0132,0.8761,0.992
0.017462,0.4678,0.0278,0.8443,0.966
0.020404,0.4834,0.0366,0.8199,0.953
0.022317,0.4976,0.0518,0.8067,0.949
0.023187,0.5035,0.0576,0.7838,0.933
0.025085,0.5049,0.0635,0.7550,0.910
0.027139,0.5010,0.0620,0.7369,0.893
0.029179,0.4991,0.0566,0.7296,0.886
0.031973,0.5035,0.0586,0.7169,0.878
0.033427,0.5088,0.0576,0.7105,0.876
0.035841,0.5123,0.0547,0.7110,0.878
0.038230,0.5171,0.0459,0.7174,0.886
0.040022,0.5225,0.0415,0.7281,0.897
0.041947,0.5269,0.0420,0.7423,0.911
0.044896,0.5259,0.0396,0.7667,0.931
0.046199,0.5225,0.0342,0.7867,0.945
0.048656,0.5196,0.0264,0.8101,0.963
0.050416,0.5206,0.0190,0.8424,0.990
0.052626,0.5259,0.0146,0.8736,1.020
0.055142,0.5313,0.0103,0.9054,1.050
0.057086,0.5357,0.0088,0.9342,1.077
0.058817,0.5342,0.0054,0.9498,1.090
0.066220,0.5279,-0.0029,0.9620,1.097
0.066389,0.5210,-0.0107,0.9752,1.106
0.066509,0.5171,-0.0156,0.9820,1.110
0.067213,0.5157,-0.0112,0.9815,1.109
0.069391,0.5147,-0.0034,0.9776,1.105
0.071223,0.5132,0.0024,0.9718,1.099
0.073398,0.5079,0.0034,0.9630,1.089
0.075332,0.5020,0.0054,0.9474,1.072
0.077991,0.4986,0.0112,0.9278,1.053
0.080754,0.4932,0.0171,0.9034,1.029
0.082321,0.4903,0.0200,0.8819,1.009
0.084162,0.4908,0.0225,0.8614,0.992
0.089350,0.4913,0.0264,0.8429,0.976
0.089629,0.4903,0.0303,0.8243,0.960
0.090818,0.4917,0.0361,0.8101,0.948
0.092526,0.4932,0.0405,0.7989,0.940
0.095243,0.4937,0.0420,0.7911,0.933
0.096932,0.4947,0.0425,0.7857,0.929
0.099209,0.4957,0.0430,0.7799,0.925
0.100967,0.4991,0.0420,0.7794,0.926
0.103624,0.5040,0.0420,0.7847,0.934
0.105601,0.5074,0.0405,0.7901,0.940
0.107649,0.5103,0.0376,0.8004,0.950
0.109222,0.5118,0.0361,0.8145,0.963
0.111607,0.5137,0.0347,0.8282,0.975
0.114044,0.5157,0.0327,0.8448,0.990
0.115912,0.5162,0.0298,0.8624,1.006
0.117743,0.5171,0.0264,0.8800,1.021
0.120917,0.5181,0.0230,0.8961,1.035
0.122167,0.5176,0.0195,0.9078,1.045
0.124202,0.5152,0.0156,0.9176,1.052
0.126147,0.5132,0.0117,0.9239,1.057
0.128940,0.5113,0.0112,0.9273,1.059
0.131000,0.5093,0.0107,0.9293,1.060
0.132715,0.5074,0.0093,0.9264,1.056
0.134627,0.5049,0.0083,0.9210,1.050
0.138499,0.5040,0.0093,0.9132,1.043
0.138857,0.5035,0.0117,0.9019,1.033
0.141134,0.5020,0.0127,0.8893,1.021
0.143146,0.5015,0.0146,0.8780,1.011
0.145375,0.5010,0.0171,0.8658,1.000
0.147273,0.5015,0.0190,0.8531,0.990
0.149196,0.5020,0.0220,0.8443,0.983
0.151426,0.5020,0.0234,0.8370,0.976
0.155154,0.5035,0.0249,0.8311,0.972
0.155440,0.5044,0.0278,0.8267,0.969
0.158247,0.5054,0.0293,0.8238,0.967
0.160439,0.5074,0.0293,0.8228,0.967
0.162117,0.5069,0.0298,0.8233,0.967
0.164374,0.5059,0.0303,0.8248,0.968
0.166789,0.5074,0.0308,0.8267,0.971
0.169032,0.5079,0.0308,0.8336,0.977
0.172217,0.5088,0.0293,0.8404,0.983
0.172947,0.5098,0.0293,0.8473,0.989
0.175106,0.5108,0.0288,0.8560,0.997
0.177298,0.5113,0.0269,0.8639,1.004
0.181103,0.5118,0.0254,0.8717,1.011
0.181369,0.5127,0.0239,0.8780,1.017
0.183758,0.5127,0.0239,0.8853,1.023
0.185773,0.5132,0.0230,0.8907,1.028
0.188091,0.5113,0.0225,0.8932,1.029
0.189631,0.5103,0.0220,0.8966,1.032
0.191965,0.5093,0.0225,0.8956,1.031
0.194094,0.5074,0.0225,0.8936,1.028
0.196871,0.5054,0.0220,0.8907,1.024
0.198111,0.5035,0.0215,0.8853,1.019
0.200147,0.5035,0.0205,0.8809,1.015
0.202980,0.5020,0.0210,0.8726,1.007
0.204424,0.5010,0.0210,0.8658,1.001
0.206274,0.5010,0.0215,0.8600,0.995
0.208487,0.5010,0.0220,0.8521,0.989
0.212125,0.5020,0.0225,0.8477,0.985
0.213726,0.5020,0.0220,0.8438,0.982
0.214750,0.5035,0.0215,0.8409,0.980
0.217068,0.5059,0.0230,0.8409,0.982
0.219691,0.5069,0.0234,0.8414,0.983
0.223260,0.5079,0.0225,0.8424,0.984
0.223517,0.5103,0.0225,0.8443,0.987
0.225554,0.5118,0.0234,0.8473,0.990
0.227427,0.5123,0.0244,0.8526,0.995
0.229241,0.5132,0.0244,0.8556,0.998
0.231482,0.5132,0.0239,0.8600,1.002
0.233499,0.5127,0.0234,0.8639,1.005
0.235867,0.5118,0.0225,0.8683,1.008
0.238224,0.5098,0.0220,0.8726,1.011
0.240131,0.5093,0.0215,0.8761,1.014
0.242438,0.5088,0.0230,0.8785,1.015
0.244774,0.5079,0.0234,0.8790,1.015
0.246628,0.5079,0.0239,0.8800,1.016
0.248490,0.5054,0.0234,0.8795,1.015
0.250763,0.5059,0.0239,0.8770,1.013
0.253564,0.5054,0.0254,0.8761,1.012
0.255023,0.5044,0.0269,0.8736,1.009
0.257095,0.5040,0.0264,0.8692,1.005
0.259286,0.5030,0.0259,0.8668,1.002
0.261672,0.5025,0.0259,0.8648,1.001
0.264460,0.5020,0.0254,0.8609,0.997
0.265624,0.5025,0.0254,0.8565,0.993
0.267619,0.5020,0.0244,0.8546,0.991
0.269971,0.5025,0.0249,0.8516,0.989
0.271812,0.5040,0.0249,0.8521,0.990
0.274052,0.5054,0.0244,0.8507,0.990
0.276003,0.5059,0.0225,0.8497,0.989
0.278326,0.5074,0.0225,0.8512,0.991
0.280254,0.5084,0.0225,0.8521,0.993
0.282377,0.5093,0.0220,0.8536,0.994
0.284413,0.5103,0.0205,0.8575,0.998
0.289918,0.5113,0.0220,0.8604,1.001
0.290231,0.5127,0.0220,0.8629,1.004
0.290814,0.5142,0.0220,0.8658,1.007
0.292861,0.5137,0.0210,0.8692,1.010
0.295201,0.5118,0.0210,0.8717,1.011
0.297085,0.5103,0.0220,0.8726,1.011
0.299271,0.5084,0.0210,0.8736,1.011
0.301297,0.5079,0.0200,0.8746,1.012
0.303976,0.5074,0.0205,0.8770,1.013
0.305789,0.5069,0.0220,0.8770,1.013
0.307827,0.5054,0.0230,0.8761,1.012
0.309536,0.5020,0.0220,0.8741,1.008
0.312093,0.5030,0.0230,0.8692,1.005
0.313638,0.5025,0.0234,0.8673,1.003
0.315775,0.5030,0.0244,0.8658,1.002
0.318174,0.5040,0.0254,0.8634,1.000
0.320280,0.5044,0.0254,0.8609,0.998
0.322590,0.5049,0.0259,0.8580,0.996
0.324400,0.5049,0.0269,0.8536,0.992
0.326558,0.5059,0.0269,0.8516,0.991
0.329416,0.5054,0.0269,0.8502,0.989
0.331509,0.5059,0.0269,0.8487,0.988
0.332963,0.5074,0.0264,0.8502,0.990
0.335269,0.5079,0.0259,0.8507,0.991
0.337899,0.5084,0.0254,0.8536,0.994
0.339854,0.5088,0.0244,0.8565,0.997
0.341408,0.5093,0.0244,0.8580,0.998
0.343533,0.5088,0.0234,0.8614,1.001
0.345670,0.5093,0.0220,0.8648,1.004
0.347455,0.5103,0.0220,0.8663,1.006
0.349472,0.5098,0.0215,0.8692,1.008
0.352003,0.5093,0.0210,0.8717,1.010
0.354875,0.5088,0.0210,0.8731,1.011
0.356204,0.5074,0.0215,0.8731,1.010
0.358139,0.5069,0.0210,0.8736,1.010
0.360744,0.5064,0.0215,0.8741,1.010
0.362510,0.5064,0.0225,0.8731,1.010
0.364868,0.5054,0.0215,0.8726,1.009
0.366576,0.5054,0.0225,0.8707,1.007
0.369066,0.5054,0.0230,0.8687,1.005
0.371215,0.5049,0.0234,0.8663,1.003
0.373154,0.5044,0.0230,0.8643,1.001
0.375203,0.5040,0.0230,0.8609,0.998
0.377798,0.5049,0.0239,0.8600,0.998
0.381875,0.5049,0.0244,0.8595,0.997
0.382284,0.5064,0.0249,0.8580,0.997
0.383552,0.5074,0.0259,0.8570,0.996
0.386198,0.5074,0.0264,0.8560,0.995
0.388207,0.5079,0.0269,0.8565,0.996
0.389601,0.5074,0.0264,0.8556,0.995
0.391616,0.5079,0.0259,0.8560,0.996
0.394065,0.5074,0.0259,0.8565,0.996
0.397886,0.5079,0.0249,0.8585,0.998
0.398179,0.5079,0.0254,0.8600,0.999
0.400443,0.5074,0.0249,0.8619,1.000
0.402862,0.5064,0.0234,0.8629,1.001
0.404599,0.5069,0.0230,0.8634,1.001
0.406875,0.5074,0.0230,0.8639,1.002
0.408980,0.5079,0.0230,0.8658,1.004
0.411308,0.5088,0.0225,0.8673,1.006
0.413000,0.5074,0.0220,0.8692,1.007
0.415692,0.5079,0.0225,0.8692,1.007
0.417429,0.5074,0.0220,0.8692,1.007
0.420285,0.5069,0.0220,0.8692,1.006
0.421823,0.5074,0.0220,0.8692,1.007
0.423708,0.5069,0.0210,0.8687,1.006
0.425715,0.5064,0.0210,0.8687,1.006
0.427628,0.5074,0.0210,0.8678,1.005
0.430038,0.5069,0.0220,0.8658,1.004
0.431981,0.5064,0.0230,0.8648,1.002
0.434009,0.5059,0.0230,0.8639,1.001
0.436856,0.5069,0.0239,0.8614,1.000
0.438444,0.5079,0.0239,0.8604,0.999
0.440661,0.5074,0.0244,0.8585,0.998
0.442537,0.5074,0.0249,0.8565,0.996
0.445275,0.5069,0.0259,0.8575,0.996
0.447609,0.5069,0.0259,0.8565,0.996
0.449054,0.5079,0.0259,0.8565,0.996
0.450963,0.5084,0.0254,0.8570,0.997
0.453583,0.5074,0.0259,0.8580,0.997
0.455277,0.5079,0.0264,0.8595,0.999
0.457264,0.5079,0.0254,0.8595,0.999
0.459539,0.5069,0.0249,0.8619,1.000
0.462502,0.5069,0.0244,0.8639,1.002
0.464549,0.5059,0.0230,0.8663,1.003
0.465943,0.5059,0.0230,0.8673,1.004
0.467628,0.5059,0.0234,0.8673,1.004
0.470365,0.5054,0.0225,0.8687,1.005
0.471871,0.5054,0.0215,0.8697,1.006
0.474002,0.5054,0.0215,0.8702,1.007
0.475999,0.5054,0.0220,0.8712,1.007
0.478729,0.5059,0.0215,0.8687,1.006
0.480688,0.5059,0.0220,0.8678,1.005
0.482818,0.5054,0.0225,0.8663,1.003
0.484624,0.5054,0.0220,0.8648,1.002
0.487455,0.5064,0.0220,0.8639,1.002
0.489134,0.5064,0.0215,0.8634,1.001
0.491039,0.5074,0.0225,0.8624,1.001
0.493042,0.5079,0.0225,0.8619,1.001
0.496458,0.5088,0.0215,0.8624,1.002
0.497619,0.5093,0.0220,0.8604,1.000
0.499740,0.5093,0.0234,0.8609,1.001
0.501373,0.5084,0.0234,0.8604,1.000
0.503542,0.5088,0.0234,0.8590,0.999
0.506132,0.5088,0.0239,0.8600,1.000
0.507651,0.5084,0.0239,0.8595,0.999
0.510064,0.5084,0.0249,0.8600,0.999
0.512198,0.5079,0.0249,0.8604,0.999
0.514175,0.5069,0.0249,0.8609,0.999
0.516311,0.5064,0.0254,0.8614,1.000
0.518922,0.5069,0.0259,0.8619,1.000
0.520490,0.5064,0.0244,0.8619,1.000
0.523341,0.5054,0.0239,0.8629,1.000
0.524954,0.5059,0.0249,0.8639,1.001
0.526835,0.5049,0.0244,0.8653,1.002
0.529953,0.5040,0.0234,0.8668,1.003
0.531180,0.5044,0.0239,0.8683,1.004
0.533276,0.5049,0.0230,0.8678,1.004
0.535267,0.5064,0.0234,0.8687,1.006
0.539129,0.5059,0.0230,0.8683,1.005
0.539511,0.5054,0.0230,0.8687,1.005
0.541516,0.5079,0.0215,0.8687,1.007
0.543547,0.5074,0.0220,0.8683,1.006
0.546260,0.5074,0.0220,0.8673,1.005
0.547572,0.5074,0.0215,0.8663,1.004
0.549628,0.5084,0.0220,0.8648,1.003
0.551908,0.5098,0.0215,0.8639,1.003
0.554093,0.5093,0.0230,0.8619,1.001
0.556193,0.5098,0.0234,0.8600,1.000
0.559823,0.5088,0.0244,0.8580,0.998
0.560574,0.5088,0.0249,0.8565,0.997
0.563238,0.5084,0.0244,0.8560,0.996
0.564990,0.5069,0.0239,0.8560,0.995
0.567535,0.5084,0.0234,0.8546,0.995
0.568938,0.5079,0.0249,0.8551,0.995
0.572100,0.5069,0.0259,0.8570,0.996
0.573254,0.5064,0.0249,0.8580,0.997
0.575444,0.5059,0.0249,0.8590,0.997
0.577325,0.5049,0.0254,0.8595,0.997
0.581225,0.5059,0.0249,0.8619,1.000
0.582120,0.5059,0.0244,0.8643,1.002
0.583858,0.5059,0.0244,0.8653,1.003
0.585892,0.5044,0.0249,0.8663,1.003
0.593699,0.5044,0.0239,0.8683,1.004
0.594136,0.5054,0.0239,0.8697,1.006
0.594284,0.5049,0.0234,0.8697,1.006
0.596626,0.5049,0.0225,0.8712,1.007
0.596794,0.5059,0.0225,0.8712,1.008
0.599658,0.5059,0.0215,0.8722,1.008
0.602292,0.5069,0.0210,0.8717,1.009
0.605541,0.5084,0.0215,0.8707,1.008
0.605728,0.5088,0.0215,0.8697,1.008
0.606832,0.5084,0.0225,0.8678,1.006
0.608860,0.5088,0.0230,0.8663,1.005
0.611522,0.5088,0.0234,0.8634,1.002
0.613212,0.5088,0.0225,0.8619,1.001
0.615210,0.5088,0.0215,0.8595,0.999
0.617436,0.5088,0.0225,0.8580,0.998
0.619632,0.5079,0.0239,0.8556,0.995
0.622106,0.5084,0.0249,0.8541,0.994
0.623638,0.5084,0.0249,0.8556,0.995
0.625904,0.5069,0.0234,0.8560,0.995
0.627604,0.5064,0.0249,0.8551,0.994
0.629954,0.5064,0.0244,0.8560,0.995
0.631914,0.5069,0.0249,0.8570,0.996
0.634509,0.5069,0.0249,0.8590,0.998
0.636404,0.5074,0.0254,0.8600,0.999
0.639495,0.5069,0.0254,0.8629,1.001
0.641239,0.5069,0.0259,0.8663,1.004
0.642679,0.5064,0.0249,0.8673,1.005
0.645046,0.5064,0.0249,0.8683,1.005
0.647560,0.5064,0.0249,0.8687,1.006
0.649145,0.5069,0.0239,0.8697,1.007
0.651366,0.5069,0.0239,0.8717,1.009
0.655155,0.5059,0.0230,0.8712,1.008
0.655780,0.5069,0.0225,0.8707,1.008
0.657630,0.5074,0.0225,0.8707,1.008
0.659760,0.5064,0.0220,0.8707,1.007
0.662160,0.5069,0.0220,0.8697,1.007
0.664850,0.5064,0.0215,0.8687,1.006
0.666021,0.5074,0.0220,0.8658,1.004
0.668065,0.5069,0.0225,0.8643,1.002
0.671469,0.5069,0.0215,0.8634,1.001
0.672497,0.5074,0.0215,0.8604,0.999
0.674408,0.5079,0.0230,0.8595,0.999
0.676515,0.5079,0.0230,0.8580,0.997
0.679321,0.5074,0.0239,0.8575,0.997
0.681261,0.5079,0.0244,0.8565,0.996
0.682876,0.5069,0.0244,0.8556,0.995
0.685292,0.5064,0.0249,0.8560,0.995
0.687253,0.5069,0.0249,0.8570,0.996
0.689256,0.5064,0.0249,0.8575,0.996
0.691199,0.5054,0.0249,0.8590,0.997
0.693222,0.5064,0.0239,0.8600,0.998
0.696650,0.5069,0.0234,0.8619,1.000
0.697867,0.5054,0.0239,0.8639,1.001
0.700033,0.5054,0.0244,0.8658,1.003
0.701880,0.5054,0.0239,0.8678,1.005
0.704362,0.5064,0.0239,0.8683,1.005
0.706150,0.5069,0.0244,0.8692,1.007
0.707971,0.5069,0.0234,0.8697,1.007
0.709883,0.5064,0.0234,0.8697,1.007
0.712392,0.5064,0.0225,0.8707,1.007
0.714179,0.5069,0.0225,0.8702,1.007
0.716213,0.5074,0.0215,0.8692,1.007
0.719031,0.5084,0.0225,0.8678,1.006
0.721033,0.5074,0.0225,0.8663,1.004
0.723124,0.5074,0.0230,0.8658,1.004
0.725325,0.5074,0.0230,0.8634,1.002
0.727213,0.5069,0.0225,0.8619,1.000
0.730335,0.5074,0.0225,0.8609,1.000
0.731353,0.5069,0.0220,0.8595,0.998
0.733321,0.5079,0.0234,0.8590,0.998
0.736164,0.5079,0.0234,0.8590,0.998
0.737548,0.5079,0.0225,0.8575,0.997
0.739865,0.5074,0.0225,0.8570,0.996
0.741836,0.5074,0.0234,0.8580,0.997
0.744059,0.5084,0.0239,0.8570,0.997
0.746147,0.5088,0.0249,0.8585,0.998
0.748104,0.5093,0.0239,0.8590,0.999
0.749908,0.5088,0.0244,0.8609,1.000
0.752777,0.5093,0.0249,0.8614,1.001
0.757932,0.5079,0.0249,0.8629,1.002
0.758507,0.5064,0.0239,0.8639,1.002
0.758854,0.5064,0.0244,0.8648,1.002
0.760667,0.5079,0.0249,0.8668,1.005
0.763635,0.5064,0.0244,0.8673,1.005
0.765219,0.5054,0.0244,0.8673,1.004
0.767074,0.5049,0.0234,0.8683,1.005
0.769258,0.5054,0.0225,0.8687,1.005
0.772699,0.5054,0.0225,0.8692,1.006
0.773682,0.5059,0.0234,0.8683,1.005
0.776529,0.5064,0.0225,0.8683,1.005
0.777686,0.5064,0.0230,0.8683,1.005
0.783359,0.5064,0.0234,0.8673,1.005
0.783896,0.5079,0.0234,0.8668,1.005
0.784385,0.5074,0.0234,0.8658,1.004
0.786056,0.5074,0.0239,0.8648,1.003
0.790984,0.5079,0.0225,0.8624,1.001
0.791300,0.5079,0.0225,0.8609,1.000
0.792412,0.5074,0.0234,0.8595,0.998
0.794267,0.5074,0.0239,0.8595,0.998
0.797200,0.5074,0.0239,0.8580,0.997
0.800932,0.5074,0.0239,0.8585,0.997
0.801122,0.5069,0.0239,0.8590,0.998
0.802903,0.5069,0.0239,0.8580,0.997
0.805651,0.5079,0.0249,0.8595,0.999
0.808048,0.5069,0.0239,0.8595,0.998
0.809133,0.5074,0.0239,0.8604,0.999
0.811284,0.5074,0.0244,0.8614,1.000
0.813857,0.5059,0.0244,0.8639,1.001
0.815594,0.5069,0.0239,0.8639,1.002
0.817755,0.5059,0.0244,0.8653,1.003
0.819723,0.5059,0.0244,0.8663,1.004
0.822064,0.5064,0.0239,0.8658,1.003
0.823970,0.5064,0.0230,0.8668,1.004
0.825911,0.5064,0.0234,0.8668,1.004
0.828021,0.5064,0.0225,0.8678,1.005
0.831474,0.5064,0.0220,0.8668,1.004
0.832491,0.5069,0.0220,0.8673,1.005
0.834687,0.5069,0.0215,0.8663,1.004
0.837051,0.5079,0.0210,0.8663,1.004
0.840144,0.5079,0.0225,0.8668,1.005
0.840825,0.5084,0.0220,0.8648,1.003
0.843117,0.5084,0.0230,0.8653,1.004
0.845451,0.5093,0.0230,0.8634,1.003
0.848407,0.5088,0.0230,0.8624,1.002
0.849309,0.5088,0.0239,0.8614,1.001
0.851543,0.5079,0.0239,0.8600,0.999
0.853927,0.5074,0.0239,0.8600,0.999
0.856087,0.5069,0.0239,0.8604,0.999
0.857801,0.5064,0.0244,0.8609,0.999
0.859942,0.5064,0.0234,0.8600,0.998
0.862174,0.5054,0.0244,0.8595,0.997
0.865140,0.5059,0.0244,0.8609,0.999
0.866038,0.5069,0.0244,0.8604,0.999
0.868208,0.5069,0.0249,0.8619,1.000
0.871607,0.5064,0.0249,0.8634,1.001
0.872968,0.5064,0.0249,0.8639,1.002
0.874574,0.5069,0.0239,0.8648,1.003
0.876804,0.5074,0.0249,0.8648,1.003
0.879458,0.5074,0.0239,0.8673,1.005
0.881119,0.5074,0.0239,0.8673,1.005
0.883494,0.5074,0.0239,0.8663,1.004
0.885248,0.5069,0.0244,0.8673,1.005
0.887950,0.5064,0.0249,0.8658,1.003
0.890575,0.5069,0.0239,0.8653,1.003
0.891663,0.5064,0.0239,0.8639,1.002
0.893606,0.5064,0.0234,0.8629,1.001
0.898072,0.5059,0.0230,0.8629,1.001
0.898472,0.5069,0.0230,0.8619,1.000
0.900371,0.5064,0.0225,0.8634,1.001
0.902974,0.5069,0.0234,0.8614,1.000
0.906919,0.5079,0.0239,0.8600,0.999
0.907270,0.5074,0.0239,0.8600,0.999
0.908843,0.5069,0.0230,0.8604,0.999
0.910228,0.5074,0.0244,0.8619,1.000
0.912352,0.5079,0.0239,0.8614,1.000
0.916266,0.5084,0.0244,0.8614,1.001
0.916573,0.5069,0.0244,0.8619,1.000
0.918837,0.5074,0.0244,0.8619,1.000
0.921289,0.5079,0.0239,0.8624,1.001
0.923059,0.5064,0.0239,0.8624,1.000
0.925132,0.5064,0.0230,0.8624,1.000
0.927530,0.5059,0.0230,0.8639,1.001
0.929764,0.5064,0.0234,0.8653,1.003
0.933615,0.5069,0.0234,0.8648,1.003
0.933838,0.5069,0.0230,0.8648,1.003
0.936083,0.5074,0.0230,0.8648,1.003
0.938012,0.5069,0.0230,0.8653,1.003
0.939989,0.5069,0.0234,0.8658,1.004
0.942171,0.5069,0.0230,0.8653,1.003
0.944381,0.5079,0.0234,0.8648,1.003
0.946333,0.5079,0.0239,0.8648,1.003
0.948208,0.5079,0.0239,0.8639,1.002
0.950464,0.5079,0.0234,0.8634,1.002
0.952690,0.5079,0.0230,0.8634,1.002
0.954963,0.5074,0.0234,0.8624,1.001
0.956904,0.5074,0.0234,0.8624,1.001
0.959573,0.5079,0.0234,0.8619,1.001
0.961424,0.5074,0.0234,0.8614,1.000
0.966033,0.5069,0.0230,0.8624,1.001
0.966688,0.5069,0.0230,0.8619,1.000
0.967678,0.5069,0.0225,0.8614,1.000
0.969406,0.5079,0.0230,0.8629,1.002
0.971860,0.5079,0.0225,0.8624,1.001
0.973667,0.5084,0.0230,0.8634,1.002
0.975797,0.5084,0.0239,0.8629,1.002
0.977771,0.5074,0.0234,0.8643,1.003
0.980032,0.5069,0.0239,0.8634,1.001
0.982188,0.5069,0.0239,0.8639,1.002
0.984294,0.5064,0.0239,0.8643,1.002
0.986120,0.5069,0.0249,0.8634,1.001
0.990753,0.5069,0.0239,0.8629,1.001
0.991343,0.5069,0.0239,0.8624,1.001
0.993263,0.5069,0.0244,0.8639,1.002
0.996185,0.5069,0.0244,0.8648,1.003
1.002892,0.5064,0.0234,0.8629,1.001
1.003205,0.5064,0.0230,0.8624,1.000
1.003283,0.5059,0.0225,0.8619,1.000
1.003346,0.5059,0.0234,0.8619,1.000
1.005210,0.5069,0.0234,0.8624,1.001
1.007347,0.5069,0.0230,0.8624,1.001
1.009725,0.5054,0.0239,0.8624,1.000
1.011503,0.5059,0.0225,0.8624,1.000
1.013915,0.5059,0.0225,0.8634,1.001
1.015756,0.5074,0.0230,0.8639,1.002
1.017997,0.5079,0.0239,0.8634,1.002
1.020038,0.5084,0.0230,0.8643,1.003
1.022204,0.5074,0.0225,0.8639,1.002
1.024561,0.5079,0.0230,0.8648,1.003
1.026506,0.5069,0.0225,0.8648,1.003
1.028162,0.5079,0.0225,0.8648,1.003
1.031113,0.5074,0.0225,0.8648,1.003
1.032801,0.5069,0.0225,0.8658,1.004
1.034941,0.5074,0.0234,0.8663,1.004
1.036943,0.5064,0.0234,0.8653,1.003
1.038989,0.5064,0.0230,0.8673,1.005
1.041175,0.5059,0.0225,0.8668,1.004
1.044104,0.5064,0.0230,0.8648,1.002
1.045450,0.5059,0.0230,0.8643,1.002
1.048094,0.5059,0.0234,0.8624,1.000
1.049979,0.5054,0.0244,0.8614,0.999
1.051954,0.5044,0.0249,0.8609,0.998
1.053848,0.5059,0.0254,0.8609,0.999
1.056815,0.5059,0.0249,0.8604,0.998
1.058343,0.5064,0.0249,0.8600,0.998
1.060326,0.5059,0.0239,0.8604,0.998
1.062257,0.5064,0.0244,0.8590,0.997
1.068976,0.5069,0.0239,0.8595,0.998
1.069408,0.5069,0.0239,0.8600,0.999
1.069519,0.5074,0.0234,0.8590,0.998
1.071242,0.5074,0.0230,0.8619,1.000
1.073139,0.5074,0.0230,0.8614,1.000
1.074595,0.5069,0.0234,0.8614,1.000
1.076694,0.5084,0.0234,0.8629,1.002
1.079455,0.5084,0.0225,0.8619,1.001
1.081360,0.5079,0.0230,0.8629,1.002
1.083410,0.5074,0.0230,0.8639,1.002
1.085311,0.5074,0.0225,0.8643,1.003
1.088011,0.5079,0.0234,0.8648,1.003
1.091681,0.5084,0.0220,0.8643,1.003
1.092198,0.5079,0.0225,0.8663,1.004
1.093726,0.5069,0.0225,0.8658,1.004
1.096504,0.5069,0.0230,0.8668,1.004
1.099457,0.5069,0.0230,0.8668,1.004
1.100002,0.5064,0.0239,0.8668,1.004
1.102891,0.5074,0.0234,0.8673,1.005
1.104610,0.5054,0.0230,0.8653,1.002
1.106372,0.5054,0.0234,0.8658,1.003
1.108247,0.5049,0.0239,0.8648,1.002
1.110478,0.5049,0.0239,0.8639,1.001
1.112960,0.5049,0.0239,0.8629,1.000
1.114916,0.5049,0.0225,0.8634,1.000
1.117085,0.5074,0.0230,0.8619,1.000
1.119262,0.5074,0.0239,0.8614,1.000
1.121279,0.5074,0.0239,0.8619,1.000
1.124252,0.5079,0.0239,0.8634,1.002
1.125892,0.5088,0.0244,0.8629,1.002
1.127771,0.5069,0.0234,0.8629,1.001
1.129979,0.5079,0.0244,0.8609,1.000
1.132313,0.5074,0.0249,0.8604,0.999
1.133931,0.5074,0.0249,0.8604,0.999
1.136136,0.5079,0.0244,0.8619,1.001
1.138925,0.5079,0.0239,0.8624,1.001
1.140930,0.5088,0.0234,0.8634,1.002
1.142669,0.5074,0.0239,0.8629,1.001
1.144474,0.5069,0.0225,0.8629,1.001
1.148167,0.5079,0.0230,0.8643,1.003
1.151178,0.5069,0.0230,0.8658,1.004
1.151476,0.5079,0.0225,0.8653,1.004
1.152554,0.5074,0.0230,0.8648,1.003
1.155290,0.5074,0.0234,0.8653,1.003
1.157792,0.5069,0.0234,0.8658,1.004
1.159290,0.5074,0.0230,0.8648,1.003
1.161312,0.5069,0.0234,0.8648,1.003
1.163970,0.5064,0.0234,0.8648,1.002
1.165991,0.5074,0.0244,0.8639,1.002
1.167918,0.5069,0.0239,0.8639,1.002
1.169988,0.5069,0.0239,0.8629,1.001
1.174270,0.5069,0.0230,0.8619,1.000
1.175060,0.5069,0.0239,0.8619,1.000
1.176111,0.5059,0.0244,0.8609,0.999
1.178031,0.5069,0.0244,0.8600,0.999
1.181749,0.5079,0.0234,0.8614,1.000
1.182287,0.5079,0.0239,0.8614,1.000
1.184405,0.5079,0.0234,0.8614,1.000
1.186357,0.5079,0.0239,0.8619,1.001
1.188699,0.5084,0.0234,0.8609,1.000
1.190672,0.5093,0.0234,0.8619,1.001
1.192768,0.5088,0.0234,0.8619,1.001
1.195003,0.5084,0.0230,0.8629,1.002
1.196985,0.5084,0.0239,0.8634,1.002
1.199396,0.5088,0.0230,0.8634,1.002
1.201175,0.5069,0.0244,0.8639,1.002
1.203369,0.5069,0.0244,0.8648,1.003
1.205548,0.5074,0.0225,0.8643,1.003
1.208340,0.5069,0.0225,0.8648,1.003
1.209866,0.5069,0.0220,0.8653,1.003
1.211933,0.5064,0.0230,0.8653,1.003
1.215260,0.5059,0.0230,0.8658,1.003
1.216143,0.5069,0.0234,0.8668,1.004
1.218151,0.5064,0.0230,0.8658,1.003
1.222300,0.5059,0.0230,0.8658,1.003
1.222767,0.5059,0.0239,0.8663,1.003
1.224745,0.5059,0.0239,0.8658,1.003
1.226395,0.5064,0.0234,0.8643,1.002
1.228428,0.5069,0.0225,0.8648,1.003
1.231686,0.5069,0.0225,0.8648,1.003
1.232602,0.5074,0.0239,0.8648,1.003
1.234836,0.5074,0.0244,0.8643,1.003
1.236938,0.5074,0.0239,0.8624,1.001
1.239466,0.5069,0.0234,0.8619,1.000
1.241591,0.5069,0.0230,0.8629,1.001
1.243468,0.5064,0.0239,0.8624,1.000
1.245528,0.5064,0.0234,0.8604,0.999
1.247770,0.5064,0.0244,0.8595,0.998
1.249907,0.5074,0.0244,0.8609,1.000
1.251978,0.5079,0.0244,0.8609,1.000
1.254133,0.5079,0.0244,0.8609,1.000
1.257392,0.5079,0.0244,0.8609,1.000
1.258311,0.5074,0.0244,0.8600,0.999
1.260332,0.5069,0.0249,0.8614,1.000
1.262540,0.5079,0.0244,0.8624,1.001
1.264901,0.5074,0.0234,0.8634,1.002
1.266839,0.5069,0.0230,0.8634,1.001
1.268502,0.5059,0.0230,0.8643,1.002
1.270836,0.5064,0.0230,0.8643,1.002
1.273573,0.5069,0.0234,0.8658,1.004
1.275496,0.5064,0.0234,0.8653,1.003
1.277321,0.5074,0.0244,0.8634,1.002
1.279542,0.5074,0.0234,0.8653,1.003
1.281632,0.5074,0.0249,0.8653,1.003
1.283875,0.5074,0.0239,0.8658,1.004
1.285665,0.5074,0.0230,0.8648,1.003
1.287933,0.5079,0.0230,0.8648,1.003
1.292622,0.5069,0.0225,0.8639,1.002
1.293146,0.5064,0.0239,0.8634,1.001
1.294870,0.5074,0.0234,0.8619,1.000
1.296113,0.5079,0.0234,0.8614,1.000
1.300095,0.5079,0.0230,0.8619,1.001
1.301311,0.5069,0.0230,0.8604,0.999
1.302696,0.5079,0.0225,0.8604,0.999
1.304602,0.5074,0.0230,0.8609,1.000
1.306413,0.5079,0.0234,0.8600,0.999
1.309595,0.5084,0.0234,0.8604,1.000
1.310538,0.5084,0.0230,0.8614,1.000
1.312740,0.5084,0.0239,0.8629,1.002
1.315094,0.5084,0.0239,0.8643,1.003
1.318341,0.5079,0.0230,0.8653,1.004
1.319447,0.5074,0.0239,0.8668,1.005
1.323410,0.5079,0.0239,0.8658,1.004
1.324285,0.5069,0.0230,0.8653,1.003
1.325618,0.5074,0.0239,0.8653,1.003
1.328644,0.5074,0.0239,0.8643,1.003
1.330405,0.5064,0.0234,0.8634,1.001
1.332412,0.5069,0.0239,0.8634,1.001
1.334816,0.5059,0.0230,0.8619,1.000
1.336156,0.5059,0.0230,0.8604,0.998
1.338467,0.5059,0.0230,0.8614,0.999
1.340261,0.5064,0.0234,0.8600,0.998
1.342127,0.5069,0.0234,0.8604,0.999
1.344650,0.5069,0.0234,0.8619,1.000
1.346799,0.5084,0.0239,0.8614,1.001
1.348683,0.5084,0.0244,0.8609,1.000
1.350635,0.5079,0.0249,0.8604,0.999
1.353046,0.5084,0.0239,0.8629,1.002
1.356757,0.5084,0.0244,0.8629,1.002
1.357436,0.5079,0.0244,0.8648,1.003
1.359307,0.5069,0.0234,0.8643,1.002
1.361396,0.5084,0.0234,0.8648,1.003
1.364305,0.5079,0.0239,0.8658,1.004
1.365653,0.5069,0.0239,0.8658,1.004
1.367758,0.5064,0.0234,0.8648,1.002
1.369826,0.5059,0.0234,0.8653,1.003
1.372163,0.5069,0.0234,0.8643,1.002
1.374297,0.5064,0.0239,0.8663,1.004
1.376181,0.5064,0.0239,0.8653,1.003
1.378223,0.5064,0.0239,0.8643,1.002
1.380569,0.5064,0.0234,0.8634,1.001
1.382893,0.5059,0.0234,0.8634,1.001
1.385773,0.5059,0.0244,0.8619,1.000
1.386431,0.5059,0.0254,0.8604,0.998
1.389430,0.5069,0.0254,0.8604,0.999
1.390948,0.5069,0.0244,0.8604,0.999
1.392700,0.5069,0.0234,0.8609,0.999
1.395037,0.5064,0.0230,0.8600,0.998
1.397347,0.5059,0.0234,0.8600,0.998
1.399357,0.5079,0.0234,0.8619,1.001
1.401441,0.5069,0.0230,0.8629,1.001
1.403472,0.5069,0.0230,0.8643,1.002
1.405972,0.5069,0.0230,0.8653,1.003
1.408280,0.5064,0.0220,0.8653,1.003
1.409839,0.5069,0.0230,0.8658,1.004
1.411966,0.5074,0.0234,0.8668,1.005
1.414392,0.5069,0.0230,0.8668,1.004
1.416113,0.5074,0.0215,0.8668,1.005
1.418497,0.5079,0.0225,0.8658,1.004
1.420370,0.5074,0.0225,0.8658,1.004
1.422520,0.5074,0.0239,0.8643,1.003
1.424676,0.5069,0.0234,0.8643,1.002
1.426448,0.5064,0.0230,0.8634,1.001
1.428573,0.5069,0.0230,0.8629,1.001
1.431314,0.5059,0.0234,0.8639,1.001
1.434066,0.5059,0.0244,0.8624,1.000
1.435375,0.5059,0.0234,0.8614,0.999
1.437462,0.5064,0.0234,0.8600,0.998
1.439446,0.5064,0.0239,0.8600,0.998
1.441728,0.5079,0.0239,0.8590,0.998
1.444315,0.5084,0.0239,0.8595,0.999
1.445808,0.5074,0.0239,0.8604,0.999
1.447856,0.5079,0.0249,0.8604,0.999
1.450104,0.5079,0.0249,0.8604,0.999
1.452337,0.5088,0.0244,0.8619,1.001
1.454534,0.5079,0.0234,0.8643,1.003
1.456996,0.5069,0.0239,0.8648,1.003
1.458470,0.5079,0.0239,0.8663,1.004
1.460572,0.5079,0.0234,0.8653,1.004
1.462654,0.5069,0.0239,0.8658,1.004
1.465152,0.5059,0.0234,0.8668,1.004
1.466569,0.5069,0.0230,0.8653,1.003
1.468653,0.5064,0.0230,0.8643,1.002
1.471282,0.5064,0.0239,0.8634,1.001
1.472995,0.5064,0.0230,0.8629,1.001
1.475041,0.5069,0.0225,0.8634,1.001
1.477251,0.5069,0.0234,0.8619,1.000
1.479470,0.5069,0.0234,0.8629,1.001
1.481992,0.5064,0.0234,0.8624,1.000
1.483963,0.5069,0.0239,0.8624,1.001
1.485823,0.5074,0.0225,0.8624,1.001
1.488969,0.5079,0.0225,0.8629,1.001
1.490891,0.5079,0.0230,0.8624,1.001
1.492895,0.5074,0.0225,0.8624,1.001
1.494580,0.5074,0.0230,0.8624,1.001
1.496316,0.5069,0.0239,0.8624,1.001
1.499232,0.5069,0.0239,0.8634,1.001
1.500870,0.5074,0.0234,0.8648,1.003
1.502804,0.5069,0.0234,0.8648,1.003
1.506077,0.5074,0.0234,0.8648,1.003
1.508149,0.5069,0.0230,0.8643,1.002
1.510704,0.5074,0.0234,0.8653,1.003
1.511273,0.5064,0.0230,0.8648,1.002
1.513123,0.5064,0.0234,0.8648,1.002
1.516146,0.5074,0.0239,0.8643,1.003
1.517364,0.5069,0.0234,0.8634,1.001
1.519532,0.5074,0.0239,0.8648,1.003
1.521515,0.5074,0.0234,0.8639,1.002
1.524451,0.5079,0.0234,0.8639,1.002
1.526328,0.5084,0.0239,0.8634,1.002
1.527955,0.5079,0.0239,0.8629,1.002
1.529939,0.5079,0.0234,0.8619,1.001
1.532469,0.5069,0.0230,0.8634,1.001
1.534281,0.5059,0.0234,0.8624,1.000
1.536304,0.5069,0.0234,0.8614,1.000
1.538378,0.5059,0.0239,0.8600,0.998
1.540630,0.5059,0.0234,0.8600,0.998
1.542594,0.5074,0.0230,0.8614,1.000
1.544766,0.5074,0.0234,0.8624,1.001
1.546625,0.5074,0.0225,0.8624,1.001
1.550575,0.5064,0.0215,0.8639,1.002
1.551080,0.5064,0.0230,0.8643,1.002
1.553198,0.5069,0.0234,0.8634,1.001
1.555116,0.5074,0.0234,0.8648,1.003
1.557464,0.5084,0.0225,0.8658,1.004
1.559429,0.5074,0.0234,0.8648,1.003
1.561858,0.5074,0.0234,0.8639,1.002
1.564188,0.5074,0.0234,0.8648,1.003
1.566184,0.5074,0.0234,0.8648,1.003
1.567891,0.5069,0.0230,0.8639,1.002
1.570002,0.5069,0.0239,0.8643,1.002
1.572279,0.5074,0.0239,0.8653,1.003
1.574349,0.5074,0.0239,0.8648,1.003
1.576332,0.5074,0.0239,0.8653,1.003
1.578454,0.5064,0.0239,0.8629,1.001
1.580681,0.5044,0.0239,0.8629,1.000
1.582703,0.5059,0.0244,0.8614,0.999
1.584711,0.5064,0.0239,0.8609,0.999
1.586690,0.5064,0.0230,0.8609,0.999
1.589013,0.5074,0.0230,0.8600,0.999
1.591373,0.5074,0.0234,0.8614,1.000
1.593264,0.5069,0.0239,0.8609,0.999
1.595361,0.5074,0.0239,0.8614,1.000
1.597433,0.5074,0.0234,0.8619,1.000
1.599513,0.5084,0.0234,0.8614,1.001
1.601532,0.5079,0.0230,0.8624,1.001
1.603654,0.5084,0.0225,0.8629,1.002
1.605704,0.5074,0.0230,0.8629,1.001
1.608525,0.5074,0.0230,0.8634,1.002
1.610122,0.5064,0.0225,0.8639,1.002
1.612268,0.5064,0.0230,0.8639,1.002
1.614497,0.5064,0.0239,0.8648,1.002
1.617688,0.5064,0.0230,0.8653,1.003
1.618464,0.5069,0.0234,0.8648,1.003
1.620634,0.5069,0.0239,0.8643,1.002
1.622993,0.5069,0.0225,0.8648,1.003
1.625515,0.5074,0.0225,0.8634,1.002
1.626759,0.5069,0.0230,0.8629,1.001
1.628885,0.5079,0.0234,0.8629,1.002
1.631702,0.5084,0.0230,0.8629,1.002
1.633027,0.5088,0.0239,0.8614,1.001
1.635066,0.5079,0.0234,0.8619,1.001
1.637249,0.5069,0.0230,0.8624,1.001
1.639553,0.5064,0.0230,0.8624,1.000
1.642480,0.5064,0.0234,0.8619,1.000
1.643761,0.5079,0.0239,0.8600,0.999
1.645937,0.5069,0.0239,0.8609,0.999
1.648108,0.5064,0.0230,0.8619,1.000
1.650337,0.5069,0.0225,0.8629,1.001
1.652328,0.5069,0.0230,0.8624,1.001
1.654416,0.5079,0.0230,0.8629,1.002
1.656856,0.5079,0.0230,0.8643,1.003
1.658721,0.5069,0.0234,0.8648,1.003
1.660771,0.5069,0.0234,0.8639,1.002
1.662978,0.5069,0.0234,0.8643,1.002
1.665083,0.5074,0.0244,0.8639,1.002
1.667109,0.5074,0.0230,0.8643,1.003
1.669034,0.5069,0.0234,0.8648,1.003
1.671565,0.5069,0.0230,0.8643,1.002
1.673504,0.5074,0.0230,0.8634,1.002
1.675784,0.5069,0.0234,0.8629,1.001
1.677762,0.5069,0.0225,0.8604,0.999
1.679799,0.5069,0.0239,0.8614,1.000
1.682540,0.5069,0.0230,0.8600,0.998
1.684148,0.5074,0.0234,0.8600,0.999
1.686395,0.5074,0.0239,0.8629,1.001
1.688143,0.5069,0.0234,0.8634,1.001
1.690476,0.5064,0.0234,0.8624,1.000
1.693247,0.5064,0.0239,0.8624,1.000
1.694711,0.5069,0.0244,0.8634,1.001
1.696640,0.5064,0.0234,0.8634,1.001
1.701713,0.5074,0.0225,0.8653,1.003
1.702116,0.5074,0.0230,0.8648,1.003
1.703404,0.5074,0.0230,0.8643,1.003
1.705143,0.5069,0.0239,0.8639,1.002
1.712040,0.5064,0.0239,0.8639,1.002
1.712330,0.5069,0.0239,0.8639,1.002
1.712412,0.5074,0.0239,0.8658,1.004
1.713338,0.5074,0.0244,0.8648,1.003
1.715629,0.5074,0.0239,0.8643,1.003
1.717672,0.5069,0.0234,0.8629,1.001
1.719963,0.5079,0.0234,0.8629,1.002
1.721946,0.5074,0.0230,0.8624,1.001
1.724027,0.5074,0.0234,0.8619,1.000
1.726575,0.5084,0.0230,0.8624,1.001
1.728574,0.5079,0.0239,0.8629,1.002
1.730480,0.5069,0.0239,0.8619,1.000
1.733772,0.5064,0.0239,0.8624,1.000
1.734832,0.5064,0.0234,0.8609,0.999
1.736703,0.5059,0.0239,0.8624,1.000
1.738815,0.5074,0.0239,0.8619,1.000
1.740979,0.5069,0.0239,0.8614,1.000
1.743226,0.5074,0.0239,0.8619,1.000
1.745168,0.5079,0.0239,0.8619,1.001
1.747139,0.5074,0.0230,0.8634,1.002
1.749134,0.5074,0.0225,0.8634,1.002
1.751864,0.5074,0.0234,0.8639,1.002
1.753590,0.5069,0.0239,0.8643,1.002
1.755661,0.5074,0.0244,0.8639,1.002
1.758545,0.5074,0.0244,0.8648,1.003
1.760002,0.5069,0.0239,0.8643,1.002
1.762813,0.5064,0.0230,0.8634,1.001
1.764522,0.5054,0.0230,0.8634,1.001
1.766520,0.5059,0.0230,0.8629,1.001
1.768441,0.5054,0.0230,0.8643,1.002
1.770552,0.5054,0.0225,0.8634,1.001
1.772444,0.5059,0.0225,0.8639,1.001
1.776798,0.5074,0.0220,0.8643,1.003
1.777224,0.5074,0.0215,0.8624,1.001
1.780149,0.5074,0.0225,0.8624,1.001
1.782710,0.5084,0.0230,0.8619,1.001
1.785152,0.5093,0.0230,0.8629,1.002
1.785331,0.5084,0.0239,0.8619,1.001
1.787340,0.5093,0.0234,0.8614,1.001
1.789068,0.5103,0.0230,0.8604,1.001
1.791473,0.5098,0.0239,0.8619,1.002
1.793542,0.5093,0.0239,0.8609,1.001
1.795291,0.5079,0.0239,0.8609,1.000
1.797469,0.5074,0.0244,0.8619,1.000
1.799875,0.5069,0.0239,0.8629,1.001
1.802138,0.5064,0.0239,0.8619,1.000
1.803935,0.5054,0.0234,0.8629,1.000
1.806376,0.5049,0.0220,0.8653,1.002
1.808379,0.5049,0.0225,0.8653,1.002
1.810700,0.5054,0.0230,0.8673,1.004
1.813014,0.5059,0.0220,0.8678,1.005
1.815680,0.5069,0.0230,0.8687,1.006
1.818480,0.5064,0.0225,0.8678,1.005
1.819410,0.5064,0.0230,0.8673,1.005
1.821126,0.5079,0.0230,0.8668,1.005
1.824386,0.5069,0.0220,0.8658,1.004
1.825704,0.5069,0.0225,0.8648,1.003
1.827152,0.5064,0.0230,0.8639,1.002
1.829823,0.5079,0.0230,0.8619,1.001
1.832717,0.5088,0.0230,0.8609,1.000
1.833744,0.5084,0.0234,0.8595,0.999
1.835771,0.5079,0.0230,0.8585,0.998
1.838495,0.5079,0.0225,0.8575,0.997
1.842452,0.5084,0.0239,0.8580,0.998
1.843937,0.5093,0.0249,0.8570,0.997
1.844990,0.5093,0.0244,0.8570,0.997
1.847668,0.5079,0.0254,0.8565,0.996
1.851697,0.5069,0.0249,0.8590,0.998
1.851973,0.5064,0.0244,0.8590,0.997
1.852632,0.5064,0.0244,0.8609,0.999
1.854895,0.5054,0.0239,0.8614,0.999
1.858835,0.5059,0.0244,0.8629,1.001
1.859981,0.5059,0.0239,0.8639,1.001
1.861057,0.5044,0.0234,0.8648,1.001
1.865597,0.5040,0.0234,0.8653,1.002
1.865772,0.5054,0.0230,0.8668,1.004
1.866997,0.5069,0.0230,0.8668,1.004
1.869149,0.5069,0.0234,0.8668,1.004
1.871619,0.5069,0.0225,0.8673,1.005
1.874327,0.5064,0.0234,0.8668,1.004
1.875474,0.5069,0.0234,0.8673,1.005
1.879249,0.5074,0.0230,0.8668,1.005
1.880193,0.5069,0.0225,0.8653,1.003
1.882706,0.5079,0.0234,0.8639,1.002
1.884352,0.5088,0.0230,0.8629,1.002
1.886302,0.5084,0.0234,0.8609,1.000
1.888222,0.5084,0.0239,0.8600,0.999
1.891266,0.5084,0.0230,0.8590,0.998
1.892494,0.5079,0.0234,0.8580,0.997
1.894646,0.5079,0.0234,0.8590,0.998
1.896918,0.5074,0.0234,0.8595,0.998
1.899211,0.5064,0.0234,0.8595,0.998
1.901013,0.5074,0.0234,0.8595,0.998
1.903135,0.5074,0.0225,0.8590,0.998
1.905136,0.5074,0.0234,0.8595,0.998
1.907224,0.5074,0.0239,0.8604,0.999
1.909129,0.5069,0.0234,0.8609,0.999
1.911563,0.5074,0.0239,0.8624,1.001
1.913695,0.5079,0.0244,0.8629,1.002
1.916800,0.5074,0.0239,0.8639,1.002
1.917809,0.5079,0.0244,0.8653,1.004
1.920053,0.5074,0.0244,0.8658,1.004
1.922087,0.5069,0.0234,0.8663,1.004
1.924381,0.5064,0.0239,0.8663,1.004
1.926283,0.5064,0.0234,0.8663,1.004
1.928542,0.5069,0.0234,0.8658,1.004
1.930559,0.5069,0.0239,0.8653,1.003
1.932775,0.5069,0.0220,0.8643,1.002
1.934849,0.5074,0.0220,0.8648,1.003
1.936964,0.5084,0.0234,0.8648,1.003
1.939150,0.5079,0.0225,0.8639,1.002
1.941069,0.5074,0.0230,0.8624,1.001
1.943228,0.5074,0.0234,0.8619,1.000
1.945620,0.5088,0.0230,0.8619,1.001
1.947327,0.5074,0.0230,0.8609,1.000
1.949367,0.5084,0.0234,0.8595,0.999
1.951464,0.5084,0.0239,0.8600,0.999
1.953547,0.5074,0.0234,0.8600,0.999
1.955476,0.5074,0.0234,0.8595,0.998
1.957860,0.5074,0.0234,0.8604,0.999
1.960119,0.5074,0.0234,0.8600,0.999
1.962342,0.5064,0.0234,0.8609,0.999
1.964169,0.5059,0.0239,0.8619,1.000
1.966229,0.5064,0.0230,0.8634,1.001
1.968557,0.5074,0.0234,0.8648,1.003
1.971024,0.5084,0.0234,0.8648,1.003
1.972634,0.5079,0.0234,0.8648,1.003
1.976881,0.5079,0.0230,0.8653,1.004
1.977098,0.5084,0.0234,0.8648,1.003
1.979055,0.5074,0.0230,0.8663,1.004
1.984699,0.5079,0.0225,0.8663,1.004
1.984961,0.5084,0.0239,0.8663,1.005
1.985466,0.5079,0.0230,0.8658,1.004
1.987223,0.5069,0.0230,0.8653,1.003
1.989337,0.5054,0.0234,0.8643,1.002
1.993477,0.5059,0.0225,0.8629,1.001
1.993666,0.5064,0.0230,0.8629,1.001
1.995850,0.5069,0.0225,0.8624,1.001
1.999634,0.5064,0.0230,0.8614,1.000
2.000249,0.5074,0.0230,0.8614,1.000
2.002168,0.5069,0.0225,0.8619,1.000
2.004283,0.5074,0.0234,0.8609,1.000
2.006323,0.5074,0.0234,0.8604,0.999
2.009048,0.5074,0.0234,0.8619,1.000
2.010795,0.5069,0.0244,0.8614,1.000
2.012808,0.5069,0.0244,0.8609,0.999
2.017004,0.5069,0.0239,0.8619,1.000
2.017197,0.5074,0.0234,0.8619,1.000
2.019460,0.5079,0.0230,0.8619,1.001
2.021165,0.5074,0.0239,0.8629,1.001
2.025286,0.5069,0.0234,0.8619,1.000
2.025485,0.5074,0.0225,0.8624,1.001
2.027140,0.5069,0.0230,0.8629,1.001
2.029316,0.5069,0.0239,0.8629,1.001
2.031914,0.5064,0.0234,0.8634,1.001
2.033635,0.5074,0.0239,0.8639,1.002
2.035993,0.5074,0.0239,0.8643,1.003
2.038158,0.5069,0.0239,0.8639,1.002
2.040268,0.5069,0.0234,0.8643,1.002
2.042397,0.5064,0.0230,0.8634,1.001
2.044472,0.5064,0.0225,0.8629,1.001
2.046438,0.5069,0.0225,0.8634,1.001
2.048899,0.5069,0.0234,0.8629,1.001
2.051754,0.5079,0.0234,0.8624,1.001
2.053411,0.5069,0.0230,0.8629,1.001
2.054855,0.5074,0.0225,0.8634,1.002
2.057809,0.5069,0.0234,0.8619,1.000
2.059034,0.5069,0.0234,0.8609,0.999
2.061081,0.5064,0.0234,0.8624,1.000
2.063312,0.5079,0.0230,0.8614,1.000
2.065437,0.5074,0.0234,0.8604,0.999
2.067420,0.5074,0.0234,0.8614,1.000
2.070281,0.5074,0.0234,0.8624,1.001
2.071759,0.5069,0.0239,0.8619,1.000
2.073749,0.5069,0.0234,0.8634,1.001
2.075892,0.5064,0.0225,0.8629,1.001
2.077910,0.5069,0.0220,0.8634,1.001
2.080069,0.5079,0.0230,0.8643,1.003
2.082397,0.5074,0.0234,0.8643,1.003
2.084360,0.5069,0.0225,0.8639,1.002
2.086416,0.5064,0.0239,0.8653,1.003
2.088630,0.5064,0.0244,0.8648,1.002
2.092495,0.5054,0.0244,0.8629,1.000
2.092968,0.5059,0.0234,0.8639,1.001
2.095011,0.5059,0.0234,0.8624,1.000
2.097224,0.5064,0.0234,0.8624,1.000
2.103348,0.5064,0.0244,0.8624,1.000
2.103632,0.5074,0.0239,0.8624,1.001
2.103974,0.5069,0.0234,0.8609,0.999
2.105830,0.5079,0.0239,0.8604,0.999
2.109041,0.5079,0.0230,0.8614,1.000
2.109376,0.5069,0.0234,0.8595,0.998
2.111555,0.5079,0.0230,0.8604,0.999
2.114217,0.5079,0.0230,0.8609,1.000
2.115984,0.5079,0.0234,0.8619,1.001
2.118079,0.5079,0.0239,0.8619,1.001
2.120212,0.5079,0.0234,0.8619,1.001
2.122428,0.5074,0.0234,0.8629,1.001
2.124304,0.5074,0.0234,0.8634,1.002
2.126566,0.5074,0.0234,0.8634,1.002
2.128635,0.5079,0.0234,0.8629,1.002
2.130723,0.5069,0.0234,0.8643,1.002
2.135622,0.5079,0.0230,0.8643,1.003
2.136066,0.5088,0.0230,0.8648,1.004
2.137136,0.5088,0.0225,0.8653,1.004
2.139822,0.5079,0.0225,0.8643,1.003
2.141612,0.5079,0.0230,0.8643,1.003
2.143414,0.5069,0.0244,0.8634,1.001
2.145779,0.5064,0.0244,0.8634,1.001
2.147381,0.5069,0.0244,0.8629,1.001
2.151524,0.5074,0.0239,0.8609,1.000
2.151843,0.5064,0.0244,0.8595,0.998
2.154340,0.5069,0.0239,0.8595,0.998
2.156081,0.5069,0.0244,0.8600,0.999
2.158057,0.5069,0.0239,0.8600,0.999
2.160792,0.5069,0.0234,0.8585,0.997
2.162436,0.5074,0.0244,0.8575,0.997
2.164508,0.5074,0.0244,0.8595,0.998
2.166777,0.5079,0.0244,0.8600,0.999
2.168740,0.5074,0.0234,0.8614,1.000
2.170894,0.5084,0.0239,0.8609,1.000
2.172728,0.5088,0.0239,0.8619,1.001
2.176572,0.5079,0.0234,0.8634,1.002
2.177108,0.5064,0.0225,0.8629,1.001
2.179211,0.5069,0.0225,0.8634,1.001
2.181400,0.5074,0.0230,0.8643,1.003
2.185752,0.5064,0.0225,0.8653,1.003
2.186243,0.5059,0.0230,0.8658,1.003
2.187813,0.5054,0.0230,0.8653,1.002
2.190135,0.5059,0.0225,0.8668,1.004
2.195559,0.5069,0.0230,0.8668,1.004
2.195890,0.5074,0.0230,0.8673,1.005
2.196562,0.5069,0.0220,0.8673,1.005
2.198189,0.5074,0.0225,0.8668,1.005
2.200307,0.5084,0.0230,0.8668,1.005
2.202336,0.5079,0.0230,0.8653,1.004
2.204262,0.5069,0.0225,0.8658,1.004
2.207222,0.5074,0.0230,0.8658,1.004
2.208826,0.5069,0.0234,0.8629,1.001
2.211579,0.5079,0.0230,0.8614,1.000
2.213054,0.5079,0.0230,0.8595,0.999
2.215266,0.5074,0.0234,0.8575,0.997
2.217241,0.5069,0.0234,0.8580,0.997
2.219352,0.5074,0.0239,0.8575,0.997
2.221461,0.5079,0.0239,0.8560,0.996
2.223536,0.5084,0.0244,0.8565,0.996
2.226107,0.5079,0.0249,0.8575,0.997
2.227477,0.5079,0.0254,0.8570,0.997
2.229525,0.5074,0.0249,0.8580,0.997
2.232360,0.5069,0.0249,0.8590,0.998
2.234975,0.5064,0.0244,0.8600,0.998
2.236224,0.5064,0.0244,0.8614,1.000
2.238210,0.5054,0.0244,0.8629,1.000
2.240558,0.5044,0.0234,0.8619,0.999
2.243412,0.5049,0.0225,0.8619,0.999
2.244652,0.5054,0.0225,0.8639,1.001
2.246727,0.5059,0.0230,0.8653,1.003
2.248918,0.5069,0.0225,0.8653,1.003
2.253818,0.5074,0.0225,0.8653,1.003
2.254243,0.5084,0.0225,0.8653,1.004
2.255602,0.5098,0.0225,0.8653,1.005
2.257272,0.5088,0.0225,0.8663,1.005
2.259920,0.5079,0.0225,0.8663,1.004
2.261546,0.5079,0.0225,0.8658,1.004
2.263559,0.5093,0.0220,0.8653,1.004
2.269124,0.5093,0.0220,0.8648,1.004
2.269616,0.5088,0.0230,0.8648,1.004
2.269955,0.5088,0.0230,0.8619,1.001
2.272255,0.5084,0.0225,0.8609,1.000
2.274431,0.5074,0.0215,0.8614,1.000
2.279639,0.5069,0.0220,0.8609,0.999
2.279858,0.5064,0.0234,0.8595,0.998
2.280768,0.5074,0.0239,0.8600,0.999
2.285338,0.5074,0.0239,0.8595,0.998
2.285718,0.5074,0.0244,0.8595,0.998
2.287098,0.5069,0.0249,0.8585,0.997
2.288938,0.5064,0.0249,0.8604,0.999
2.293819,0.5054,0.0249,0.8595,0.997
2.294144,0.5049,0.0254,0.8609,0.998
2.295457,0.5049,0.0254,0.8604,0.998
2.297336,0.5049,0.0254,0.8604,0.998
2.301210,0.5054,0.0254,0.8609,0.999
2.301852,0.5059,0.0249,0.8604,0.998
2.303951,0.5064,0.0244,0.8619,1.000
2.305790,0.5054,0.0234,0.8639,1.001
2.307710,0.5064,0.0230,0.8643,1.002
2.309762,0.5074,0.0225,0.8634,1.002
2.312148,0.5074,0.0225,0.8653,1.003
2.314207,0.5079,0.0234,0.8653,1.004
2.316775,0.5079,0.0225,0.8653,1.004
2.318408,0.5084,0.0220,0.8653,1.004
2.320545,0.5088,0.0225,0.8643,1.003
2.322307,0.5084,0.0220,0.8643,1.003
2.324950,0.5084,0.0220,0.8643,1.003
2.326916,0.5074,0.0225,0.8639,1.002
2.328941,0.5084,0.0220,0.8634,1.002
2.331175,0.5084,0.0225,0.8629,1.002
2.333551,0.5064,0.0225,0.8619,1.000
2.335293,0.5069,0.0225,0.8614,1.000
2.337501,0.5064,0.0234,0.8604,0.999
2.339340,0.5064,0.0234,0.8585,0.997
2.341859,0.5079,0.0239,0.8595,0.999
2.344410,0.5079,0.0239,0.8609,1.000
2.345536,0.5064,0.0244,0.8600,0.998
2.347545,0.5059,0.0239,0.8604,0.998
2.350513,0.5069,0.0234,0.8600,0.998
2.353830,0.5069,0.0249,0.8600,0.999
2.354103,0.5069,0.0249,0.8614,1.000
2.356016,0.5074,0.0239,0.8609,1.000
2.359217,0.5069,0.0244,0.8619,1.000
2.361380,0.5069,0.0239,0.8629,1.001
2.362978,0.5064,0.0239,0.8634,1.001
2.364680,0.5054,0.0244,0.8624,1.000
2.367126,0.5064,0.0244,0.8624,1.000
2.368967,0.5064,0.0244,0.8629,1.001
2.371133,0.5079,0.0239,0.8634,1.002
2.373273,0.5079,0.0244,0.8634,1.002
2.378898,0.5079,0.0244,0.8629,1.002
2.379563,0.5074,0.0230,0.8629,1.001
2.379716,0.5074,0.0234,0.8614,1.000
2.381865,0.5074,0.0230,0.8619,1.000
2.385643,0.5079,0.0225,0.8624,1.001
2.386009,0.5088,0.0225,0.8624,1.002
2.387831,0.5093,0.0225,0.8619,1.001
2.389904,0.5079,0.0230,0.8619,1.001
2.395481,0.5079,0.0239,0.8624,1.001
2.395808,0.5079,0.0239,0.8619,1.001
2.396556,0.5079,0.0234,0.8624,1.001
2.398479,0.5069,0.0244,0.8629,1.001
2.402751,0.5059,0.0234,0.8624,1.000
2.402978,0.5069,0.0220,0.8619,1.000
2.404737,0.5069,0.0230,0.8614,1.000
2.407062,0.5069,0.0234,0.8619,1.000
2.409692,0.5064,0.0230,0.8629,1.001
2.411119,0.5064,0.0225,0.8629,1.001
2.413135,0.5074,0.0230,0.8614,1.000
2.415147,0.5069,0.0239,0.8614,1.000
2.417449,0.5069,0.0239,0.8619,1.000
2.419476,0.5064,0.0239,0.8614,1.000
2.421529,0.5069,0.0230,0.8595,0.998
2.424007,0.5074,0.0225,0.8604,0.999
2.426314,0.5074,0.0230,0.8609,1.000
2.427584,0.5074,0.0230,0.8624,1.001
2.430228,0.5069,0.0230,0.8629,1.001
2.431846,0.5074,0.0239,0.8624,1.001
2.434424,0.5079,0.0239,0.8624,1.001
2.436149,0.5074,0.0234,0.8619,1.000
2.438210,0.5079,0.0239,0.8624,1.001
2.440574,0.5074,0.0239,0.8629,1.001
2.443281,0.5069,0.0234,0.8624,1.001
2.444772,0.5079,0.0239,0.8624,1.001
2.446834,0.5074,0.0234,0.8629,1.001
2.448889,0.5064,0.0230,0.8619,1.000
2.451553,0.5074,0.0230,0.8604,0.999
2.453289,0.5069,0.0234,0.8609,0.999
2.455446,0.5069,0.0244,0.8614,1.000
2.457507,0.5074,0.0230,0.8609,1.000
2.460235,0.5074,0.0230,0.8614,1.000
2.462312,0.5074,0.0230,0.8614,1.000
2.464098,0.5074,0.0234,0.8619,1.000
2.465605,0.5074,0.0234,0.8619,1.000
2.468081,0.5069,0.0239,0.8614,1.000
2.469835,0.5074,0.0234,0.8619,1.000
2.472357,0.5074,0.0239,0.8629,1.001
2.474278,0.5074,0.0239,0.8624,1.001
2.476557,0.5069,0.0239,0.8624,1.001
2.478830,0.5069,0.0234,0.8629,1.001
2.481083,0.5074,0.0239,0.8629,1.001
2.482578,0.5069,0.0239,0.8624,1.001
2.485491,0.5069,0.0239,0.8629,1.001
2.487139,0.5079,0.0234,0.8629,1.002
2.489071,0.5079,0.0234,0.8624,1.001
2.494817,0.5084,0.0234,0.8629,1.002
2.495299,0.5074,0.0239,0.8609,1.000
2.495448,0.5069,0.0239,0.8614,1.000
2.498267,0.5074,0.0225,0.8619,1.000
2.499939,0.5074,0.0234,0.8629,1.001
2.502449,0.5069,0.0239,0.8624,1.001
2.503899,0.5074,0.0239,0.8624,1.001
2.505963,0.5084,0.0230,0.8619,1.001
2.507773,0.5069,0.0234,0.8609,0.999
2.510108,0.5069,0.0234,0.8604,0.999
2.511964,0.5079,0.0230,0.8609,1.000
2.514369,0.5074,0.0234,0.8614,1.000
2.516470,0.5079,0.0244,0.8609,1.000
2.518881,0.5079,0.0239,0.8614,1.000
2.520778,0.5079,0.0230,0.8614,1.000
2.523173,0.5069,0.0225,0.8619,1.000
2.525727,0.5064,0.0230,0.8624,1.000
2.527303,0.5064,0.0234,0.8619,1.000
2.528943,0.5069,0.0234,0.8619,1.000
2.531294,0.5069,0.0239,0.8619,1.000
2.533796,0.5069,0.0244,0.8629,1.001
2.536568,0.5064,0.0239,0.8629,1.001
2.537578,0.5069,0.0239,0.8624,1.001
2.539738,0.5064,0.0234,0.8634,1.001
2.542335,0.5069,0.0234,0.8634,1.001
2.544102,0.5069,0.0230,0.8619,1.000
2.546016,0.5064,0.0230,0.8624,1.000
2.548402,0.5064,0.0234,0.8624,1.000
2.550787,0.5059,0.0234,0.8648,1.002
2.553010,0.5069,0.0234,0.8624,1.001
2.554529,0.5069,0.0225,0.8624,1.001
2.556661,0.5069,0.0239,0.8629,1.001
2.559041,0.5074,0.0239,0.8624,1.001
2.561184,0.5069,0.0244,0.8609,0.999
2.563443,0.5079,0.0234,0.8614,1.000
2.565045,0.5079,0.0234,0.8614,1.000
2.567507,0.5074,0.0234,0.8609,1.000
2.569604,0.5084,0.0239,0.8614,1.001
2.571422,0.5074,0.0234,0.8614,1.000
2.573502,0.5074,0.0239,0.8619,1.000
2.575799,0.5074,0.0239,0.8619,1.000
2.577796,0.5079,0.0234,0.8619,1.001
2.579799,0.5079,0.0234,0.8624,1.001
2.581937,0.5069,0.0230,0.8619,1.000
2.587628,0.5064,0.0225,0.8614,0.999
2.588076,0.5069,0.0234,0.8619,1.000
2.588273,0.5069,0.0234,0.8619,1.000
2.590092,0.5069,0.0239,0.8624,1.001
2.594418,0.5064,0.0230,0.8634,1.001
2.594940,0.5074,0.0234,0.8634,1.002
2.596882,0.5069,0.0230,0.8634,1.001
2.598525,0.5069,0.0230,0.8643,1.002
2.604271,0.5069,0.0230,0.8648,1.003
2.604546,0.5079,0.0234,0.8629,1.002
2.605695,0.5079,0.0234,0.8614,1.000
2.607476,0.5074,0.0244,0.8629,1.001
2.609249,0.5084,0.0234,0.8624,1.001
2.611588,0.5079,0.0234,0.8619,1.001
2.613328,0.5064,0.0239,0.8624,1.000
2.615495,0.5064,0.0225,0.8609,0.999
2.618390,0.5059,0.0225,0.8614,0.999
2.619989,0.5064,0.0225,0.8609,0.999
2.622008,0.5079,0.0225,0.8614,1.000
2.624161,0.5088,0.0230,0.8614,1.001
2.626035,0.5079,0.0230,0.8604,0.999
2.628196,0.5069,0.0230,0.8614,1.000
2.630976,0.5069,0.0234,0.8619,1.000
2.632459,0.5069,0.0239,0.8619,1.000
2.635368,0.5064,0.0239,0.8614,1.000
2.637484,0.5064,0.0239,0.8619,1.000
2.639018,0.5064,0.0244,0.8614,1.000
2.641035,0.5079,0.0239,0.8614,1.000
2.645938,0.5079,0.0234,0.8609,1.000
2.646339,0.5064,0.0225,0.8619,1.000
2.647645,0.5064,0.0234,0.8624,1.000
2.649376,0.5074,0.0244,0.8614,1.000
2.652403,0.5059,0.0249,0.8614,0.999
2.653655,0.5069,0.0244,0.8629,1.001
2.655681,0.5074,0.0234,0.8629,1.001
2.657703,0.5069,0.0234,0.8629,1.001
2.662237,0.5074,0.0234,0.8634,1.002
2.662716,0.5069,0.0234,0.8624,1.001
2.663942,0.5074,0.0230,0.8634,1.002
2.665927,0.5088,0.0230,0.8639,1.003
2.668222,0.5079,0.0225,0.8639,1.002
2.670292,0.5079,0.0230,0.8643,1.003
2.672373,0.5079,0.0225,0.8643,1.003
2.674345,0.5069,0.0230,0.8624,1.001
2.677115,0.5074,0.0230,0.8614,1.000
2.679252,0.5079,0.0234,0.8614,1.000
2.681052,0.5074,0.0230,0.8609,1.000
2.683089,0.5069,0.0234,0.8604,0.999
2.687291,0.5074,0.0230,0.8614,1.000
2.687702,0.5074,0.0234,0.8614,1.000
2.689361,0.5069,0.0234,0.8609,0.999
2.691523,0.5074,0.0230,0.8614,1.000
2.698754,0.5074,0.0230,0.8614,1.000
2.699250,0.5074,0.0230,0.8619,1.000
2.699431,0.5074,0.0239,0.8609,1.000
2.699860,0.5079,0.0239,0.8619,1.001
2.702219,0.5069,0.0234,0.8634,1.001
2.704571,0.5059,0.0239,0.8619,1.000
2.707048,0.5059,0.0234,0.8624,1.000
2.708227,0.5064,0.0239,0.8619,1.000
2.710284,0.5074,0.0249,0.8614,1.000
2.712663,0.5074,0.0239,0.8619,1.000
2.714693,0.5079,0.0234,0.8629,1.002
2.718444,0.5074,0.0230,0.8634,1.002
2.719456,0.5069,0.0230,0.8629,1.001
2.721420,0.5074,0.0230,0.8619,1.000
2.723214,0.5079,0.0220,0.8619,1.001
2.726182,0.5079,0.0225,0.8609,1.000
2.728309,0.5064,0.0230,0.8609,0.999
2.730103,0.5069,0.0234,0.8604,0.999
2.731633,0.5064,0.0230,0.8604,0.999
2.733935,0.5064,0.0234,0.8614,1.000
2.736093,0.5069,0.0234,0.8614,1.000
2.738174,0.5064,0.0234,0.8609,0.999
2.739904,0.5064,0.0239,0.8604,0.999
2.742245,0.5079,0.0239,0.8609,1.000
2.744302,0.5079,0.0234,0.8619,1.001
2.746212,0.5074,0.0225,0.8619,1.000
2.748086,0.5069,0.0230,0.8624,1.001
2.750919,0.5064,0.0230,0.8624,1.000
2.752476,0.5064,0.0230,0.8624,1.000
2.754889,0.5059,0.0234,0.8629,1.001
2.756685,0.5069,0.0234,0.8629,1.001
2.759797,0.5074,0.0225,0.8639,1.002
2.761606,0.5074,0.0234,0.8634,1.002
2.763286,0.5074,0.0234,0.8624,1.001
2.765359,0.5074,0.0239,0.8639,1.002
2.768394,0.5069,0.0234,0.8629,1.001
2.769781,0.5069,0.0230,0.8634,1.001
2.772353,0.5069,0.0225,0.8614,1.000
2.773763,0.5064,0.0234,0.8624,1.000
2.776138,0.5064,0.0230,0.8634,1.001
2.778046,0.5064,0.0225,0.8629,1.001
2.780093,0.5069,0.0234,0.8634,1.001
2.782197,0.5069,0.0225,0.8619,1.000
2.784485,0.5069,0.0230,0.8619,1.000
2.786305,0.5069,0.0239,0.8614,1.000
2.789467,0.5069,0.0234,0.8619,1.000
2.790715,0.5069,0.0225,0.8619,1.000
2.796235,0.5074,0.0220,0.8604,0.999
2.796458,0.5074,0.0230,0.8609,1.000
2.797015,0.5079,0.0239,0.8614,1.000
2.799238,0.5064,0.0230,0.8604,0.999
2.803999,0.5069,0.0234,0.8614,1.000
2.804397,0.5069,0.0234,0.8614,1.000
2.805854,0.5074,0.0230,0.8619,1.000
2.807392,0.5069,0.0230,0.8609,0.999
2.809871,0.5079,0.0234,0.8614,1.000
2.812878,0.5069,0.0230,0.8619,1.000
2.813812,0.5064,0.0239,0.8624,1.000
2.815516,0.5064,0.0239,0.8629,1.001
2.817872,0.5069,0.0239,0.8639,1.002
2.820173,0.5074,0.0234,0.8629,1.001
2.822219,0.5074,0.0239,0.8639,1.002
2.824479,0.5088,0.0234,0.8639,1.003
2.826269,0.5079,0.0225,0.8643,1.003
2.828665,0.5069,0.0225,0.8639,1.002
2.830680,0.5074,0.0234,0.8629,1.001
2.832622,0.5064,0.0234,0.8629,1.001
2.836328,0.5064,0.0230,0.8634,1.001
2.838131,0.5064,0.0225,0.8624,1.000
2.839436,0.5074,0.0225,0.8619,1.000
2.841148,0.5074,0.0225,0.8634,1.002
2.844299,0.5064,0.0225,0.8643,1.002
2.845634,0.5069,0.0230,0.8624,1.001
2.847396,0.5069,0.0230,0.8609,0.999
2.849696,0.5064,0.0230,0.8619,1.000
2.852006,0.5074,0.0234,0.8619,1.000
2.853759,0.5074,0.0225,0.8619,1.000
2.855875,0.5074,0.0225,0.8619,1.000
2.857953,0.5074,0.0239,0.8619,1.000
2.860563,0.5069,0.0234,0.8624,1.001
2.862489,0.5074,0.0234,0.8619,1.000
2.864477,0.5074,0.0239,0.8619,1.000
2.866170,0.5074,0.0239,0.8614,1.000
2.868316,0.5079,0.0244,0.8614,1.000
2.870441,0.5074,0.0244,0.8604,0.999
2.872924,0.5069,0.0234,0.8604,0.999
2.874689,0.5069,0.0239,0.8614,1.000
2.877019,0.5064,0.0234,0.8619,1.000
2.879248,0.5069,0.0239,0.8614,1.000
2.881029,0.5074,0.0239,0.8614,1.000
2.883288,0.5074,0.0234,0.8634,1.002
2.885972,0.5069,0.0230,0.8629,1.001
2.887601,0.5059,0.0239,0.8624,1.000
2.889635,0.5059,0.0239,0.8619,1.000
2.891869,0.5059,0.0239,0.8629,1.001
2.895917,0.5069,0.0230,0.8629,1.001
2.896319,0.5069,0.0230,0.8624,1.001
2.902750,0.5069,0.0239,0.8609,0.999
2.902951,0.5074,0.0239,0.8614,1.000
2.906661,0.5069,0.0234,0.8614,1.000
2.907497,0.5074,0.0230,0.8624,1.001
2.907628,0.5064,0.0230,0.8629,1.001
2.915312,0.5064,0.0234,0.8619,1.000
2.915864,0.5074,0.0230,0.8619,1.000
2.916120,0.5074,0.0230,0.8629,1.001
2.916218,0.5074,0.0230,0.8619,1.000
2.916782,0.5064,0.0234,0.8624,1.000
2.919746,0.5064,0.0239,0.8619,1.000
2.921082,0.5069,0.0234,0.8624,1.001
2.923256,0.5079,0.0225,0.8619,1.001
2.926330,0.5074,0.0230,0.8619,1.000
2.928239,0.5069,0.0234,0.8619,1.000
2.929793,0.5074,0.0239,0.8619,1.000
2.931874,0.5064,0.0230,0.8629,1.001
2.935073,0.5064,0.0234,0.8624,1.000
2.939424,0.5064,0.0230,0.8624,1.000
2.939619,0.5054,0.0230,0.8619,0.999
2.940191,0.5059,0.0230,0.8614,0.999
2.943707,0.5059,0.0225,0.8609,0.999
2.944884,0.5074,0.0230,0.8619,1.000
2.946447,0.5074,0.0234,0.8619,1.000
2.948452,0.5074,0.0230,0.8619,1.000
2.951142,0.5074,0.0239,0.8614,1.000
2.952846,0.5079,0.0244,0.8609,1.000
2.954916,0.5079,0.0239,0.8609,1.000
2.957223,0.5064,0.0239,0.8624,1.000
2.959502,0.5064,0.0234,0.8624,1.000
2.961893,0.5069,0.0230,0.8624,1.001
2.963581,0.5074,0.0225,0.8639,1.002
2.965379,0.5074,0.0225,0.8629,1.001
2.968308,0.5079,0.0220,0.8619,1.001
2.969920,0.5084,0.0230,0.8629,1.002
2.972096,0.5074,0.0234,0.8629,1.001
2.973983,0.5074,0.0234,0.8634,1.002
2.976180,0.5069,0.0234,0.8619,1.000
2.978559,0.5079,0.0234,0.8624,1.001
2.980305,0.5074,0.0234,0.8634,1.002
2.982365,0.5069,0.0225,0.8629,1.001
2.987225,0.5074,0.0230,0.8629,1.001
2.987623,0.5074,0.0234,0.8619,1.000
2.988623,0.5079,0.0230,0.8609,1.000
2.990632,0.5059,0.0230,0.8629,1.001
2.992831,0.5064,0.0230,0.8624,1.000
2.997106,0.5059,0.0234,0.8614,0.999
2.998018,0.5054,0.0225,0.8604,0.998
2.999531,0.5069,0.0239,0.8609,0.999
3.002085,0.5074,0.0239,0.8609,1.000
3.003779,0.5069,0.0239,0.8600,0.999
3.005598,0.5079,0.0234,0.8600,0.999
3.007760,0.5084,0.0234,0.8600,0.999
3.010679,0.5074,0.0234,0.8619,1.000
3.011996,0.5069,0.0234,0.8619,1.000
3.013953,0.5079,0.0239,0.8619,1.001
3.016472,0.5084,0.0244,0.8614,1.001
3.018853,0.5079,0.0225,0.8614,1.000
3.020234,0.5074,0.0230,0.8624,1.001
3.022589,0.5069,0.0230,0.8629,1.001
3.024545,0.5064,0.0225,0.8634,1.001
3.026956,0.5074,0.0225,0.8639,1.002
3.028660,0.5069,0.0239,0.8634,1.001
3.030552,0.5064,0.0234,0.8643,1.002
3.032806,0.5074,0.0230,0.8643,1.003
3.036161,0.5069,0.0220,0.8643,1.002
3.037626,0.5074,0.0230,0.8634,1.002
3.039189,0.5074,0.0230,0.8634,1.002
3.041391,0.5074,0.0234,0.8634,1.002
3.043362,0.5069,0.0230,0.8629,1.001
3.045690,0.5074,0.0234,0.8619,1.000
3.047631,0.5069,0.0234,0.8614,1.000
3.049746,0.5069,0.0225,0.8604,0.999
3.052502,0.5064,0.0234,0.8614,1.000
3.054141,0.5069,0.0239,0.8619,1.000
3.056033,0.5084,0.0234,0.8614,1.001
3.058354,0.5084,0.0239,0.8600,0.999
3.060620,0.5074,0.0239,0.8595,0.998
3.063098,0.5079,0.0230,0.8600,0.999
3.064508,0.5074,0.0234,0.8604,0.999
3.066418,0.5074,0.0234,0.8609,1.000
3.068748,0.5064,0.0234,0.8609,0.999
3.070757,0.5074,0.0239,0.8619,1.000
3.072888,0.5059,0.0244,0.8624,1.000
3.075014,0.5064,0.0239,0.8619,1.000
3.076909,0.5064,0.0239,0.8619,1.000
3.080043,0.5064,0.0239,0.8614,1.000
3.081542,0.5069,0.0244,0.8614,1.000
3.083305,0.5079,0.0230,0.8629,1.002
3.085493,0.5064,0.0230,0.8643,1.002
3.087700,0.5074,0.0220,0.8639,1.002
3.089843,0.5069,0.0225,0.8614,1.000
3.092019,0.5079,0.0234,0.8634,1.002
3.095822,0.5084,0.0230,0.8639,1.003
3.096322,0.5079,0.0234,0.8639,1.002
3.098386,0.5064,0.0230,0.8639,1.002
3.100286,0.5064,0.0234,0.8634,1.001
3.105154,0.5069,0.0234,0.8624,1.001
3.105578,0.5074,0.0239,0.8619,1.000
3.106465,0.5069,0.0239,0.8624,1.001
3.109049,0.5079,0.0244,0.8614,1.000
3.111622,0.5079,0.0239,0.8609,1.000
3.113247,0.5084,0.0234,0.8619,1.001
3.115229,0.5079,0.0234,0.8614,1.000
3.117130,0.5069,0.0234,0.8609,0.999
3.119550,0.5069,0.0225,0.8619,1.000
3.121482,0.5069,0.0230,0.8624,1.001
3.123540,0.5074,0.0234,0.8624,1.001
3.125805,0.5074,0.0234,0.8629,1.001
3.128855,0.5079,0.0234,0.8609,1.000
3.130164,0.5074,0.0244,0.8614,1.000
3.131842,0.5079,0.0234,0.8629,1.002
3.134074,0.5079,0.0234,0.8624,1.001
3.136642,0.5079,0.0244,0.8624,1.001
3.139353,0.5069,0.0249,0.8619,1.000
3.140608,0.5069,0.0239,0.8634,1.001
3.142582,0.5059,0.0234,0.8629,1.001
3.145458,0.5054,0.0230,0.8634,1.001
3.146675,0.5054,0.0234,0.8639,1.001
3.149051,0.5064,0.0244,0.8619,1.000
3.151001,0.5069,0.0239,0.8624,1.001
3.152852,0.5064,0.0239,0.8619,1.000
3.155374,0.5069,0.0230,0.8604,0.999
3.157361,0.5074,0.0230,0.8600,0.999
3.159386,0.5074,0.0239,0.8600,0.999
3.161782,0.5074,0.0230,0.8609,1.000
3.164157,0.5079,0.0234,0.8604,0.999
3.165603,0.5074,0.0230,0.8609,1.000
3.168705,0.5074,0.0230,0.8604,0.999
3.170155,0.5084,0.0234,0.8619,1.001
3.172737,0.5074,0.0239,0.8629,1.001
3.174264,0.5079,0.0239,0.8629,1.002
3.177255,0.5084,0.0234,0.8629,1.002
3.178964,0.5079,0.0234,0.8624,1.001
3.180640,0.5079,0.0225,0.8643,1.003
3.182917,0.5074,0.0230,0.8643,1.003
3.185338,0.5069,0.0239,0.8648,1.003
3.186735,0.5069,0.0234,0.8643,1.002
3.188783,0.5054,0.0239,0.8639,1.001
3.191521,0.5049,0.0234,0.8634,1.000
3.193949,0.5064,0.0239,0.8629,1.001
3.195382,0.5064,0.0239,0.8619,1.000
3.197340,0.5064,0.0239,0.8624,1.000
3.199757,0.5064,0.0234,0.8624,1.000
3.203383,0.5054,0.0234,0.8629,1.000
3.203637,0.5059,0.0244,0.8619,1.000
3.206557,0.5064,0.0244,0.8624,1.000
3.207779,0.5074,0.0239,0.8619,1.000
3.210765,0.5069,0.0234,0.8624,1.001
3.212676,0.5079,0.0234,0.8609,1.000
3.214548,0.5079,0.0234,0.8619,1.001
3.217141,0.5084,0.0239,0.8604,1.000
3.218709,0.5079,0.0239,0.8609,1.000
3.220516,0.5059,0.0230,0.8609,0.999
3.222946,0.5069,0.0234,0.8609,0.999
3.225406,0.5084,0.0234,0.8624,1.001
3.227519,0.5079,0.0230,0.8629,1.002
3.228951,0.5074,0.0230,0.8624,1.001
3.231074,0.5069,0.0230,0.8634,1.001
3.234321,0.5069,0.0225,0.8629,1.001
3.236224,0.5074,0.0230,0.8643,1.003
3.237094,0.5074,0.0239,0.8643,1.003
3.239673,0.5074,0.0239,0.8639,1.002
3.241750,0.5079,0.0230,0.8634,1.002
3.243925,0.5074,0.0234,0.8624,1.001
3.246394,0.5074,0.0234,0.8629,1.001
3.247914,0.5069,0.0234,0.8634,1.001
3.249970,0.5069,0.0239,0.8624,1.001
3.252394,0.5069,0.0234,0.8624,1.001
3.254134,0.5064,0.0244,0.8629,1.001
3.256170,0.5064,0.0234,0.8614,1.000
3.258501,0.5064,0.0234,0.8614,1.000
3.260755,0.5069,0.0230,0.8609,0.999
3.262698,0.5069,0.0239,0.8609,0.999
3.264792,0.5079,0.0239,0.8609,1.000
3.266664,0.5088,0.0239,0.8614,1.001
3.268729,0.5079,0.0239,0.8619,1.001
3.271456,0.5069,0.0239,0.8624,1.001
3.273339,0.5074,0.0239,0.8624,1.001
3.275453,0.5074,0.0239,0.8619,1.000
3.277631,0.5074,0.0244,0.8619,1.000
3.279722,0.5064,0.0234,0.8624,1.000
3.281675,0.5059,0.0234,0.8624,1.000
3.283903,0.5059,0.0234,0.8619,1.000
3.286651,0.5064,0.0234,0.8629,1.001
3.288279,0.5069,0.0239,0.8619,1.000
3.290262,0.5064,0.0244,0.8629,1.001
3.292893,0.5074,0.0234,0.8629,1.001
3.294544,0.5069,0.0234,0.8639,1.002
3.296647,0.5074,0.0225,0.8643,1.003
3.298572,0.5084,0.0230,0.8648,1.003
3.300642,0.5079,0.0239,0.8639,1.002
3.302947,0.5074,0.0234,0.8639,1.002
3.305606,0.5079,0.0230,0.8648,1.003
3.307158,0.5074,0.0234,0.8634,1.002
3.309040,0.5079,0.0239,0.8629,1.002
3.311156,0.5084,0.0225,0.8614,1.000
3.312980,0.5074,0.0239,0.8614,1.000
3.315320,0.5064,0.0239,0.8614,1.000
3.317462,0.5069,0.0234,0.8604,0.999
3.320811,0.5079,0.0234,0.8600,0.999
3.322304,0.5074,0.0234,0.8595,0.998
3.323850,0.5064,0.0234,0.8600,0.998
3.326157,0.5069,0.0239,0.8604,0.999
3.328592,0.5069,0.0234,0.8600,0.998
3.330305,0.5074,0.0239,0.8604,0.999
3.332302,0.5069,0.0239,0.8600,0.999
3.334322,0.5079,0.0244,0.8604,0.999
3.336710,0.5079,0.0244,0.8624,1.001
3.339235,0.5064,0.0239,0.8629,1.001
3.340714,0.5064,0.0234,0.8643,1.002
3.342551,0.5069,0.0234,0.8634,1.001
3.344902,0.5069,0.0234,0.8634,1.001
3.346662,0.5064,0.0225,0.8629,1.001
3.348933,0.5064,0.0225,0.8634,1.001
3.351289,0.5064,0.0239,0.8634,1.001
3.353886,0.5074,0.0230,0.8624,1.001
3.355624,0.5069,0.0234,0.8619,1.000
3.357582,0.5069,0.0230,0.8619,1.000
3.359804,0.5079,0.0225,0.8634,1.002
3.361817,0.5088,0.0225,0.8619,1.001
3.363929,0.5088,0.0220,0.8619,1.001
3.365921,0.5074,0.0225,0.8609,1.000
3.368100,0.5074,0.0234,0.8619,1.000
3.370653,0.5074,0.0230,0.8609,1.000
3.372997,0.5069,0.0230,0.8624,1.001
3.374476,0.5074,0.0230,0.8624,1.001
3.376926,0.5074,0.0234,0.8614,1.000
3.378509,0.5074,0.0234,0.8619,1.000
3.380692,0.5074,0.0234,0.8619,1.000
3.382897,0.5069,0.0244,0.8614,1.000
3.385509,0.5059,0.0239,0.8614,0.999
3.387147,0.5069,0.0230,0.8609,0.999
3.390745,0.5064,0.0239,0.8614,1.000
3.391698,0.5069,0.0234,0.8609,0.999
3.393232,0.5074,0.0239,0.8629,1.001
3.395418,0.5064,0.0234,0.8629,1.001
3.397597,0.5069,0.0234,0.8619,1.000
3.401329,0.5074,0.0239,0.8619,1.000
3.402270,0.5069,0.0239,0.8634,1.001
3.405388,0.5074,0.0239,0.8639,1.002
3.406472,0.5074,0.0234,0.8643,1.003
3.408237,0.5084,0.0234,0.8629,1.002
3.410740,0.5079,0.0230,0.8629,1.002
3.412435,0.5074,0.0225,0.8639,1.002
3.414516,0.5064,0.0215,0.8639,1.002
3.416638,0.5079,0.0225,0.8639,1.002
3.419542,0.5079,0.0225,0.8639,1.002
3.421034,0.5079,0.0225,0.8643,1.003
3.424114,0.5074,0.0230,0.8634,1.002
3.425144,0.5064,0.0230,0.8619,1.000
3.427317,0.5054,0.0230,0.8624,1.000
3.429174,0.5064,0.0225,0.8614,0.999
3.431728,0.5069,0.0234,0.8614,1.000
3.433520,0.5074,0.0239,0.8619,1.000
3.435879,0.5064,0.0239,0.8614,1.000
3.437989,0.5054,0.0239,0.8600,0.998
3.440668,0.5074,0.0239,0.8604,0.999
3.441879,0.5084,0.0239,0.8604,1.000
3.444066,0.5079,0.0244,0.8609,1.000
3.446187,0.5079,0.0244,0.8600,0.999
3.448356,0.5064,0.0239,0.8609,0.999
3.450399,0.5064,0.0239,0.8614,1.000
3.452637,0.5064,0.0244,0.8609,0.999
3.458526,0.5064,0.0234,0.8614,1.000
3.459402,0.5069,0.0239,0.8624,1.001
3.462736,0.5074,0.0230,0.8634,1.002
3.462914,0.5069,0.0239,0.8629,1.001
3.463038,0.5064,0.0230,0.8624,1.000
3.465168,0.5059,0.0230,0.8629,1.001
3.467243,0.5059,0.0225,0.8634,1.001
3.469601,0.5069,0.0234,0.8629,1.001
3.471396,0.5069,0.0230,0.8629,1.001
3.474346,0.5074,0.0234,0.8639,1.002
3.476153,0.5074,0.0220,0.8629,1.001
3.478020,0.5074,0.0225,0.8624,1.001
3.480467,0.5074,0.0230,0.8629,1.001
3.482268,0.5074,0.0234,0.8643,1.003
3.484406,0.5074,0.0239,0.8639,1.002
3.486919,0.5069,0.0239,0.8629,1.001
3.488450,0.5059,0.0230,0.8629,1.001
3.490682,0.5064,0.0230,0.8629,1.001
3.492483,0.5064,0.0234,0.8619,1.000
3.494495,0.5059,0.0234,0.8604,0.998
3.496758,0.5074,0.0234,0.8609,1.000
3.498787,0.5074,0.0234,0.8614,1.000
3.500808,0.5069,0.0234,0.8619,1.000
3.503540,0.5074,0.0244,0.8619,1.000
3.505275,0.5074,0.0239,0.8614,1.000
3.507375,0.5074,0.0239,0.8619,1.000
3.509124,0.5079,0.0244,0.8629,1.002
3.511363,0.5079,0.0239,0.8629,1.002
3.513568,0.5079,0.0244,0.8629,1.002
3.515570,0.5079,0.0239,0.8619,1.001
3.517656,0.5079,0.0239,0.8629,1.002
3.522017,0.5074,0.0234,0.8634,1.002
3.522377,0.5074,0.0239,0.8624,1.001
3.527468,0.5069,0.0244,0.8614,1.000
3.527583,0.5059,0.0230,0.8624,1.000
3.528105,0.5064,0.0230,0.8609,0.999
3.530404,0.5059,0.0239,0.8609,0.999
3.532404,0.5064,0.0230,0.8619,1.000
3.536523,0.5069,0.0220,0.8609,0.999
3.536923,0.5059,0.0230,0.8619,1.000
3.539530,0.5064,0.0234,0.8624,1.000
3.541082,0.5064,0.0239,0.8619,1.000
3.543455,0.5064,0.0230,0.8619,1.000
3.545065,0.5074,0.0230,0.8624,1.001
3.547170,0.5074,0.0230,0.8619,1.000
3.548925,0.5069,0.0234,0.8634,1.001
3.551454,0.5064,0.0234,0.8624,1.000
3.553453,0.5079,0.0239,0.8619,1.001
3.555635,0.5074,0.0230,0.8614,1.000
3.557462,0.5079,0.0225,0.8614,1.000
3.559869,0.5079,0.0225,0.8619,1.001
3.562357,0.5074,0.0230,0.8624,1.001
3.564215,0.5074,0.0234,0.8614,1.000
3.566100,0.5074,0.0234,0.8619,1.000
3.568436,0.5074,0.0239,0.8609,1.000
3.571141,0.5074,0.0244,0.8619,1.000
3.572515,0.5069,0.0244,0.8634,1.001
3.575827,0.5074,0.0244,0.8643,1.003
3.576415,0.5069,0.0249,0.8629,1.001
3.578765,0.5059,0.0239,0.8629,1.001
3.580796,0.5064,0.0239,0.8634,1.001
3.582926,0.5069,0.0239,0.8639,1.002
3.585091,0.5064,0.0230,0.8629,1.001
3.587253,0.5059,0.0234,0.8634,1.001
3.589413,0.5059,0.0230,0.8653,1.003
3.591227,0.5069,0.0230,0.8639,1.002
3.593532,0.5074,0.0225,0.8634,1.002
3.595915,0.5064,0.0215,0.8639,1.002
3.597698,0.5079,0.0220,0.8629,1.001
3.600161,0.5084,0.0230,0.8624,1.001
3.602237,0.5088,0.0230,0.8624,1.002
3.604242,0.5088,0.0230,0.8619,1.001
3.606190,0.5088,0.0239,0.8614,1.001
3.610348,0.5074,0.0234,0.8619,1.000
3.610696,0.5079,0.0230,0.8614,1.000
3.612555,0.5079,0.0234,0.8624,1.001
3.615312,0.5074,0.0234,0.8629,1.001
3.617135,0.5064,0.0234,0.8629,1.001
3.619972,0.5069,0.0239,0.8614,1.000
3.621149,0.5069,0.0234,0.8614,1.000
3.623551,0.5069,0.0230,0.8614,1.000
3.625156,0.5069,0.0234,0.8614,1.000
3.627035,0.5064,0.0234,0.8614,1.000
3.630342,0.5059,0.0239,0.8624,1.000
3.631263,0.5064,0.0239,0.8634,1.001
3.634497,0.5054,0.0239,0.8639,1.001
3.638259,0.5064,0.0234,0.8634,1.001
3.638436,0.5069,0.0239,0.8634,1.001
3.639868,0.5059,0.0234,0.8643,1.002
3.641780,0.5064,0.0230,0.8639,1.002
3.644432,0.5064,0.0239,0.8639,1.002
3.646135,0.5074,0.0234,0.8634,1.002
3.648329,0.5064,0.0230,0.8634,1.001
3.650404,0.5069,0.0230,0.8624,1.001
3.652610,0.5064,0.0230,0.8619,1.000
3.654697,0.5069,0.0234,0.8619,1.000
3.657271,0.5074,0.0234,0.8624,1.001
3.659023,0.5079,0.0234,0.8619,1.001
3.661856,0.5084,0.0234,0.8619,1.001
3.663242,0.5079,0.0234,0.8619,1.001
3.665320,0.5074,0.0239,0.8614,1.000
3.667032,0.5079,0.0239,0.8609,1.000
3.669797,0.5074,0.0234,0.8600,0.999
3.671644,0.5079,0.0230,0.8609,1.000
3.673869,0.5069,0.0230,0.8629,1.001
3.675524,0.5069,0.0234,0.8619,1.000
3.677923,0.5069,0.0239,0.8614,1.000
3.680005,0.5069,0.0239,0.8609,0.999
3.682164,0.5064,0.0234,0.8614,1.000
3.684184,0.5059,0.0230,0.8614,0.999
3.686849,0.5069,0.0234,0.8619,1.000
3.688544,0.5064,0.0230,0.8624,1.000
3.690756,0.5069,0.0234,0.8634,1.001
3.692847,0.5069,0.0239,0.8634,1.001
3.694906,0.5069,0.0234,0.8624,1.001
3.697017,0.5064,0.0225,0.8629,1.001
3.699050,0.5059,0.0230,0.8639,1.001
3.701146,0.5074,0.0230,0.8648,1.003
3.703992,0.5079,0.0234,0.8639,1.002
3.705577,0.5069,0.0234,0.8629,1.001
3.707589,0.5069,0.0234,0.8629,1.001
3.709263,0.5064,0.0230,0.8619,1.000
3.711484,0.5069,0.0230,0.8614,1.000
3.714682,0.5064,0.0225,0.8624,1.000
3.715846,0.5064,0.0234,0.8614,1.000
3.718312,0.5074,0.0234,0.8604,0.999
3.722082,0.5074,0.0230,0.8614,1.000
3.722492,0.5074,0.0230,0.8609,1.000
3.724334,0.5069,0.0225,0.8614,1.000
3.726407,0.5069,0.0225,0.8619,1.000
3.728561,0.5079,0.0230,0.8619,1.001
3.730725,0.5074,0.0225,0.8634,1.002
3.732692,0.5074,0.0230,0.8634,1.002
3.734741,0.5074,0.0234,0.8634,1.002
3.737031,0.5069,0.0234,0.8629,1.001
3.739018,0.5074,0.0234,0.8619,1.000
3.741013,0.5069,0.0239,0.8609,0.999
3.743271,0.5084,0.0249,0.8624,1.001
3.745365,0.5079,0.0234,0.8619,1.001
3.747076,0.5079,0.0239,0.8619,1.001
3.749255,0.5074,0.0239,0.8619,1.000
3.751677,0.5064,0.0234,0.8614,1.000
3.754023,0.5064,0.0244,0.8609,0.999
3.755872,0.5074,0.0239,0.8614,1.000
3.757969,0.5074,0.0244,0.8619,1.000
3.759943,0.5079,0.0234,0.8624,1.001
3.762203,0.5084,0.0234,0.8629,1.002
3.764296,0.5084,0.0239,0.8639,1.003
3.766352,0.5074,0.0230,0.8629,1.001
3.768438,0.5074,0.0239,0.8639,1.002
3.770935,0.5074,0.0234,0.8629,1.001
3.773186,0.5074,0.0234,0.8629,1.001
3.774794,0.5074,0.0234,0.8634,1.002
3.777062,0.5064,0.0234,0.8639,1.002
3.779114,0.5074,0.0230,0.8634,1.002
3.781366,0.5074,0.0234,0.8619,1.000
3.783365,0.5074,0.0239,0.8614,1.000
3.785399,0.5069,0.0239,0.8619,1.000
3.787479,0.5069,0.0239,0.8614,1.000
3.789463,0.5079,0.0239,0.8629,1.002
3.792587,0.5074,0.0239,0.8614,1.000
3.793445,0.5074,0.0230,0.8614,1.000
3.795621,0.5064,0.0234,0.8614,1.000
3.798193,0.5074,0.0239,0.8619,1.000
3.800157,0.5069,0.0239,0.8619,1.000
3.802169,0.5074,0.0244,0.8614,1.000
3.804394,0.5069,0.0244,0.8609,0.999
3.806427,0.5074,0.0239,0.8609,1.000
3.808694,0.5064,0.0244,0.8624,1.000
3.810926,0.5064,0.0239,0.8614,1.000
3.812721,0.5069,0.0239,0.8619,1.000
3.815665,0.5059,0.0239,0.8619,1.000
3.816934,0.5059,0.0239,0.8619,1.000
3.819017,0.5064,0.0234,0.8624,1.000
3.821565,0.5069,0.0234,0.8634,1.001
3.823914,0.5069,0.0234,0.8629,1.001
3.825532,0.5069,0.0234,0.8619,1.000
3.828479,0.5074,0.0239,0.8609,1.000
3.830837,0.5079,0.0239,0.8624,1.001
3.831730,0.5079,0.0234,0.8614,1.000
3.834005,0.5088,0.0239,0.8624,1.002
3.835893,0.5074,0.0239,0.8634,1.002
3.838996,0.5069,0.0239,0.8643,1.002
3.846311,0.5069,0.0234,0.8624,1.001
3.846568,0.5069,0.0239,0.8624,1.001
3.846675,0.5069,0.0230,0.8634,1.001
3.846746,0.5064,0.0239,0.8634,1.001
3.848494,0.5074,0.0234,0.8634,1.002
3.850854,0.5074,0.0230,0.8609,1.000
3.852702,0.5069,0.0230,0.8624,1.001
3.855345,0.5069,0.0234,0.8634,1.001
3.856892,0.5074,0.0239,0.8629,1.001
3.859010,0.5074,0.0239,0.8624,1.001
3.861167,0.5084,0.0239,0.8624,1.001
3.863463,0.5074,0.0244,0.8624,1.001
3.865556,0.5069,0.0234,0.8629,1.001
3.867384,0.5069,0.0230,0.8614,1.000
3.869447,0.5059,0.0234,0.8619,1.000
3.871466,0.5059,0.0234,0.8619,1.000
3.873609,0.5069,0.0239,0.8609,0.999
3.875806,0.5069,0.0234,0.8609,0.999
3.879179,0.5069,0.0234,0.8614,1.000
3.880147,0.5064,0.0230,0.8609,0.999
3.882561,0.5064,0.0230,0.8609,0.999
3.884483,0.5074,0.0239,0.8614,1.000
3.886761,0.5074,0.0225,0.8609,1.000
3.888799,0.5074,0.0234,0.8629,1.001
3.891017,0.5069,0.0230,0.8629,1.001
3.892773,0.5074,0.0230,0.8624,1.001
3.894862,0.5084,0.0234,0.8639,1.003
3.897161,0.5074,0.0230,0.8634,1.002
3.899162,0.5074,0.0239,0.8634,1.002
3.901416,0.5079,0.0234,0.8643,1.003
3.903762,0.5079,0.0234,0.8634,1.002
3.906075,0.5088,0.0234,0.8643,1.003
3.907826,0.5079,0.0234,0.8639,1.002
3.909602,0.5069,0.0234,0.8629,1.001
3.911944,0.5074,0.0234,0.8624,1.001
3.913824,0.5069,0.0230,0.8629,1.001
3.915943,0.5079,0.0225,0.8629,1.001
3.918274,0.5084,0.0234,0.8624,1.001
3.921177,0.5084,0.0225,0.8634,1.002
3.922438,0.5079,0.0225,0.8619,1.001
3.925069,0.5079,0.0234,0.8624,1.001
3.926754,0.5088,0.0244,0.8614,1.001
3.928677,0.5074,0.0249,0.8609,1.000
3.930859,0.5074,0.0239,0.8604,0.999
3.933019,0.5064,0.0244,0.8614,1.000
3.935441,0.5069,0.0244,0.8614,1.000
3.937116,0.5074,0.0244,0.8609,1.000
3.939521,0.5064,0.0244,0.8614,1.000
3.941298,0.5064,0.0239,0.8619,1.000
3.943240,0.5069,0.0234,0.8609,0.999
3.945513,0.5064,0.0244,0.8600,0.998
3.947457,0.5064,0.0234,0.8609,0.999
3.949416,0.5069,0.0239,0.8619,1.000
3.952057,0.5069,0.0239,0.8624,1.001
3.953867,0.5074,0.0234,0.8619,1.000
3.957484,0.5079,0.0234,0.8619,1.001
3.959483,0.5079,0.0234,0.8634,1.002
3.960727,0.5084,0.0230,0.8614,1.000
3.962455,0.5074,0.0234,0.8624,1.001
3.964488,0.5069,0.0230,0.8614,1.000
3.966532,0.5064,0.0239,0.8624,1.000
3.968844,0.5064,0.0234,0.8619,1.000
3.971059,0.5064,0.0234,0.8624,1.000
3.973149,0.5074,0.0230,0.8629,1.001
3.974942,0.5074,0.0230,0.8629,1.001
3.977186,0.5079,0.0234,0.8629,1.002
3.979254,0.5084,0.0234,0.8624,1.001
3.981268,0.5074,0.0239,0.8624,1.001
3.983396,0.5074,0.0234,0.8619,1.000
3.985767,0.5079,0.0230,0.8624,1.001
3.987378,0.5074,0.0239,0.8619,1.000
3.989636,0.5079,0.0249,0.8609,1.000
3.991824,0.5069,0.0249,0.8619,1.000
3.994155,0.5074,0.0239,0.8614,1.000
3.996141,0.5064,0.0239,0.8604,0.999
3.998178,0.5064,0.0244,0.8604,0.999
4.000345,0.5069,0.0234,0.8614,1.000
4.002563,0.5074,0.0230,0.8609,1.000
4.004642,0.5074,0.0230,0.8619,1.000
4.007226,0.5059,0.0230,0.8624,1.000
4.009703,0.5069,0.0234,0.8639,1.002
4.010701,0.5069,0.0230,0.8639,1.002
4.012902,0.5059,0.0234,0.8634,1.001
4.015112,0.5064,0.0234,0.8629,1.001
4.017237,0.5049,0.0230,0.8648,1.002
4.019279,0.4942,0.0205,0.8643,0.996
4.023928,0.4937,0.0254,0.8756,1.005
4.024134,0.4820,0.0122,0.8936,1.015
4.025464,0.4288,-0.0210,0.9327,1.027
4.027551,0.4234,0.0010,1.0079,1.093
4.029500,0.4190,0.1485,1.1129,1.198
4.031750,0.4981,0.1670,1.1051,1.224
4.033752,0.4957,0.0850,1.2936,1.388
4.035986,0.3076,0.0103,1.1608,1.201
4.039732,0.2412,0.1831,1.2853,1.320
4.043839,0.1851,0.2188,1.1803,1.215
4.044256,0.1597,0.1387,1.0538,1.075
4.044313,0.1470,0.0464,1.0416,1.053
4.046789,0.1089,0.0190,0.8800,0.887
4.048833,0.0713,0.0083,0.9205,0.923
4.050950,0.0371,0.0029,0.8888,0.890
4.053231,0.0068,-0.0122,0.8092,0.809
4.055977,-0.0205,-0.0313,0.7374,0.738
4.057885,-0.0308,-0.0698,0.8248,0.828
4.059334,-0.0352,-0.1030,0.9698,0.976
4.061526,-0.0459,-0.1206,0.8902,0.900
4.063484,-0.0249,-0.1499,0.9850,0.997
4.065801,0.0859,-0.1655,1.0875,1.103
4.067505,0.2271,-0.1079,1.0753,1.104
4.069653,0.3208,-0.0635,1.1119,1.159
4.072615,0.4058,-0.0234,1.1920,1.259
4.074116,0.4371,0.0083,1.1520,1.232
4.076150,0.4566,0.0366,1.1202,1.210
4.078304,0.4717,0.0464,1.1256,1.221
4.080349,0.4458,0.0386,0.9938,1.090
4.082369,0.4302,0.0469,0.9244,1.021
4.084577,0.4200,0.0649,0.9181,1.012
4.088037,0.3877,0.0855,0.8492,0.937
4.089594,0.3335,0.0894,0.7857,0.858
4.091565,0.2779,0.0776,0.7496,0.803
4.092904,0.2456,0.0767,0.7926,0.833
4.095672,0.2202,0.0801,0.7955,0.829
4.097247,0.1973,0.0757,0.7887,0.816
4.099396,0.2373,0.0938,0.8893,0.925
4.101482,0.3755,0.1294,1.0030,1.079
4.104029,0.4532,0.0894,1.1383,1.228
4.106283,0.4439,0.0557,0.9679,1.066
4.107769,0.4200,0.0488,0.8087,0.913
4.109687,0.4136,0.0659,0.8453,0.943
4.111793,0.3023,0.0557,0.8883,0.940
4.113928,0.2124,0.0430,0.8980,0.924
4.116172,0.1797,0.0591,0.9532,0.972
4.118120,0.1934,0.0972,1.0211,1.044
4.122055,0.2378,0.1646,1.1466,1.183
4.123731,0.2271,0.1231,1.0445,1.076
4.126126,0.2583,0.0845,1.0157,1.051
4.128493,0.2632,-0.0254,0.9962,1.031
4.128940,0.2295,-0.0464,0.8209,0.854
4.131000,0.2876,-0.0195,1.0143,1.054
4.133059,0.3423,-0.0220,1.1144,1.166
4.138412,0.3472,-0.0640,0.9498,1.013
4.138513,0.3321,-0.0811,0.9518,1.011
4.139796,0.3257,-0.0635,1.0216,1.074
4.141590,0.3135,-0.0210,1.0182,1.066
4.143776,0.3052,0.0205,0.9928,1.039
4.145819,0.2862,0.0151,0.9850,1.026
4.147721,0.2818,0.0024,0.9210,0.963
4.149749,0.2657,-0.0146,0.8961,0.935
4.152128,0.2486,-0.0347,0.9562,0.989
4.154382,0.1895,-0.0825,0.9977,1.019
4.156274,0.1465,-0.0933,0.9347,0.951
4.158922,0.1670,-0.0625,0.8795,0.897
4.160786,0.1714,-0.0752,0.8502,0.871
4.162549,0.2051,-0.0469,0.9386,0.962
4.164774,0.2735,-0.0098,1.0880,1.122
4.167092,0.2700,-0.1231,0.8868,0.935
4.169048,0.3384,-0.1690,0.8585,0.938
4.171169,0.5655,0.0156,1.1857,1.314
4.174877,0.7340,0.0884,1.8561,1.998
4.175767,0.6763,0.0327,1.2946,1.461
4.178732,0.6768,0.0024,0.6724,0.954
4.179748,0.7481,-0.0313,0.3462,0.825
4.182923,0.8341,-0.0899,0.3472,0.908
4.183674,0.9942,-0.0816,0.8751,1.327
4.186408,1.0773,0.0088,1.1193,1.553
4.187822,0.9322,0.0996,0.7628,1.209
4.189805,0.7921,0.1338,0.9615,1.253
4.191952,0.6719,0.1128,0.9684,1.184
4.193879,0.5723,0.0781,0.7413,0.940
4.196109,0.5127,0.0571,0.8751,1.016
4.198349,0.4576,0.0298,0.8067,0.928
4.200622,0.4048,0.0049,0.6509,0.767
4.202729,0.3619,-0.0054,0.8336,0.909
4.204984,0.3257,0.0059,0.9537,1.008
4.206944,0.2818,0.0298,0.8868,0.931
4.209169,0.2349,0.0493,0.8194,0.854
4.211162,0.2090,0.0816,1.0016,1.026
4.213443,0.1782,0.1548,1.1388,1.163
4.215571,0.2061,0.1182,1.3117,1.333
4.217488,0.2193,0.1953,1.1251,1.163
4.219518,0.1641,0.3150,0.9654,1.029
4.222083,0.1963,0.4063,1.3141,1.389
4.223814,0.1372,0.3125,1.1613,1.210
4.225893,0.1499,0.1524,1.0128,1.035
4.227728,0.1279,0.0752,0.6934,0.709
4.230011,0.1509,0.0171,0.7843,0.799
4.232190,0.1572,-0.0117,0.9112,0.925
4.235086,0.1616,-0.0234,0.9093,0.924
4.236856,0.1538,0.0366,0.7735,0.790
4.240627,0.1719,-0.0405,0.9400,0.956
4.240834,0.3438,-0.1094,1.2980,1.347
4.243384,0.4942,-0.1143,1.4430,1.530
4.244975,0.5347,-0.0693,1.0909,1.217
4.247055,0.5943,0.0020,0.9098,1.087
4.249017,0.5904,0.0723,0.7247,0.938
4.251189,0.4971,0.1817,0.5552,0.767
4.253259,0.3726,0.2144,0.6544,0.783
4.257966,0.4024,-0.0269,1.1022,1.174
4.258402,0.3521,-0.0947,1.1285,1.186
4.259576,0.3296,-0.0855,0.7642,0.837
4.261740,0.3243,-0.0996,0.7178,0.794
4.263926,0.2896,-0.0986,0.6246,0.695
4.265631,0.3584,-0.1582,0.9117,0.992
4.267761,0.3877,-0.1880,1.1554,1.233
4.269796,0.3579,-0.1089,0.9454,1.017
4.275492,0.3619,-0.0024,0.7330,0.817
4.275706,0.4190,-0.0230,1.1261,1.202
4.276169,0.5499,-0.1055,1.4699,1.573
4.278583,0.6197,-0.0425,1.2706,1.414
4.280678,0.6275,-0.0205,1.1915,1.347
4.282738,0.5206,0.1646,0.9347,1.082
4.284941,0.3921,0.2871,0.7530,0.896
4.286951,0.3819,0.0801,0.9708,1.046
4.290652,0.3609,-0.0488,1.0065,1.070
4.291058,0.3277,-0.0396,0.8214,0.885
4.293380,0.2837,0.0181,0.8175,0.865
4.295445,0.2290,0.0503,0.8658,0.897
4.297546,0.2202,0.0337,0.9967,1.021
4.299714,0.2061,-0.0078,0.9591,0.981
4.301841,0.1880,-0.0166,0.7305,0.755
4.305533,0.1836,0.0146,0.6549,0.680
4.306817,0.1958,0.0894,1.0484,1.070
4.307825,0.1602,0.0855,0.9542,0.971
4.310080,0.1792,0.1050,0.9449,0.967
4.312255,0.1719,-0.0083,0.9029,0.919
4.314376,0.2603,-0.0791,0.9137,0.953
4.316445,0.3770,-0.0571,0.9566,1.030
4.318562,0.5040,-0.0254,1.0548,1.169
4.321515,0.5269,0.0244,0.9918,1.123
4.324819,0.4947,0.1450,0.8775,1.018
4.325128,0.4693,0.1778,0.8375,0.976
4.327157,0.4351,0.2051,0.8175,0.948
4.329105,0.4283,0.2398,0.8590,0.989
4.331313,0.3076,0.1846,0.7906,0.868
4.333301,0.2740,0.0073,0.7476,0.796
4.335461,0.3282,-0.0698,0.9498,1.007
4.339195,0.2832,-0.0479,0.6636,0.723
4.339790,0.2564,0.1123,0.3697,0.464
4.341832,0.2227,0.2300,0.2090,0.382
4.343901,0.3130,0.1055,0.6578,0.736
4.345853,0.3145,-0.0254,0.7901,0.851
4.347967,0.2378,-0.0054,0.3272,0.405
4.349980,0.2388,0.0083,0.0977,0.258
4.352107,0.3741,-0.0552,0.5718,0.686
4.355625,0.4595,-0.0474,0.6710,0.815
4.356414,0.3995,-0.0708,0.1402,0.429
4.358788,0.3672,-0.1235,-0.1182,0.405
4.361040,0.4766,-0.0903,0.6632,0.822
4.363264,0.6568,0.0483,2.0002,2.106
4.365002,0.5455,0.2867,2.5198,2.594
4.367159,0.4288,0.4996,2.7181,2.797
4.369294,0.5123,-0.0435,2.8719,2.918
4.372328,0.6690,-0.4141,3.0272,3.128
4.376098,0.9239,-0.4825,3.1170,3.287
4.376200,1.1910,-0.4122,3.0154,3.268
4.377720,1.1915,-0.0982,2.5315,2.800
4.380309,1.0348,0.1445,2.0368,2.289
4.381942,0.7364,0.1821,0.8350,1.128
4.383990,0.4893,0.1519,-0.0630,0.516
4.385919,0.3931,0.1865,-0.4498,0.626
4.388460,0.3492,0.1592,-0.5127,0.640
4.391380,0.2842,0.1470,-0.6187,0.697
4.392464,0.2569,0.1778,-0.3990,0.507
4.394543,0.2764,0.2613,0.2447,0.452
4.397412,0.3223,0.2974,0.8932,0.995
4.398739,0.4327,0.1441,1.4000,1.472
4.400879,0.5137,0.1494,1.2902,1.397
4.403018,0.4356,0.1621,0.6148,0.771
4.405096,0.3482,0.1099,-0.0088,0.365
4.409498,0.3155,0.1572,-0.2261,0.419
4.409848,0.2847,0.2183,-0.3555,0.505
4.411387,0.2681,0.2154,-0.4649,0.578
4.413435,0.3272,0.1021,-0.0962,0.356
4.415586,0.4781,-0.0503,1.0065,1.115
4.417709,0.4976,-0.0288,1.0655,1.176
4.419788,0.4522,-0.0239,0.7740,0.897
4.422409,0.4043,-0.0449,0.4703,0.622
4.424965,0.3492,-0.1123,0.1025,0.381
4.426120,0.3169,-0.0371,-0.2534,0.407
4.428023,0.3247,-0.0811,0.1358,0.361
4.430058,0.3252,-0.2285,0.7125,0.816
4.432179,0.2759,-0.2661,0.9781,1.051
4.434384,0.2207,-0.3955,0.8214,0.938
4.436389,0.1900,-0.3140,1.1906,1.246
4.439265,0.1875,0.3189,2.2214,2.252
4.440968,1.0382,0.8131,5.8043,5.952
4.443014,1.3781,0.4336,7.6844,7.819
4.445110,0.6534,0.3965,3.3885,3.474
4.447150,0.3540,0.3262,1.1051,1.205
4.449365,0.4859,0.0010,1.3263,1.413
4.451456,0.6392,-0.2925,2.4011,2.502
4.453541,0.4537,-0.1455,1.0289,1.134
4.456124,0.3125,-0.0869,-0.1021,0.340
4.457791,0.2461,-0.1426,-0.3365,0.441
4.459838,0.2027,-0.1128,-0.2329,0.329
4.461950,0.1543,-0.0811,-0.2041,0.268
4.463998,0.0767,-0.0889,-0.3135,0.335
4.465945,0.0083,-0.1011,-0.3243,0.340
4.467966,-0.0303,-0.0899,0.0288,0.099
4.470216,-0.0728,-0.0791,0.1616,0.194
4.472484,-0.1192,-0.0732,0.0376,0.145
4.474778,-0.1514,-0.0747,-0.0215,0.170
4.476772,-0.1289,-0.0938,0.1441,0.215
4.478864,-0.0435,-0.1631,0.3296,0.370
4.480896,0.0991,-0.2359,0.5186,0.578
4.483034,0.1255,-0.2002,0.3511,0.423
4.485124,0.1597,-0.1519,0.0928,0.239
4.487336,0.1958,-0.1211,-0.1118,0.256
4.490568,0.2373,-0.1182,-0.1836,0.322
4.491596,0.4234,-0.0991,0.2217,0.488
4.493886,0.6402,-0.0552,0.7735,1.006
4.495678,0.6993,-0.0024,0.7574,1.031
4.497726,0.7818,0.0303,0.7139,1.059
4.499949,0.7681,0.1143,0.6475,1.011
4.502001,0.7711,0.1406,0.6129,0.995
4.504152,1.0616,0.1812,1.8620,2.151
4.505953,1.2032,0.1734,2.9832,3.221
4.508088,0.9220,0.4410,2.3791,2.589
4.510245,0.7232,0.4913,1.6852,1.899
4.512403,0.5938,0.4346,1.6022,1.763
4.514435,0.4541,0.3511,1.4674,1.576
4.516887,0.3770,0.2925,1.4230,1.501
4.518881,0.3096,0.2354,1.1271,1.192
4.520994,0.2515,0.1231,0.5411,0.609
4.523167,0.2237,-0.0557,0.1240,0.262
4.525503,0.1895,-0.1714,0.0557,0.261
4.527379,0.1602,-0.2984,0.5440,0.641
4.529454,0.1489,-0.3721,1.4142,1.470
4.531520,0.1494,-0.3799,1.6564,1.706
4.534403,0.1489,-0.3487,1.2687,1.324
4.535848,0.1348,-0.3101,0.6588,0.740
4.538426,0.1519,-0.2993,0.4507,0.562
4.540989,0.1821,-0.2979,0.5254,0.631
4.543164,0.1978,-0.2329,0.6793,0.745
4.544256,0.2490,-0.1475,0.6099,0.675
4.546047,0.3609,-0.1138,0.7227,0.816
4.548074,0.5303,-0.1270,1.1632,1.285
4.550882,0.6275,-0.1553,1.4118,1.553
4.552641,0.6119,-0.1929,1.1310,1.300
4.556877,0.5655,-0.2012,0.7003,0.922
4.557200,0.6866,-0.2139,1.0045,1.235
4.559750,0.7955,-0.2437,1.2955,1.540
4.562474,0.7413,-0.2471,0.8878,1.183
4.564178,0.7066,-0.2100,0.6656,0.993
4.565229,0.7486,-0.1543,1.1544,1.385
4.567462,0.5967,-0.0400,1.3351,1.463
4.570005,0.4693,0.0396,1.0929,1.190
4.572070,0.4712,-0.0835,1.0870,1.188
4.573662,0.5191,-0.2407,1.4435,1.553
4.575870,0.4922,-0.2520,1.1857,1.308
4.577900,0.4292,-0.2359,0.5489,0.736
4.580014,0.3955,-0.2310,0.3174,0.557
4.582028,0.3902,-0.2764,0.7437,0.884
4.584268,0.3623,-0.2412,0.9195,1.017
4.586037,0.3096,-0.2281,0.6221,0.731
4.589557,0.2515,-0.0415,0.3672,0.447
4.590238,0.4141,0.2022,1.0489,1.146
4.592501,0.7276,0.3750,2.3782,2.515
4.594710,0.8756,0.4419,2.6360,2.813
4.596733,0.9781,0.3951,2.6209,2.825
4.598884,0.8790,0.3028,1.9528,2.163
4.601132,0.7076,0.1802,1.2267,1.428
4.603180,0.6470,-0.1187,1.2306,1.395
4.606363,0.6070,-0.2427,1.4450,1.586
4.607383,0.5005,-0.2627,0.8272,1.002
4.609556,0.4102,-0.2344,0.1592,0.499
4.611699,0.3238,-0.2066,-0.0029,0.384
4.613713,0.2237,-0.0982,0.2974,0.385
4.615831,0.1226,0.0874,1.2008,1.210
4.617954,0.0381,0.1177,1.6081,1.613
4.620067,-0.0816,0.1519,1.3356,1.347
4.622842,-0.1533,0.1778,0.8932,0.923
4.624248,-0.1675,0.1109,0.8814,0.904
4.626141,-0.1675,0.0230,1.2614,1.273
4.628224,-0.1182,-0.2066,1.4889,1.508
4.630444,0.0205,-0.3702,1.5798,1.623
4.632660,0.2281,-0.2114,1.3234,1.359
4.634875,0.3155,-0.1304,1.2692,1.314
4.637041,0.2569,-0.0503,0.5665,0.624
4.639796,0.2129,0.0068,0.0327,0.216
4.641178,0.2564,0.0083,-0.0322,0.259
4.643313,0.3428,0.0371,0.3199,0.470
4.645296,0.3912,0.0396,0.4302,0.583
4.647516,0.3413,0.0454,0.2246,0.411
4.649517,0.2666,0.0566,-0.0176,0.273
4.651715,0.2886,0.0811,0.1162,0.322
4.653902,0.3760,0.1123,0.6798,0.785
4.656619,0.3223,0.1050,0.5289,0.628
4.658093,0.1958,0.0767,-0.1260,0.245
4.660100,0.1568,0.1094,-0.1695,0.255
4.662191,0.2305,0.1685,0.3745,0.471
4.664384,0.2783,0.1729,0.9430,0.998
4.666164,0.2764,-0.1904,0.7008,0.777
4.668322,0.5425,-0.3838,1.1124,1.296
4.670818,1.0104,-0.4830,2.9129,3.121
4.673043,1.1832,-0.3745,2.8621,3.120
4.675006,1.1027,-0.2749,1.1652,1.628
4.676777,0.9981,-0.1460,0.0659,1.011
4.679233,0.9352,0.1524,0.2720,0.986
4.681200,0.9952,0.3272,1.4347,1.776
4.683327,0.9078,0.2945,1.2633,1.583
4.685476,0.7213,0.2334,0.2740,0.806
4.688119,0.5884,0.1953,-0.3223,0.699
4.689597,0.5254,0.2422,0.1704,0.603
4.691803,0.4244,0.2696,0.5572,0.750
4.693911,0.2906,0.2530,0.3897,0.548
4.695955,0.1948,0.2368,0.2574,0.400
4.697986,0.1187,0.1568,0.2505,0.318
4.700154,0.0513,0.1055,0.2710,0.295
4.702218,-0.0195,0.0576,0.2266,0.235
4.704366,-0.0869,0.0171,0.2246,0.241
4.706310,-0.1299,-0.0020,0.4722,0.490
4.708380,-0.1504,-0.0303,0.7320,0.748
4.710889,-0.1768,-0.0356,0.7125,0.735
4.712943,-0.2017,-0.0303,0.4126,0.460
4.714899,-0.2129,-0.0498,0.2627,0.342
4.717035,-0.0449,-0.1348,0.9444,0.955
4.719133,0.4415,-0.1284,2.3015,2.347
4.721136,0.5977,0.3252,2.8973,2.976
4.723325,1.0216,0.5889,4.3764,4.533
4.725486,1.1183,0.6290,4.0175,4.217
4.727827,0.8287,0.6597,2.0818,2.336
4.729631,0.8365,0.5704,1.1378,1.523
4.731798,1.2648,0.3892,1.9577,2.363
4.733838,1.3957,0.1826,2.4802,2.852
4.736094,1.2316,0.0112,1.5988,2.018
4.738041,1.0392,-0.0439,0.5562,1.179
4.740363,0.8927,-0.0874,0.2910,0.943
4.742350,0.7642,-0.0859,0.4546,0.893
4.744468,0.6602,-0.0557,0.4908,0.825
4.746338,0.5709,-0.0396,0.1758,0.599
4.748403,0.4712,-0.0288,-0.0303,0.473
4.750436,0.3648,-0.0698,-0.1206,0.391
4.752588,0.2681,-0.0571,-0.2183,0.350
4.754869,0.1548,-0.0864,-0.1611,0.240
4.757897,0.0518,-0.0982,-0.0098,0.111
4.759350,-0.0459,-0.1167,0.1792,0.219
4.761274,-0.0801,-0.1699,0.7530,0.776
4.763401,-0.0562,-0.2622,1.4372,1.462
4.765466,0.0166,-0.2178,1.2208,1.240
4.768495,0.1084,-0.0923,0.6768,0.692
4.769792,0.1489,-0.1343,0.4331,0.477
4.771819,0.2256,-0.1309,0.3467,0.434
4.774279,0.3619,-0.0996,1.1720,1.231
4.776701,0.4053,-0.0059,1.2824,1.345
4.778240,0.4786,0.1182,1.5651,1.641
4.780299,0.4678,0.1602,1.1139,1.219
4.782690,0.4102,0.2256,0.7335,0.870
4.784397,0.4009,0.2490,0.7012,0.845
4.786358,0.4224,0.2661,1.0694,1.180
4.788431,0.3648,0.1519,0.9312,1.012
4.792006,0.3472,-0.2627,0.6534,0.785
4.792842,0.3394,-0.5406,0.6573,0.916
4.795074,0.4371,-0.7222,1.1368,1.416
4.797158,0.5176,-0.7642,1.5016,1.763
4.799252,0.4834,-0.4883,1.0104,1.222
4.801281,0.6304,-0.1109,1.4166,1.555
4.803535,0.6133,0.0444,1.6027,1.717
4.807064,0.5630,0.0483,1.2692,1.389
4.808113,0.3858,0.1895,0.6866,0.810
4.809735,0.2823,0.2246,0.0874,0.371
4.811914,0.2427,0.1948,0.0078,0.311
4.813949,0.2158,0.1792,-0.0957,0.296
4.816161,0.2027,0.1553,-0.0015,0.255
4.818113,0.1817,0.1680,-0.0347,0.250
4.820354,0.2925,0.2232,0.3252,0.491
4.822841,0.6568,0.3282,1.3029,1.496
4.825694,0.7872,0.2705,1.5973,1.801
4.826302,0.6900,0.2041,0.9654,1.204
4.828489,0.5938,0.1787,0.2725,0.677
4.830624,0.5284,0.1636,-0.1768,0.581
4.832855,0.5147,0.1382,-0.3726,0.650
4.834893,0.7008,-0.0820,0.2910,0.763
4.837177,0.9312,-0.0889,1.0953,1.440
4.840208,0.9981,-0.0239,1.6657,1.942
4.841514,0.8092,-0.2036,1.4269,1.653
4.844087,0.6124,-0.2114,0.9132,1.120
4.845832,0.5142,-0.2490,1.0826,1.224
4.847930,0.4458,-0.0952,1.9006,1.954
4.850064,0.3008,0.3848,2.3132,2.364
4.852067,0.2808,0.8150,2.9354,3.059
4.854223,0.2324,0.8170,3.1976,3.308
4.856971,0.1314,0.5865,2.7664,2.831
4.858938,0.1465,0.1782,2.0627,2.076
4.860882,0.3780,-0.1704,1.8977,1.942
4.862767,0.4371,-0.2066,1.4704,1.548
4.864745,0.4073,-0.1411,0.6041,0.742
4.866784,0.3750,-0.1646,0.2559,0.483
4.868810,0.3223,-0.1436,-0.2193,0.415
4.871617,0.2749,-0.1109,-0.3892,0.489
4.873775,0.2368,-0.1167,-0.2764,0.382
4.875468,0.2207,-0.1616,0.1914,0.334
4.877414,0.2676,-0.2217,0.7764,0.851
4.879609,0.3033,-0.2022,0.8809,0.953
4.881682,0.3379,-0.1226,0.3091,0.474
4.883817,0.3731,-0.1016,0.1001,0.399
4.885984,0.4200,-0.0869,0.0381,0.431
4.888230,0.4971,-0.0640,0.2617,0.565
4.890495,0.5323,-0.1060,0.4356,0.696
4.892339,0.5391,-0.0859,0.4458,0.705
4.894330,0.5606,-0.0918,0.5377,0.782
4.896560,0.6265,-0.0840,0.6221,0.887
4.899157,0.7662,-0.0649,1.2032,1.428
4.901267,0.7120,0.0093,1.0426,1.263
4.902913,0.5010,0.2110,0.5020,0.740
4.904997,0.3995,0.2534,0.3052,0.563
4.909080,0.4415,0.0493,0.7286,0.853
4.909549,0.4800,-0.2139,0.9752,1.108
4.911247,0.4678,-0.2388,0.7271,0.897
4.912979,0.4649,-0.2886,0.6959,0.885
4.915318,0.4522,-0.2114,0.6500,0.820
4.918030,0.4278,-0.1602,0.6187,0.769
4.919566,0.3941,-0.1636,0.5430,0.691
4.921646,0.4063,-0.2407,0.7774,0.910
4.924399,0.5577,-0.2993,1.2623,1.412
4.929678,0.6939,-0.0430,1.3053,1.479
4.929860,0.6011,-0.0024,0.8048,1.005
4.930036,0.5684,0.0093,0.8609,1.032
4.932277,0.6358,0.1914,1.1886,1.361
4.934201,1.0621,0.1040,2.1262,2.379
4.936411,1.0699,-0.0137,1.9592,2.232
4.938580,0.8082,-0.0190,1.0108,1.294
4.940483,0.5518,0.2119,0.4859,0.765
4.942879,0.4961,0.3633,0.7496,0.970
4.945117,0.4092,0.3394,0.5596,0.772
4.946684,0.3379,0.2871,0.3418,0.560
4.948727,0.2950,0.1865,0.5074,0.616
4.951329,0.2769,0.0122,0.9459,0.986
4.953249,0.3321,-0.1099,1.1295,1.182
4.955393,0.3648,-0.1460,0.9068,0.988
4.957506,0.3228,-0.0913,0.2969,0.448
4.959935,0.2940,-0.0825,-0.0161,0.306
4.962142,0.2827,-0.1275,0.0376,0.312
4.963903,0.2852,-0.1563,0.6221,0.702
4.965862,0.2979,-0.1665,0.9615,1.020
4.968104,0.2852,-0.1558,0.8741,0.933
4.970108,0.2588,-0.1768,0.6343,0.708
4.972316,0.2090,-0.1016,0.4029,0.465
4.974304,0.4327,0.2998,1.7448,1.822
4.976371,0.7428,0.3916,2.8602,2.981
4.979470,0.6851,0.2603,2.9085,2.999
4.980726,0.6192,0.1724,2.3816,2.467
4.982786,0.6959,-0.0264,2.1389,2.249
4.984780,0.6236,0.0283,1.5719,1.691
4.986787,0.5298,0.1006,1.0944,1.220
4.988882,0.4742,0.0801,1.1871,1.281
4.991163,0.3604,0.0625,1.2174,1.271
4.992971,0.2793,0.0420,1.1012,1.137
4.995021,0.2158,0.0630,0.9278,0.955
4.997309,0.1773,0.0186,0.7095,0.732
4.999618,0.1655,-0.0474,0.5865,0.611
5.001725,0.1392,-0.0420,0.3936,0.420
5.003930,0.0986,-0.0015,0.2647,0.282
5.006872,0.0552,0.0430,0.1904,0.203
5.008564,0.0103,0.0586,0.2183,0.226
5.011355,0.0186,-0.0757,0.3233,0.333
5.012414,0.3492,-0.3277,1.5343,1.607
5.014692,0.7901,-0.3936,3.0013,3.128
5.016552,0.7320,-0.2847,2.0466,2.192
5.018592,0.6251,-0.3868,0.7979,1.085
5.020851,0.5176,-0.3594,-0.3433,0.718
5.026149,0.4913,-0.3150,-0.2095,0.620
5.026748,0.3955,-0.0562,-0.5191,0.655
5.027195,0.6275,0.1553,0.0947,0.653
5.029202,1.1681,0.3868,2.9857,3.229
5.031911,1.0118,0.2510,2.6497,2.847
5.033474,0.7379,0.2046,0.5381,0.936
5.035603,0.6549,0.0571,-0.5318,0.846
5.037445,0.6710,-0.1079,-0.5425,0.870
5.040426,0.6256,-0.1865,-0.5401,0.847
5.041810,0.6236,-0.2700,1.0699,1.268
5.044010,0.6314,-0.2090,2.5862,2.670
5.045962,0.5162,-0.1499,1.4474,1.544
5.048369,0.3912,0.0674,0.5186,0.653
5.050189,0.3853,0.3243,0.8873,1.020
5.052377,0.3536,0.3579,1.1608,1.265
5.054536,0.2237,0.3443,0.7530,0.858
5.058456,0.1323,0.3037,0.3589,0.488
5.059042,0.0586,0.2583,0.0449,0.269
5.061086,0.0332,0.2241,-0.0117,0.227
5.063440,0.0049,0.1724,0.3008,0.347
5.065292,-0.0137,0.1211,0.4981,0.513
5.066804,-0.0146,0.1362,0.5777,0.594
5.068837,0.1084,0.1411,0.9615,0.978
5.071156,0.0635,0.0869,0.6871,0.695
5.074325,0.1240,0.0591,0.3409,0.368
5.075541,0.3404,0.1206,0.6861,0.775
5.077422,0.4791,0.1885,1.2213,1.325
5.079828,0.3916,0.0908,0.8380,0.929
5.082314,0.4014,0.2324,0.8409,0.960
5.084029,0.4810,0.1065,1.1202,1.224
5.086221,0.6759,-0.1021,1.4630,1.615
5.088296,0.7325,-0.1646,1.1593,1.381
5.090767,0.7384,-0.1030,0.8746,1.149
5.092660,0.7281,0.0796,1.2247,1.427
5.094817,0.5792,0.1382,1.6379,1.743
5.096708,0.3745,0.0425,1.4713,1.519
5.099203,0.2886,-0.0068,1.0084,1.049
5.100751,0.2476,-0.0288,0.8189,0.856
5.103128,0.2285,-0.0420,0.8966,0.926
5.105091,0.2154,-0.0410,0.9005,0.927
5.107538,0.1939,-0.0044,0.7183,0.744
5.109237,0.1524,0.0088,0.3531,0.385
5.111997,0.1138,0.0254,0.1939,0.226
5.113640,0.0820,0.0601,0.1675,0.196
5.116381,0.0840,0.2149,0.2666,0.353
5.117946,0.1660,0.2881,0.6368,0.718
5.120147,0.5914,0.0288,1.7648,1.861
5.121982,1.0992,-0.0967,3.2494,3.432
5.127201,1.1183,-0.0117,2.5007,2.739
5.127803,1.1007,-0.2827,1.5045,1.886
5.128459,0.9454,-0.1690,0.0469,0.962
5.131038,0.9303,0.0195,-0.1528,0.943
5.133345,1.0260,0.2437,0.2300,1.079
5.134200,1.1652,0.4786,1.9313,2.306
5.136570,1.0387,0.2627,2.7830,2.982
5.138648,0.7804,-0.0606,1.8850,2.041
5.140831,0.6397,-0.1406,1.0314,1.222
5.142987,0.5494,-0.1685,0.3472,0.671
5.145179,0.4561,-0.1880,0.2149,0.538
5.147084,0.3877,-0.1992,0.4834,0.651
5.149160,0.3145,-0.1524,0.9269,0.991
5.151390,0.2871,-0.0571,1.1163,1.154
5.153245,0.3946,0.1377,1.1681,1.241
5.155701,0.4791,0.3018,1.1373,1.270
5.158409,0.3526,0.2578,0.4483,0.626
5.160472,0.2954,0.1665,0.0464,0.342
5.162361,0.4273,-0.0508,0.6915,0.814
5.164087,0.4361,-0.1914,1.0118,1.118
5.166245,0.3907,-0.1963,0.3472,0.558
5.168462,0.4351,-0.2271,0.5035,0.703
5.170472,0.5171,-0.2241,0.8668,1.034
5.172591,0.5206,-0.2046,0.8341,1.004
5.174710,0.4327,-0.2007,0.3960,0.620
5.176686,0.5147,-0.0527,0.7730,0.930
5.179585,0.6715,0.2197,1.9528,2.077
5.180905,0.5030,0.2173,1.6838,1.771
5.183105,0.3765,0.3369,1.1412,1.248
5.185094,0.2691,0.2954,1.1910,1.256
5.187224,0.2090,0.1167,1.0367,1.064
5.189081,0.1963,-0.0044,0.7496,0.775
5.196539,0.1963,-0.0552,0.6270,0.659
5.197280,0.1460,-0.0137,0.3711,0.399
5.197899,0.0772,0.0967,0.1201,0.172
5.198137,0.0488,0.1172,0.0820,0.151
5.200242,0.0288,0.1270,0.3477,0.371
5.202186,0.0215,0.1519,0.4971,0.520
5.204342,0.0171,0.2158,0.4771,0.524
5.206427,0.0259,0.2564,0.5030,0.565
5.210384,0.1372,0.2979,0.9566,1.011
5.210796,0.1904,0.2129,1.1647,1.199
5.214318,0.2051,0.0029,0.6846,0.715
5.215156,0.2823,-0.1025,0.5084,0.590
5.216830,0.3633,-0.0781,0.4849,0.611
5.219213,0.4366,-0.1441,0.8350,0.953
5.220736,0.4493,-0.2461,0.7696,0.925
5.222978,0.3965,-0.3511,0.8800,1.027
5.225066,0.5054,-0.6627,1.4054,1.634
5.226819,1.1100,-0.5796,3.4540,3.674
5.229056,1.2926,-0.3350,3.7016,3.935
5.231271,0.9669,-0.2378,1.8669,2.116
5.233338,0.6768,-0.1514,0.4161,0.809
5.235547,0.5606,-0.0283,-0.1231,0.575
5.237479,0.4727,0.2627,-0.1470,0.560
5.239857,0.6119,0.3995,0.6216,0.959
5.242679,0.7125,0.4859,1.1862,1.467
5.244296,0.6636,0.4361,1.0265,1.298
5.246106,0.4966,0.4073,0.4141,0.764
5.248362,0.3516,0.3628,-0.1646,0.531
5.250529,0.3628,0.3120,0.0649,0.483
5.255803,0.4375,0.0366,1.1041,1.188
5.255981,0.7457,0.1377,1.5881,1.760
5.256758,0.7760,0.0523,1.3390,1.548
5.259081,0.6983,-0.0034,0.7408,1.018
5.260972,0.6973,0.0542,0.4747,0.845
5.263001,0.7003,-0.0259,0.3252,0.773
5.265104,0.6270,-0.0122,0.3189,0.704
5.266961,0.6431,0.1387,0.7257,0.980
5.269702,0.5059,0.1807,1.1490,1.268
5.271417,0.3516,0.0654,1.4538,1.497
5.273903,0.2759,-0.0903,1.8395,1.862
5.275783,0.2456,-0.1323,1.7463,1.768
5.277730,0.2383,-0.1651,1.4235,1.453
5.279834,0.2383,-0.1695,1.0509,1.091
5.281953,0.2368,-0.1416,1.0489,1.085
5.284019,0.2510,-0.0825,1.0138,1.048
5.286097,0.4722,0.1543,1.0367,1.150
5.288279,0.4927,0.0840,1.1617,1.265
5.292460,0.3814,0.0850,0.5904,0.708
5.292640,0.4087,0.3018,0.8595,0.998
5.294623,0.3887,0.2368,0.8639,0.976
5.296748,0.3882,0.0933,0.4976,0.638
5.298933,0.3980,0.0112,0.3345,0.520
5.300951,0.4185,-0.0293,0.2867,0.508
5.302962,0.4688,-0.1143,0.7603,0.901
5.305067,0.4888,-0.1695,0.7359,0.900
5.307157,0.5728,-0.1826,0.9112,1.092
5.311089,0.6299,-0.1680,1.0079,1.200
5.311287,0.6075,-0.1157,0.7506,0.973
5.313406,0.5709,0.0029,0.4107,0.703
5.315383,0.4786,0.0479,0.2583,0.546
5.317528,0.3453,0.1587,0.1831,0.422
5.319812,0.2398,0.2622,0.1216,0.376
5.321968,0.1753,0.2686,0.2075,0.382
5.325103,0.1235,0.2295,0.1167,0.286
5.326121,0.1382,0.1221,0.1406,0.232
5.328186,0.3223,-0.0356,0.4839,0.583
5.330351,0.5420,-0.2119,1.2452,1.375
5.332470,0.6944,-0.4908,1.2032,1.473
5.334565,0.6822,-0.2940,0.0938,0.749
5.336643,1.1070,-0.1377,1.4372,1.819
5.338890,1.2047,0.1270,2.1701,2.485
5.342004,1.2887,0.5469,3.0384,3.345
5.343210,1.2555,0.6793,3.4540,3.737
5.345110,0.8502,0.3623,1.2374,1.544
5.346980,0.5958,0.2256,-0.1665,0.658
5.349138,0.5127,0.1040,-0.5611,0.767
5.351536,0.5718,-0.0903,0.1279,0.593
5.353506,0.5704,-0.1841,1.1490,1.296
5.355632,0.4893,-0.2114,0.9493,1.089
5.358786,0.3789,-0.2593,0.9078,1.017
5.359896,0.3023,-0.1890,1.1002,1.157
5.361906,0.2549,-0.1514,0.6675,0.730
5.364459,0.2114,-0.1094,0.1089,0.262
5.366245,0.1753,-0.0586,-0.0234,0.186
5.368289,0.1270,-0.0366,0.1992,0.239
5.370409,0.0654,0.0298,0.3296,0.337
5.372626,-0.0010,0.1353,0.2578,0.291
5.375109,-0.0542,0.2085,0.2422,0.324
5.376709,-0.0869,0.1924,0.4131,0.464
5.378791,-0.0610,0.0405,0.6778,0.682
5.380987,0.1963,-0.1450,1.5094,1.529
5.383021,0.4004,-0.1426,1.7311,1.783
5.385190,0.5157,-0.0649,1.4665,1.556
5.386936,0.6016,-0.0713,1.2003,1.345
5.389245,0.6500,-0.1089,1.0734,1.260
5.391359,0.6700,0.1021,1.3615,1.521
5.393479,1.0182,-0.0430,2.5725,2.767
5.395693,1.1466,-0.1148,2.7049,2.940
5.397605,0.9703,-0.1890,1.5968,1.878
5.400007,0.8243,-0.1406,0.8927,1.223
5.402090,0.6466,-0.0410,1.0944,1.272
5.404133,0.4283,0.0117,1.5846,1.642
5.406905,0.3741,-0.1192,1.7321,1.776
5.408673,0.3389,-0.0859,1.0968,1.151
5.411467,0.3062,-0.0410,0.5474,0.629
5.412553,0.2534,-0.0347,0.1275,0.286
5.414740,0.1821,0.0498,-0.0234,0.190
5.416845,0.1787,0.1172,0.2862,0.357
5.418989,0.2764,0.1426,0.9825,1.031
5.420946,0.3594,0.2090,0.8888,0.981
5.425356,0.2090,0.1104,0.2207,0.323
5.425663,0.1030,0.1128,-0.1397,0.207
5.427373,0.2051,-0.0059,-0.0571,0.213
5.429210,0.8736,-0.3282,2.2952,2.478
5.431691,1.1437,-0.2979,2.8416,3.078
5.433649,0.9679,-0.1831,1.4689,1.769
5.435913,0.9586,-0.4336,0.1143,1.058
5.437978,0.8287,-0.1079,-0.3296,0.898
5.440255,0.7452,0.2281,-0.5132,0.933
5.443035,1.1564,0.5445,1.8601,2.257
5.444440,1.4684,0.7130,5.2432,5.491
5.446280,1.0016,0.4532,2.7864,2.995
5.448415,0.6968,0.1221,0.2466,0.749
5.450493,0.6246,-0.0991,-0.3140,0.706
5.452571,0.5352,-0.1318,-0.4957,0.741
5.454658,0.4234,-0.1421,-0.4634,0.644
5.456765,0.3745,-0.1836,0.9625,1.049
5.459168,0.2837,-0.1318,1.2501,1.289
5.461052,0.1553,-0.1279,0.3008,0.362
5.463134,0.0537,-0.1055,-0.1924,0.226
5.465409,-0.0259,-0.0698,-0.2451,0.256
5.467053,-0.1152,0.0576,-0.0313,0.133
5.469223,-0.1592,0.1030,0.4864,0.522
5.471273,-0.2197,0.1704,0.7047,0.758
5.473394,-0.2783,0.1738,0.5123,0.608
5.475707,-0.2202,0.1074,0.3887,0.460
5.478307,-0.0039,-0.0352,0.8683,0.869
5.479975,0.1831,-0.1113,1.4508,1.467
5.482086,0.1973,-0.2324,0.9879,1.034
5.484186,0.2163,-0.1904,0.4957,0.573
5.486410,0.3975,-0.1924,1.0953,1.181
5.488455,0.5718,-0.0649,1.6310,1.730
5.490560,0.5425,0.1831,1.4328,1.543
5.492641,0.4854,0.1792,0.6275,0.813
5.494736,0.5372,0.1719,0.4673,0.732
5.496785,0.6739,0.1152,0.7633,1.025
5.498920,0.6426,0.0615,1.1027,1.278
5.501004,0.4229,-0.0776,0.9200,1.016
5.503201,0.3267,-0.0845,0.5880,0.678
5.505263,0.3184,-0.0645,0.4991,0.595
5.507120,0.4463,-0.1006,0.6827,0.822
5.511557,0.8116,0.0034,1.2755,1.512
5.511773,0.8160,0.0005,1.0421,1.324
5.513641,0.6910,0.0034,0.5289,0.870
5.515769,0.5894,0.1870,0.2871,0.682
5.517837,0.4883,0.2657,0.0591,0.559
5.520047,0.4141,0.2686,0.0625,0.498
5.522092,0.3467,0.0581,0.5455,0.649
5.525828,0.5323,-0.2945,1.2853,1.422
5.526717,1.1998,-0.5025,4.0668,4.270
5.528515,1.4836,-0.6622,5.4083,5.647
5.530557,1.1305,-0.4009,1.7219,2.098
5.532654,1.0079,-0.2959,-0.1231,1.058
5.534854,0.9576,-0.2056,-0.6089,1.153
5.536859,0.8595,0.0713,-0.4458,0.971
5.539151,0.9703,0.2744,0.3140,1.056
5.542789,1.1666,0.5357,2.1067,2.467
5.543713,1.0812,0.5420,2.3713,2.662
5.545438,0.7867,0.4205,1.0050,1.344
5.547208,0.5640,0.2920,-0.0381,0.636
5.549357,0.5152,0.2959,0.4375,0.738
5.551483,0.4541,0.1768,1.1886,1.285
5.553621,0.3872,0.0816,0.8209,0.911
5.555652,0.3091,0.0386,0.1641,0.352
5.558279,0.2290,-0.0010,-0.1817,0.292
5.561208,0.1655,0.0244,0.0361,0.171
5.562360,0.0972,-0.0088,0.7603,0.767
5.564574,0.0596,0.0317,0.8399,0.843
5.566958,0.0176,0.0161,0.4385,0.439
5.568684,-0.0117,0.0049,0.1724,0.173
5.570822,-0.0576,-0.0381,0.2134,0.224
5.572791,-0.0859,-0.0127,0.4346,0.443
5.575379,-0.0361,0.2935,0.9444,0.990
5.577032,0.1724,0.4825,2.0920,2.154
5.579188,0.1416,0.4664,1.8205,1.885
5.581240,-0.0288,0.3623,0.7755,0.856
5.583365,-0.0288,0.1548,0.1470,0.215
5.585540,0.1616,-0.0283,0.3374,0.375
5.587248,0.4693,-0.1939,1.5002,1.584
5.589312,0.6851,-0.2671,2.0393,2.168
5.592417,0.7447,-0.2427,1.4235,1.625
5.594122,0.8766,-0.0869,1.0441,1.366
5.596084,0.9215,0.0732,0.6744,1.144
5.598089,0.8697,0.1480,0.1719,0.899
5.600166,0.9420,0.1611,0.3643,1.023
5.602334,1.0426,0.0005,1.0016,1.446
5.604422,1.0680,-0.1211,1.1686,1.588
5.606494,0.9562,-0.1431,0.9435,1.351
5.610959,0.8643,-0.0850,0.6563,1.089
5.611380,0.7799,-0.0493,0.8683,1.168
5.612972,0.6695,-0.0151,1.3234,1.483
5.614913,0.5943,0.0474,1.4000,1.522
5.617226,0.5230,-0.0029,1.6042,1.687
5.619182,0.5333,0.0557,1.0299,1.161
5.621430,0.5186,0.0967,0.6461,0.834
5.623573,0.4957,0.0073,0.2993,0.579
5.625995,0.4571,-0.0371,0.3067,0.552
5.627539,0.4126,-0.0581,0.4019,0.579
5.629709,0.3653,-0.0684,0.5005,0.623
5.632039,0.5367,0.2022,0.9615,1.120
5.633917,0.6549,0.4322,1.1979,1.432
5.635880,0.5401,0.2715,0.8126,1.013
5.638456,0.3726,0.1323,0.7017,0.805
5.640465,0.3609,-0.0825,0.9713,1.039
5.642999,0.3843,-0.2642,1.2164,1.303
5.645257,0.3496,-0.2637,0.9039,1.004
5.647968,0.3164,-0.3140,0.9088,1.012
5.648892,0.2783,-0.2808,1.3449,1.402
5.651071,0.3091,-0.0903,1.3439,1.382
5.653023,0.3360,0.1817,1.1476,1.209
5.655295,0.2027,0.3018,0.9918,1.056
5.657255,0.1768,0.0972,1.1617,1.179
5.659918,0.2642,-0.1553,1.2736,1.310
5.661730,0.2671,-0.2051,0.9635,1.021
5.664181,0.2281,-0.1665,0.7198,0.773
5.665739,0.2114,-0.1045,0.5821,0.628
5.667539,0.2710,0.0171,0.7091,0.759
5.669701,0.2666,0.0610,0.6021,0.661
5.672427,0.2017,0.0718,0.1787,0.279
5.674127,0.2017,0.1978,0.0620,0.289
5.676442,0.3643,0.2549,0.7945,0.910
5.678968,0.4205,0.2461,1.1505,1.249
5.681013,0.3794,0.1128,0.6397,0.752
5.682686,0.5508,-0.0947,0.3247,0.646
5.684727,1.0167,-0.3492,1.8107,2.106
5.686757,0.8834,-0.2466,0.2212,0.943
5.688978,0.8726,-0.1861,0.0806,0.896
5.691164,0.9796,-0.3076,0.5108,1.147
5.693678,1.0397,-0.2735,1.3356,1.714
5.695497,0.8624,0.0049,0.9942,1.316
5.698220,0.6817,0.2290,0.9728,1.210
5.699681,0.5767,0.3399,1.4836,1.628
5.701556,0.4742,0.3379,1.6657,1.765
5.703682,0.3330,0.2085,1.4411,1.494
5.705901,0.2266,0.0884,0.8228,0.858
5.707684,0.1167,0.2012,1.0611,1.086
5.712122,0.0459,0.2705,1.8806,1.900
5.712886,0.0400,0.2588,2.3889,2.403
5.714946,0.0093,0.3106,1.5773,1.608
5.718026,-0.0244,0.2930,0.7047,0.764
5.718696,0.1060,0.2246,0.9352,0.968
5.720465,0.3350,-0.0474,1.5353,1.572
5.722708,0.4556,-0.1538,1.2838,1.371
5.725264,0.4571,-0.1348,0.6192,0.781
5.727188,0.5137,-0.1162,0.4009,0.662
5.729279,0.6129,-0.0894,0.4488,0.765
5.731239,0.6226,-0.0327,0.3076,0.695
5.733582,0.5679,-0.0195,0.0112,0.568
5.735342,0.5084,-0.0122,-0.2241,0.556
5.737303,0.5557,0.0596,-0.0615,0.562
5.739498,0.8487,0.1040,0.8448,1.202
5.741961,0.9229,0.1729,1.1329,1.471
5.743808,0.7559,0.0230,0.5689,0.946
5.745759,0.5806,-0.0313,-0.0630,0.585
5.747692,0.4966,-0.0098,0.0737,0.502
5.749743,0.4922,0.0527,0.3916,0.631
5.752179,0.4434,-0.0313,0.3721,0.580
5.754202,0.5123,-0.0698,0.6197,0.807
5.756272,0.6436,0.1118,0.7843,1.021
5.758274,0.6402,0.1343,0.6910,0.952
5.760744,0.4922,0.2071,0.3042,0.615
5.762527,0.3521,0.3081,0.2837,0.547
5.764866,0.2730,0.3233,0.5831,0.720
5.767212,0.4405,0.5245,1.7805,1.908
5.768962,0.4771,0.3482,2.9964,3.054
5.770967,0.3213,-0.0664,2.8055,2.825
5.773159,0.3604,-0.4200,2.4539,2.515
5.776384,0.4947,-0.7032,2.5296,2.672
5.777407,0.5977,-0.8385,3.1126,3.279
5.779450,0.5860,-0.6929,2.5076,2.667
5.781852,0.5591,-0.4795,1.3278,1.518
5.783751,0.6021,-0.1358,0.4781,0.781
5.785936,0.6719,-0.0078,0.4175,0.791
5.787715,0.6373,-0.0171,0.0405,0.639
5.789851,0.4883,0.1270,-0.1558,0.528
5.793770,0.3472,0.2256,-0.3521,0.544
5.794301,0.3111,0.2574,-0.1011,0.416
5.796621,0.4981,0.2705,0.5186,0.768
5.798499,0.8170,0.0767,1.8991,2.069
5.800724,0.7808,0.0493,1.4489,1.647
5.802594,0.5767,0.0991,0.4122,0.716
5.804748,0.4507,0.0942,-0.1489,0.484
5.806957,0.4766,0.0674,-0.2466,0.541
5.809180,0.7618,-0.0430,0.5865,0.962
5.811234,0.9146,-0.0039,1.0939,1.426
5.813421,0.7496,0.2163,0.7769,1.101
5.815507,0.6895,0.2735,0.5372,0.916
5.817562,0.8853,0.1172,1.1686,1.471
5.819746,0.8487,0.0215,1.5133,1.735
5.821784,0.5655,0.0864,0.6500,0.866
5.823987,0.4146,0.1294,0.1450,0.458
5.828826,0.3868,-0.0298,0.3882,0.549
5.829341,0.3985,-0.1133,0.8219,0.920
5.830862,0.3540,-0.1157,0.5899,0.698
5.832225,0.2876,-0.1192,0.1753,0.357
5.834937,0.2574,-0.1265,0.4737,0.554
5.836424,0.2666,-0.0703,0.9728,1.011
5.838656,0.2891,0.1958,1.1036,1.158
5.840819,0.2788,0.3492,1.2736,1.350
5.842980,0.2617,0.2193,1.0958,1.148
5.844921,0.3155,0.0942,1.2755,1.317
5.847301,0.3912,0.0073,1.3117,1.369
5.849190,0.4073,0.1455,1.1193,1.200
5.852091,0.3272,0.2603,0.9244,1.015
5.853567,0.2696,0.2281,0.6378,0.729
5.855650,0.2451,0.1890,0.4771,0.569
5.857930,0.2066,0.0952,0.2271,0.321
5.861032,0.1724,0.0371,-0.0176,0.177
5.861947,0.1445,0.0093,-0.1817,0.232
5.863911,0.1157,-0.0059,-0.0708,0.136
5.866081,0.0850,0.0239,0.4097,0.419
5.867701,0.0381,0.0640,0.4605,0.466
5.869813,-0.0283,0.1045,0.1743,0.205
5.871975,-0.0317,0.1074,-0.0308,0.116
5.874163,0.2344,0.0527,0.3970,0.464
5.877209,0.8394,-0.1441,2.2429,2.399
5.878889,1.1237,-0.1577,2.8177,3.038
5.881616,1.0934,-0.1250,2.1408,2.407
5.883193,1.1520,-0.1753,1.7385,2.093
5.884878,1.1730,-0.4795,0.5240,1.371
5.887162,1.0148,-0.0166,-0.1904,1.033
5.889061,0.8204,0.3384,-0.2593,0.925
5.891587,1.1632,0.5977,2.1418,2.510
5.895724,1.4035,0.8307,4.2729,4.574
5.896190,1.0802,0.6588,3.4862,3.709
5.897779,0.7183,0.3804,1.3942,1.614
5.899867,0.5982,0.1055,0.7589,0.972
5.901817,0.5269,-0.1602,1.2145,1.334
5.903912,0.4722,-0.1533,1.1075,1.214
5.906141,0.4058,-0.1304,0.3799,0.571
5.908003,0.3438,-0.0669,-0.1387,0.377
5.911932,0.2774,-0.0576,-0.0835,0.295
5.912391,0.1895,-0.1016,0.0493,0.221
5.914375,0.1572,-0.0693,0.4800,0.510
5.916719,0.1572,0.0078,0.4493,0.476
5.918683,0.1592,-0.0767,0.4893,0.520
5.920885,0.2588,-0.1519,0.7252,0.785
5.923325,0.3531,-0.1226,0.6837,0.779
5.925007,0.4224,-0.0601,0.4581,0.626
5.927176,0.4063,-0.0317,0.2447,0.475
5.929377,0.2266,0.0356,-0.1255,0.261
5.931381,0.2334,0.1260,-0.0635,0.273
5.933462,0.2974,0.1714,0.3789,0.511
5.935566,0.5020,0.2276,1.2155,1.335
5.937581,0.4244,0.3545,1.6740,1.763
5.939765,0.1851,0.2700,1.1935,1.238
5.942081,0.2622,0.1455,0.8590,0.910
5.944209,0.6939,-0.2305,2.2053,2.323
5.946372,0.9093,-0.3648,2.3396,2.536
5.948339,0.8448,-0.3990,0.9869,1.359
5.950126,0.8609,-0.2744,0.4825,1.024
5.952060,0.9918,0.0088,1.3356,1.664
5.954307,0.8590,0.2525,1.4821,1.732
5.956395,0.6627,0.2188,0.8062,1.066
5.958872,0.4712,0.1660,0.1343,0.517
5.961135,0.3379,0.1099,-0.0723,0.363
5.963122,0.3062,-0.0576,0.6768,0.745
5.965455,0.2383,-0.2183,0.8932,0.950
5.967490,0.2075,-0.3916,0.6788,0.811
5.969319,0.1856,-0.5816,1.4230,1.548
5.972060,0.1826,-0.6070,2.6546,2.729
5.973656,0.1631,-0.6011,2.5076,2.584
5.977683,0.1817,-0.3965,1.2247,1.300
5.977940,0.3247,-0.0430,1.0338,1.084
5.980078,0.3667,0.4639,1.3043,1.432
5.982001,0.5245,0.5977,1.8454,2.009
5.983977,0.5108,0.5333,1.4523,1.629
5.986029,0.3824,0.3081,0.8126,0.949
5.988420,0.4068,-0.0332,0.7413,0.846
5.990084,0.3736,-0.1128,0.6251,0.737
5.993666,0.3633,-0.0718,0.1743,0.409
5.995407,0.4473,-0.0288,-0.1006,0.459
5.996610,0.5733,0.0200,0.0146,0.574
5.998665,0.5997,0.0513,0.0230,0.602
6.000801,0.6744,0.1279,0.2407,0.727
6.002936,0.7515,0.0703,0.6016,0.965
6.005945,0.6832,-0.0825,0.6495,0.946
6.007168,0.6495,-0.0972,0.5347,0.847
6.009614,0.7315,-0.0220,0.3130,0.796
6.011535,0.5684,0.0728,-0.2950,0.645
6.013569,0.5030,0.0982,-0.0591,0.516
6.015600,0.4673,0.1104,0.2735,0.553
6.017743,0.4273,-0.0405,0.5127,0.669
6.019882,0.4258,-0.1397,0.5699,0.725
6.022001,0.4678,-0.0635,0.5479,0.723
6.024022,0.5391,0.0967,0.4434,0.705
6.026981,0.4253,0.0005,0.0430,0.428
6.030065,0.3648,-0.0523,0.0161,0.369
6.030682,0.3213,-0.0718,0.5894,0.675
6.032262,0.2720,-0.0503,0.4317,0.513
6.034450,0.2237,-0.1001,0.2290,0.335
6.036818,0.4395,-0.0674,1.8435,1.896
6.038888,0.8546,0.9044,5.2422,5.388
6.040874,1.0787,0.7515,6.7238,6.851
6.043334,1.2540,0.3135,5.0083,5.172
6.045204,1.1276,0.0708,2.0066,2.303
6.047407,1.0602,-0.0899,0.6212,1.232
6.049394,1.4298,0.1597,1.8796,2.367
6.051542,1.2252,0.2027,1.6970,2.103
6.053534,0.8790,0.1665,0.8556,1.238
6.055775,0.6846,0.1079,0.2281,0.730
6.057794,0.5616,0.0361,-0.3335,0.654
6.060315,0.4751,0.0156,-0.5860,0.755
6.062093,0.3819,0.0474,-0.6744,0.776
6.064361,0.2696,0.0664,-0.5513,0.617
6.066157,0.1304,0.0415,-0.3179,0.346
6.068027,0.0366,0.0317,-0.0654,0.081
6.070188,-0.0381,0.0425,0.6089,0.612
6.072621,-0.1250,0.0332,0.8702,0.880
6.074709,-0.2066,0.0161,0.4976,0.539
6.077005,-0.2774,0.0020,0.1802,0.331
6.078955,-0.3203,0.0606,0.0606,0.332
6.081251,-0.3223,0.1460,0.0439,0.357
6.083370,-0.0400,0.0669,0.8336,0.837
6.085102,0.2046,0.0674,1.5837,1.598
6.087166,0.2100,0.0903,1.2985,1.318
6.089407,0.1724,0.0864,0.5772,0.609
6.091759,0.1025,0.0527,-0.1167,0.164
6.094284,0.1372,0.0576,-0.4058,0.432
6.095945,0.2095,0.0689,-0.4952,0.542
6.098385,0.3052,0.0386,-0.5254,0.609
6.099936,0.4659,-0.0479,-0.3389,0.578
6.102088,0.7091,-0.0816,0.3960,0.816
6.104135,0.9034,-0.0566,0.9444,1.308
6.105968,0.9625,-0.0562,0.8941,1.315
6.108221,0.8844,-0.0874,0.4351,0.989
6.113857,0.8741,-0.0649,0.1963,0.898
6.114401,0.8912,0.0117,0.1611,0.906
6.114731,0.8331,0.0469,0.0566,0.836
6.116600,0.8507,-0.1528,0.5967,1.050
6.120114,0.9635,-0.2442,1.2550,1.601
6.121004,1.0206,-0.2349,1.2833,1.656
6.123431,1.0963,-0.0430,1.1490,1.589
6.125702,1.1290,-0.2432,1.3737,1.795
6.127201,0.9283,0.0059,0.8814,1.280
6.129364,0.8643,0.1138,2.6844,2.822
6.131625,0.9894,0.7227,4.7461,4.902
6.134560,0.5503,0.6871,3.1170,3.239
6.137799,0.3501,0.5176,2.1946,2.282
6.138133,0.3677,0.1988,2.9803,3.009
6.140451,0.4468,-0.2837,2.8851,2.933
6.143809,0.4820,-0.3453,2.3494,2.423
6.144286,0.5577,-0.0342,2.3777,2.442
6.146253,0.5318,0.0996,1.7678,1.849
6.148222,0.4180,0.0215,0.5279,0.674
6.150964,0.3521,0.0523,-0.2578,0.440
6.152814,0.3018,0.0649,-0.4131,0.516
6.154782,0.2393,0.0552,-0.5684,0.619
6.156850,0.2061,0.0527,-0.4673,0.513
6.158990,0.1167,0.1035,-0.4068,0.436
6.161422,0.0352,0.1411,-0.2862,0.321
6.163580,-0.0244,0.1577,-0.1221,0.201
6.165330,-0.0635,0.1621,0.4458,0.479
6.167300,-0.0249,0.1973,1.0162,1.035
6.169622,0.0606,0.2969,1.1002,1.141
6.171585,0.0523,0.3467,0.7989,0.872
6.173697,-0.0020,0.2954,0.3560,0.463
6.175794,0.0039,0.2227,0.0249,0.224
6.178141,0.0332,0.1450,-0.1611,0.219
6.180357,0.1099,0.0908,-0.0762,0.162
6.182464,0.2300,0.0562,0.2305,0.330
6.184638,0.3692,0.0830,0.4854,0.615
6.186524,0.4747,0.1235,0.5103,0.708
6.188162,0.5469,0.0820,0.4322,0.702
6.190250,0.5777,0.0083,0.3853,0.694
6.192320,0.6202,-0.0972,0.2954,0.694
6.194898,0.7520,-0.0493,0.4165,0.861
6.197777,0.9669,-0.1470,1.3527,1.669
6.199153,0.8600,-0.1616,0.7398,1.146
6.201405,0.7388,-0.1416,0.1226,0.762
6.203315,0.7926,-0.2842,0.8487,1.196
6.205248,0.8233,-0.3633,1.3556,1.627
6.207452,0.7974,-0.3672,1.0167,1.343
6.209415,0.7525,-0.4415,0.4600,0.986
6.212573,0.6500,-0.5264,0.8692,1.206
6.213919,0.6304,-0.4546,1.5910,1.771
6.216005,0.9913,0.2012,2.9822,3.149
6.218019,1.0387,0.6968,4.4917,4.663
6.220113,0.8009,0.3492,4.4282,4.514
6.222184,0.6373,-0.2447,2.4421,2.536
6.224604,0.5147,-0.3775,1.1276,1.296
6.226135,0.4244,-0.3916,0.8731,1.047
6.230059,0.3912,-0.2896,1.1139,1.216
6.230563,0.3565,-0.1953,0.6060,0.730
6.232856,0.3247,-0.1426,0.0996,0.368
6.236588,0.2569,-0.0869,-0.1826,0.327
6.236854,0.1973,-0.0752,-0.4112,0.462
6.239401,0.1402,-0.0820,-0.4439,0.473
6.241318,0.1245,-0.0317,-0.2574,0.288
6.243859,0.4571,0.0977,0.7833,0.912
6.245587,0.7857,0.0791,1.7800,1.947
6.247559,0.6837,0.0767,1.3454,1.511
6.249580,0.5455,0.0903,0.6368,0.843
6.251746,0.3643,0.0767,0.2461,0.446
6.253817,0.2476,0.0366,-0.4493,0.514
6.256103,0.4468,0.0527,0.5176,0.686
6.258053,0.6466,0.0615,1.3258,1.476
6.261140,0.5816,0.1143,0.8516,1.038
6.262717,0.4761,0.2071,0.3511,0.627
6.264742,0.4478,0.2388,0.4190,0.658
6.266383,0.5704,0.0654,0.9269,1.090
6.268241,0.5381,-0.0991,1.1945,1.314
6.270705,0.4673,-0.1900,0.8155,0.959
6.272505,0.4361,-0.2188,0.6895,0.845
6.274576,0.3995,-0.2388,0.7301,0.866
6.277623,0.3951,-0.2041,0.9874,1.083
6.279980,0.3570,-0.1426,0.8702,0.951
6.281766,0.3472,-0.0303,0.8033,0.876
6.283411,0.2881,0.0112,0.7105,0.767
6.285391,0.1563,0.1587,0.2788,0.357
6.287546,0.0982,0.2588,0.3824,0.472
6.289554,0.0562,0.2974,0.7745,0.832
6.291979,-0.0186,0.1621,0.7818,0.799
6.294717,-0.0327,-0.1421,0.8702,0.882
6.296981,0.2300,-0.3345,1.7175,1.765
6.298151,0.8180,-0.4209,3.6893,3.802
6.300382,0.8438,-0.3721,2.9827,3.122
6.302293,0.5963,-0.3736,0.8556,1.108
6.304426,0.5347,-0.2056,-0.0195,0.573
6.306232,0.5587,-0.2373,-0.3330,0.692
6.308487,0.5684,-0.1304,-0.4649,0.746
6.311873,0.5743,-0.0664,-0.4629,0.741
6.314125,0.8643,-0.0356,0.5298,1.014
6.314996,1.2081,0.0391,2.0822,2.408
6.317133,1.1212,0.1094,2.0178,2.311
6.319203,1.0201,0.0801,1.1945,1.573
6.321248,0.9850,-0.0381,0.4405,1.080
6.323494,0.8893,0.0361,-0.0171,0.890
6.325685,0.9537,0.0942,0.2744,0.997
6.330253,0.9732,0.1797,0.7022,1.214
6.330916,0.7891,0.0659,0.8023,1.127
6.332624,0.7188,-0.0190,1.3200,1.503
6.334027,0.6099,0.0537,1.1603,1.312
6.336211,0.5499,-0.0239,0.9977,1.139
6.338079,0.5709,-0.2783,1.8351,1.942
6.340302,0.5123,-0.3023,2.4944,2.564
6.342293,0.4288,-0.1782,3.1151,3.149
6.344451,0.3995,-0.1919,2.7810,2.816
6.346405,0.3623,-0.0562,1.4728,1.518
6.348367,0.3267,0.0855,0.5386,0.636
6.350547,0.3145,0.0537,0.5401,0.627
6.352752,0.2935,0.0137,0.9029,0.950
6.354908,0.2730,0.0107,0.8697,0.912
6.356832,0.2188,0.0698,0.4512,0.506
6.359439,0.1680,0.1152,0.0772,0.218
6.361578,0.1362,0.0864,0.1025,0.191
6.363622,0.0894,0.0532,0.1553,0.187
6.365976,0.1172,0.0332,0.4883,0.503
6.367658,0.3350,0.1528,0.8297,0.908
6.369684,0.5054,0.1275,0.9137,1.052
6.371885,0.6036,0.0601,0.9786,1.151
6.374579,0.5103,0.1138,0.7052,0.878
6.376003,0.3799,0.0752,0.0855,0.397
6.378727,0.5025,-0.0781,0.8062,0.953
6.380383,0.5088,-0.0332,1.0030,1.125
6.382297,0.5020,-0.0317,0.5972,0.781
6.384433,0.5001,0.0464,0.4527,0.676
6.386285,0.4161,0.1362,0.1909,0.478
6.388426,0.3174,0.1626,0.4786,0.597
6.390500,0.2437,0.1128,0.5919,0.650
6.393126,0.2188,-0.1182,0.5718,0.624
6.395793,0.1958,-0.2715,0.2075,0.394
6.397466,0.2881,-0.3965,0.6798,0.838
6.399286,0.4288,-0.5977,1.6091,1.769
6.401452,0.7257,-0.3223,1.9318,2.089
6.403409,0.9855,0.0791,2.6985,2.874
6.405544,0.5445,0.5142,1.9509,2.090
6.407664,0.3453,0.4878,0.9669,1.137
6.409675,0.4976,0.4732,1.0094,1.221
6.412076,0.7296,0.3755,1.5192,1.727
6.414276,0.6500,0.3140,0.9781,1.216
6.416834,0.4424,0.2207,0.1011,0.505
6.418551,0.4576,0.0449,0.5210,0.695
6.420126,0.4991,-0.0845,1.5588,1.639
6.422315,0.3570,-0.1089,1.1866,1.244
6.424409,0.3321,-0.0649,0.4424,0.557
6.426284,0.3184,-0.0566,0.0523,0.328
6.430523,0.3018,-0.0439,0.2339,0.384
6.431167,0.2886,-0.0156,0.6260,0.690
6.433504,0.2705,-0.0693,0.8477,0.893
6.436315,0.2862,-0.0703,0.9557,1.000
6.436937,0.3355,-0.0767,0.7393,0.816
6.439493,0.4205,-0.0439,0.5147,0.666
6.441312,0.5372,0.0918,0.5108,0.747
6.443422,0.6031,0.1001,0.5254,0.806
6.445555,0.5723,0.0982,0.4375,0.727
6.448082,0.5928,0.0552,0.3843,0.709
6.449788,0.6099,0.1025,0.4698,0.777
6.452038,0.5264,0.1660,0.4776,0.730
6.454020,0.3638,0.2598,0.4356,0.624
6.456277,0.3130,0.0762,0.9210,0.976
6.458252,0.5723,-0.2295,1.8742,1.973
6.461686,0.9498,-0.3365,2.9549,3.122
6.462905,1.0987,-0.4263,3.1278,3.342
6.464805,0.9342,-0.4009,1.6867,1.969
6.466840,1.0411,-0.1875,1.6833,1.988
6.468590,0.9659,0.0723,1.6091,1.878
6.471447,0.6812,0.2002,1.2262,1.417
6.473062,0.3965,0.3096,0.8228,0.964
6.475260,0.2788,0.2163,0.7418,0.821
6.478563,0.2359,0.0610,0.9479,0.979
6.481533,0.2066,-0.0039,0.6925,0.723
6.482196,0.1616,-0.0015,0.2798,0.323
6.483632,0.1030,0.0645,0.0928,0.153
6.485791,0.0581,0.0088,0.0601,0.084
6.487849,0.0352,-0.0425,0.1734,0.182
6.489959,0.0376,-0.1113,0.4502,0.465
6.492138,0.1367,-0.1953,0.8770,0.909
6.494693,0.2012,-0.2456,0.8590,0.916
6.496520,0.2295,-0.2852,0.4434,0.575
6.498767,0.3330,-0.3272,0.5289,0.705
6.500349,0.5904,-0.2290,1.0397,1.217
6.502547,0.6329,-0.0855,1.2726,1.424
6.504602,0.4732,0.3526,1.3390,1.463
6.506516,0.9332,0.4229,3.1146,3.279
6.508638,0.9078,0.3521,2.9974,3.152
6.515283,0.5723,0.2412,1.0211,1.195
6.515808,0.4429,0.1875,-0.0879,0.489
6.516066,0.4917,0.2417,0.0586,0.551
6.517143,0.6422,0.2520,0.8429,1.089
6.519490,0.6524,0.2412,0.9986,1.217
6.521413,0.4966,0.1953,0.3062,0.615
6.523627,0.3677,0.1255,-0.2520,0.463
6.525602,0.2989,0.0776,-0.4190,0.520
6.528794,0.2764,0.0220,-0.1680,0.324
6.529887,0.2793,-0.0249,0.2329,0.365
6.532377,0.2608,-0.0396,0.4248,0.500
6.534179,0.2071,-0.0747,0.0869,0.237
6.536441,0.1904,-0.1109,0.1167,0.249
6.538320,0.2315,-0.1963,0.7125,0.774
6.540595,0.3882,-0.2364,1.1686,1.254
6.542723,0.6099,-0.0913,1.5295,1.649
6.545600,0.7071,-0.0127,1.7780,1.914
6.546880,0.6241,0.0063,1.3312,1.470
6.548808,0.4976,0.3267,1.2658,1.399
6.551645,0.5230,0.4434,1.5363,1.682
6.553137,0.7012,0.2100,1.8688,2.007
6.555202,0.8214,-0.0171,2.0940,2.249
6.557303,0.7012,0.0347,1.8161,1.947
6.559447,0.4283,-0.1231,1.3121,1.386
6.561632,0.3565,-0.0557,0.7930,0.871
6.563971,0.3330,-0.0005,0.4239,0.539
6.566500,0.3013,0.0049,0.1729,0.347
6.567959,0.3521,-0.0908,0.5220,0.636
6.570984,0.4292,-0.1577,1.0118,1.110
6.572180,0.4165,-0.0728,0.7359,0.849
6.574295,0.4488,0.0439,0.1773,0.485
6.576379,0.5420,0.0859,0.1460,0.568
6.578664,0.6456,0.0835,0.2764,0.707
6.580592,0.7100,0.0640,0.5494,0.900
6.583209,0.7462,0.0317,0.6964,1.021
6.584827,0.7110,0.0737,0.4048,0.821
6.587269,0.6041,0.1587,-0.1460,0.641
6.588510,0.6490,0.1030,0.2114,0.690
6.590702,0.6021,-0.0063,0.6998,0.923
6.592785,0.6094,-0.0459,0.8819,1.073
6.595513,0.7525,0.0156,1.0709,1.309
6.597440,0.6231,-0.0234,1.0001,1.179
6.599748,0.6192,0.0049,1.0714,1.237
6.601785,0.5450,-0.0137,1.5539,1.647
6.603786,0.4537,0.0156,2.1169,2.165
6.605774,0.3467,0.0425,1.8444,1.877
6.608051,0.2862,0.2051,1.1349,1.188
6.609951,0.2119,0.2075,1.2330,1.268
6.612354,0.1978,-0.0772,2.3215,2.331
6.614679,0.2163,-0.2740,3.1214,3.141
6.616756,0.2241,-0.2202,2.1604,2.183
6.618769,0.2207,-0.0659,0.9996,1.026
6.620504,0.2241,0.1665,0.7271,0.779
6.622694,0.1978,0.2642,0.8922,0.951
6.624868,0.1509,0.2432,0.7222,0.777
6.626561,0.1192,0.1890,0.6773,0.713
6.632528,0.1211,0.0581,0.7584,0.770
6.633143,0.1338,-0.0791,0.6461,0.664
6.634753,0.1504,-0.1245,0.5640,0.597
6.635810,0.1817,-0.1445,0.5557,0.602
6.638869,0.1978,-0.1524,0.4122,0.482
6.639597,0.1660,-0.1138,0.0498,0.207
6.641563,0.1817,-0.1143,-0.0708,0.226
6.643644,0.3135,-0.0986,0.2705,0.426
6.645812,0.5689,0.0986,0.7218,0.924
6.648025,0.7398,0.1528,1.0797,1.318
6.650204,0.7584,0.1924,1.3634,1.572
6.652288,0.6006,0.2832,1.2057,1.376
6.654275,0.4825,0.2510,0.1035,0.554
6.656466,0.6006,0.2769,0.4122,0.779
6.658499,0.7252,0.2950,1.0260,1.291
6.660715,0.7227,0.2906,1.0743,1.327
6.662894,0.7105,0.1494,0.6466,0.972
6.665134,0.7174,0.0132,0.7330,1.026
6.667169,0.6749,-0.1250,1.4235,1.580
6.668708,0.6402,-0.1143,1.8474,1.958
6.671083,0.5796,-0.0591,1.5119,1.620
6.673094,0.4932,-0.0938,0.6890,0.853
6.675205,0.4502,-0.0371,0.5953,0.747
6.677257,0.4371,0.0337,0.9454,1.042
6.679869,0.4102,0.1133,0.9693,1.059
6.682265,0.2691,0.2525,0.5210,0.638
6.683922,0.1665,0.2720,-0.0479,0.322
6.685970,0.0986,0.2515,-0.2007,0.337
6.688069,0.1133,0.1812,-0.0376,0.217
6.690381,0.1441,0.0811,0.4532,0.482
6.692407,0.1861,0.0142,0.5914,0.620
6.694342,0.4058,0.1221,0.6954,0.814
6.696814,0.4942,0.1953,0.7901,0.952
6.698905,0.4131,0.1392,0.3750,0.575
6.700766,0.3052,0.1069,-0.0874,0.335
6.702997,0.3125,0.1328,-0.1758,0.382
6.705000,0.4766,0.2456,0.2652,0.598
6.707224,0.7877,0.2207,1.4474,1.663
6.708945,0.6929,0.2403,1.3522,1.538
6.712248,0.5411,0.1524,0.2300,0.607
6.713771,0.6607,-0.0781,0.5538,0.866
6.715480,0.7052,-0.2730,0.8443,1.133
6.717697,0.6412,-0.2207,1.1237,1.312
6.719751,0.6304,-0.3955,2.4788,2.588
6.721797,0.5709,-0.0693,2.7039,2.764
6.724713,0.4468,0.3101,1.8767,1.954
6.726250,0.6832,0.5709,1.8181,2.024
6.728900,1.1847,0.2188,2.9793,3.214
6.732508,1.0299,-0.0361,2.2209,2.448
6.733049,0.7281,-0.0195,0.6138,0.953
6.734527,0.5630,0.0171,-0.0088,0.563
6.736495,0.4024,0.0991,-0.0137,0.415
6.738477,0.2896,0.1592,0.3135,0.456
6.740623,0.1968,0.1548,0.4434,0.509
6.742966,0.1348,0.1441,0.3702,0.419
6.746218,0.1104,0.1436,0.2735,0.328
6.747262,0.1152,0.0674,0.3540,0.378
6.748830,0.2388,-0.0308,0.6861,0.727
6.751289,0.2466,-0.0469,0.6304,0.679
6.753268,0.1948,-0.0698,0.2051,0.291
6.755268,0.1758,0.0132,-0.1455,0.229
6.757326,0.2134,0.0054,-0.0908,0.232
6.759941,0.3296,-0.0689,0.3833,0.510
6.762381,0.4742,0.0523,0.5806,0.751
6.763889,0.5406,-0.0972,0.9479,1.095
6.765989,0.6651,-0.0366,1.8049,1.924
6.768209,0.8477,0.0098,2.3748,2.522
6.770260,0.8155,0.0142,1.7267,1.910
6.772381,0.7037,0.1250,0.7408,1.029
6.774318,0.6148,0.2950,0.3912,0.786
6.776576,0.5801,0.3619,0.5547,0.880
6.779132,0.6070,0.3418,0.9708,1.195
6.782388,0.7154,0.2110,1.2780,1.480
6.783159,0.6270,0.1182,0.8936,1.098
6.785406,0.4917,0.0713,0.3257,0.594
6.787178,0.4239,0.0454,0.5977,0.734
6.788859,0.3482,0.0098,0.9083,0.973
6.791508,0.3096,-0.0508,1.1676,1.209
6.793558,0.2886,-0.0899,1.1832,1.221
6.796082,0.2593,-0.1929,1.2228,1.265
6.797800,0.2412,-0.2129,1.4381,1.474
6.799840,0.2324,-0.1582,1.3517,1.381
6.801999,0.2412,-0.0855,0.8878,0.924
6.803891,0.2510,-0.0303,0.4493,0.516
6.805961,0.2935,0.0689,0.2022,0.363
6.808182,0.4678,0.2046,0.3995,0.648
6.810236,0.5753,0.2300,0.4742,0.780
6.812616,0.5611,0.2476,0.4126,0.739
6.815526,0.6671,0.2212,0.6212,0.938
6.817426,0.7667,0.2090,0.8614,1.172
6.818905,0.7813,0.2080,0.7887,1.129
6.822003,0.7740,0.1602,0.6754,1.040
6.822978,0.7091,0.1177,0.4165,0.831
6.824888,0.6876,0.0786,0.4244,0.812
6.827073,0.5518,0.0640,0.5875,0.809
6.829446,0.4248,0.1797,0.7613,0.890
6.831315,0.4405,-0.0816,2.2038,2.249
6.833151,0.4727,-0.3360,3.2494,3.301
6.835304,0.7974,-0.2505,2.6253,2.755
6.837466,0.9464,-0.2227,1.8317,2.074
6.839888,0.9293,-0.1431,1.0875,1.438
6.841846,1.1744,0.1690,1.9421,2.276
6.844400,0.8941,0.2388,1.6760,1.915
6.846419,0.5377,0.2276,0.5796,0.823
6.848388,0.3648,0.2383,0.2256,0.491
6.850663,0.2793,0.1792,0.4053,0.524
6.852662,0.2232,0.0879,0.5274,0.579
6.854798,0.1563,0.0366,0.2925,0.334
6.856774,0.1094,0.0391,0.0420,0.124
6.858821,0.0962,0.0220,0.3086,0.324
6.861546,0.2989,0.0830,0.8907,0.943
6.863396,0.3350,0.1133,0.5972,0.694
6.865234,0.1870,0.0649,0.2261,0.301
6.867077,0.1577,0.0186,0.1753,0.237
6.869381,0.1470,0.0181,-0.0659,0.162
6.871727,0.1675,0.0337,-0.1221,0.210
6.873272,0.4097,-0.0767,0.8145,0.915
6.875608,0.5157,-0.1533,1.3947,1.495
6.879135,0.5567,-0.1680,1.2496,1.378
6.880236,0.6065,-0.1802,1.1935,1.351
6.882739,0.7159,-0.1909,1.2789,1.478
6.884168,0.8809,-0.0498,1.7780,1.985
6.886413,0.7545,0.0732,1.6491,1.815
6.888573,0.6256,0.3140,1.5177,1.671
6.890492,0.5108,0.5347,1.4889,1.662
6.892590,0.2657,0.4703,0.8888,1.040
6.894777,0.1607,0.3501,0.9054,0.984
6.897190,0.1299,0.1626,1.0074,1.029
6.899100,0.1270,0.0298,0.6934,0.706
6.901290,0.1074,0.0083,0.3252,0.343
6.903307,0.0938,0.0469,0.2783,0.297
6.905135,0.1919,0.2237,0.6861,0.747
6.906978,0.2661,0.2691,1.1066,1.169
6.908962,0.3238,0.2066,0.7916,0.880
6.911273,0.4170,0.1294,0.8595,0.964
6.914320,0.4253,0.0776,0.6163,0.753
6.915539,0.3838,0.0200,-0.2896,0.481
6.917540,0.4141,-0.0122,-0.4268,0.595
6.919989,0.4761,-0.1099,-0.2764,0.561
6.922005,0.7808,-0.1665,1.3781,1.593
6.924150,0.8497,0.1021,2.0866,2.255
6.926129,0.6968,0.3277,1.3214,1.529
6.928399,0.6021,0.3213,0.8536,1.093
6.933475,0.5025,0.2578,0.4859,0.745
6.934043,0.4961,-0.0518,0.7364,0.889
6.935461,0.5254,-0.2227,1.2228,1.349
6.936712,0.4961,-0.1641,1.8034,1.878
6.939095,0.4869,0.0205,1.9382,1.999
6.940991,0.3848,0.0200,1.3834,1.436
6.943140,0.3106,0.0117,0.6544,0.724
6.946162,0.2583,0.0151,0.3775,0.458
6.947014,0.2315,0.0415,0.4864,0.540
6.949115,0.1821,0.0366,0.5523,0.583
6.951395,0.1333,0.0205,0.6343,0.649
6.953643,0.1055,-0.0220,0.8717,0.878
6.955739,0.1631,0.0664,1.0343,1.049
6.957787,0.4571,0.1275,1.0880,1.187
6.960147,0.6387,0.0508,1.1866,1.349
6.963197,0.5870,0.0396,0.7794,0.976
6.964727,0.5674,-0.0244,0.4522,0.726
6.966543,0.5997,0.0034,0.3951,0.718
6.968552,0.6929,0.0889,0.6549,0.958
6.970687,0.8082,0.1279,0.9459,1.251
6.972519,0.9049,0.2412,1.2794,1.586
6.974681,0.7188,0.2608,0.7887,1.098
6.976932,0.7442,0.0049,0.8600,1.137
6.980193,0.9337,-0.0918,1.4811,1.753
6.981324,0.8307,-0.1348,1.0924,1.379
6.983326,0.6680,-0.2066,0.6710,0.969
6.985218,0.5587,-0.3086,1.0587,1.236
6.987277,0.4634,-0.2217,1.5197,1.604
6.989121,0.3960,-0.1939,1.5290,1.591
6.991591,0.3604,-0.1924,1.0484,1.125
6.993509,0.3384,-0.1636,0.5123,0.635
6.996838,0.3506,-0.2158,0.7550,0.860
6.999265,0.7657,0.1079,1.7409,1.905
6.999807,1.0065,0.2227,2.3762,2.590
7.002375,0.9332,0.1294,1.8928,2.114
7.004303,1.0519,0.1748,2.3928,2.620
7.006247,0.7813,0.1934,0.8165,1.147
7.008567,0.6929,0.1870,0.0581,0.720
7.010578,0.7281,0.1392,0.2368,0.778
7.013235,0.6597,0.0664,0.6573,0.934
7.015562,0.5372,0.0884,0.3184,0.631
7.016932,0.4331,0.0820,-0.0132,0.441
7.018893,0.3423,0.0063,-0.2158,0.405
7.021061,0.2808,-0.0396,0.0200,0.284
7.023165,0.2271,-0.0430,0.2583,0.347
7.025593,0.1563,-0.0503,0.2002,0.259
7.027216,0.1143,-0.0400,-0.0308,0.125
7.032848,0.0791,-0.0918,0.0146,0.122
7.033410,0.0610,-0.1094,0.2700,0.298
7.033945,0.0273,-0.1485,0.5689,0.589
7.035811,0.0566,-0.0889,0.6832,0.691
7.038198,0.3233,0.0435,1.2550,1.297
7.039945,0.3926,-0.0386,1.4591,1.512
7.042012,0.4190,0.1016,1.3605,1.427
7.045081,0.6036,0.2920,2.0017,2.111
7.048266,0.5919,0.3692,1.6789,1.818
7.048571,0.5484,0.3648,1.2257,1.391
7.051610,0.5030,0.3965,0.9908,1.180
7.052473,0.5831,0.3702,1.2462,1.425
7.054860,0.5259,0.1138,1.1149,1.238
7.056884,0.3623,-0.0781,0.6011,0.706
7.059019,0.2974,-0.1099,0.4688,0.566
7.061277,0.2544,-0.0811,0.4297,0.506
7.063564,0.2173,-0.0576,0.3912,0.451
7.065497,0.1802,-0.0391,0.2842,0.339
7.067989,0.1343,-0.0352,0.0669,0.154
7.069376,0.0972,-0.0195,-0.0811,0.128
7.071490,0.0791,0.0264,-0.0376,0.091
7.074089,0.1992,0.1856,0.4419,0.519
7.075530,0.5030,0.3785,1.2628,1.411
7.077579,0.9088,0.2578,2.2102,2.404
7.080580,1.2565,0.0459,3.2513,3.486
7.083021,1.2252,-0.2095,2.3352,2.645
7.085059,1.0533,-0.2383,0.9220,1.420
7.086557,0.9308,0.0899,0.3169,0.987
7.088722,1.0880,0.3516,1.0177,1.531
7.090583,1.0944,0.5093,1.6877,2.075
7.092757,0.8722,0.5103,2.0666,2.300
7.094802,0.6055,0.3487,2.5745,2.668
7.097019,0.4693,0.0254,2.4563,2.501
7.099178,0.4180,0.0796,1.4362,1.498
7.101159,0.3457,0.1416,0.3492,0.511
7.103483,0.2925,0.0928,-0.0928,0.321
7.105501,0.2290,0.0576,-0.1616,0.286
7.107186,0.1377,0.0786,0.2896,0.330
7.109362,0.0518,0.0298,0.6075,0.610
7.111849,0.0122,0.1035,0.5865,0.596
7.114286,-0.0376,0.1118,0.6505,0.661
7.115925,-0.0947,0.1084,0.3833,0.409
7.118199,-0.0230,0.0039,0.4839,0.484
7.120008,0.1538,-0.1138,1.1207,1.137
7.122337,0.2349,-0.1641,1.0211,1.061
7.124391,0.2617,-0.2154,0.3902,0.517
7.126353,0.2925,-0.2764,-0.0415,0.405
7.128601,0.4292,-0.2696,0.4444,0.674
7.132252,0.6158,-0.2154,1.3644,1.512
7.132815,0.5801,-0.1177,0.8092,1.003
7.135583,0.4864,-0.0908,0.2178,0.541
7.136952,0.4537,-0.0288,0.2466,0.517
7.139193,0.3511,0.2061,0.3809,0.558
7.141155,0.3042,0.3160,0.7442,0.864
7.143306,0.2329,0.3526,0.8238,0.926
7.145579,0.1304,0.3418,0.5489,0.660
7.147528,0.0796,0.2935,0.4395,0.534
7.149282,0.0991,0.1148,0.5606,0.581
7.151898,0.2310,-0.0786,0.7647,0.803
7.153466,0.4458,-0.1636,1.1363,1.232
7.155754,0.6802,-0.1294,1.4528,1.609
7.158017,0.9972,-0.2901,2.0647,2.311
7.160092,1.0738,-0.2241,1.3034,1.704
7.162140,1.2843,-0.0713,1.0948,1.689
7.164359,1.4010,-0.0444,1.3043,1.915
7.166517,1.4088,0.0459,1.1383,1.812
7.169421,1.2257,0.3120,1.1329,1.698
7.170977,1.0284,0.3584,1.0240,1.495
7.172936,0.8770,0.2447,0.9034,1.283
7.174911,0.7716,0.0708,0.2954,0.829
7.177149,0.6934,-0.0562,0.2447,0.737
7.179106,0.5972,-0.1870,0.6368,0.893
7.181740,0.5279,-0.1670,0.9239,1.077
7.183865,0.4922,-0.1577,0.5142,0.729
7.185828,0.4605,-0.1504,-0.1016,0.495
7.187244,0.4244,-0.1040,-0.1485,0.461
7.189384,0.3765,-0.1094,0.3174,0.504
7.191992,0.4502,0.0728,1.0182,1.116
7.193964,0.5518,0.1714,1.0079,1.162
7.196827,0.7369,0.1944,1.0030,1.260
7.198401,0.8140,0.0532,0.9102,1.222
7.200276,0.7877,-0.0366,0.5489,0.961
7.202473,0.6851,-0.0029,0.0674,0.688
7.204674,0.6085,0.1514,-0.1465,0.644
7.206660,0.6129,0.2857,0.1582,0.694
7.208795,0.5523,0.2842,0.6734,0.916
7.210973,0.4947,0.0005,1.1759,1.276
7.216283,0.6129,-0.3536,1.8703,2.000
7.216880,0.5577,-0.3360,1.5192,1.653
7.217315,0.4922,-0.2764,1.1769,1.305
7.219364,0.5005,-0.1519,1.2868,1.389
7.222362,0.5557,-0.0415,1.5973,1.692
7.223545,0.5430,0.1030,1.2990,1.412
7.225544,0.4151,0.2447,0.9303,1.048
7.227192,0.3853,0.1148,1.2325,1.296
7.230323,0.3438,0.1485,1.3439,1.395
7.231718,0.5479,0.3008,1.2819,1.426
7.233673,0.8775,0.4180,1.6457,1.911
7.235827,0.9181,0.3653,1.2628,1.603
7.238444,0.9254,0.3286,0.9200,1.346
7.240464,0.8307,0.2871,0.4346,0.980
7.242306,0.6343,0.1431,0.3448,0.736
7.244434,0.4805,0.0430,0.5884,0.761
7.246865,0.5093,0.1353,0.8077,0.964
7.248752,0.6441,0.2388,0.6866,0.971
7.251028,0.6822,0.2295,0.6104,0.944
7.254397,0.6466,0.1040,0.5821,0.876
7.255010,0.6959,-0.0166,0.4029,0.804
7.257239,1.0524,-0.1094,1.5641,1.888
7.259214,1.1871,-0.2583,1.8298,2.196
7.261432,1.0411,-0.1821,0.1548,1.068
7.263792,0.9884,-0.1460,0.0664,1.001
7.265941,1.1310,-0.2740,0.5606,1.292
7.267718,0.9762,-0.2700,1.9841,2.228
7.269995,0.8307,-0.1416,0.4561,0.958
7.271980,0.7242,-0.0816,-0.1504,0.744
7.273960,0.6309,0.0454,0.2974,0.699
7.275981,0.5650,0.1397,1.3678,1.486
7.278109,0.4893,0.1480,1.2223,1.325
7.280660,0.3941,0.1577,0.7169,0.833
7.282655,0.3423,0.2344,0.5533,0.692
7.284503,0.3575,0.3282,1.3786,1.461
7.286682,0.2574,0.3638,1.6120,1.672
7.289199,0.0513,0.3262,0.6192,0.702
7.290904,-0.0371,0.2867,0.1138,0.311
7.294130,-0.0742,0.2569,0.0054,0.267
7.294945,0.0288,0.2486,0.7838,0.823
7.297857,0.1480,0.2862,1.4611,1.496
7.299446,0.1904,0.2627,1.0558,1.105
7.301406,0.0816,0.2041,0.3028,0.374
7.303588,0.0454,0.0894,-0.2178,0.240
7.305794,0.0728,0.0723,-0.2383,0.259
7.307416,0.1353,0.1021,-0.3457,0.385
7.309530,0.3472,0.0855,0.6480,0.740
7.311788,0.4517,0.0293,1.2726,1.351
7.316659,0.4571,-0.0054,0.7110,0.845
7.317287,0.5074,-0.0186,0.2002,0.546
7.318899,0.6373,-0.0303,0.4649,0.789
7.320444,0.6876,-0.0972,0.7471,1.020
7.322865,0.6724,-0.1201,0.5567,0.881
7.324701,0.6612,-0.1519,0.8448,1.083
7.326580,0.6480,0.0542,1.0939,1.273
7.328903,0.6046,0.3892,1.4489,1.617
7.330988,0.4874,0.4493,1.5319,1.669
7.333003,0.4146,0.4336,1.1124,1.264
7.335512,0.6461,0.4493,1.6642,1.841
7.337438,0.6666,0.4620,2.3601,2.496
7.339404,0.3286,0.3794,0.4986,0.708
7.341582,0.1817,0.3384,-0.0112,0.384
7.343573,0.1343,0.2422,-0.2779,0.392
7.345930,0.2740,0.0859,-0.1944,0.347
7.348509,0.4038,-0.0537,-0.3589,0.543
7.350004,0.5587,-0.1611,0.7672,0.963
7.352244,0.7086,-0.2515,3.1488,3.237
7.354175,0.5909,-0.0606,1.1554,1.299
7.356202,0.5645,-0.0879,0.0449,0.573
7.358351,0.5884,-0.0957,-0.1177,0.608
7.360443,0.6373,-0.1099,0.6016,0.883
7.362699,0.6724,0.0059,1.3112,1.474
7.365370,0.6129,0.0840,1.2853,1.426
7.368683,0.6153,-0.0366,1.0084,1.182
7.368905,0.5455,-0.0742,0.2793,0.617
7.371378,0.5010,-0.0347,0.2300,0.552
7.373070,0.4571,-0.0366,0.6270,0.777
7.375485,0.4424,0.0029,0.9986,1.092
7.377278,0.5054,0.0566,1.2648,1.363
7.379325,0.6265,0.0474,1.3131,1.456
7.382364,0.6837,0.0444,1.1979,1.380
7.383840,0.7037,0.0977,0.9400,1.178
7.385888,0.6026,-0.1323,0.9044,1.095
7.387743,0.4903,-0.1509,1.0563,1.174
7.389557,0.4468,-0.1485,1.2994,1.382
7.391664,0.4390,-0.0806,1.1984,1.279
7.394260,0.4097,-0.0957,0.8101,0.913
7.399383,0.3838,-0.0840,0.4654,0.609
7.399488,0.3648,-0.0972,0.7550,0.844
7.402356,0.3638,-0.1270,1.2926,1.349
7.402576,0.5796,-0.2139,2.0402,2.132
7.404882,0.7647,-0.1988,2.1858,2.324
7.407222,0.6666,-0.1196,1.0191,1.224
7.409150,0.7222,0.0532,0.5059,0.883
7.410837,0.9225,0.2163,0.7061,1.182
7.415106,0.9508,0.1748,0.8233,1.270
7.415556,0.9703,-0.0171,0.9454,1.355
7.417689,1.0323,-0.0273,1.1471,1.543
7.419180,1.1056,0.0283,1.3981,1.783
7.421261,1.0670,-0.0586,1.5304,1.867
7.423321,1.0167,-0.1655,1.5612,1.870
7.425573,0.9986,-0.2764,1.5031,1.826
7.427280,0.9708,-0.3228,1.4572,1.780
7.429495,0.8888,-0.2754,0.8385,1.253
7.432406,0.8277,-0.2700,0.1978,0.893
7.434049,0.7652,-0.1714,-0.2500,0.823
7.436010,0.6798,-0.1406,0.0518,0.696
7.438144,0.5972,-0.1006,0.3252,0.687
7.444778,0.5333,-0.0723,0.3789,0.658
7.445833,0.4830,-0.1221,0.4791,0.691
7.445926,0.4620,-0.1616,0.5762,0.756
7.446408,0.4537,-0.1465,0.4571,0.660
7.448837,0.4424,-0.1323,0.0498,0.464
7.451155,0.4234,-0.0498,-0.1953,0.469
7.452969,0.4283,0.1397,0.1245,0.467
7.455357,0.4248,0.2808,1.0030,1.125
7.457085,0.5152,0.3477,1.7497,1.857
7.460052,0.5543,0.2969,1.6633,1.778
7.461248,0.5992,0.2119,1.1842,1.344
7.464034,0.6402,0.1314,0.7247,0.976
7.465750,0.7110,0.1299,0.7887,1.070
7.467448,0.7564,0.1323,1.0914,1.334
7.469534,0.7647,0.2544,1.7785,1.953
7.471742,0.6221,0.1524,1.6940,1.811
7.473933,0.5181,0.0869,0.9811,1.113
7.475934,0.4292,-0.0137,0.2652,0.505
7.478403,0.3804,-0.0806,0.2305,0.452
7.481561,0.3418,-0.0767,0.5840,0.681
7.483304,0.3042,-0.0557,0.7955,0.853
7.485246,0.2398,0.0230,0.6363,0.680
7.487367,0.1494,0.1133,0.2422,0.306
7.489775,0.1109,0.1250,0.0347,0.171
7.491171,0.1099,0.1299,0.2368,0.292
7.493419,0.0630,0.1079,0.3091,0.333
7.495523,0.0327,0.0840,0.0063,0.090
7.498338,0.0161,-0.0088,0.0083,0.020
7.500079,0.0239,-0.0376,-0.1030,0.112
7.501608,0.0620,-0.0825,0.0693,0.124
7.504017,0.1470,-0.1416,0.2080,0.291
7.505692,0.3345,-0.2652,1.1583,1.234
7.507523,0.3384,-0.2510,1.0162,1.100
7.509760,0.3008,-0.2119,0.3824,0.531
7.512168,0.3848,-0.0728,0.1817,0.432
7.514636,0.8082,0.1831,1.0768,1.359
7.516309,1.1002,0.3594,2.0100,2.319
7.518339,1.3444,0.3404,2.9886,3.295
7.520426,1.7311,0.1025,3.8119,4.188
7.522543,1.8347,-0.2950,3.8593,4.283
7.524634,1.5602,-0.3033,2.2497,2.755
7.526976,1.2706,-0.3028,0.9122,1.593
7.529085,1.1720,-0.3604,0.7193,1.422
7.533405,1.0538,-0.4556,1.2286,1.682
7.533747,0.8829,-0.3257,1.7140,1.955
7.535644,0.8072,-0.1177,1.0782,1.352
7.537246,0.7379,-0.0449,0.2593,0.783
7.539641,0.6417,-0.0010,0.0523,0.644
7.541726,0.5318,0.0215,-0.1758,0.561
7.543880,0.4146,0.0376,-0.2803,0.502
7.545583,0.3120,0.0606,-0.1821,0.366
7.548391,0.5572,-0.0283,1.0138,1.157
7.549651,1.1964,0.0488,2.6209,2.881
7.551987,1.0787,0.0776,1.8537,2.146
7.553914,0.8595,0.0762,0.6363,1.072
7.556042,0.8087,-0.0132,-0.1182,0.817
7.558372,0.8419,-0.0527,-0.4288,0.946
7.560504,0.8297,0.0034,-0.5152,0.977
7.562727,0.7462,0.0391,-0.2740,0.796
7.564967,0.6964,0.0674,0.3052,0.763
7.567059,0.6407,0.0889,0.6202,0.896
7.569051,0.5782,0.0586,0.4649,0.744
7.571039,0.5206,0.0239,0.1314,0.537
7.573184,0.4082,-0.3101,-0.0737,0.518
7.575267,0.3238,0.0010,-0.5259,0.618
7.577413,0.2779,0.1651,0.3711,0.492
7.579799,0.0689,0.2007,-0.2134,0.301
7.582589,0.0415,0.0991,-0.3423,0.359
7.583769,0.0210,-0.0938,-0.0078,0.096
7.585955,-0.0146,-0.4307,1.9553,2.002
7.588105,0.6343,0.1846,4.0253,4.079
7.589792,0.7550,0.3033,4.6162,4.687
7.592337,0.3633,0.3218,1.9523,2.012
7.594279,0.2959,0.3218,0.6783,0.807
7.596949,0.4566,0.1499,1.3615,1.444
7.598509,0.5557,0.0752,1.8166,1.901
7.600576,0.5499,0.1216,1.4440,1.550
7.602762,0.4395,0.1465,0.4791,0.666
7.604710,0.3711,0.1143,0.2075,0.440
7.607231,0.2862,0.0576,0.3843,0.483
7.609015,0.2110,0.0313,0.6378,0.672
7.611181,0.0982,0.0977,0.5152,0.533
7.613168,0.0088,0.1196,0.0283,0.123
7.615442,-0.0615,0.1148,0.0068,0.130
7.617435,-0.0786,0.0400,0.2144,0.232
7.619543,-0.0913,-0.0420,0.2417,0.262
7.621589,-0.1270,-0.0908,0.2823,0.323
7.623806,0.0024,0.0093,0.9830,0.983
7.626113,0.3745,0.1763,2.0168,2.059
7.627694,0.2315,0.1543,1.3664,1.394
7.629759,0.0400,0.1089,0.2569,0.282
7.632013,0.2368,-0.0713,0.5484,0.602
7.634271,0.6426,-0.0767,1.5470,1.677
7.636449,0.7926,-0.0518,1.7795,1.949
7.638472,0.6539,-0.1675,0.9151,1.137
7.640711,0.5308,-0.1069,0.2417,0.593
7.642749,0.6983,0.1279,0.7154,1.008
7.644773,0.7779,0.2613,1.3966,1.620
7.646899,0.5411,0.1665,1.2863,1.405
7.649531,0.3208,-0.0303,0.9537,1.007
7.651241,0.2490,-0.0816,0.7501,0.795
7.653322,0.2534,-0.2134,1.1398,1.187
7.655445,0.2256,-0.1724,1.0260,1.065
7.657600,0.2075,-0.0786,0.6055,0.645
7.659584,0.1821,-0.0571,0.2608,0.323
7.661796,0.1553,-0.0620,0.1143,0.203
7.663729,0.1436,-0.0527,0.2783,0.318
7.665964,0.1270,-0.0483,0.4795,0.498
7.667799,0.1309,-0.0200,0.5958,0.610
7.669815,0.1651,0.0044,0.7374,0.756
7.672182,0.3316,0.0825,1.1696,1.218
7.674099,0.7081,0.1988,2.0866,2.212
7.676427,0.8761,0.0415,2.7210,2.859
7.678655,0.7520,-0.2281,2.2561,2.389
7.681493,0.5508,-0.2574,1.1066,1.263
7.682819,0.4859,-0.2095,0.6529,0.840
7.684992,0.6583,-0.2925,1.6647,1.814
7.687072,0.6856,-0.5494,2.8221,2.956
7.689059,0.5054,-0.5992,2.1931,2.329
7.691236,0.3858,-0.4937,1.2745,1.420
7.693245,0.2823,-0.3843,0.8248,0.953
7.695373,0.2559,-0.2212,0.6744,0.754
7.698402,0.2891,-0.0947,0.9151,0.964
7.699802,0.3482,0.0210,0.9547,1.016
7.701758,0.3765,0.1187,0.8140,0.905
7.703907,0.2935,0.2188,0.4581,0.586
7.705689,0.2173,0.2183,0.1035,0.325
7.707696,0.2525,0.2691,0.1553,0.400
7.709765,0.3164,0.3428,0.4058,0.618
7.712144,0.3174,0.3824,0.5640,0.752
7.715011,0.2657,0.3814,0.4913,0.676
7.716566,0.3365,0.3897,1.0465,1.166
7.719157,0.3160,0.2227,1.0856,1.152
7.720970,0.2823,0.0337,0.4292,0.515
7.723050,0.3028,-0.0278,-0.0278,0.305
7.725039,0.3135,-0.0190,-0.2569,0.406
7.727204,0.3252,-0.0772,-0.1372,0.361
7.729667,0.3560,-0.1343,0.4244,0.570
7.733962,0.4927,-0.1094,0.9352,1.063
7.734414,0.6671,-0.0737,1.3117,1.473
7.736002,0.7721,-0.0591,1.1193,1.361
7.737606,0.7471,-0.0562,0.5088,0.906
7.739771,0.6270,0.1514,0.0830,0.650
7.741920,0.6544,0.1944,0.5753,0.893
7.743849,0.8140,-0.2520,1.9587,2.136
7.745924,0.8009,-0.3482,2.1970,2.364
7.748319,0.8380,-0.1778,1.4279,1.665
7.751703,0.8966,-0.0718,1.8781,2.082
7.752238,0.7706,0.3658,2.1750,2.336
7.754568,0.7183,0.5992,2.4221,2.596
7.756652,0.6202,0.5196,1.6403,1.829
7.758667,0.4351,0.3575,0.6070,0.828
7.761734,0.3296,0.2730,-0.1030,0.440
7.763361,0.2495,0.2100,-0.2398,0.405
7.765255,0.2114,0.1299,-0.0991,0.267
7.767611,0.3033,-0.0991,0.7325,0.799
7.769512,0.4581,-0.2266,1.5036,1.588
7.771728,0.4156,-0.1240,1.0997,1.182
7.773527,0.3755,-0.0767,0.7623,0.853
7.775639,0.3418,-0.1607,0.2290,0.442
7.777681,0.3335,-0.0845,-0.2710,0.438
7.779851,0.3623,0.0508,-0.1597,0.399
7.782203,0.5118,0.0049,-0.0352,0.513
7.784783,0.7965,0.1123,0.6983,1.065
7.786793,0.8541,0.1235,1.0714,1.376
7.788317,0.8844,-0.0088,0.9894,1.327
7.790125,0.7681,0.0679,0.4498,0.893
7.792194,0.7198,0.1089,0.2207,0.761
7.794275,0.7789,0.0225,0.4034,0.877
7.796763,0.7784,0.0171,0.6632,1.023
7.803201,0.5982,-0.0894,0.5523,0.819
7.803425,0.5210,-0.1445,0.4122,0.680
7.803575,0.6104,-0.2202,0.8687,1.084
7.805331,0.7462,-0.2788,1.4459,1.651
7.807250,0.7554,-0.2320,1.1066,1.360
7.809239,0.6778,-0.0952,0.6397,0.937
7.811555,0.5460,0.0356,0.4961,0.739
7.813833,0.3946,0.2886,0.7091,0.861
7.817531,0.5201,0.4966,1.9626,2.090
7.818044,0.7183,0.1489,3.2596,3.341
7.819978,0.8053,0.0737,2.9691,3.077
7.822220,0.7960,0.0381,1.8327,1.998
7.824164,0.8824,-0.1152,1.3341,1.604
7.825992,0.9459,-0.0449,1.6032,1.862
7.828063,0.7252,0.0391,1.9206,2.053
7.830316,0.4493,0.1167,1.7424,1.803
7.832902,0.3101,0.1568,1.1539,1.205
7.834506,0.2754,0.1607,0.8106,0.871
7.836685,0.2647,0.1065,0.8507,0.897
7.838930,0.2578,0.0215,1.0865,1.117
7.840858,0.2710,-0.0234,1.0157,1.052
7.842986,0.2686,-0.0210,0.7515,0.798
7.845238,0.3555,0.0933,0.5059,0.625
7.847373,0.5875,0.1992,0.6905,0.928
7.849968,0.5923,0.1963,0.5377,0.824
7.852235,0.3858,0.0986,-0.1016,0.411
7.853995,0.2989,0.0620,-0.3423,0.459
7.855796,0.2769,-0.0073,0.2725,0.389
7.857781,0.2901,-0.0713,0.7437,0.801
7.859838,0.2583,-0.0444,0.4644,0.533
7.862097,0.2578,0.0171,0.0347,0.261
7.864423,0.3413,-0.0571,0.1821,0.391
7.866139,0.4292,-0.1260,0.1812,0.483
7.868427,0.5098,-0.1314,0.0137,0.527
7.870457,0.5967,-0.1152,-0.0542,0.610
7.872260,0.6114,-0.1006,-0.2564,0.671
7.874466,0.5880,-0.1206,-0.4595,0.756
7.876523,0.6055,-0.1753,-0.1763,0.655
7.879271,0.7559,-0.4146,0.6505,1.080
7.881111,0.9518,-0.4004,1.0065,1.442
7.885238,1.1290,-0.0332,1.8801,2.193
7.885927,1.1696,0.3189,2.6936,2.954
7.887583,0.9371,0.3614,1.6418,1.925
7.889421,0.7012,0.2920,0.5191,0.920
7.891562,0.5880,0.2710,0.4302,0.777
7.893510,0.5860,0.3506,1.8908,2.010
7.895704,0.5206,0.3643,2.2898,2.376
7.899175,0.3443,0.3125,1.0006,1.103
7.900193,0.2027,0.2583,0.5142,0.610
7.901950,0.1240,0.2002,1.0211,1.048
7.904171,0.0679,0.1607,1.4455,1.456
7.906263,0.0186,0.0459,1.2008,1.202
7.908195,0.0562,-0.1680,1.1842,1.197
7.910847,0.1172,-0.2774,1.1515,1.190
7.912798,0.1084,-0.2183,0.6006,0.648
7.915905,0.1089,-0.1406,0.0513,0.185
7.917534,0.1528,-0.0928,0.0283,0.181
7.922930,0.3643,-0.0210,0.4732,0.598
7.923136,0.4966,0.0000,0.6431,0.813
7.923260,0.4331,-0.0410,0.4224,0.606
7.925241,0.3526,-0.0962,0.0435,0.368
7.927448,0.3658,-0.0830,0.0493,0.378
7.929353,0.5611,-0.1172,0.7476,0.942
7.934392,0.7135,-0.0889,1.2242,1.420
7.934876,0.6934,-0.0596,0.8565,1.104
7.936286,0.6358,-0.1411,0.2119,0.685
7.938041,0.6846,-0.1675,0.1919,0.730
7.940059,0.9977,-0.0610,1.4152,1.733
7.942122,1.0826,0.1392,1.6662,1.992
7.944380,0.9933,0.1597,1.4508,1.765
7.945926,0.7735,0.0044,1.2233,1.447
7.948785,0.6192,0.0156,1.3258,1.463
7.950390,0.4957,0.0107,1.0294,1.143
7.952304,0.3897,0.0132,0.8849,0.967
7.954347,0.2940,0.1284,1.0807,1.127
7.956625,0.2329,0.0879,1.5802,1.600
7.958912,0.2281,-0.0674,1.6574,1.674
7.961145,0.2530,-0.1924,1.6564,1.687
7.963157,0.2539,-0.2241,1.1910,1.238
7.967224,0.2476,-0.2129,0.6822,0.756
7.970497,0.2417,-0.1577,0.4541,0.538
7.970782,0.4161,0.1069,0.7603,0.873
7.971562,0.7608,0.2935,1.6506,1.841
7.973814,0.8326,0.3824,1.5876,1.833
7.975768,0.7535,0.3643,0.9801,1.289
7.977811,0.8536,0.3286,0.8443,1.245
7.979918,1.0084,0.2510,1.2653,1.637
7.982581,1.0099,0.0205,1.5578,1.857
7.986702,1.0743,-0.1553,1.8200,2.119
7.986948,1.1158,-0.2305,1.8454,2.169
7.988156,1.0499,-0.2061,0.9371,1.422
7.990563,0.8878,-0.1851,-0.0884,0.911
7.992648,0.7540,-0.1338,-0.4859,0.907
7.994844,0.6885,-0.0684,0.1187,0.702
7.996860,0.6661,-0.0103,0.9220,1.137
7.999732,0.6089,0.0298,0.9698,1.146
8.001130,0.4883,0.1021,0.4449,0.668
8.003200,0.3301,0.1436,0.0503,0.363
8.005327,0.1817,0.1978,0.0791,0.280
8.007896,0.1162,0.2002,0.4590,0.514
8.009507,0.0942,0.0684,0.8556,0.863
8.011653,0.1460,-0.2456,1.0709,1.108
8.013865,0.2251,-0.3482,0.9112,1.001
8.020885,0.3037,-0.3604,0.9029,1.019
8.021143,0.4141,-0.2451,0.9107,1.030
8.021321,0.4771,-0.1318,1.1525,1.254
8.022216,0.4478,0.0093,1.0514,1.143
8.024997,0.4288,0.1016,0.8350,0.944
8.026079,0.4297,0.0776,0.5645,0.714
8.028438,0.4009,0.0264,0.3628,0.541
8.030238,0.3858,0.0264,0.2642,0.468
8.036642,0.3877,0.0361,0.3482,0.522
8.037110,0.3702,0.0425,0.3594,0.518
8.037231,0.3340,0.0230,0.2251,0.403
8.040257,0.3008,-0.0039,0.1724,0.347
8.042193,0.2793,-0.0049,0.1826,0.334
8.043348,0.3160,0.0532,0.3575,0.480
8.045433,0.3990,0.1709,0.7574,0.873
8.047607,0.4571,0.0591,0.8170,0.938
8.053172,0.7628,0.0425,1.4821,1.667
8.053521,0.8394,0.0327,1.2208,1.482
8.053617,0.6832,0.1045,0.4546,0.827
8.055835,0.5357,0.2583,0.0449,0.596
8.058021,0.6002,0.3467,0.1904,0.719
8.060079,0.6617,0.3863,0.8551,1.148
8.062289,0.7115,0.0098,1.4162,1.585
8.064320,1.1339,0.1104,2.0998,2.389
8.066945,1.3561,0.3179,2.1965,2.601
8.068311,1.1940,0.3296,1.2369,1.750
8.072015,0.9542,0.2788,0.3033,1.039
8.073211,0.9562,0.2056,0.4605,1.081
8.074905,0.8009,0.0679,0.7945,1.130
8.077017,0.5972,0.0454,0.8267,1.021
8.079155,0.4952,0.0469,0.7271,0.881
8.081147,0.4449,-0.0054,0.6265,0.768
8.083398,0.3882,-0.0698,0.6929,0.797
8.085541,0.3233,-0.0830,0.6793,0.757
8.087540,0.2388,-0.0718,0.6505,0.697
8.089716,0.1553,-0.0630,0.5337,0.559
8.091778,0.1006,0.1025,0.7574,0.771
8.093888,0.1778,0.4297,1.5348,1.604
8.096002,0.1309,0.5250,1.5461,1.638
8.098067,-0.0054,0.5015,1.3991,1.486
8.100373,0.1128,0.2129,1.6667,1.684
8.102392,0.3882,-0.1939,2.2356,2.277
8.104379,0.5381,-0.2598,1.4855,1.601
8.106387,0.8067,-0.2964,1.6007,1.817
8.108443,1.0753,-0.1948,2.0798,2.349
8.110690,1.1046,-0.0459,1.7404,2.062
8.112519,1.0021,0.0347,1.2384,1.593
8.114827,0.8507,0.0781,0.9005,1.241
8.119009,0.6138,-0.0571,0.8121,1.020
8.119476,0.4478,-0.1768,1.0553,1.160
8.121289,0.3765,-0.1489,0.8912,0.979
8.124096,0.3526,-0.0825,0.3311,0.491
8.125392,0.3125,-0.0415,-0.0156,0.316
8.127599,0.2539,-0.0190,0.1480,0.295
8.129805,0.1919,-0.0239,0.4038,0.448
8.131732,0.1611,-0.1099,0.8126,0.836
8.134071,0.1836,-0.1904,1.0030,1.037
8.136103,0.1753,-0.1509,0.5088,0.559
8.138110,0.1675,-0.1069,-0.0347,0.202
8.140320,0.1695,-0.0664,-0.2188,0.285
8.142416,0.2310,-0.0117,0.0913,0.249
8.144402,0.3628,0.1104,0.6241,0.730
8.146957,0.4996,0.1367,1.2242,1.329
8.148329,0.4810,0.0049,1.0387,1.145
8.151368,0.4703,-0.0718,0.6837,0.833
8.152838,0.4996,-0.0537,0.5362,0.735
8.155092,0.4620,0.1538,0.5811,0.758
8.157223,0.5284,0.2412,0.8248,1.009
8.159481,0.6475,0.1270,1.0660,1.254
8.161780,0.7008,0.0586,0.9752,1.202
8.163406,0.6114,0.2183,0.6046,0.887
8.166418,0.5591,0.2979,0.4825,0.796
8.167757,0.5894,0.3213,0.8726,1.101
8.169865,0.5948,0.2945,1.0782,1.266
8.171817,0.6363,0.0816,0.9996,1.188
8.173819,0.5894,-0.0278,0.6812,0.901
8.176029,0.5411,-0.0303,0.3457,0.643
8.178749,0.5054,0.0386,0.6163,0.798
8.180320,0.4029,0.2051,0.8541,0.966
8.183420,0.3614,0.2666,1.0353,1.128
8.185244,0.3599,0.0215,1.2272,1.279
8.186303,0.4043,-0.1279,1.0245,1.109
8.188411,0.4532,-0.1333,0.7437,0.881
8.190499,0.4361,-0.1011,0.3374,0.561
8.192646,0.5337,-0.1148,0.5391,0.767
8.194741,0.8311,-0.1333,1.3058,1.554
8.197002,1.0025,-0.0098,1.4831,1.790
8.199966,0.8907,0.2451,1.0358,1.388
8.201691,0.8311,0.2783,0.6436,1.087
8.203482,0.8057,0.1406,0.5836,1.005
8.205647,0.7486,-0.0107,0.6031,0.961
8.207538,0.6890,-0.0137,0.5880,0.906
8.210111,0.5391,0.1353,0.2920,0.628
8.212190,0.4454,0.2227,0.1900,0.533
8.213971,0.3721,0.2241,0.5713,0.718
8.220217,0.2940,0.1250,0.8941,0.949
8.220672,0.2305,0.0166,0.8331,0.865
8.220883,0.1973,-0.0283,0.4185,0.464
8.222594,0.1499,-0.0239,0.2466,0.290
8.224503,0.1362,-0.1323,0.6016,0.631
8.226580,0.3330,-0.3550,1.6657,1.735
8.228404,0.6739,-0.4410,2.6521,2.772
8.230652,0.9127,-0.2637,2.3308,2.517
8.235149,0.9337,0.1455,1.5968,1.855
8.235677,1.0206,0.2490,1.1759,1.577
8.237099,1.1183,0.3086,1.1163,1.610
8.240340,1.2037,0.3750,1.4186,1.898
8.241240,1.1827,0.1738,1.7707,2.136
8.243529,1.1432,-0.1172,2.1907,2.474
8.245727,0.9249,0.0439,1.3224,1.614
8.247816,0.6470,0.0728,0.2930,0.714
8.250226,0.5274,0.0879,-0.0435,0.536
8.252012,0.4595,0.1074,0.7120,0.854
8.254031,0.3814,0.1074,0.6295,0.744
8.256398,0.2691,0.1094,0.1909,0.348
8.258286,0.1709,0.0835,0.0982,0.214
8.260399,0.1172,-0.0254,0.3521,0.372
8.262457,0.0923,-0.1460,0.6622,0.684
8.264675,0.0908,-0.2383,0.7818,0.822
8.271895,0.0689,-0.2764,0.6558,0.715
8.272321,0.0557,-0.3326,0.7530,0.825
8.272461,0.0479,-0.3965,0.9054,0.990
8.272720,0.0767,-0.4136,1.0646,1.145
8.274790,0.1577,-0.4395,1.2833,1.366
8.276905,0.2764,-0.3755,1.1456,1.237
8.279346,0.3936,-0.2647,0.9269,1.041
8.281390,0.4122,-0.1631,0.7594,0.879
8.283593,0.3936,-0.0811,0.6685,0.780
8.285701,0.3999,-0.0366,0.6368,0.753
8.287880,0.4644,-0.0786,0.7769,0.909
8.290210,0.4781,-0.1475,0.8541,0.990
8.291983,0.4390,-0.1538,0.6744,0.819
8.294130,0.4844,-0.1436,0.6309,0.808
8.296107,0.6881,-0.0293,1.0123,1.224
8.298348,0.7994,0.1192,1.2433,1.483
8.300324,0.7266,0.1499,0.8697,1.143
8.302550,0.7457,0.0986,0.6192,0.974
8.304698,0.8331,0.0322,0.5577,1.003
8.306830,0.8624,0.0513,0.4761,0.986
8.308608,0.8297,0.1279,0.2744,0.883
8.311534,0.7823,0.2202,0.4366,0.923
8.313031,0.6900,0.2608,0.7574,1.057
8.315255,0.9938,0.3125,1.5754,1.889
8.320973,1.3629,0.2373,2.4680,2.829
8.321355,1.2902,0.1343,2.1770,2.534
8.321627,0.9322,0.1416,0.8907,1.297
8.324275,0.6509,0.1377,0.1138,0.675
8.325694,0.5157,-0.0674,0.8385,0.987
8.327783,0.4273,-0.1343,1.5856,1.648
8.329968,0.3892,-0.0479,0.9981,1.072
8.332220,0.3453,0.0693,0.2451,0.429
8.335972,0.2935,0.0420,0.4483,0.537
8.336366,0.2320,-0.0591,1.3175,1.339
8.338421,0.2051,-0.0210,1.1300,1.149
8.340548,0.1734,0.0439,0.4327,0.468
8.342573,0.1314,0.0444,0.1475,0.202
8.344857,0.0835,0.0024,0.5259,0.533
8.346445,0.0259,0.0576,0.7681,0.771
8.348596,0.0186,0.1050,1.0768,1.082
8.354330,-0.0278,0.0757,0.7867,0.791
8.354750,-0.0566,0.0015,0.1685,0.178
8.354886,-0.0625,-0.0020,-0.0010,0.063
8.356975,-0.0298,0.0103,0.5328,0.534
8.359409,0.0830,-0.0586,1.0323,1.037
8.361476,0.2012,0.0518,1.5846,1.598
8.363514,0.2837,0.0093,1.8771,1.898
8.365683,0.4844,0.0630,2.4177,2.467
8.371868,0.5210,0.1968,2.1443,2.215
8.372506,0.4732,0.0967,1.2394,1.330
8.372762,0.4522,0.0063,0.8214,0.938
8.374308,0.4541,0.0161,0.8453,0.960
8.376352,0.4390,0.0908,0.7452,0.870
8.378451,0.4742,0.2207,0.8228,0.975
8.380466,0.4712,0.1836,0.7471,0.902
8.383154,0.3921,0.0982,-0.0435,0.407
8.388991,0.3365,0.0645,-0.4400,0.558
8.389196,0.3199,0.0664,-0.4327,0.542
8.389499,0.3780,0.1299,-0.1631,0.432
8.391214,0.6212,0.3296,1.0387,1.254
8.393135,0.6905,0.2466,1.3278,1.517
8.395479,0.6402,0.1030,0.6944,0.950
8.397620,0.6070,0.0498,-0.0786,0.614
8.403152,0.6026,0.0508,-0.2666,0.661
8.403585,0.6534,-0.0190,-0.1245,0.665
8.404088,0.6275,-0.0610,0.1758,0.655
8.405910,0.5787,-0.0957,0.3892,0.704
8.408716,0.8482,0.0020,0.8961,1.234
8.409906,1.2086,0.1362,1.6618,2.059
8.412132,1.1559,0.1270,1.3073,1.750
8.414213,0.9908,0.0171,0.3809,1.062
8.416742,0.8404,-0.0493,-0.1904,0.863
8.418414,0.7945,-0.0830,0.5440,0.966
8.420626,0.8214,0.1402,1.5172,1.731
8.422574,0.6558,0.0625,1.8913,2.003
8.424834,0.6026,0.1626,1.3981,1.531
8.426522,0.5254,0.3120,1.3610,1.492
8.428669,0.4063,0.2749,1.6242,1.697
8.430956,0.3413,0.1914,2.0276,2.065
8.434166,0.3579,-0.0938,2.1223,2.154
8.437167,0.3814,-0.1558,1.5397,1.594
8.438973,0.3848,-0.1416,0.9312,1.018
8.440225,0.3853,-0.1270,0.7838,0.883
8.441495,0.4576,-0.0767,1.0919,1.186
8.443885,0.6070,-0.1089,1.5353,1.655
8.445763,0.6466,-0.1182,1.3034,1.460
8.447888,0.5596,-0.0332,0.6949,0.893
8.452225,0.4859,0.0747,0.3682,0.614
8.452592,0.4082,0.0728,0.2783,0.499
8.454317,0.3785,0.0552,0.2481,0.456
8.456418,0.3667,0.0498,0.3975,0.543
8.458589,0.4468,0.1025,0.6944,0.832
8.461240,0.4361,0.1099,0.6246,0.770
8.463103,0.3741,0.0859,0.5450,0.667
8.464780,0.3628,-0.0098,0.5958,0.698
8.468479,0.4791,-0.1577,0.8443,0.983
8.470246,0.6783,-0.2617,1.2316,1.430
8.471359,0.7042,-0.2193,0.8819,1.150
8.473265,0.6998,-0.2398,0.2232,0.773
8.475305,0.6578,-0.1958,-0.3120,0.754
8.478233,0.7174,-0.3252,0.4400,0.902
8.479932,0.7896,-0.4424,1.3737,1.645
8.481654,0.8121,-0.3868,1.5304,1.775
8.483761,0.7598,-0.1279,1.0294,1.286
8.485888,0.6900,0.1514,0.5284,0.882
8.487919,0.8009,0.2935,0.8326,1.192
8.490048,0.8702,0.2891,1.3312,1.616
8.492242,0.7525,0.0127,1.2531,1.462
8.494180,0.7047,-0.1323,1.1168,1.327
8.496312,0.6885,0.0581,1.1842,1.371
8.498437,0.6212,0.2237,1.1329,1.311
8.501281,0.4781,0.1948,1.0797,1.197
8.502569,0.3921,0.1231,1.0831,1.158
8.505895,0.3604,-0.0708,1.0314,1.095
8.506575,0.3887,-0.2461,0.9664,1.070
8.508789,0.3711,-0.2437,0.6627,0.798
8.510811,0.3321,-0.1294,0.6192,0.714
8.513142,0.3218,0.0259,0.7999,0.863
8.515149,0.3272,0.1182,0.8350,0.905
8.517146,0.2769,0.1245,0.5298,0.611
8.521308,0.2515,0.0889,0.3824,0.466
8.521601,0.2471,-0.0342,0.5982,0.648
8.523725,0.3667,-0.1709,0.8502,0.942
8.525824,0.4410,-0.0674,0.6939,0.825
8.527888,0.3838,-0.1104,0.4175,0.578
8.530033,0.5108,-0.1734,0.7017,0.885
8.532326,0.6314,-0.0479,0.7701,0.997
8.535340,0.4961,-0.0869,0.2212,0.550
8.537386,0.4141,-0.0366,-0.0342,0.417
8.538638,0.3882,0.0063,0.0532,0.392
8.540706,0.4712,0.0820,0.3638,0.601
8.543917,0.6011,0.0625,0.7227,0.942
8.544748,0.6285,-0.1260,0.8409,1.057
8.546825,0.7291,-0.1773,0.9088,1.179
8.548858,0.8497,-0.1538,1.0089,1.328
8.551126,0.8687,-0.1450,0.8697,1.238
8.553516,1.0191,0.0107,1.5109,1.823
8.555339,1.1886,0.0425,2.3660,2.648
8.557383,1.0148,0.0430,2.1589,2.386
8.559555,0.6890,-0.0732,1.1842,1.372
8.561577,0.5098,-0.1431,0.9605,1.097
8.563984,0.4185,-0.2017,1.3532,1.431
8.565820,0.3609,-0.3023,1.7175,1.781
8.568312,0.3716,-0.3721,1.4948,1.585
8.571144,0.4009,-0.3633,1.0826,1.210
8.572237,0.4087,-0.2920,0.9019,1.032
8.574238,0.4258,-0.1704,0.8292,0.948
8.576407,0.4336,-0.0288,0.7193,0.840
8.578619,0.3658,0.1211,0.6060,0.718
8.580732,0.3286,0.1602,0.6246,0.724
8.583097,0.3072,0.1582,0.5616,0.659
8.584978,0.2671,0.1333,0.3330,0.447
8.586753,0.3829,0.1275,0.5284,0.665
8.588893,0.7159,0.0405,1.3991,1.572
8.590901,0.7174,0.0117,1.2736,1.462
8.593087,0.5875,0.0420,0.4141,0.720
8.595312,0.5894,0.0537,0.1314,0.606
8.597975,0.4878,0.0679,0.1104,0.505
8.599584,0.4258,0.1177,-0.2896,0.528
8.601883,0.5469,0.0132,0.7662,0.941
8.603750,0.7755,-0.0811,1.4699,1.664
8.606011,0.7784,-0.0855,1.3434,1.555
8.608080,0.6949,-0.0195,0.6441,0.948
8.610377,0.5743,0.0791,-0.0195,0.580
8.612195,0.4468,0.1133,-0.0879,0.469
8.614952,0.3623,0.0278,0.4161,0.552
8.616363,0.3853,-0.2798,1.5524,1.624
8.618972,0.5547,-0.4361,2.0827,2.199
8.620691,0.6968,-0.1802,1.5710,1.728
8.622859,0.6846,0.4205,1.6051,1.795
8.624908,0.6431,0.7789,2.1706,2.394
8.626801,0.8111,0.9669,3.6698,3.881
8.628946,0.8297,0.8473,3.9701,4.143
8.631364,0.5806,0.5333,2.2331,2.368
8.633315,0.4004,0.2896,0.6075,0.783
8.635547,0.3360,0.2134,0.0054,0.398
8.637491,0.2539,0.1533,-0.0269,0.298
8.639670,0.1988,0.0972,0.2212,0.313
8.641671,0.1719,0.1265,0.7222,0.753
8.643838,0.1802,0.1548,0.8687,0.901
8.645939,0.1172,0.1235,0.4273,0.460
8.648148,0.0615,0.0811,-0.3487,0.363
8.650886,0.0562,0.0957,-0.4107,0.425
8.652494,0.0503,0.0786,0.2124,0.232
8.654337,0.0322,0.0767,0.6182,0.624
8.656521,-0.0244,0.0718,0.2427,0.254
8.658629,-0.0371,0.0820,-0.1021,0.136
8.660717,0.0068,0.0293,0.4375,0.439
8.662814,0.0337,-0.0571,0.6133,0.617
8.664970,0.0186,-0.0689,0.0469,0.085
8.666947,0.0464,-0.0830,-0.2901,0.305
8.669071,0.1323,-0.1040,-0.1445,0.222
8.671113,0.3228,-0.2027,0.7559,0.847
8.673267,0.5757,-0.2486,1.5216,1.646
8.675167,0.7554,-0.1953,1.3224,1.535
8.677383,0.8175,-0.1592,0.5401,0.993
8.679672,0.8516,-0.0977,0.3311,0.919
8.681764,0.8687,0.0669,0.5025,1.006
8.683945,0.8746,0.2705,1.1989,1.508
8.686052,0.8907,0.1402,1.4992,1.749
8.688051,0.8414,-0.0068,0.8951,1.229
8.690397,0.8145,-0.0986,0.2759,0.866
8.692292,0.7813,-0.1480,0.1719,0.814
8.694499,0.7559,-0.1201,0.5538,0.945
8.696526,0.7022,-0.1235,0.7642,1.045
8.698758,0.6348,-0.1050,0.6744,0.932
8.701033,0.5777,0.0010,1.2584,1.385
8.702898,0.4629,0.0317,1.4210,1.495
8.704980,0.3247,-0.0200,0.9796,1.032
8.706888,0.2603,-0.0112,0.6661,0.715
8.708865,0.2031,-0.0498,0.5855,0.622
8.711452,0.1695,-0.0728,0.4532,0.489
8.713326,0.1768,-0.1460,0.9293,0.957
8.715497,0.1895,-0.2007,1.2550,1.285
8.718246,0.1865,-0.1782,1.0030,1.036
8.720972,0.2388,-0.1109,0.5596,0.618
8.721742,0.3306,-0.0420,0.6710,0.749
8.723976,0.3658,0.0303,0.7774,0.860
8.725963,0.3995,0.0552,0.7711,0.870
8.728123,0.4234,0.0273,0.7325,0.846
8.730292,0.6925,-0.0908,1.7507,1.885
8.732392,1.0753,-0.1040,3.2538,3.428
8.734794,1.0284,-0.1934,2.3669,2.588
8.736713,0.8516,-0.1865,0.5591,1.036
8.738638,0.8775,-0.1226,-0.0527,0.888
8.740852,1.0875,-0.0972,0.1372,1.100
8.742861,1.2731,0.0190,1.1700,1.729
8.745025,1.2106,0.1382,1.1119,1.650
8.746886,1.0445,0.1577,0.4156,1.135
8.748936,1.0997,0.0606,0.8311,1.380
8.751497,1.2047,-0.1279,1.7731,2.147
8.753949,1.1544,-0.1904,1.9582,2.281
8.755894,1.0309,-0.1875,0.9278,1.400
8.757456,0.9215,-0.1362,-0.1275,0.940
8.759771,0.8087,-0.0703,-0.2310,0.844
8.762194,0.6837,-0.0190,0.4668,0.828
8.764240,0.5875,-0.0532,1.2067,1.343
8.766099,0.4415,0.0527,1.4030,1.472
8.770435,0.3658,-0.0879,1.7145,1.755
8.770724,0.3164,-0.1851,1.6335,1.674
8.772362,0.3018,-0.2193,1.4704,1.517
8.774560,0.2295,-0.0415,1.0929,1.117
8.776662,0.2412,0.1714,1.0279,1.070
8.778914,0.2364,0.2661,1.2955,1.344
8.780816,0.2002,0.1333,1.5138,1.533
8.782963,0.2334,-0.0708,1.4191,1.440
8.786537,0.3428,-0.2354,1.1827,1.254
8.787031,0.3604,-0.1592,0.7305,0.830
8.789025,0.2818,-0.0425,0.3052,0.418
8.791421,0.2217,0.0332,0.1411,0.265
8.793681,0.1914,-0.0073,0.3916,0.436
8.795608,0.2124,-0.2031,0.9879,1.031
8.797638,0.2549,-0.2476,1.1046,1.160
8.799816,0.3482,-0.1621,0.6539,0.758
8.802191,0.3614,-0.1372,0.3282,0.507
8.804445,0.3125,-0.0742,-0.0376,0.323
8.809248,0.4190,0.0117,0.1631,0.450
8.809341,0.5894,-0.0112,0.9625,1.129
8.810518,0.6202,-0.0225,0.9684,1.150
8.812444,0.5088,0.0503,0.3550,0.622
8.814589,0.4424,0.0977,-0.1177,0.468
8.816718,0.4815,0.0430,0.3140,0.576
8.818803,0.6260,0.0557,1.2575,1.406
8.821091,0.7257,-0.1338,1.8518,1.993
8.823019,0.6651,-0.1148,1.3507,1.510
8.825206,0.6163,-0.0752,0.9830,1.163
8.826908,0.5640,0.1675,1.1764,1.315
8.828994,0.5967,0.3677,1.7604,1.895
8.831214,0.5440,0.3706,1.5558,1.689
8.833371,0.3970,0.2676,0.6759,0.828
8.835480,0.3184,0.1802,0.0903,0.377
8.838005,0.3247,0.0977,0.1690,0.379
8.839815,0.3369,0.0952,0.4458,0.567
8.842018,0.3042,0.0908,0.2827,0.425
8.844082,0.2720,0.0122,0.2119,0.345
8.846202,0.3184,-0.1328,0.2378,0.419
8.848205,0.4478,-0.2202,0.7725,0.920
8.850497,0.6173,-0.1148,1.0846,1.253
8.853246,0.6085,0.0063,0.7721,0.983
8.854717,0.5352,-0.0088,0.5616,0.776
8.856686,0.5469,-0.1787,0.7721,0.963
8.858913,0.6138,-0.2632,1.0890,1.277
8.860996,0.5479,-0.2691,0.7911,0.999
8.863218,0.4961,-0.2036,0.4361,0.691
8.865192,0.5030,-0.0615,0.4014,0.646
8.867004,0.5987,0.1060,0.5840,0.843
8.869876,0.7178,0.2378,0.8697,1.153
8.871603,0.6475,0.1611,0.7916,1.035
8.873624,0.4688,-0.0386,0.5230,0.703
8.875703,0.3584,-0.0566,0.4771,0.599
8.877858,0.3282,-0.0776,0.5337,0.631
8.879896,0.4048,-0.1773,0.6675,0.801
8.882017,0.6475,-0.2510,1.0963,1.298
8.884600,0.8121,0.1548,1.3214,1.559
8.886279,0.9239,0.5040,2.0432,2.298
8.889437,1.0675,0.5518,3.1917,3.410
8.891878,0.8448,0.2095,3.3114,3.424
8.893156,0.5406,0.1148,1.9309,2.008
8.895560,0.3824,0.2105,0.9366,1.033
8.896747,0.3238,0.1797,1.2208,1.276
8.898834,0.3340,0.0757,2.0153,2.044
8.901459,0.4546,-0.1099,1.9714,2.026
8.903130,0.5264,-0.1172,1.2208,1.335
8.905873,0.5445,-0.0962,0.4009,0.683
8.906982,0.5176,-0.0469,-0.0894,0.527
8.909162,0.4561,-0.0088,-0.4117,0.614
8.911305,0.4068,0.0215,-0.3467,0.535
8.914695,0.3340,0.0156,-0.0493,0.338
8.915770,0.2603,0.0386,0.2744,0.380
8.918399,0.1968,0.0488,0.5279,0.565
8.920947,0.1499,-0.0034,0.4854,0.508
8.922078,0.1079,-0.0269,0.1797,0.211
8.924244,0.0562,-0.0371,-0.0723,0.099
8.926402,-0.0132,0.0054,-0.1035,0.105
8.928348,-0.0762,0.0322,0.1807,0.199
8.930537,-0.1104,-0.0073,0.4590,0.472
8.932644,-0.1563,-0.0283,0.5474,0.570
8.936041,-0.2197,-0.0674,0.5250,0.573
8.938049,-0.2227,-0.1372,0.6778,0.727
8.938992,-0.1904,-0.2046,1.1549,1.188
8.941337,0.0825,-0.1172,1.8371,1.843
8.943267,0.4922,-0.2237,2.1789,2.245
8.945277,0.7623,-0.2569,2.5667,2.690
8.947194,1.1954,-0.0869,3.3207,3.530
8.949222,1.3107,0.1778,3.4315,3.678
8.951681,0.9981,0.1548,1.2628,1.617
8.953640,0.8746,0.1157,0.0767,0.886
8.955793,0.9430,0.0850,-0.0532,0.948
8.957959,1.0519,0.0576,0.3028,1.096
8.960034,1.1153,0.0562,0.3326,1.165
8.962078,1.1149,-0.0098,0.0933,1.119
8.964536,1.0621,-0.0298,-0.0410,1.063
8.966372,1.0914,0.0742,0.3843,1.159
8.972589,1.1544,0.1851,1.3058,1.753
8.972823,0.9483,0.1480,1.0314,1.409
8.972869,0.7579,-0.0063,-0.1240,0.768
8.974916,0.6612,-0.0903,-0.5772,0.882
8.976917,0.6212,-0.1235,-0.2129,0.668
8.979354,0.6290,-0.1055,1.2394,1.394
8.981183,0.5997,-0.0991,1.9357,2.029
8.983181,0.5059,-0.1279,0.8346,0.984
8.986028,0.4478,-0.1397,-0.1387,0.489
8.987063,0.4185,-0.1636,-0.3433,0.565
8.989204,0.3980,-0.1753,0.2749,0.515
8.991453,0.3648,-0.1763,1.1725,1.241
8.993566,0.2871,-0.1983,1.1046,1.158
8.995496,0.2119,-0.2036,0.7335,0.790
8.997836,0.1807,-0.1914,0.8360,0.876
8.999986,0.1641,-0.1826,0.5718,0.622
9.002325,0.2002,-0.0903,0.3330,0.399
9.004294,0.4659,0.1221,0.6915,0.843
9.006493,0.8106,0.3516,1.3869,1.644
9.008637,0.6861,0.3365,1.0416,1.292
9.010749,0.4532,0.2671,0.1358,0.543
9.012643,0.4634,0.1489,0.1030,0.498
9.015132,0.4800,-0.1885,0.8932,1.031
9.016807,0.5821,-0.2217,1.3117,1.452
9.019373,0.8585,-0.0523,1.3961,1.640
9.021421,0.7393,-0.1680,1.0045,1.259
9.023506,0.5557,-0.3033,0.8980,1.099
9.025444,0.4366,-0.3330,1.2086,1.328
9.027341,0.4395,-0.2959,1.3957,1.493
9.029438,0.6749,0.0088,1.2687,1.437
9.031759,0.7716,0.1069,0.9464,1.226
9.033667,0.8145,0.1577,0.7804,1.139
9.036161,0.8438,0.0088,0.7535,1.131
9.037991,0.7471,-0.1690,0.7945,1.104
9.040066,0.5953,-0.2696,0.9308,1.137
9.043100,0.4976,-0.2881,1.0944,1.236
9.044376,0.4473,-0.2798,1.0777,1.200
9.046551,0.4585,-0.2193,1.0958,1.208
9.048569,0.6197,-0.0508,1.0416,1.213
9.050735,0.6138,-0.1519,0.8775,1.082
9.053034,0.5279,-0.2085,0.7086,0.908
9.054892,0.5845,-0.0962,0.7935,0.990
9.056903,0.7388,0.1343,0.9972,1.248
9.059835,0.7481,0.2217,0.8941,1.187
9.061278,0.6070,-0.0166,0.6602,0.897
9.067493,0.4800,-0.1607,0.6905,0.856
9.067570,0.3921,-0.1607,0.7481,0.860
9.067623,0.3448,-0.1406,0.5098,0.631
9.069490,0.3184,-0.0405,0.2412,0.402
9.073219,0.3843,0.1362,0.4566,0.612
9.073958,0.4859,0.2544,0.7110,0.898
9.075654,0.5215,0.2803,0.7974,0.993
9.078835,0.3814,0.1455,0.5958,0.722
9.080121,0.2666,0.0610,0.4610,0.536
9.082330,0.2437,-0.0024,0.5713,0.621
9.084265,0.2349,-0.0415,0.4288,0.491
9.086726,0.1890,-0.0371,-0.0752,0.207
9.088877,0.1362,0.0020,-0.1890,0.233
9.090762,0.1543,-0.0112,0.2398,0.285
9.092744,0.2398,0.0190,1.0817,1.108
9.094935,0.2398,-0.0772,1.3283,1.352
9.096997,0.3213,-0.2256,1.0304,1.103
9.099144,0.4615,-0.3384,1.0489,1.195
9.101272,0.5689,-0.3516,1.0851,1.275
9.103491,0.9293,-0.2422,1.7634,2.008
9.105498,1.3873,0.0122,2.7454,3.076
9.107462,1.3600,0.0972,2.1716,2.564
9.109430,1.0616,-0.0884,0.5567,1.202
9.111926,1.0704,-0.3125,0.5318,1.235
9.114512,1.1803,-0.3799,1.2330,1.749
9.116550,1.0079,-0.4463,1.5685,1.917
9.119705,0.8399,-0.2559,1.0001,1.331
9.121411,0.7891,-0.1084,0.5484,0.967
9.122867,0.7335,-0.0269,0.6812,1.001
9.124424,0.6480,-0.0635,0.7154,0.967
9.126658,0.5982,-0.0571,0.7008,0.923
9.128735,0.5611,-0.0454,0.8160,0.991
9.130731,0.5010,0.0381,0.9102,1.040
9.132872,0.4292,-0.0020,0.7618,0.874
9.135484,0.3853,-0.0825,0.4864,0.626
9.137095,0.3277,-0.0972,0.2857,0.445
9.139226,0.2593,-0.0835,0.4346,0.513
9.141450,0.1944,-0.0742,0.8223,0.848
9.143378,0.1738,-0.1509,1.1031,1.127
9.145307,0.2071,0.0220,1.3864,1.402
9.147260,0.1704,-0.0420,1.7033,1.712
9.149394,0.1494,-0.2178,1.3986,1.423
9.152136,0.1778,-0.2295,0.9439,0.988
9.153801,0.2085,-0.2276,0.8375,0.893
9.155731,0.1973,-0.2588,0.5884,0.672
9.158122,0.2354,-0.1890,0.4629,0.553
9.160194,0.4400,0.1494,0.9938,1.097
9.162777,0.6173,0.4258,1.4953,1.673
9.164416,0.6392,0.4917,1.5929,1.785
9.166877,0.6392,0.4654,1.3717,1.583
9.170209,0.5963,0.4141,1.1451,1.356
9.170993,0.4639,0.2935,0.9869,1.129
9.172872,0.3155,0.1875,0.6080,0.710
9.175120,0.1992,0.1084,0.2622,0.347
9.177104,0.1304,0.0742,0.0464,0.157
9.179597,0.0762,0.0698,0.2197,0.243
9.181305,0.0239,0.0781,0.2681,0.280
9.183508,-0.0293,0.0908,0.1983,0.220
9.185718,-0.0679,0.0850,0.1460,0.182
9.188997,-0.0957,0.0669,0.1480,0.188
9.189451,-0.1450,0.0425,0.2598,0.301
9.191994,-0.1861,-0.0591,0.2700,0.333
9.193935,-0.1914,-0.1958,0.2847,0.395
9.196897,-0.0899,-0.2896,0.6929,0.756
9.198121,0.1597,-0.3111,1.5397,1.579
9.200258,0.6353,-0.2925,2.7503,2.838
9.202712,0.8814,-0.1734,2.7229,2.867
9.205040,0.8780,-0.1944,0.7794,1.190
9.206645,0.8292,-0.1524,-0.2945,0.893
9.208738,0.9083,-0.2237,-0.5254,1.073
9.210934,1.0909,-0.1069,0.2403,1.122
9.213872,1.2579,-0.0894,1.4147,1.895
9.215315,1.1647,-0.0523,0.9088,1.478
9.217179,0.9996,-0.1592,-0.0068,1.012
9.220196,0.8893,-0.1626,-0.5650,1.066
9.221384,0.8516,-0.1821,-0.1441,0.883
9.223538,0.8189,-0.1680,0.5167,0.983
9.225636,0.7564,-0.1485,0.4175,0.877
9.227415,0.6832,-0.1592,0.4253,0.820
9.229502,0.5596,-0.1978,1.5373,1.648
9.231750,0.7393,-0.1294,2.1770,2.303
9.233793,1.0265,-0.0889,1.7741,2.052
9.238072,0.9776,-0.2276,0.9200,1.362
9.238475,0.8990,-0.1856,0.1465,0.930
9.240300,0.8526,-0.0982,0.0640,0.861
9.242432,0.7677,-0.1016,0.4341,0.888
9.244505,0.7403,-0.2749,1.2306,1.462
9.246818,0.7423,-0.2764,1.5548,1.745
9.248757,0.7174,-0.1553,0.9957,1.237
9.250896,0.7198,-0.0542,0.4234,0.837
9.253074,0.7232,-0.0171,0.3794,0.817
9.255186,0.7447,-0.0117,0.8267,1.113
9.257151,0.7662,-0.1626,1.5509,1.738
9.259480,0.9264,-0.1963,1.9016,2.124
9.261364,0.9376,-0.1763,1.4567,1.741
9.263511,0.9117,-0.1504,0.9649,1.336
9.265491,0.9063,-0.0894,0.6651,1.128
9.267474,0.8018,-0.0078,0.4947,0.942
9.272809,0.6881,0.0269,0.5767,0.898
9.273022,0.5777,0.0957,0.9005,1.074
9.274111,0.5162,0.0430,1.1954,1.303
9.276157,0.4869,0.0273,1.1515,1.250
9.278262,0.4468,0.0439,0.5762,0.730
9.280483,0.6080,-0.0986,0.8145,1.021
9.282491,0.8600,-0.3291,2.0163,2.217
9.284561,0.8370,-0.2178,1.1310,1.424
9.286753,0.8136,-0.1743,0.0151,0.832
9.288853,0.9220,-0.3194,0.0649,0.978
9.290949,1.1110,-0.5342,1.0426,1.615
9.292991,1.2008,-0.5279,1.1158,1.722
9.295150,1.2365,-0.5484,1.6569,2.139
9.297250,1.3102,-0.5572,2.0070,2.461
9.299230,1.1989,-0.5445,2.2663,2.621
9.301425,0.9791,-0.4283,1.1930,1.602
9.303551,0.7550,-0.2964,0.5543,0.982
9.305791,0.6021,-0.4405,1.1525,1.373
9.307548,0.5171,-0.5074,2.1032,2.225
9.309651,0.4830,-0.4532,1.7067,1.831
9.311694,0.4517,-0.4258,0.6353,0.888
9.313879,0.4107,-0.4161,0.1538,0.605
9.316072,0.3384,-0.3697,0.2896,0.579
9.318294,0.2261,-0.2969,0.7403,0.829
9.320399,0.0698,-0.1988,0.6314,0.666
9.322616,-0.0571,-0.1821,0.4097,0.452
9.324566,-0.1553,-0.1724,0.3081,0.386
9.326773,-0.2276,-0.1402,0.4004,0.481
9.328817,-0.3169,-0.1563,0.4024,0.536
9.331044,-0.3824,-0.1870,0.4522,0.621
9.333524,-0.4209,-0.1948,0.5464,0.717
9.335207,-0.4346,-0.1001,0.8551,0.964
9.337289,-0.4693,0.0547,1.0177,1.122
9.339427,-0.5347,0.1104,0.9068,1.059
9.341468,-0.4869,0.1489,1.0436,1.161
9.343677,-0.3155,0.2696,1.6134,1.666
9.345722,-0.1362,0.3140,2.0730,2.101
9.347699,0.0210,0.2368,2.1926,2.205
9.350438,0.0640,0.1450,1.7624,1.770
9.352037,0.1035,-0.0278,1.2990,1.303
9.354364,0.1963,-0.2705,1.0831,1.134
9.356259,0.3072,-0.3741,1.0948,1.197
9.358273,0.4327,-0.3692,1.2692,1.391
9.360456,0.4410,-0.3555,0.9269,1.086
9.362568,0.4092,-0.3379,0.5005,0.730
9.364765,0.4810,-0.3282,0.4576,0.741
9.366814,0.6192,-0.3247,0.8839,1.127
9.369265,0.7511,-0.3516,1.3659,1.598
9.371760,0.8272,-0.3653,1.5798,1.820
9.373461,0.7896,-0.3877,0.8678,1.236
9.375248,0.6470,-0.2154,-0.1187,0.692
9.377309,0.6920,-0.1260,-0.1489,0.719
9.379472,0.9737,-0.1138,0.9811,1.387
9.381576,1.1119,-0.2266,2.0080,2.306
9.384075,1.0690,-0.3067,1.9279,2.226
9.386997,0.9415,-0.2569,0.8756,1.311
9.387724,0.8477,-0.2373,0.1133,0.888
9.389834,0.9581,-0.3413,0.6109,1.186
9.392318,1.1329,-0.3804,1.3258,1.785
9.398726,1.1114,-0.2710,1.1559,1.626
9.398803,1.0314,-0.1528,0.5391,1.174
9.398866,1.0304,-0.0654,0.4673,1.133
9.400453,1.0065,-0.0073,0.5948,1.169
9.403263,0.8634,-0.0234,0.5269,1.012
9.404913,0.7125,-0.0610,0.2583,0.760
9.407392,0.6114,-0.0488,0.3765,0.720
9.408923,0.5704,-0.0264,0.9015,1.067
9.411412,0.5347,-0.0396,1.5329,1.624
9.413229,0.4991,-0.1050,1.4572,1.544
9.415403,0.4244,-0.1240,0.5753,0.726
9.417435,0.3028,-0.0742,0.0396,0.314
9.420311,0.2212,-0.0034,0.5220,0.567
9.422194,0.1577,0.1226,1.3580,1.373
9.423847,0.0356,0.1690,1.2658,1.277
9.425729,-0.0708,0.1563,0.6959,0.717
9.429348,-0.0913,0.1441,0.8629,0.880
9.429739,-0.1206,0.0024,0.7857,0.795
9.432590,-0.1397,-0.1885,0.4888,0.542
9.434404,-0.1426,-0.3120,0.3931,0.522
9.436580,-0.1255,-0.4117,0.5645,0.710
9.438678,-0.1113,-0.4244,0.8976,0.999
9.440677,-0.1025,-0.4517,1.1305,1.222
9.442786,-0.0816,-0.4263,1.3063,1.377
9.444875,-0.0225,-0.4058,1.0651,1.140
9.447133,0.0332,-0.3116,0.5142,0.602
9.449201,0.0562,-0.2481,0.2393,0.349
9.451191,0.1304,-0.1880,0.2549,0.343
9.453807,0.1787,-0.0737,0.4600,0.499
9.455439,0.1997,0.0259,0.6099,0.642
9.457591,0.2129,0.0816,0.5997,0.642
9.459787,0.1743,0.0776,0.4014,0.444
9.461733,0.1489,0.0371,0.2158,0.265
9.463849,0.1719,-0.0088,0.2666,0.317
9.465884,0.1392,-0.0479,0.2661,0.304
9.467844,0.1152,-0.0947,0.3199,0.353
9.470485,0.1109,-0.1514,0.4585,0.495
9.472526,0.0820,-0.0610,0.5928,0.602
9.474434,0.0889,0.0918,0.5850,0.599
9.476306,0.4859,-0.1294,1.9851,2.048
9.478681,0.8429,-0.2354,3.0203,3.145
9.480703,0.7603,-0.2197,2.2322,2.368
9.482895,0.5645,0.0259,1.0426,1.186
9.484891,0.6759,0.2481,1.2726,1.462
9.487919,1.2887,0.2422,3.3656,3.612
9.489403,1.6935,0.2183,4.7187,5.018
9.491430,1.5202,0.1670,3.3314,3.666
9.493445,1.2814,0.1006,1.2457,1.790
9.495492,1.2067,0.0010,0.4371,1.283
9.497579,1.2604,-0.1172,0.3106,1.303
9.499732,1.3209,-0.2427,0.9010,1.617
9.501681,1.0753,-0.3160,1.1857,1.632
9.504796,0.8790,-0.2378,0.5748,1.077
9.505922,0.8038,-0.1782,0.1338,0.834
9.507959,0.7286,-0.1709,0.0586,0.751
9.509996,0.6387,-0.1724,-0.0933,0.668
9.512455,0.5294,-0.1841,-0.0908,0.568
9.514466,0.4063,-0.2266,0.5582,0.727
9.516532,0.3326,-0.2461,0.8956,0.987
9.518547,0.2798,-0.2808,0.4302,0.585
9.522259,0.2276,-0.2969,-0.1724,0.412
9.522838,0.1782,-0.2417,-0.2285,0.377
9.526516,0.1216,-0.2652,0.1504,0.328
9.527146,0.0874,-0.3047,0.7945,0.855
9.529170,0.0679,-0.3037,0.6627,0.732
9.531307,0.0552,-0.3120,0.2520,0.405
9.533506,0.0239,-0.1939,-0.1045,0.222
9.535623,-0.1099,0.0591,-0.2114,0.246
9.537943,-0.0464,0.2232,0.0859,0.244
9.540210,1.0397,0.4727,3.3959,3.583
9.541997,1.3800,0.4820,5.4029,5.597
9.543959,0.6636,0.3330,1.9055,2.045
9.545900,0.4874,0.2661,0.5425,0.776
9.547858,0.6475,0.2144,0.5206,0.858
9.550060,0.8497,0.1616,0.9889,1.314
9.552192,0.8687,0.1060,0.6251,1.075
9.555199,0.8214,0.0610,0.0728,0.827
9.556378,0.7804,0.0347,-0.1069,0.788
9.559393,0.6939,-0.0015,-0.0977,0.701
9.560815,0.6221,-0.0869,0.1069,0.637
9.562981,0.5201,-0.1509,0.4747,0.720
9.565025,0.4424,-0.1914,0.6651,0.821
9.567258,0.3731,-0.2158,0.6993,0.821
9.569271,0.3013,-0.2305,0.6431,0.747
9.571759,0.2403,-0.2178,0.4849,0.583
9.573563,0.1856,-0.2124,0.2852,0.401
9.575782,0.1279,-0.2193,0.2354,0.346
9.577661,0.0669,-0.2417,0.2613,0.362
9.579805,0.0606,-0.3111,0.8731,0.929
9.581893,0.2681,-0.4200,2.2195,2.275
9.584119,0.4351,-0.3599,2.3025,2.371
9.585805,0.3301,-0.2593,0.9889,1.074
9.587992,0.3091,-0.0957,0.4766,0.576
9.590136,0.5616,0.1084,1.1149,1.253
9.592667,0.7506,0.1870,1.8747,2.028
9.594555,0.8038,0.0947,1.7897,1.964
9.596702,0.8736,-0.0640,1.4376,1.683
9.598906,0.8116,-0.0220,0.6866,1.063
9.600995,0.7618,0.0352,-0.0088,0.763
9.603794,0.8326,0.0586,0.1094,0.842
9.605453,0.9347,0.1035,0.5762,1.103
9.607680,0.9386,0.1504,0.9044,1.312
9.609352,0.9278,0.1690,1.0123,1.384
9.611391,0.8487,0.0493,1.0118,1.322
9.613508,0.8067,-0.1348,1.0030,1.294
9.615634,0.7637,0.0210,0.7105,1.043
9.617902,0.7252,0.0894,0.4078,0.837
9.622881,0.7945,0.1524,0.5567,0.982
9.625348,0.8814,0.2505,1.0289,1.378
9.625601,0.8453,0.3018,1.1222,1.437
9.626562,0.7603,0.3252,1.0157,1.310
9.627956,0.8287,0.3506,1.2433,1.535
9.630099,0.9962,0.4273,1.7648,2.071
9.632515,0.7930,0.3716,1.2013,1.487
9.634355,0.5909,0.2705,0.5088,0.825
9.637273,0.5821,0.3116,0.7804,1.022
9.639123,0.5718,0.3067,1.5143,1.647
9.641733,0.4473,0.2080,1.4928,1.572
9.643213,0.3506,0.1782,0.9371,1.016
9.645081,0.3418,0.0264,0.5606,0.657
9.647353,0.3658,-0.0166,0.7213,0.809
9.649378,0.3164,0.1279,0.7178,0.795
9.651524,0.2320,0.2031,0.6182,0.691
9.654308,0.1685,0.1773,0.6036,0.651
9.655631,0.1201,0.1519,0.6578,0.686
9.657810,0.0708,0.1880,0.6382,0.669
9.659983,0.0161,0.1841,0.5547,0.585
9.661970,-0.0249,0.1787,0.3555,0.399
9.664107,-0.0664,0.1719,0.3438,0.390
9.666003,-0.0664,0.0820,0.3565,0.372
9.668047,-0.0093,-0.1069,0.6456,0.654
9.670697,0.0913,-0.1821,0.8287,0.853
9.673169,0.1489,-0.0684,0.7086,0.727
9.674954,0.1636,0.1968,0.9068,0.942
9.676897,0.2569,0.2637,1.1422,1.200
9.678916,0.3296,0.2310,1.0768,1.150
9.681058,0.3565,0.1695,0.5753,0.698
9.683060,0.3999,0.1753,0.2954,0.527
9.685331,0.4527,0.1885,0.2652,0.557
9.687789,0.5362,0.1597,0.4390,0.711
9.689472,0.5938,0.0772,0.5377,0.805
9.691579,0.6129,0.0352,0.3282,0.696
9.693711,0.6168,0.1416,0.2500,0.680
9.695699,0.6802,0.2232,0.7169,1.013
9.697824,0.7296,0.2588,0.9908,1.257
9.699936,0.6885,0.1807,0.6622,0.972
9.702163,0.6607,0.0962,0.2071,0.699
9.704412,0.6373,0.1538,0.0283,0.656
9.706064,0.5977,0.2129,0.1787,0.659
9.708512,0.5469,0.2647,0.5611,0.827
9.710282,0.5621,0.2139,0.8951,1.078
9.712389,0.7091,0.0376,1.3659,1.539
9.714484,0.7916,0.0181,1.3161,1.536
9.716564,0.7105,0.1250,0.7330,1.028
9.718947,0.5562,0.1231,0.2715,0.631
9.723247,0.4742,0.1060,0.7003,0.852
9.723789,0.3936,0.1118,1.2951,1.358
9.725174,0.3267,0.0825,1.2799,1.324
9.727535,0.2798,0.0386,1.1222,1.157
9.729335,0.2368,0.0371,1.1290,1.154
9.731536,0.1948,0.0542,1.3087,1.324
9.733662,0.1631,0.0708,1.2785,1.291
9.735868,0.1182,0.0576,0.9688,0.978
9.737954,0.0952,0.0596,0.7559,0.764
9.740081,0.0991,0.0859,0.9088,0.918
9.742186,0.1377,0.0830,1.1495,1.161
9.744653,0.3326,0.1201,1.3546,1.400
9.746150,0.4986,0.0371,1.3517,1.441
9.748370,0.4629,-0.0391,1.0362,1.136
9.750417,0.4820,0.0269,0.8385,0.967
9.752940,0.5782,0.1040,0.9166,1.089
9.754948,0.5508,0.1255,0.7506,0.939
9.757075,0.4957,0.0786,0.5264,0.727
9.760083,0.4883,0.0352,0.4532,0.667
9.761685,0.4952,-0.0420,0.5469,0.739
9.763572,0.5372,-0.0869,0.8087,0.975
9.765414,0.6231,-0.1138,1.1652,1.326
9.767592,0.5938,-0.1543,1.3737,1.504
9.769624,0.5142,-0.0664,1.3854,1.479
9.772727,0.5684,0.2574,1.3185,1.459
9.773892,0.4170,0.0210,1.1691,1.241
9.775954,0.3057,-0.1157,1.0904,1.138
9.778809,0.2842,-0.1035,1.3712,1.404
9.780343,0.3042,0.0308,1.5270,1.557
9.782362,0.2930,0.0254,1.6271,1.653
9.784419,0.4136,-0.1084,1.6633,1.717
9.786318,0.6402,-0.2544,1.8283,1.954
9.788353,0.6768,-0.2324,1.4181,1.588
9.790498,0.6231,-0.1704,0.6382,0.908
9.792489,0.6163,-0.0889,0.2910,0.687
9.795518,0.7330,0.0039,0.4688,0.870
9.796851,0.8292,0.0845,0.7642,1.131
9.799365,0.7691,0.0601,0.6759,1.026
9.801338,0.7135,-0.0176,0.4849,0.863
9.803333,0.8414,-0.0415,1.0538,1.349
9.805814,0.9239,-0.0254,1.4958,1.758
9.807732,0.8385,-0.0855,0.8077,1.167
9.809621,0.7706,-0.1245,-0.2071,0.808
9.811808,0.7086,-0.0723,-0.3980,0.816
9.813893,0.7125,-0.1138,0.0166,0.722
9.816080,0.7017,-0.0732,0.5582,0.900
9.818157,0.7139,0.0029,0.7393,1.028
9.820242,0.6744,0.1001,0.5943,0.904
9.824868,0.5977,0.1621,0.3809,0.727
9.825492,0.5347,0.1050,0.6280,0.831
9.830803,0.5699,-0.1065,0.8150,1.000
9.831012,0.5777,-0.2017,0.7213,0.946
9.831397,0.5958,-0.1211,0.8189,1.020
9.832948,0.6470,0.1216,0.8375,1.065
9.835021,0.6461,0.2422,0.8585,1.101
9.840186,0.5777,0.2486,0.6002,0.869
9.840417,0.6241,0.2569,0.6773,0.956
9.841176,0.4776,0.1817,0.5679,0.764
9.843134,0.3506,0.1099,0.1128,0.384
9.845326,0.3062,0.0894,0.3174,0.450
9.847735,0.2827,0.0425,1.1031,1.140
9.849735,0.2407,0.0444,0.7730,0.811
9.851790,0.2061,0.0864,0.4737,0.524
9.854537,0.1929,0.0654,0.5294,0.567
9.856564,0.2427,0.0127,0.6900,0.732
9.858482,0.4043,-0.0317,1.0196,1.097
9.860886,0.5464,-0.1177,1.1608,1.288
9.862405,0.6104,-0.2061,1.2448,1.402
9.864429,0.6363,-0.2818,1.3478,1.517
9.870373,0.5704,-0.3047,1.1227,1.296
9.870592,0.5660,-0.1875,0.8341,1.025
9.871938,0.7467,0.0493,0.9083,1.177
9.872597,0.7989,0.0859,0.8243,1.151
9.874736,0.6812,-0.0283,0.3785,0.780
9.876692,0.6329,-0.0996,0.1870,0.667
9.879213,0.7769,-0.0820,0.8302,1.140
9.881238,0.8160,-0.1944,1.5378,1.752
9.883325,0.6744,-0.2437,1.5275,1.687
9.885486,0.7257,-0.0234,1.2975,1.487
9.889009,0.8336,0.0772,1.1466,1.420
9.889910,0.7584,-0.0645,0.8663,1.153
9.892052,0.7125,-0.1563,0.6573,0.982
9.894323,0.7447,-0.2256,1.1266,1.369
9.896205,0.7120,-0.2705,1.6095,1.781
9.898329,0.6226,-0.2276,1.4132,1.561
9.900231,0.5430,-0.1568,0.8341,1.008
9.902280,0.4893,-0.0635,0.5176,0.715
9.905348,0.4493,0.0029,0.6519,0.792
9.907329,0.4058,-0.0049,0.5328,0.670
9.909141,0.3770,-0.0649,0.5572,0.676
9.910868,0.3379,0.0234,0.7755,0.846
9.913034,0.3404,0.0845,1.3131,1.359
9.915435,0.4141,0.1065,1.4787,1.539
9.917121,0.3394,0.0767,1.3561,1.400
9.919304,0.2056,0.1304,1.2404,1.264
9.923765,0.1138,0.1065,1.5026,1.511
9.926917,0.1035,-0.0767,1.9753,1.979
9.927215,0.1240,-0.1792,1.9621,1.974
9.927649,0.1436,-0.1406,1.6950,1.707
9.929696,0.1275,-0.0874,1.4855,1.494
9.932690,0.1201,0.0034,1.2428,1.249
9.934050,0.1240,-0.0034,0.9093,0.918
9.936046,0.1568,-0.0562,0.6441,0.665
9.938256,0.1812,-0.0430,0.4673,0.503
9.940141,0.1758,-0.0112,0.3423,0.385
9.942388,0.1538,0.0195,0.2227,0.271
9.944485,0.1489,0.0220,0.2989,0.335
9.946402,0.1494,-0.0435,0.4019,0.431
9.948444,0.1406,-0.0054,0.2793,0.313
9.950667,0.2549,0.1211,0.5982,0.661
9.952874,0.3482,0.1670,1.0270,1.097
9.955682,0.3003,0.1431,0.6368,0.718
9.957075,0.2417,0.1128,0.0991,0.285
9.959514,0.3355,0.0884,0.1914,0.396
9.961349,0.5250,0.0747,0.8824,1.029
9.963506,0.6544,0.1040,1.2648,1.428
9.965513,0.6954,0.1045,0.9913,1.215
9.968033,0.7340,0.0596,0.4932,0.886
9.969856,0.8180,-0.0083,0.3745,0.900
9.972253,0.8570,-0.0254,0.3789,0.937
9.974499,0.8057,-0.0474,0.1192,0.816
9.976572,0.7735,-0.0288,0.0356,0.775
9.978422,0.9435,0.1270,0.7818,1.232
9.980376,1.0685,0.2534,1.7682,2.081
9.982418,0.8849,0.2432,0.8180,1.229
9.984695,0.6993,0.1548,-0.2266,0.751
9.986436,0.6368,0.0186,-0.4239,0.765
9.988937,0.5992,-0.0366,-0.0659,0.604
9.990769,0.5562,0.0122,1.1739,1.299
9.993181,0.6636,0.2837,2.1213,2.241
9.995205,0.6910,0.4839,1.9055,2.084
9.997370,0.4532,0.3672,0.5977,0.835
9.999579,0.3482,0.1299,0.4395,0.576
10.001652,0.3101,-0.0903,1.0597,1.108
10.003579,0.2881,-0.1880,1.3458,1.389
10.005758,0.2808,-0.2315,1.0182,1.081
10.007724,0.2964,-0.2261,0.8814,0.957
10.009811,0.3589,-0.2095,1.2433,1.311
10.011862,0.3824,-0.2285,1.2325,1.311
10.014023,0.4312,-0.1577,0.7828,0.908
10.016250,0.6075,0.0947,0.7022,0.933
10.018736,0.6524,0.0923,0.7745,1.017
10.020465,0.6182,0.0210,0.8243,1.031
10.024576,0.6461,-0.0205,0.9571,1.155
10.025068,0.5801,-0.1294,0.9288,1.103
10.026763,0.4957,-0.1929,0.8438,0.997
10.028875,0.5269,-0.0986,0.9303,1.074
10.031151,0.7662,0.1870,1.2179,1.451
10.032757,0.6778,0.1328,0.8746,1.114
10.035082,0.5440,-0.0405,0.6334,0.836
10.037107,0.6075,-0.1953,0.9220,1.121
10.039889,0.6265,-0.2710,1.1251,1.316
10.041543,0.5845,-0.2730,0.9552,1.153
10.043658,0.6256,-0.1651,0.8277,1.051
10.045705,0.8160,0.1714,1.0909,1.373
10.047988,0.7847,0.2437,0.8658,1.194
10.049922,0.5772,0.0073,0.4991,0.763
10.052821,0.5167,-0.0640,0.6988,0.871
10.054176,0.5479,0.0356,1.1666,1.289
10.056793,0.5118,-0.0698,1.2394,1.343
10.058455,0.5108,-0.2007,1.1114,1.240
10.061027,0.4410,-0.2119,1.1822,1.279
10.063213,0.3887,-0.0776,1.1959,1.260
10.064667,0.3467,0.0669,0.8043,0.878
10.066495,0.3184,0.0781,0.5420,0.633
10.069103,0.3033,0.0112,0.3594,0.470
10.071943,0.2989,-0.0718,0.5567,0.636
10.073791,0.2793,-0.1001,0.7154,0.774
10.075189,0.2720,-0.0386,0.8336,0.878
10.077448,0.3516,0.2090,1.1569,1.227
10.079526,0.4092,0.2637,1.0802,1.185
10.081612,0.6900,0.1309,1.2701,1.451
10.083606,0.9112,-0.1377,1.9631,2.169
10.086386,0.8414,-0.2334,1.0470,1.363
10.088696,0.7340,-0.2051,0.0518,0.764
10.090173,0.8199,-0.2559,0.6412,1.072
10.092250,0.7393,-0.1304,1.3190,1.518
10.094824,0.5694,0.0566,0.7813,0.968
10.096236,0.4649,0.1133,0.4488,0.656
10.098419,0.4043,0.0186,0.5298,0.667
10.100544,0.3692,-0.1089,0.6754,0.777
10.102753,0.4839,-0.2661,1.1949,1.316
10.107342,0.7154,-0.2105,1.4552,1.635
10.107895,0.6949,-0.1094,0.6480,0.956
10.109103,0.6905,-0.1025,0.2456,0.740
10.111295,0.7574,-0.0122,0.5743,0.951
10.112867,0.7515,0.1177,0.6754,1.017
10.115048,0.5723,-0.0230,0.5191,0.773
10.117154,0.4737,-0.1323,0.2344,0.545
10.119672,0.4263,-0.1397,0.2251,0.502
10.122365,0.4092,-0.0845,0.2456,0.485
10.123958,0.4063,0.1426,0.7174,0.837
10.126028,0.4419,0.1162,1.0577,1.152
10.128165,0.6622,-0.0728,1.5402,1.678
10.130209,0.6949,0.1157,0.9337,1.170
10.132417,0.7164,0.1792,0.8272,1.109
10.134414,0.6802,0.1016,0.5665,0.891
10.136336,0.6881,0.0703,0.5440,0.880
10.138709,0.6754,-0.1021,0.7891,1.044
10.140730,0.7506,-0.2207,1.0367,1.299
10.142817,0.8448,-0.1914,1.1217,1.417
10.144972,0.8292,-0.0400,0.8722,1.204
10.146803,0.7022,0.1475,0.7647,1.049
10.148780,0.5567,0.1787,0.9449,1.111
10.151308,0.4463,0.1738,1.1237,1.221
10.153598,0.3804,0.1060,1.0157,1.090
10.155960,0.3369,-0.0200,0.8936,0.955
10.157719,0.3194,-0.0713,0.7784,0.844
10.159563,0.3013,-0.1221,0.8009,0.864
10.161751,0.3018,-0.1817,0.9337,0.998
10.163792,0.2930,-0.1895,0.7266,0.806
10.165949,0.2813,-0.1548,0.4620,0.563
10.167988,0.2788,-0.0659,0.5582,0.627
10.170110,0.2149,0.0918,0.7525,0.788
10.172976,0.1709,0.1377,0.8951,0.922
10.174362,0.2285,-0.0029,1.1569,1.179
10.176531,0.4292,-0.2163,1.4074,1.487
10.178708,0.6358,-0.1724,1.3063,1.463
10.180678,0.7271,-0.0156,1.0675,1.292
10.183002,0.7169,0.0679,0.7784,1.060
10.185039,0.6920,0.0220,0.5186,0.865
10.187253,0.7242,-0.0210,0.5977,0.939
10.189686,0.8077,-0.1685,1.0401,1.328
10.191948,0.8936,-0.2515,1.3927,1.674
10.193101,0.9303,-0.0459,1.1578,1.486
10.195328,0.8839,0.1621,0.8219,1.218
10.197314,0.8912,0.1939,0.7672,1.192
10.199797,0.8990,0.1939,1.0421,1.390
10.201941,0.7432,0.2100,1.1681,1.400
10.203940,0.5381,0.1704,1.1320,1.265
10.206476,0.4585,-0.0728,1.1320,1.223
10.208286,0.5738,-0.2637,1.2111,1.366
10.210140,0.6002,-0.2344,0.7862,1.016
10.212352,0.5103,-0.1460,0.0244,0.531
10.214296,0.4590,-0.1499,-0.1846,0.517
10.216950,0.4561,-0.2061,0.6876,0.850
10.218750,0.4986,-0.0249,1.1774,1.279
10.220809,0.4117,0.0645,0.6514,0.773
10.225447,0.3501,0.1436,0.4927,0.621
10.225945,0.3267,0.1851,0.8267,0.908
10.227581,0.2779,0.1480,0.6133,0.689
10.230533,0.2276,0.0010,0.2779,0.359
10.231458,0.2217,-0.1773,0.4576,0.538
10.233409,0.2886,-0.2813,0.7374,0.840
10.235642,0.5562,-0.2989,1.4074,1.543
10.237609,0.6524,-0.0239,1.3668,1.515
10.240191,0.5362,0.2661,0.9518,1.124
10.241812,0.5587,0.3374,0.9806,1.178
10.243918,0.5621,0.2793,1.0587,1.231
10.245962,0.3755,0.1113,0.7584,0.854
10.248192,0.2437,0.0689,0.5836,0.636
10.250322,0.1856,0.0410,0.7027,0.728
10.252433,0.1524,0.0493,0.7291,0.746
10.254416,0.1768,-0.0259,0.6973,0.720
10.256933,0.3677,-0.2578,1.2076,1.288
10.259134,0.5181,-0.3453,1.3991,1.531
10.260939,0.4893,-0.2671,0.7672,0.948
10.263188,0.4649,-0.0850,0.4805,0.674
10.265027,0.4126,0.1836,0.7569,0.881
10.267036,0.3057,0.2954,1.0323,1.116
10.269039,0.2500,0.1861,1.0856,1.129
10.271285,0.4576,-0.1348,1.4923,1.567
10.273879,0.6651,-0.2002,1.5881,1.733
10.275410,0.6612,-0.1719,0.9361,1.159
10.277585,0.6656,-0.1406,0.5713,0.888
10.280036,0.7930,-0.0146,0.8507,1.163
10.281826,0.8482,-0.0396,1.1056,1.394
10.283982,0.9210,-0.0947,1.3815,1.663
10.285994,0.8521,-0.0239,0.9669,1.289
10.288311,0.6763,0.0767,0.5328,0.864
10.290399,0.4874,0.0288,0.4336,0.653
10.293291,0.3863,0.0420,0.6451,0.753
10.294690,0.3272,0.1875,0.8419,0.922
10.296741,0.2481,0.2222,1.0304,1.083
10.298845,0.1748,0.1602,1.1466,1.171
10.300904,0.1826,-0.0820,1.4181,1.432
10.303130,0.2486,-0.2427,1.1100,1.163
10.306595,0.3643,-0.3052,0.7906,0.922
10.310346,0.4200,-0.3321,0.6915,0.875
10.310956,0.5420,-0.1128,0.9122,1.067
10.311505,0.4624,0.1465,0.9239,1.044
10.314843,0.3321,0.3033,0.8976,1.004
10.315531,0.4234,0.2290,1.2560,1.345
10.317602,0.6148,-0.0884,1.4938,1.618
10.319786,0.6334,-0.1861,0.9762,1.178
10.322803,0.5919,-0.1992,0.4361,0.762
10.324115,0.6588,-0.1841,0.4761,0.833
10.326075,0.6378,-0.0625,0.5118,0.820
10.328197,0.5997,-0.0371,0.4551,0.754
10.330256,0.7662,-0.1890,1.0797,1.337
10.332400,0.8761,-0.1929,1.3366,1.610
10.334474,0.7574,-0.0488,0.6231,0.982
10.336903,0.6724,0.0977,0.3252,0.753
10.340024,0.7432,0.1880,0.7442,1.068
10.341272,0.6431,0.1934,0.7105,0.978
10.343778,0.5762,0.0249,0.6822,0.893
10.345026,0.6881,-0.1265,0.8902,1.132
10.347075,0.6993,0.0513,0.8316,1.088
10.348982,0.5660,0.0982,0.2881,0.643
10.351510,0.5333,0.0015,0.1006,0.543
10.353426,0.5347,-0.0493,0.2412,0.589
10.357216,0.4742,0.0181,0.3394,0.583
10.357935,0.3926,0.1123,0.5220,0.663
10.360593,0.3384,0.1226,0.6842,0.773
10.361907,0.3301,-0.0562,0.4815,0.586
10.364387,0.4488,-0.1675,0.7271,0.871
10.366234,0.6050,-0.1338,0.9288,1.117
10.368605,0.6588,-0.0146,0.9864,1.186
10.370561,0.5674,0.2666,0.9229,1.116
10.372866,0.4805,0.3448,0.8033,0.998
10.374721,0.5499,0.1216,1.2052,1.330
10.377804,0.7408,-0.0859,1.4674,1.646
10.378806,0.7447,-0.0317,0.8726,1.148
10.380855,0.6612,-0.1016,0.4229,0.791
10.382972,0.7159,-0.1294,0.4678,0.865
10.388416,0.7203,-0.0049,0.5391,0.900
10.388582,0.6495,0.0527,0.7086,0.963
10.390253,0.6822,0.0488,1.0025,1.214
10.391959,0.7428,-0.1563,1.3244,1.526
10.393502,0.7471,-0.1436,1.1442,1.374
10.395596,0.6524,-0.0957,0.6280,0.911
10.397752,0.5352,-0.0542,0.2456,0.591
10.399995,0.4654,0.0264,0.1983,0.507
10.401981,0.4234,0.1455,0.5084,0.677
10.404039,0.3506,0.1851,0.7081,0.812
10.407248,0.3120,0.1509,0.8844,0.950
10.408385,0.4092,-0.1431,1.5182,1.579
10.410554,0.5210,-0.2237,1.6486,1.743
10.412505,0.4883,-0.0015,0.9083,1.031
10.414703,0.4883,0.1240,0.4698,0.689
10.416771,0.5782,0.0825,0.9337,1.101
10.419037,0.7989,-0.0107,1.7492,1.923
10.421188,0.8477,-0.0068,1.8498,2.035
10.423235,0.7642,0.2105,1.3038,1.526
10.425442,0.5938,0.2925,0.7564,1.005
10.427202,0.4078,0.2178,0.4913,0.675
10.429193,0.3135,0.0293,0.7496,0.813
10.431527,0.2676,-0.0845,1.0245,1.062
10.433296,0.2388,-0.0947,1.0201,1.052
10.435485,0.2329,-0.1782,1.0353,1.076
10.437479,0.2002,-0.1270,0.9894,1.017
10.441990,0.1778,-0.0332,0.7852,0.806
10.442445,0.1538,0.1157,0.5753,0.607
10.444213,0.1270,0.1460,0.7017,0.728
10.446777,0.1372,0.1162,0.9879,1.004
10.448282,0.3579,-0.1919,1.6369,1.687
10.450452,0.6138,-0.2207,1.8811,1.991
10.452682,0.6251,-0.0269,1.3283,1.468
10.454669,0.6148,0.0776,0.9947,1.172
10.456698,0.6715,0.0723,0.9327,1.152
10.459670,0.6495,0.0376,0.7574,0.998
10.461109,0.5958,-0.0449,0.5152,0.789
10.463333,0.5108,-0.1157,0.4644,0.700
10.465291,0.3789,-0.1240,0.5381,0.670
10.467083,0.3448,-0.1807,0.9049,0.985
10.469191,0.3623,-0.1270,0.8736,0.954
10.471704,0.4239,-0.1812,0.6021,0.758
10.473983,0.4375,-0.1851,0.5157,0.701
10.475971,0.4751,-0.1011,0.6065,0.777
10.478420,0.5782,-0.2183,1.0914,1.254
10.479887,0.6968,-0.0767,1.4274,1.590
10.482137,0.6851,-0.0161,1.2286,1.407
10.484118,0.7017,-0.0864,0.9469,1.182
10.486192,0.7447,-0.0742,0.9186,1.185
10.488651,0.6446,-0.0772,0.5240,0.834
10.490687,0.5323,-0.1328,0.3023,0.626
10.492861,0.4673,-0.1328,0.4175,0.641
10.495119,0.4869,-0.0425,0.7525,0.897
10.497455,0.5621,0.0405,1.0045,1.152
10.498951,0.5831,-0.1397,0.7515,0.961
10.501019,0.7652,-0.2100,1.0807,1.341
10.503303,0.8868,-0.1387,1.2824,1.565
10.505431,0.7935,-0.0435,0.7335,1.081
10.507952,0.7017,0.0781,0.5860,0.918
10.509343,0.5987,0.1279,0.6402,0.886
10.511532,0.5176,-0.0606,0.6011,0.796
10.514011,0.6788,-0.1817,0.8878,1.132
10.515426,0.7511,-0.2036,0.8263,1.135
10.517534,0.7149,-0.0855,0.3872,0.818
10.520075,0.5508,0.0581,0.0913,0.561
10.522199,0.4605,0.1387,0.1802,0.514
10.524236,0.4400,0.0957,0.7750,0.896
10.526108,0.5420,-0.1904,1.1818,1.314
10.528395,0.6627,-0.2769,0.9986,1.230
10.530537,0.7213,-0.1348,0.6036,0.950
10.532542,0.6793,0.1123,0.5606,0.888
10.534518,0.6177,0.2647,0.9005,1.124
10.536946,0.4400,0.1831,0.8653,0.988
10.539104,0.3633,0.0366,0.9674,1.034
10.543238,0.3824,-0.0171,1.2701,1.327
10.543782,0.3179,0.1773,0.6583,0.752
10.545513,0.3179,0.2407,0.6129,0.731
10.547973,0.4532,0.0767,1.4757,1.546
10.549463,0.5337,-0.1314,1.6769,1.765
10.551638,0.5240,0.1294,0.9474,1.090
10.553669,0.3941,0.2637,0.8009,0.931
10.556330,0.2862,0.1631,1.1925,1.237
10.558103,0.2598,0.0747,1.3375,1.365
10.559992,0.2661,0.1406,0.7804,0.836
10.562138,0.2574,0.0855,0.4292,0.508
10.564212,0.2754,0.1279,0.4283,0.525
10.566495,0.2793,0.1763,0.5093,0.607
10.568642,0.2412,0.1821,0.5982,0.670
10.570959,0.2627,0.0347,0.8326,0.874
10.574727,0.5381,-0.2193,1.6598,1.759
10.575331,0.6920,-0.1187,1.5075,1.663
10.577280,0.6251,0.1040,0.7266,0.964
10.579234,0.6773,0.2031,0.6573,0.965
10.581126,0.5753,0.2720,0.6050,0.878
10.583465,0.4458,0.2964,0.7374,0.911
10.585477,0.3540,0.2974,1.0509,1.148
10.587492,0.2481,0.2393,0.9225,0.985
10.591392,0.2007,0.1406,0.8189,0.855
10.591900,0.1934,-0.0713,0.9293,0.952
10.593679,0.2085,-0.1870,0.7672,0.817
10.595712,0.3286,-0.1729,0.8668,0.943
10.598393,0.5352,0.0503,1.3356,1.440
10.600175,0.5469,0.2100,1.2687,1.397
10.602235,0.4190,0.3570,1.0255,1.164
10.604345,0.3326,0.3633,0.9830,1.100
10.606883,0.2744,0.3355,1.0460,1.132
10.609203,0.2041,0.2593,0.7452,0.815
10.611144,0.2105,0.0879,0.7359,0.770
10.613258,0.2642,0.0220,0.7545,0.800
10.615170,0.2818,-0.0264,0.6983,0.753
10.617280,0.3682,-0.0015,0.6256,0.726
10.619227,0.5127,0.1279,0.8004,0.959
10.621170,0.5230,0.2134,0.8731,1.040
10.626306,0.4322,0.2393,0.5601,0.747
10.626885,0.3975,0.2867,0.6563,0.819
10.627658,0.3990,0.2862,0.9420,1.062
10.631263,0.4541,0.1778,0.9742,1.089
10.631513,0.5518,-0.0601,0.9410,1.093
10.634478,0.6524,-0.1553,0.8922,1.116
10.635932,0.7227,-0.0757,0.5323,0.901
10.637918,0.6915,-0.0068,0.3511,0.776
10.640746,0.6441,0.1768,0.9117,1.130
10.642235,0.5499,0.2940,1.1715,1.327
10.644291,0.4273,0.2451,0.6422,0.809
10.646405,0.3404,0.0962,0.0645,0.360
10.648539,0.3081,-0.0171,-0.0420,0.311
10.651693,0.3330,-0.0483,0.7520,0.824
10.652548,0.3736,-0.0039,1.2907,1.344
10.655411,0.4151,0.0610,1.2604,1.328
10.657986,0.4541,0.1006,1.2799,1.362
10.666344,0.4429,0.2046,1.0445,1.153
10.666543,0.4136,0.4009,0.9273,1.092
10.666791,0.5572,0.4820,1.2775,1.475
10.666961,0.6968,0.3623,1.6164,1.797
10.667940,0.5953,0.1030,1.2682,1.405
10.669403,0.4971,0.0239,0.7061,0.864
10.671564,0.5572,-0.0679,0.7012,0.898
10.675005,0.6983,-0.1109,0.9747,1.204
10.675738,0.7359,0.0293,0.8477,1.123
10.678413,0.6632,0.2808,0.6295,0.956
10.680065,0.6842,0.3819,0.6524,1.020
10.682165,0.7511,0.3731,0.8839,1.218
10.684363,0.7808,0.1748,1.0392,1.312
10.686385,0.7027,0.0078,0.9254,1.162
10.688866,0.5655,0.0391,0.5225,0.771
10.691310,0.4800,-0.0137,0.6934,0.843
10.693398,0.5381,-0.1489,1.0973,1.231
10.695365,0.5860,-0.1489,1.0655,1.225
10.697217,0.4976,-0.0425,0.6309,0.805
10.699204,0.3941,0.1250,0.3697,0.555
10.701245,0.3047,0.2456,0.6505,0.759
10.703611,0.3067,0.1880,1.3927,1.438
10.705685,0.3145,0.1538,1.3556,1.400
10.707487,0.2295,0.1968,0.6680,0.733
10.709691,0.1704,0.2393,0.4175,0.511
10.711789,0.1817,0.2759,0.7950,0.861
10.714115,0.2110,0.1348,1.3180,1.342
10.715909,0.2110,0.2281,1.0157,1.062
10.718089,0.2495,0.1001,0.6295,0.684
10.720545,0.5230,-0.0562,1.2194,1.328
10.722931,0.6505,0.0479,1.3439,1.494
10.727341,0.5025,0.3042,0.7584,0.959
10.727730,0.4825,0.4341,0.9596,1.158
10.729446,0.4766,0.4473,1.1183,1.295
10.731533,0.5093,0.2813,1.0470,1.198
10.732759,0.5806,0.0142,1.0631,1.211
10.735023,0.6119,-0.0230,0.6949,0.926
10.737070,0.5416,-0.0112,0.4239,0.688
10.739256,0.4624,0.0195,0.5567,0.724
10.741236,0.4009,-0.0435,0.6978,0.806
10.743615,0.3633,-0.0552,0.6998,0.790
10.745677,0.3291,-0.0264,0.4722,0.576
10.747353,0.2906,-0.0107,0.3213,0.433
10.749470,0.2495,-0.0361,0.1958,0.319
10.751614,0.2393,-0.0747,0.3833,0.458
10.753745,0.2700,-0.1231,0.7603,0.816
10.755961,0.3897,0.0020,0.9723,1.047
10.758807,0.5738,0.0523,0.9947,1.150
10.760571,0.5753,0.0049,0.7637,0.956
10.762495,0.6373,-0.0171,1.0392,1.219
10.764728,0.7447,0.1846,1.4479,1.639
10.766734,0.6632,0.2114,1.4308,1.591
10.768779,0.6290,-0.1045,1.8146,1.923
10.770912,0.6636,-0.1699,2.4802,2.573
10.772975,0.5069,-0.0132,2.4739,2.525
10.775924,0.3619,-0.1177,1.8351,1.874
10.777757,0.3555,-0.1509,1.6764,1.720
10.779810,0.4239,-0.0400,1.8151,1.864
10.781591,0.3716,-0.1480,1.4684,1.522
10.783690,0.3179,-0.1934,1.0328,1.098
10.785656,0.2740,-0.1353,0.7574,0.817
10.787829,0.2476,-0.0816,0.6627,0.712
10.789595,0.2295,-0.0405,0.4678,0.523
10.792405,0.3028,0.1050,0.4961,0.591
10.794869,0.4502,0.2300,0.6632,0.834
10.796552,0.3946,0.2100,0.4488,0.633
10.798550,0.2354,0.1509,0.1143,0.302
10.800365,0.2285,0.0195,0.1719,0.287
10.802541,0.2696,-0.1362,0.6138,0.684
10.805470,0.3086,-0.1548,0.7345,0.812
10.807346,0.3955,-0.1548,0.6842,0.805
10.810905,0.5889,-0.0903,0.8624,1.048
10.811440,0.6500,-0.0435,0.7730,1.011
10.813241,0.6412,-0.0410,0.5699,0.859
10.815520,0.6602,0.0508,0.4947,0.827
10.817180,0.7525,0.0571,0.8961,1.172
10.819400,0.6646,-0.0103,1.2496,1.415
10.821222,0.5210,-0.1621,0.9464,1.092
10.824704,0.4659,-0.2525,0.7784,0.942
10.825777,0.4102,-0.3096,0.6104,0.798
10.828566,0.3570,-0.3521,1.0514,1.165
10.829945,0.2974,-0.3296,1.5094,1.573
10.831702,0.2632,-0.2442,1.1739,1.228
10.833702,0.3311,0.0396,1.5158,1.552
10.835947,0.2344,0.2393,1.6310,1.665
10.838158,0.1416,0.1592,0.8267,0.854
10.840839,0.1162,0.0283,0.4947,0.509
10.842435,0.1079,-0.1279,0.3526,0.390
10.844561,0.1089,-0.1753,0.6431,0.675
10.846700,0.1094,-0.2031,0.7178,0.754
10.848809,0.1768,-0.1050,0.7677,0.795
10.851034,0.4478,0.1382,1.0514,1.151
10.853017,0.5469,0.2232,1.0626,1.216
10.855576,0.3726,0.1524,0.3926,0.562
10.857905,0.2700,0.1455,-0.0239,0.308
10.859629,0.3902,0.1411,0.1968,0.459
10.861738,0.6929,-0.0230,1.2037,1.389
10.863632,0.7432,-0.1416,1.4914,1.672
10.865775,0.5704,-0.1402,0.5098,0.778
10.867415,0.4693,-0.1450,0.0859,0.499
10.869627,0.3658,-0.1880,0.2862,0.501
10.872100,0.2847,-0.1665,0.4810,0.583
10.874445,0.3135,-0.2461,1.0743,1.146
10.876258,0.5455,-0.4610,2.0529,2.174
10.878807,0.8448,-0.1924,2.0246,2.202
10.880457,0.9391,0.0439,1.7541,1.990
10.882518,0.9273,0.1128,1.7126,1.951
10.884490,0.7891,0.1753,1.6681,1.854
10.886834,0.5640,0.0728,1.6657,1.760
10.888877,0.3970,-0.0303,1.2575,1.319
10.891542,0.3584,0.0098,0.9688,1.033
10.893195,0.2842,-0.0249,0.6226,0.685
10.895543,0.2398,0.0566,0.3965,0.467
10.897259,0.2075,0.1162,0.4327,0.494
10.899342,0.1831,0.0933,0.5176,0.557
10.901419,0.2261,0.1660,0.5772,0.642
10.903971,0.4156,0.2007,0.9117,1.022
10.905827,0.5591,-0.0532,1.2072,1.331
10.910893,0.4966,-0.1211,0.7413,0.900
10.911407,0.3853,-0.0410,0.0840,0.396
10.911638,0.3047,0.0518,-0.1465,0.342
10.915183,0.3697,-0.1245,0.2671,0.473
10.915949,0.4878,-0.1416,0.8009,0.948
10.918298,0.3662,-0.0513,0.7003,0.792
10.920650,0.4449,-0.1148,0.6759,0.817
10.922806,0.8751,-0.2339,2.0466,2.238
10.924891,1.0099,-0.1997,2.0056,2.254
10.927448,0.8477,-0.1968,0.8219,1.197
10.929025,0.8883,-0.0928,0.8912,1.262
10.931142,0.8092,0.2227,1.5768,1.786
10.933163,0.6407,0.3306,1.6637,1.813
10.935306,0.4366,0.2451,0.7896,0.935
10.937432,0.3369,0.1602,0.7359,0.825
10.939423,0.2617,0.1055,0.8580,0.903
10.942576,0.2007,0.0562,0.8365,0.862
10.943940,0.1695,0.0049,0.5914,0.615
10.946851,0.1294,-0.0054,0.4585,0.476
10.947748,0.0816,0.0117,0.2998,0.311
10.949767,0.0386,0.0317,0.3179,0.322
10.952158,0.0049,0.0439,0.2915,0.295
10.954200,-0.0112,0.0757,0.3042,0.314
10.956339,0.0005,0.0327,0.4761,0.477
10.959551,0.2764,0.0112,0.8145,0.860
10.960913,0.5186,0.1299,1.0226,1.154
10.963197,0.5831,0.0596,1.1344,1.277
10.964967,0.5811,-0.1558,1.0084,1.174
10.967431,0.6475,-0.1680,0.8687,1.096
10.969013,0.9019,-0.1831,1.4240,1.696
10.971294,1.1310,-0.1040,2.1799,2.458
10.973124,1.0817,-0.1563,1.9001,2.192
10.975316,0.8917,0.0576,1.1403,1.449
10.977471,0.6715,0.2617,1.1388,1.348
10.979610,0.4615,0.1094,1.7009,1.766
10.981651,0.3643,0.0542,1.8142,1.851
10.983790,0.2842,0.0464,1.1534,1.189
10.985912,0.2481,0.0093,0.5167,0.573
10.987841,0.2276,0.0396,0.3125,0.389
10.989701,0.2119,0.0166,0.4087,0.461
10.992384,0.1963,0.0269,0.4654,0.506
10.994222,0.1470,0.0449,0.4112,0.439
10.996235,0.1113,0.0469,0.2349,0.264
10.998571,0.2730,0.0317,0.5870,0.648
11.000637,0.6651,0.0586,1.3717,1.526
11.002709,0.6026,-0.0239,1.1061,1.260
11.004739,0.4541,-0.0488,0.4327,0.629
11.006966,0.3975,-0.1445,0.0703,0.429
11.009647,0.3785,-0.0630,-0.2324,0.449
11.011402,0.6036,-0.0693,0.6690,0.904
11.013457,0.7769,-0.0405,1.6012,1.780
11.015318,0.6441,-0.1445,1.2018,1.371
11.023858,0.5069,-0.2617,0.8145,0.994
11.023980,0.5889,-0.0942,1.0206,1.182
11.024052,0.8282,0.1006,1.7556,1.944
11.024210,0.6270,0.2217,1.3673,1.520
11.025962,0.4493,0.1934,1.1007,1.204
11.027581,0.3570,0.1045,1.3800,1.429
11.029800,0.2652,0.0513,0.9928,1.029
11.032278,0.2481,0.0786,0.9210,0.957
11.034215,0.2178,0.1167,0.9322,0.964
11.036253,0.1724,0.0332,0.5352,0.563
11.038368,0.1719,-0.0332,0.3286,0.372
11.042424,0.1582,-0.0689,0.4322,0.465
11.042936,0.1709,-0.1729,0.7120,0.752
11.044903,0.2564,-0.2349,0.9557,1.017
11.047142,0.3184,-0.1988,0.7364,0.827
11.049063,0.4908,-0.1030,0.6334,0.808
11.051393,0.7017,0.0332,0.8106,1.073
11.053254,0.6729,0.1177,0.5748,0.893
11.055540,0.6456,0.0288,0.2378,0.689
11.058076,0.8658,-0.0107,0.7540,1.148
11.059907,0.9024,0.0430,0.9347,1.300
11.061830,0.8140,0.0337,1.0030,1.292
11.064552,0.7847,-0.0625,1.0582,1.319
11.065960,0.8053,-0.1299,1.2877,1.524
11.067754,0.6588,0.0063,1.0885,1.272
11.069805,0.5513,0.0547,1.2540,1.371
11.072198,0.5508,0.0327,1.9729,2.049
11.076238,0.4478,-0.1201,1.5719,1.639
11.076739,0.5162,-0.0210,1.2384,1.342
11.079424,0.4292,0.0142,0.8600,0.961
11.080788,0.3838,0.1006,0.8521,0.940
11.082982,0.3369,0.1289,0.8170,0.893
11.085050,0.3164,0.0913,0.6929,0.767
11.087380,0.3286,-0.0386,0.7559,0.825
11.089181,0.3555,-0.1704,0.7642,0.860
11.091854,0.3638,-0.1113,0.5303,0.653
11.093744,0.3389,-0.0181,0.3067,0.457
11.096283,0.3199,0.0156,0.1724,0.364
11.097981,0.3433,0.0132,0.2827,0.445
11.099718,0.4190,-0.0772,0.4971,0.655
11.101773,0.6505,-0.1543,1.0616,1.255
11.104105,0.8380,-0.0103,1.2550,1.509
11.106136,0.7232,0.1690,0.8697,1.144
11.108392,0.7340,0.2657,1.0934,1.343
11.110248,0.7637,0.2183,1.3703,1.584
11.112525,0.7891,-0.0142,1.3795,1.589
11.114595,0.7564,0.0967,1.0289,1.281
11.116645,0.6212,0.2295,0.7755,1.020
11.118922,0.4942,0.2266,0.6944,0.882
11.120815,0.3985,0.0835,0.5528,0.687
11.123086,0.3496,-0.0576,0.2783,0.451
11.127395,0.3023,-0.0674,0.2901,0.424
11.127881,0.2637,-0.0723,0.7437,0.792
11.129874,0.2393,-0.0337,0.6754,0.717
11.131804,0.1655,-0.0127,0.1826,0.247
11.133551,0.1074,0.0645,-0.0474,0.134
11.135709,0.0479,0.1084,-0.0010,0.119
11.137576,0.0576,-0.0073,0.6065,0.609
11.139749,0.2251,-0.2251,1.5309,1.564
11.141970,0.4488,-0.1074,1.4782,1.549
11.144503,0.4605,0.0439,1.0318,1.131
11.146128,0.6636,-0.0962,1.3898,1.543
11.149802,0.7813,-0.0234,1.5641,1.749
11.150051,0.5640,0.2793,1.1647,1.324
11.153170,0.6514,0.3570,1.2765,1.477
11.154081,0.9859,0.2447,2.2366,2.456
11.156476,0.8917,0.3150,1.9465,2.164
11.158815,0.6251,0.2349,1.0094,1.210
11.160829,0.5196,-0.1489,1.2242,1.338
11.163221,0.4034,-0.2525,1.4958,1.570
11.165080,0.2725,-0.1021,1.1085,1.146
11.167130,0.2447,-0.0273,0.8844,0.918
11.169258,0.2212,0.0562,0.5357,0.582
11.171308,0.2207,0.0356,0.2930,0.369
11.173481,0.1802,0.0806,-0.0010,0.197
11.176178,0.1714,0.1079,-0.0405,0.207
11.177819,0.2964,-0.0571,0.6426,0.710
11.180580,0.4366,-0.1402,1.1569,1.244
11.182189,0.5396,0.0464,0.8936,1.045
11.183932,0.4517,0.1406,0.3409,0.583
11.185865,0.4395,0.0918,0.0264,0.450
11.187925,0.6802,0.0664,0.5796,0.896
11.190072,0.7730,0.1069,0.9332,1.217
11.192617,0.6075,0.0381,0.6212,0.870
11.194734,0.7755,-0.0855,1.0651,1.320
11.196749,0.9005,0.0864,1.8815,2.088
11.199405,0.5411,0.1436,1.2179,1.340
11.200932,0.3741,0.1250,1.0079,1.082
11.202990,0.3199,-0.0239,1.1427,1.187
11.204994,0.3164,-0.1109,1.2418,1.286
11.207191,0.2974,-0.0918,0.9532,1.003
11.210202,0.2544,-0.0327,0.6275,0.678
11.211873,0.2154,0.1109,0.5806,0.629
11.213591,0.2110,0.2281,0.6783,0.746
11.216128,0.1909,0.2354,0.6456,0.713
11.217731,0.1548,0.1094,0.4864,0.522
11.220071,0.2266,-0.0674,0.4947,0.548
11.221945,0.4937,0.0288,1.0260,1.139
11.224045,0.5587,0.0840,1.2296,1.353
11.228545,0.4288,0.0015,0.2398,0.491
11.229288,0.6011,0.1094,0.5279,0.807
11.230898,0.7237,0.1900,1.0333,1.276
11.232489,0.6314,0.0239,0.5274,0.823
11.234106,0.7569,-0.0435,0.7930,1.097
11.236300,0.8639,0.0630,1.4093,1.654
11.238680,0.8082,0.1172,1.1471,1.408
11.240926,0.8853,-0.0439,1.5548,1.790
11.242983,0.7608,-0.1465,1.5988,1.777
11.245119,0.5113,-0.1118,0.9073,1.047
11.247273,0.4014,-0.0469,0.4366,0.595
11.250353,0.3179,0.0068,0.2754,0.421
11.251468,0.2564,0.0435,0.3614,0.445
11.253531,0.2349,0.1104,0.5528,0.611
11.255723,0.1992,0.1260,0.6192,0.663
11.257831,0.1641,0.1655,0.4112,0.473
11.260214,0.2603,0.2398,0.5074,0.619
11.262316,0.5030,0.2237,0.9581,1.105
11.264082,0.5840,0.0137,1.1881,1.324
11.265992,0.5416,-0.0889,0.8829,1.040
11.267940,0.6192,-0.2305,1.1139,1.295
11.270739,0.7374,-0.2422,1.3903,1.592
11.272829,0.6466,-0.1792,1.1256,1.310
11.276202,0.6729,0.0117,1.5050,1.649
11.277416,0.5689,0.0586,2.0100,2.090
11.279661,0.3848,0.0796,1.7463,1.790
11.281066,0.2398,0.1929,1.2203,1.259
11.283235,0.1782,0.1636,0.9386,0.969
11.285236,0.1714,0.1104,0.9674,0.989
11.287551,0.1655,0.0806,0.6602,0.685
11.289358,0.1597,0.0855,0.4156,0.453
11.292676,0.2090,0.1836,0.3555,0.451
11.295608,0.3965,0.2764,0.6876,0.840
11.295828,0.3702,0.1553,0.7022,0.809
11.297788,0.3819,-0.0146,0.4146,0.564
11.299893,0.5875,-0.0356,0.8321,1.019
11.301946,0.5909,-0.0371,0.6934,0.912
11.304350,0.5411,-0.0811,0.2281,0.593
11.306026,0.5665,-0.1519,0.2007,0.620
11.308020,0.7828,-0.2525,0.9864,1.284
11.310222,0.9933,-0.1148,1.7609,2.025
11.312661,0.8448,0.0933,1.2697,1.528
11.314378,0.6334,0.2876,0.7760,1.042
11.316494,0.5445,0.2652,1.2404,1.380
11.318812,0.4566,0.1216,1.4342,1.510
11.320987,0.3775,0.0068,1.1129,1.175
11.323033,0.3233,-0.0659,0.6495,0.728
11.325651,0.2622,-0.0366,0.7828,0.826
11.328374,0.2110,-0.0132,0.8092,0.836
11.329486,0.1690,0.0767,0.6187,0.646
11.332402,0.1387,0.1646,0.4253,0.477
11.333611,0.1870,0.2114,0.5411,0.610
11.335759,0.5210,0.2061,1.0299,1.172
11.337942,0.6256,0.1035,1.1422,1.306
11.340042,0.4590,0.0098,0.4668,0.655
11.342714,0.3921,-0.0664,0.0405,0.400
11.344383,0.4410,-0.1411,0.3633,0.589
11.346339,0.7149,-0.2559,1.4318,1.621
11.348231,0.7047,-0.2725,1.6921,1.853
11.350428,0.5704,-0.1841,0.7847,0.987
11.352693,0.6558,-0.0586,0.9010,1.116
11.354917,0.8443,0.1416,1.6447,1.854
11.356844,0.6304,0.2686,1.8220,1.947
11.359773,0.4165,-0.1343,1.3292,1.399
11.361006,0.3990,-0.1909,1.1617,1.243
11.363258,0.3003,-0.1382,0.8687,0.930
11.365276,0.2696,-0.0933,0.5958,0.661
11.367508,0.2613,-0.0635,0.6842,0.735
11.369860,0.2603,-0.1182,0.8448,0.892
11.371588,0.2783,-0.0532,0.7095,0.764
11.373488,0.3492,0.0972,0.4991,0.617
11.376460,0.5284,0.1226,0.7301,0.909
11.378180,0.7115,0.0405,1.0250,1.248
11.380874,0.6798,0.1040,0.7764,1.037
11.382077,0.7178,-0.0669,0.7584,1.046
11.384273,0.8678,-0.1201,1.3805,1.635
11.386554,0.7779,-0.0732,0.7398,1.076
11.388172,0.6802,-0.0532,0.3858,0.784
11.390373,0.5753,-0.0513,0.6509,0.870
11.392768,0.5201,-0.0708,0.7706,0.932
11.394755,0.6153,-0.1489,1.4142,1.549
11.396770,0.6358,-0.0732,1.3229,1.470
11.399411,0.5001,0.0796,0.7257,0.885
11.400959,0.4029,0.1953,0.7872,0.906
11.403039,0.3355,0.1631,0.9283,1.000
11.405223,0.3208,0.2339,0.8575,0.945
11.407319,0.3174,0.0752,0.9098,0.966
11.411570,0.3887,-0.0928,0.8907,0.976
11.411982,0.4009,0.1245,0.5606,0.700
11.413702,0.3648,0.1919,0.1997,0.458
11.415719,0.4859,-0.0454,0.6890,0.844
11.417872,0.6768,-0.1611,1.0880,1.291
11.419939,0.7022,-0.2031,0.9386,1.190
11.422143,0.7232,-0.1367,0.3936,0.835
11.424284,0.6622,0.0899,0.6236,0.914
11.426167,0.6690,0.3033,1.0104,1.249
11.428206,0.5445,0.3101,1.1549,1.314
11.431420,0.4766,0.0112,0.7760,0.911
11.432942,0.5059,-0.2027,1.1183,1.244
11.435016,0.4053,-0.0591,0.5792,0.709
11.436854,0.3267,-0.0381,0.4556,0.562
11.439130,0.3540,-0.2071,1.1881,1.257
11.441144,0.3745,-0.0142,1.5314,1.577
11.443872,0.2881,0.1294,0.6641,0.735
11.445480,0.2652,0.0708,0.1900,0.334
11.447896,0.3111,-0.0576,0.4546,0.554
11.449429,0.3907,0.1485,0.7227,0.835
11.451627,0.4405,0.0767,0.6339,0.776
11.453655,0.6358,0.0718,0.8658,1.077
11.456133,0.8258,0.1611,1.2970,1.546
11.458066,0.9244,-0.0161,1.4328,1.705
11.460577,0.9386,-0.1074,1.3756,1.669
11.462732,0.7750,-0.1079,1.2609,1.484
11.464360,0.6329,-0.2500,1.5329,1.677
11.466275,0.6353,-0.0142,1.6642,1.781
11.468306,0.5333,0.2456,1.3595,1.481
11.470391,0.4073,0.1753,1.2462,1.323
11.472589,0.3579,0.0903,1.4123,1.460
11.474586,0.3101,0.1406,1.1906,1.238
11.477070,0.2676,0.0762,0.6583,0.715
11.479350,0.2432,0.0620,0.3731,0.450
11.481205,0.2139,0.0952,0.3936,0.458
11.483344,0.2144,0.0254,0.5069,0.551
11.485419,0.1865,0.0532,0.3326,0.385
11.487710,0.2222,-0.0293,0.2574,0.341
11.490085,0.5171,-0.0156,0.7745,0.931
11.492635,0.6783,-0.0156,1.1241,1.313
11.494279,0.7213,-0.0420,1.0636,1.286
11.496238,0.6729,-0.0547,0.5552,0.874
11.498049,0.7374,-0.1934,0.7789,1.090
11.500013,0.6885,-0.1602,0.9234,1.163
11.502179,0.5191,0.0879,0.6006,0.799
11.504592,0.4830,0.2324,1.1588,1.277
11.506664,0.4170,0.0625,1.5690,1.625
11.508324,0.4131,0.0762,0.9972,1.082
11.511302,0.3282,0.0400,0.4195,0.534
11.513053,0.3052,0.0288,0.7110,0.774
11.515109,0.2549,0.0439,0.8888,0.926
11.517067,0.2407,0.1265,0.5240,0.590
11.519262,0.2290,0.1592,0.7838,0.832
11.521257,0.1929,0.0303,0.5904,0.622
11.524475,0.2437,-0.0752,0.5313,0.589
11.526186,0.5347,0.0776,0.8546,1.011
11.529179,0.6431,0.0083,1.0133,1.200
11.529655,0.6778,-0.0449,0.8228,1.067
11.531939,0.7847,0.0107,0.9688,1.247
11.533910,0.8463,-0.1162,1.0636,1.364
11.536069,0.9830,-0.2031,1.4928,1.799
11.538127,0.9605,-0.1880,1.5353,1.821
11.541369,0.7843,0.0073,0.8712,1.172
11.543237,0.5860,0.0962,0.8834,1.064
11.544446,0.4380,0.0356,0.8399,0.948
11.546654,0.3399,-0.0342,0.7120,0.790
11.548579,0.2720,-0.0820,0.8463,0.893
11.550450,0.2442,-0.0889,0.8717,0.910
11.552646,0.2471,-0.0513,0.7696,0.810
11.554685,0.2349,-0.0801,0.6788,0.723
11.556891,0.2959,-0.0176,0.5552,0.629
11.559713,0.5870,0.1372,0.8292,1.025
11.561517,0.6529,0.0586,0.8546,1.077
11.563556,0.4844,0.1143,0.2549,0.559
11.565706,0.4639,0.1304,0.2554,0.545
11.567759,0.5894,-0.1402,1.1266,1.279
11.569710,0.7584,-0.1514,1.6100,1.786
11.571772,0.6299,-0.0635,0.8756,1.081
11.573955,0.5792,-0.0889,0.9449,1.112
11.576632,0.7520,-0.2495,1.7106,1.885
11.578224,0.8643,-0.1392,1.6677,1.883
11.580766,0.6622,-0.0210,1.0387,1.232
11.582932,0.4190,0.0728,0.5176,0.670
11.584705,0.3037,0.1690,0.4410,0.561
11.586430,0.2505,0.1909,0.5220,0.610
11.588377,0.1992,0.1983,0.3926,0.483
11.591032,0.1372,0.1685,0.3018,0.372
11.593994,0.0923,0.1333,0.3311,0.369
11.595084,0.0933,-0.0073,0.6226,0.630
11.597125,0.2564,-0.0972,1.0504,1.086
11.599631,0.5670,0.0820,1.2662,1.390
11.601306,0.6495,0.0894,1.3121,1.467
11.603450,0.6177,0.1382,0.9576,1.148
11.605473,0.7877,-0.0654,1.4347,1.638
11.607942,0.9176,-0.1988,1.5465,1.809
11.610157,0.9581,-0.1509,1.3165,1.635
11.612156,0.9186,0.0601,1.1603,1.481
11.614075,0.7042,0.3179,0.9190,1.201
11.616150,0.4698,0.2940,0.9605,1.109
11.618109,0.3360,0.1890,1.1012,1.167
11.620292,0.2852,-0.0410,1.1105,1.147
11.622140,0.2681,-0.1275,0.9269,0.973
11.624478,0.2622,-0.1372,0.5557,0.630
11.626704,0.2759,-0.1450,0.6431,0.715
11.629848,0.2666,-0.1011,0.5709,0.638
11.631831,0.3345,-0.1558,0.4551,0.586
11.632613,0.4263,-0.1900,0.5157,0.696
11.634769,0.4844,-0.1592,0.4151,0.657
11.636784,0.6241,-0.0523,0.4786,0.788
11.639284,0.8756,0.1235,1.1398,1.443
11.641599,0.9864,0.1494,1.4826,1.787
11.643293,0.8331,0.2481,0.9669,1.300
11.645653,0.8106,0.2940,1.0734,1.377
11.647875,0.7476,0.3369,1.3161,1.551
11.649954,0.5660,0.2486,1.0069,1.182
11.651932,0.4688,-0.0254,0.6075,0.768
11.654117,0.4581,-0.1611,0.5987,0.771
11.656237,0.4209,-0.1304,0.6050,0.749
11.658470,0.3418,-0.1040,0.2539,0.438
11.660948,0.2598,-0.0469,0.1812,0.320
11.662586,0.2002,0.0356,0.4610,0.504
11.664911,0.1572,0.0855,0.6549,0.679
11.666716,0.0869,0.0986,0.5001,0.517
11.668475,0.0464,0.0254,0.3702,0.374
11.670748,0.0381,-0.0820,0.7515,0.757
11.673071,0.0459,-0.1568,0.8614,0.877
11.675390,0.2046,-0.2422,1.1183,1.162
11.678336,0.4502,-0.1426,1.3053,1.388
11.680251,0.5401,-0.0566,1.2589,1.371
11.681561,0.7569,-0.0811,1.8229,1.975
11.683739,0.7188,0.1065,1.6598,1.812
11.685607,0.6783,0.0742,1.3454,1.508
11.688126,0.7164,0.0752,1.1959,1.396
11.689994,0.7545,0.1094,1.0821,1.324
11.698990,0.6046,0.1387,0.4996,0.796
11.699206,0.5987,0.0176,0.4590,0.755
11.699341,0.4761,0.0249,0.4791,0.676
11.699476,0.4278,-0.1680,0.7872,0.912
11.700398,0.4156,-0.2066,0.8302,0.951
11.702474,0.4292,-0.1953,0.6715,0.821
11.704631,0.4087,-0.1182,0.3599,0.557
11.706457,0.3941,-0.0361,0.1997,0.443
11.708537,0.4380,-0.0112,0.2935,0.527
11.712307,0.6949,0.0479,1.0611,1.269
11.712744,0.9112,0.0757,1.6007,1.843
11.714746,0.9908,0.0640,1.8654,2.113
11.717038,0.9889,0.0024,1.7131,1.978
11.719477,0.8165,0.2930,1.2887,1.553
11.721436,0.6768,0.2315,1.3673,1.543
11.723636,0.5230,0.1367,1.4655,1.562
11.725771,0.3555,0.1607,0.8121,0.901
11.728115,0.3130,0.0151,0.4126,0.518
11.729996,0.2749,-0.0811,0.5836,0.650
11.732154,0.2451,-0.0220,0.4170,0.484
11.734180,0.1978,0.0400,0.1997,0.284
11.736387,0.1558,0.0371,0.0776,0.178
11.738411,0.1485,-0.0562,0.2940,0.334
11.740373,0.3013,-0.1885,1.0802,1.137
11.742486,0.5064,-0.1450,1.3092,1.411
11.744919,0.5626,0.1275,0.9757,1.133
11.746697,0.4629,0.2461,0.4371,0.683
11.748676,0.5806,0.2383,1.0655,1.237
11.750844,0.6866,0.2129,1.3771,1.553
11.753083,0.6885,0.0337,1.0143,1.226
11.755153,0.7042,-0.0371,0.5235,0.878
11.757220,0.7764,0.1709,1.0812,1.342
11.760487,0.6837,0.3042,1.4171,1.603
11.762023,0.5181,0.3780,1.0699,1.247
11.763870,0.4634,0.3687,1.1691,1.310
11.766347,0.3687,0.2608,0.8609,0.972
11.768491,0.2603,0.1939,0.2354,0.401
11.769949,0.1875,0.1924,0.0855,0.282
11.772124,0.1631,0.0762,0.3453,0.389
11.774134,0.2105,-0.0684,1.0563,1.079
11.776986,0.1958,-0.0640,0.8683,0.892
11.778501,0.1221,0.0591,-0.0518,0.145
11.781009,0.1470,0.1582,0.0205,0.217
11.782736,0.3257,0.2373,0.6954,0.804
11.784838,0.5289,0.1953,1.4474,1.553
11.786571,0.5987,0.0859,1.3976,1.523
11.788708,0.5543,-0.0249,0.6260,0.837
11.790668,0.7501,-0.0850,0.8072,1.105
11.794039,0.8624,-0.0786,1.1471,1.437
11.795364,0.6959,-0.1494,0.8267,1.091
11.797559,0.7193,0.0186,1.2418,1.435
11.799511,0.6773,0.2310,1.2003,1.397
11.801732,0.4751,0.1406,0.6285,0.800
11.803650,0.3843,0.1695,0.4434,0.611
11.805741,0.3301,0.1665,0.4439,0.578
11.807836,0.3697,0.2603,0.5464,0.709
11.810311,0.3296,0.2295,0.7222,0.826
11.812550,0.2432,0.0146,0.5919,0.640
11.814998,0.2002,-0.0991,0.8634,0.892
11.816341,0.1831,-0.1577,0.9859,1.015
11.818377,0.2193,-0.1358,1.2975,1.323
11.820404,0.3990,-0.1050,1.4054,1.465
11.822783,0.4639,-0.2017,1.7380,1.810
11.824830,0.5704,-0.1758,1.7673,1.865
11.830761,0.7930,-0.0103,1.9919,2.144
11.831341,0.7203,-0.1729,1.8537,1.996
11.832693,0.6568,-0.0449,1.4489,1.591
11.833404,0.6485,0.1636,1.0934,1.282
11.835941,0.5245,0.2578,0.6006,0.838
11.837360,0.3970,0.2144,0.2569,0.519
11.839609,0.2984,0.0527,0.2354,0.384
11.841601,0.2998,0.1148,0.4117,0.522
11.843800,0.4029,0.2227,0.6426,0.790
11.846149,0.3931,0.2481,0.5308,0.706
11.847884,0.2886,0.2388,0.0869,0.385
11.850148,0.2310,0.1685,0.0923,0.300
11.852276,0.2281,0.0098,0.7003,0.737
11.854228,0.3008,-0.1270,0.8893,0.947
11.856406,0.3511,-0.1851,0.8482,0.936
11.858435,0.2984,-0.2002,0.3086,0.474
11.860710,0.2608,-0.1958,0.0532,0.330
11.862731,0.4263,-0.2110,1.0914,1.191
11.864929,0.6773,-0.0508,1.9177,2.034
11.866841,0.5762,-0.0708,1.2824,1.408
11.868887,0.4800,-0.0210,0.1909,0.517
11.871370,0.5948,-0.0181,0.5650,0.821
11.873134,0.5567,0.0107,0.3101,0.637
11.875214,0.5401,0.1030,0.4576,0.715
11.878016,0.5225,0.1152,0.6544,0.845
11.879878,0.5342,0.1655,0.5753,0.802
11.881850,0.6685,0.2569,0.9977,1.228
11.884659,0.5704,0.1411,0.6021,0.841
11.886437,0.4185,0.0479,-0.0776,0.428
11.887942,0.3350,-0.0142,0.0186,0.336
11.890085,0.3189,-0.1250,0.8531,0.919
11.892117,0.2881,-0.1475,1.2062,1.249
11.894409,0.2744,-0.1069,0.8585,0.908
11.896390,0.3199,0.0249,1.2013,1.243
11.898715,0.4820,0.0679,1.3502,1.435
11.900705,0.9728,-0.1621,2.6492,2.827
11.902911,1.2072,-0.2442,3.2181,3.446
11.905114,1.0841,-0.2305,1.4796,1.849
11.906858,0.8907,-0.1304,-0.0337,0.901
11.908676,0.7784,0.0459,-0.4590,0.905
11.912375,0.7305,0.1172,-0.4429,0.862
11.913378,0.7149,0.1948,0.1353,0.753
11.915651,0.6837,0.1626,1.4855,1.643
11.917619,0.6842,0.0899,1.8078,1.935
11.919694,0.5972,-0.1001,0.9884,1.159
11.921705,0.5933,-0.0967,-0.0278,0.602
11.923931,0.5806,-0.1621,0.0488,0.605
11.925897,0.6495,-0.5010,1.1735,1.432
11.929765,0.7120,-0.3369,1.6828,1.858
11.930405,0.5699,-0.1651,1.2711,1.403
11.932427,0.5362,0.0620,1.1764,1.294
11.934858,0.4541,0.1914,1.1715,1.271
11.936519,0.3614,0.1729,0.4791,0.624
11.938490,0.3257,0.0899,0.3160,0.463
11.940624,0.3033,0.0342,0.6675,0.734
11.942877,0.2544,0.1099,0.7008,0.754
11.945184,0.3409,-0.0322,0.8580,0.924
11.946693,0.8409,-0.3804,2.8196,2.967
11.948974,1.0182,-0.4058,3.0511,3.242
11.951454,1.0489,-0.4766,1.7477,2.093
11.953078,0.9547,-0.3594,0.1196,1.027
11.955165,0.8492,-0.0405,-0.3809,0.932
11.957306,0.8766,0.0859,-0.3326,0.941
11.959918,1.2897,0.2954,1.0904,1.715
11.962430,1.6081,0.2783,2.8011,3.242
11.964075,1.4723,-0.1734,2.6482,3.035
11.966083,1.1764,-0.2842,1.1158,1.646
11.969033,0.9469,-0.2862,0.1968,1.009
11.969959,0.8077,-0.3555,0.1133,0.890
11.972352,0.7100,-0.4395,0.7164,1.100
11.974359,0.6251,-0.3946,1.9030,2.042
11.976610,0.5626,-0.2725,1.5841,1.703
11.979201,0.5318,-0.2398,0.5206,0.782
11.980796,0.4585,-0.2813,-0.2647,0.600
11.983187,0.3785,-0.2471,-0.4004,0.604
11.984921,0.2754,-0.1016,-0.2085,0.360
11.986813,0.1709,0.0425,-0.1089,0.207
11.988843,0.0952,0.0913,-0.0132,0.133
11.991767,0.0635,0.1294,0.6260,0.642
11.994410,0.0151,0.1558,0.9508,0.964
11.995944,-0.0322,0.1602,0.8814,0.896
11.998429,-0.0718,0.1821,0.7872,0.811
12.000193,-0.1582,0.2368,0.7784,0.829
12.001786,-0.2124,0.1997,0.9591,1.002
12.003943,0.0146,-0.0239,1.9641,1.964
12.005994,0.0894,-0.0742,2.2175,2.221
12.008296,0.0269,0.0459,1.1842,1.185
12.013030,-0.0313,0.0957,0.3765,0.390
12.013463,-0.0523,0.0894,-0.0259,0.107
12.015039,-0.0151,0.1245,-0.0469,0.134
12.017882,0.0571,0.2149,0.2588,0.341
12.018682,0.2852,0.2979,1.2951,1.359
12.020996,0.5865,-0.1592,2.9959,3.057
12.023420,0.6568,-0.5845,3.4657,3.575
12.025047,0.5914,-0.5635,2.3420,2.480
12.026862,0.7764,-0.3164,1.9211,2.096
12.029088,1.2008,-0.1826,2.1472,2.467
12.031136,1.3190,-0.1255,1.7248,2.175
12.033315,1.2032,-0.1323,0.4766,1.301
12.035314,1.2174,-0.1738,-0.1216,1.236
12.037455,1.3800,-0.3028,0.3462,1.455
12.039848,1.4284,-0.3599,0.9127,1.733
12.042172,1.3795,-0.3384,0.8712,1.666
12.045186,1.3082,-0.3521,0.6046,1.484
12.046412,1.2321,-0.3863,0.2134,1.309
12.048508,1.0563,-0.4073,-0.7266,1.345
12.050437,1.0260,-0.1275,-0.6309,1.211
12.052403,0.9171,0.0210,0.5308,1.060
12.054558,0.8106,0.1680,1.6574,1.853
12.056665,0.6695,0.1162,2.2170,2.319
12.058842,0.4781,0.1011,0.8526,0.983
12.062159,0.4068,0.0439,0.4122,0.581
12.064741,0.2598,-0.0137,0.4878,0.553
12.065121,0.1397,0.0215,0.6812,0.696
12.067360,-0.0024,0.0708,0.9972,1.000
12.069518,-0.1709,0.1709,0.7769,0.814
12.071856,-0.4068,0.2134,0.6934,0.832
12.073494,-0.4996,0.1558,0.8360,0.986
12.075888,-0.4732,0.2466,1.3888,1.488
12.078103,-0.3448,0.3057,2.0622,2.113
12.079683,-0.2530,0.3120,1.9016,1.944
12.081892,-0.3023,0.2530,1.0431,1.115
12.084025,-0.3711,0.1792,0.2720,0.494
12.085934,-0.3540,0.1392,-0.0464,0.383
12.088303,-0.3072,0.1143,-0.1206,0.349
12.090328,-0.2661,0.0874,-0.3072,0.416
12.092742,-0.2022,0.0269,-0.3599,0.414
12.095081,-0.1553,-0.0127,-0.4292,0.457
12.096825,-0.0723,0.0186,-0.2407,0.252
12.098790,0.0825,0.1475,0.7545,0.773
12.100951,0.1279,0.2500,1.2594,1.290
12.103142,0.1118,0.1465,0.7930,0.814
12.105440,0.1304,-0.1109,0.5943,0.618
12.107047,0.2007,-0.2686,0.7296,0.803
12.109043,0.3409,-0.3072,1.5509,1.617
12.114294,0.5015,-0.2559,2.0031,2.081
12.114592,0.5479,-0.1538,1.7038,1.796
12.118337,0.4844,-0.1387,0.9469,1.073
12.118454,0.4727,-0.1397,0.5626,0.748
12.119640,0.4781,-0.2105,0.6378,0.824
12.122733,0.5259,-0.1367,0.6505,0.848
12.123977,0.6964,-0.0078,0.9220,1.155
12.126020,0.8424,-0.0400,1.4928,1.715
12.128168,0.8990,-0.0366,0.9015,1.274
12.130370,0.9225,0.0010,0.1831,0.940
12.132287,0.9855,-0.0005,-0.4307,1.075
12.134439,1.2125,0.0459,0.1353,1.221
12.136780,1.3322,0.1050,0.7237,1.520
12.138956,1.2897,0.1157,0.1592,1.305
12.140934,1.1906,0.0894,-0.2559,1.221
12.143159,1.0480,0.0957,-1.0983,1.521
12.145515,1.0611,0.1397,-0.4717,1.170
12.147299,1.0245,0.0415,0.0112,1.025
12.149268,0.9825,0.0200,1.5202,1.810
12.151609,0.8385,0.0054,0.8756,1.212
12.153432,0.7218,-0.0396,0.8609,1.124
12.155544,0.6534,-0.0625,0.7022,0.961
12.157635,0.6309,0.0000,0.3897,0.742
12.160129,0.5880,0.0400,0.2622,0.645
12.162978,0.5377,0.0537,0.3555,0.647
12.164448,0.5660,0.1861,0.8653,1.051
12.166430,0.5977,0.3243,1.2169,1.394
12.168240,0.7022,0.4248,1.5006,1.710
12.170674,0.7237,0.4087,1.8713,2.048
12.172474,0.6846,0.3916,1.8107,1.975
12.174526,0.5381,0.4053,1.3751,1.531
12.176697,0.3970,0.2925,0.6798,0.840
12.179138,0.3453,0.1475,0.9366,1.009
12.181196,0.3111,-0.0889,1.6589,1.690
12.183043,0.3286,-0.3721,2.1164,2.174
12.185195,0.4185,-0.5259,2.5857,2.672
12.187041,0.5157,-0.4859,2.7415,2.832
12.189197,0.5401,-0.3374,1.9929,2.092
12.191412,0.4942,-0.2691,0.8678,1.034
12.193343,0.4722,-0.2246,0.2520,0.580
12.195509,0.4585,-0.2193,0.2315,0.558
12.197667,0.4302,-0.1651,0.3282,0.566
12.199962,0.3921,-0.1377,0.3477,0.542
12.201999,0.3619,-0.1133,0.3355,0.506
12.204106,0.3135,-0.0352,0.2422,0.398
12.206260,0.2403,0.1411,-0.0210,0.279
12.208803,0.2061,0.1865,-0.0073,0.278
12.212318,0.3912,0.2139,0.6392,0.779
12.213221,0.5860,0.2998,1.4850,1.624
12.215137,0.5547,0.2178,1.5490,1.660
12.216880,0.9229,-0.0684,3.2323,3.362
12.219020,1.2365,-0.3111,4.0395,4.236
12.221158,1.0958,-0.3028,2.0437,2.339
12.223237,0.9122,-0.0899,0.1587,0.930
12.225212,0.9977,-0.0396,0.3409,1.055
12.227199,1.1119,-0.0845,0.7462,1.342
12.231616,1.0538,-0.0982,0.5406,1.188
12.232049,1.0089,-0.1890,0.4849,1.135
12.233644,0.8516,-0.2300,0.3765,0.959
12.235731,0.7515,-0.1519,0.1675,0.785
12.237739,0.6954,-0.0952,0.3570,0.787
12.240002,0.6759,-0.0400,0.6466,0.936
12.242533,0.5767,-0.0752,0.6729,0.889
12.245025,0.5074,-0.2295,0.5884,0.810
12.246863,0.5196,-0.3926,0.9796,1.176
12.248530,0.6568,-0.3228,1.0821,1.306
12.250556,0.7525,-0.0083,0.7857,1.088
12.252699,0.6104,-0.0659,0.5948,0.855
12.254685,0.5342,-0.1631,0.6197,0.834
12.256969,0.4957,-0.1704,0.0044,0.524
12.259804,0.4703,-0.1953,-0.2647,0.574
12.261911,0.4595,-0.1196,-0.0010,0.475
12.263428,0.4795,-0.0273,0.4331,0.647
12.265379,0.5108,0.0576,0.9019,1.038
12.267166,0.3975,0.0669,0.5206,0.658
12.270242,0.3037,0.0322,-0.1367,0.335
12.271340,0.2725,0.0146,-0.2427,0.365
12.273514,0.2876,-0.0586,0.0713,0.302
12.275669,0.3418,-0.1494,0.4781,0.606
12.278439,0.5816,-0.0596,1.4611,1.574
12.279996,0.7364,-0.0596,1.7424,1.893
12.282240,0.7003,-0.0850,1.0773,1.288
12.284160,0.6363,-0.1763,0.2114,0.693
12.286375,0.6939,-0.2075,-0.1348,0.737
12.288532,0.8795,-0.1646,0.9518,1.306
12.290906,0.9059,0.1465,1.8010,2.021
12.292806,0.8189,0.0112,1.1827,1.439
12.295683,0.7056,-0.0107,0.4341,0.829
12.297349,0.6080,-0.1231,0.1763,0.645
12.299497,0.5460,-0.1128,0.6089,0.826
12.301617,0.4698,-0.1265,0.6563,0.817
12.303446,0.4161,-0.1270,0.4957,0.659
12.305457,0.4922,-0.0547,1.3786,1.465
12.307314,0.8995,0.1270,2.1589,2.342
12.309449,0.9039,0.0606,1.3981,1.666
12.312673,0.7252,-0.0786,0.4434,0.854
12.314358,0.6461,-0.1167,-0.0361,0.658
12.316098,0.6387,-0.1704,-0.0107,0.661
12.318192,0.7642,-0.0679,0.2827,0.818
12.320078,0.8614,0.1695,0.6939,1.119
12.322129,0.8570,0.1890,0.7525,1.156
12.324272,0.8790,-0.0308,0.8531,1.225
12.326381,0.9005,-0.1167,0.8253,1.227
12.329888,0.7891,-0.1563,0.5816,0.993
12.331110,0.6392,-0.0693,0.1162,0.653
12.333117,0.5655,-0.0474,0.3135,0.648
12.335129,0.6466,0.0161,1.0152,1.204
12.336924,0.5880,-0.2847,1.5934,1.722
12.339133,0.6685,-0.0899,1.2052,1.381
12.341175,0.7672,0.0034,1.0260,1.281
12.343502,1.1066,0.0366,1.7512,2.072
12.347789,1.1691,0.0942,1.8361,2.179
12.348358,0.9107,0.2271,1.1671,1.498
12.350229,0.7310,0.2119,0.8272,1.124
12.351582,0.6949,0.1997,0.9469,1.191
12.353454,0.5928,-0.0576,0.9654,1.134
12.355507,0.4976,-0.0855,0.6138,0.795
12.358389,0.4590,0.0342,0.1333,0.479
12.360286,0.4278,0.0513,0.0161,0.431
12.362699,0.3921,0.0562,0.1724,0.432
12.364272,0.3482,0.0772,0.1919,0.405
12.366466,0.2813,0.0508,0.2158,0.358
12.368685,0.2339,-0.0386,0.5137,0.566
12.370879,0.2197,-0.1421,0.8175,0.858
12.372746,0.2740,-0.2407,0.8429,0.918
12.375224,0.3858,-0.2857,0.7335,0.877
12.377095,0.4971,-0.3272,0.7276,0.940
12.379835,0.5923,-0.3697,0.7520,1.026
12.381386,0.5689,-0.2930,0.7066,0.953
12.383473,0.7174,-0.1875,1.3561,1.546
12.385471,1.1573,-0.2930,3.0320,3.259
12.387329,1.2521,-0.2075,2.7747,3.051
12.389298,1.1300,-0.2823,1.3966,1.819
12.392162,1.0904,-0.2954,1.0201,1.522
12.394213,1.1876,-0.2217,1.3410,1.805
12.396711,1.0880,-0.0957,1.3195,1.713
12.398783,0.9312,-0.0962,0.7462,1.197
12.400260,0.7398,-0.1187,0.4190,0.858
12.402322,0.5958,-0.1216,0.4073,0.732
12.404400,0.5386,-0.1558,0.4170,0.699
12.406389,0.4913,-0.1665,0.4258,0.671
12.409083,0.4517,-0.2197,0.5880,0.773
12.410780,0.4331,-0.3155,0.6519,0.844
12.414335,0.4629,-0.3872,0.6759,0.906
12.415900,0.4478,-0.3086,0.2832,0.613
12.420372,0.3965,-0.1231,-0.2227,0.471
12.420553,0.5440,-0.0103,0.4263,0.691
12.421324,1.2745,0.0747,2.3533,2.677
12.423368,1.4132,0.1504,2.7278,3.076
12.425583,0.9649,0.1226,0.9947,1.391
12.427143,0.7164,0.0479,-0.2813,0.771
12.429464,0.8746,0.0757,0.1065,0.884
12.431397,1.0079,0.1128,1.0099,1.431
12.433988,0.8956,0.0479,0.4248,0.992
12.435658,0.7926,0.0166,-0.0523,0.794
12.438097,0.7379,0.0220,-0.1519,0.754
12.440131,0.7081,0.0415,0.2188,0.742
12.442311,0.6636,0.0518,0.4756,0.818
12.444338,0.6050,0.0117,0.2622,0.660
12.446518,0.5674,0.0034,0.1314,0.582
12.448872,0.5425,0.0107,0.4175,0.685
12.450933,0.5059,0.0562,0.6436,0.821
12.452851,0.4595,0.0654,0.5626,0.729
12.455318,0.5450,0.1514,0.8980,1.061
12.458149,0.6451,0.2676,1.0865,1.292
12.459246,0.5562,0.1904,0.4205,0.723
12.461303,0.5650,0.1621,0.3750,0.697
12.463924,0.6089,0.1773,0.5552,0.843
12.465406,0.5811,0.1738,0.4180,0.737
12.467820,0.5709,0.1568,0.3272,0.676
12.469651,0.5098,0.1636,0.3116,0.619
12.471887,0.4424,0.1304,0.1480,0.484
12.473631,0.3965,0.1328,0.1870,0.458
12.476025,0.3472,0.1489,0.1953,0.425
12.478102,0.3052,0.1709,0.3653,0.506
12.480364,0.2823,0.1607,0.5723,0.658
12.482540,0.2832,0.1196,0.8492,0.903
12.485172,0.3912,0.0571,0.9806,1.057
12.486923,0.5826,-0.0869,1.0489,1.203
12.488738,0.7457,-0.1318,1.4210,1.610
12.490988,0.8521,-0.1411,1.9606,2.142
12.492930,0.8775,0.0059,2.6414,2.783
12.496014,0.7178,-0.0308,2.5574,2.656
12.497655,0.4537,-0.1377,1.3937,1.472
12.499741,0.3536,-0.1123,0.4502,0.583
12.501582,0.3995,-0.0747,0.3794,0.556
12.503684,0.6910,-0.2622,1.8840,2.024
12.506060,0.9435,-0.3853,3.6190,3.760
12.507493,0.8546,-0.2305,2.0871,2.267
12.509593,0.7525,-0.1343,0.2427,0.802
12.515865,0.7100,0.0054,-0.3360,0.786
12.516315,0.7584,0.0132,-0.3887,0.852
12.516522,0.9019,-0.0093,-0.0059,0.902
12.518080,0.9610,-0.0649,0.8458,1.282
12.520160,0.9366,-0.1333,1.0113,1.385
12.522293,0.7999,-0.1235,0.4800,0.941
12.524384,0.7178,-0.0977,-0.3369,0.799
12.526642,0.6656,-0.1079,-0.2124,0.707
12.529383,0.5977,-0.1758,0.6031,0.867
12.531072,0.6705,-0.0337,1.0167,1.218
12.533762,0.9098,0.1338,1.2750,1.572
12.535392,1.0807,0.0952,1.3439,1.727
12.537249,1.0250,0.0020,0.9479,1.396
12.539410,0.8072,-0.0107,0.2134,0.835
12.541441,0.6397,-0.0190,-0.2779,0.698
12.543717,0.5001,-0.1548,0.2232,0.569
12.546847,0.4390,-0.0884,0.9830,1.080
12.547718,0.3741,-0.0571,1.5944,1.639
12.551307,0.3467,-0.1099,1.3244,1.373
12.552084,0.4268,-0.0376,1.4694,1.531
12.553991,0.7960,0.3042,2.3289,2.480
12.556139,0.9801,0.4444,2.6487,2.859
12.558181,0.9557,0.3667,2.3777,2.589
12.560592,0.7154,0.1192,1.4669,1.636
12.563438,0.6207,0.0352,0.9347,1.123
12.566115,0.5503,0.1524,0.6583,0.871
12.568097,0.4761,0.1997,0.7926,0.946
12.569003,0.4512,0.2022,0.6485,0.815
12.571289,0.5640,0.2134,0.9439,1.120
12.573160,0.6339,0.1245,0.8941,1.103
12.575257,0.6295,0.0449,0.6910,0.936
12.577306,0.5391,-0.0044,-0.0122,0.539
12.579462,0.4571,-0.0322,-0.6055,0.759
12.581579,0.4576,-0.0039,-0.4302,0.628
12.583800,0.4834,-0.0308,0.1397,0.504
12.585648,0.5826,-0.0215,0.5162,0.779
12.587467,0.6129,0.0195,0.5093,0.797
12.589621,0.5689,0.0322,0.1152,0.581
12.591905,0.4942,0.0449,-0.1592,0.521
12.593786,0.4053,0.0259,-0.3829,0.558
12.596196,0.3667,0.0156,-0.2945,0.471
12.598801,0.3838,0.0420,0.1138,0.403
12.600499,0.4180,0.0562,0.5572,0.699
12.602691,0.3995,0.0024,0.4073,0.570
12.604641,0.4410,0.0269,0.1416,0.464
12.606726,0.4781,0.0698,0.1988,0.522
12.608959,0.4454,0.1050,0.2837,0.538
12.611165,0.3443,0.0527,0.1123,0.366
12.615821,0.3150,-0.0620,0.0654,0.328
12.616247,0.3179,-0.0503,0.5972,0.678
12.617606,0.3047,-0.0327,1.0284,1.073
12.619803,0.2505,0.1201,0.9322,0.973
12.621456,0.3003,0.3653,1.3204,1.403
12.623646,0.4488,0.4507,1.7765,1.887
12.625714,0.5435,0.3614,1.7053,1.826
12.627529,0.6270,0.0606,1.1564,1.317
12.630036,0.7144,-0.0767,1.0045,1.235
12.632271,0.9464,-0.0742,1.7458,1.987
12.634236,1.2238,-0.0244,2.5935,2.868
12.636351,1.0797,-0.1563,1.5343,1.883
12.638341,0.9156,-0.2500,0.9098,1.315
12.640887,0.8980,-0.2901,1.0787,1.433
12.642719,0.9566,-0.3306,1.5949,1.889
12.645092,0.9640,-0.2940,1.6730,1.953
12.647051,0.9635,-0.2398,1.3468,1.673
12.649265,0.9825,-0.1460,0.6724,1.200
12.651166,1.0826,-0.1221,0.6060,1.247
12.653654,1.1002,-0.1685,0.3374,1.163
12.655430,1.0260,-0.1724,-0.1768,1.055
12.657316,0.9640,-0.1548,-0.4004,1.055
12.659426,0.9010,-0.1973,0.2466,0.955
12.661507,0.8243,-0.2066,0.6646,1.079
12.663748,0.7652,-0.1558,0.3267,0.846
12.668339,0.6832,-0.1719,0.1445,0.719
12.669084,0.6402,-0.2188,0.5591,0.878
12.669963,0.6436,-0.2422,1.1300,1.323
12.671693,0.6583,-0.2246,1.1046,1.305
12.674002,0.6256,-0.1270,0.4761,0.796
12.676004,0.5889,-0.1611,-0.2549,0.662
12.678423,0.5743,-0.1856,-0.2437,0.651
12.680642,0.5484,-0.1914,0.2256,0.623
12.682726,0.5079,-0.1587,0.4219,0.679
12.684811,0.4810,-0.1978,0.4126,0.664
12.687174,0.5147,-0.3409,0.9693,1.149
12.688848,0.5308,-0.2241,1.0865,1.230
12.691040,0.7174,0.0918,1.4836,1.650
12.693078,1.0011,-0.0010,2.4529,2.649
12.695601,1.1676,-0.0674,3.0565,3.273
12.697933,0.9200,0.2149,2.1233,2.324
12.699827,0.7320,0.2163,1.3434,1.545
12.701854,0.6881,0.1890,1.7487,1.889
12.704508,0.5772,0.1065,1.8195,1.912
12.705474,0.5084,0.1060,1.2194,1.325
12.707559,0.4947,0.0649,1.1061,1.213
12.709553,0.4512,-0.0420,1.3390,1.414
12.715613,0.4302,-0.0894,0.9581,1.054
12.716116,0.4273,-0.0840,0.4644,0.637
12.716496,0.4268,-0.1655,0.2412,0.517
12.720064,0.4297,-0.2300,0.3677,0.611
12.720463,0.4424,-0.1328,0.3623,0.587
12.722527,0.4966,-0.0264,0.2373,0.551
12.724946,0.5679,0.0239,0.2300,0.613
12.726950,0.7003,0.0122,0.4639,0.840
12.729989,0.8184,-0.0166,0.7379,1.102
12.731237,0.7930,0.0249,0.6265,1.011
12.733201,0.6744,0.0352,0.3247,0.749
12.735347,0.6148,0.0220,0.1699,0.638
12.737578,0.6207,0.0039,0.4312,0.756
12.739675,0.5587,-0.1875,0.6641,0.888
12.741865,0.6959,-0.0273,0.7178,1.000
12.743764,0.6270,0.1035,0.6934,0.941
12.747073,0.5411,0.1069,0.5938,0.810
12.747894,0.5967,-0.0117,0.9855,1.152
12.749963,0.6734,-0.3008,1.3849,1.569
12.752287,0.7462,-0.2832,1.2975,1.523
12.754117,0.7144,-0.0923,0.8722,1.131
12.756048,0.6089,0.0776,0.6798,0.916
12.758539,0.5206,0.0562,0.8150,0.969
12.760710,0.5411,-0.0078,1.0519,1.183
12.763908,0.5958,-0.0513,0.8805,1.064
12.765280,0.5733,-0.0107,0.4976,0.759
12.767390,0.5001,0.0410,0.3047,0.587
12.769071,0.4703,0.0249,0.2500,0.533
12.771392,0.4986,-0.0630,0.3394,0.606
12.773345,0.5186,-0.1494,0.4478,0.701
12.775513,0.5367,-0.1318,0.1812,0.582
12.777454,0.5044,-0.0747,-0.0063,0.510
12.780998,0.4859,0.0049,0.1904,0.522
12.781899,0.5186,-0.0015,0.4654,0.697
12.783884,0.5264,0.0117,0.4463,0.690
12.786266,0.5210,0.0874,0.4117,0.670
12.788014,0.5264,0.1455,0.5162,0.751
12.789796,0.5464,0.1738,0.6627,0.876
12.792575,0.6905,0.1216,0.9171,1.154
12.794690,0.8839,0.0488,1.0738,1.392
12.796878,0.9234,0.0845,0.9786,1.348
12.798741,0.8595,0.1616,0.7432,1.148
12.801217,0.7862,0.2046,0.5279,0.969
12.802877,0.7496,0.2178,0.4844,0.919
12.805115,0.8941,0.1983,0.8702,1.263
12.807139,0.9806,0.2046,1.2111,1.572
12.809134,0.8731,0.2598,0.9781,1.337
12.811246,0.8624,0.2989,1.0338,1.379
12.815774,0.8053,0.3169,1.0602,1.369
12.816281,0.7242,0.2578,0.9391,1.214
12.818097,0.7779,0.0107,1.1906,1.422
12.820049,0.7144,-0.0874,1.2994,1.485
12.821893,0.5977,0.0093,1.1310,1.279
12.824313,0.4493,0.0850,0.7535,0.881
12.825760,0.4307,-0.1104,0.4795,0.654
12.827738,0.6080,-0.3902,1.4933,1.659
12.830149,0.7447,-0.4576,2.1008,2.275
12.831985,0.7579,-0.3741,1.3454,1.589
12.834434,0.7540,-0.3619,0.4415,0.946
12.836262,0.7545,-0.3975,0.2842,0.899
12.838685,0.7691,-0.4673,0.6334,1.100
12.841585,0.7725,-0.5147,1.1593,1.485
12.843087,0.7423,-0.5040,1.2658,1.551
12.845405,0.7213,-0.4688,1.0709,1.374
12.847194,0.7198,-0.4151,0.6861,1.078
12.849313,0.6890,-0.3999,0.3951,0.889
12.851612,0.6578,-0.3775,0.3384,0.830
12.853403,0.5772,-0.2940,0.4957,0.816
12.855619,0.5230,-0.1553,0.5787,0.795
12.857558,0.4952,-0.1148,0.5919,0.780
12.859718,0.4639,-0.1651,0.6422,0.809
12.861741,0.4839,-0.2354,0.9391,1.082
12.864831,0.6319,-0.2661,1.2164,1.396
12.866173,0.7520,-0.1948,1.1583,1.395
12.868293,0.6964,-0.0684,0.6006,0.922
12.869988,0.6070,-0.0068,0.1968,0.638
12.872372,0.5469,0.0146,0.2246,0.591
12.875062,0.5860,0.0630,0.6050,0.845
12.877161,0.7755,0.1372,1.1974,1.433
12.878594,0.9664,0.1455,1.5334,1.818
12.881484,0.9171,0.1577,1.1930,1.513
12.883206,0.8184,0.1821,0.7808,1.146
12.885325,0.8370,0.2393,0.9391,1.280
12.887642,0.9117,0.3003,1.4157,1.710
12.889204,0.9029,0.2779,1.5089,1.780
12.891353,0.7476,0.0996,1.3366,1.535
12.893422,0.5489,0.0552,1.2091,1.329
12.895466,0.5274,0.1690,1.3834,1.490
12.897565,0.4449,0.1738,1.2106,1.301
12.899653,0.3892,0.1255,0.8223,0.918
12.901778,0.3609,0.1011,0.6622,0.761
12.903860,0.3662,0.0552,0.9278,0.999
12.905741,0.3638,-0.0347,1.2614,1.313
12.907713,0.3550,-0.0015,0.6832,0.770
12.909830,0.3496,0.0288,0.0820,0.360
12.912205,0.3853,0.0776,0.3931,0.556
12.915144,0.4258,0.1069,0.7672,0.884
12.916523,0.4048,0.0918,0.5660,0.702
12.919186,0.3912,0.0864,0.3970,0.564
12.920789,0.4058,0.1045,0.4761,0.634
12.922946,0.4825,0.1104,0.7413,0.891
12.924914,0.5933,0.0781,0.7286,0.943
12.927358,0.6246,0.1157,0.6329,0.897
12.929341,0.6549,0.1450,0.6529,0.936
12.933855,0.6456,0.1304,0.6202,0.905
12.934525,0.6373,0.0972,0.5577,0.852
12.936219,0.6778,0.0816,0.6627,0.951
12.938589,0.6920,0.0122,0.6099,0.922
12.939839,0.6715,-0.0234,0.4107,0.787
12.941894,0.6675,-0.0254,0.3570,0.757
12.944964,0.6558,-0.0142,0.4019,0.769
12.945856,0.6617,-0.0137,0.3951,0.771
12.948017,0.7647,0.0000,0.6046,0.975
12.950071,0.7359,0.0205,0.4932,0.886
12.952504,0.6724,0.0186,0.3926,0.779
12.954496,0.7447,0.0732,0.8287,1.117
12.956641,0.7686,0.0903,0.8917,1.181
12.958717,0.6988,0.0649,0.5523,0.893
12.961286,0.6168,0.1128,0.5533,0.836
12.964098,0.6182,0.0513,0.8526,1.054
12.965689,0.6876,-0.0317,0.8346,1.082
12.967792,0.7169,-0.0693,0.6329,0.959
12.969497,0.7877,-0.0410,0.9059,1.201
12.971462,0.7774,-0.0459,0.9400,1.221
12.973577,0.7574,-0.1743,0.8233,1.132
12.975611,0.7491,-0.1563,0.9210,1.197
12.978212,0.6998,-0.0728,1.0299,1.247
12.980532,0.6187,-0.0845,0.9732,1.156
12.982235,0.5787,-0.1748,1.0055,1.173
12.984842,0.5894,-0.0342,0.9791,1.143
12.985961,0.5328,-0.0264,0.7916,0.955
12.987955,0.4688,-0.0913,0.7716,0.907
12.990252,0.4703,-0.1846,0.9327,1.061
12.992357,0.5792,-0.1382,1.0016,1.165
12.995086,0.6861,-0.0689,0.8653,1.106
12.996578,0.7271,-0.1392,0.8399,1.120
12.999234,0.7564,-0.1841,0.8839,1.178
13.000973,0.8204,-0.1416,0.8888,1.218
13.003590,0.8492,-0.1206,0.8399,1.200
13.005164,0.8165,-0.1099,0.8429,1.179
13.007416,0.7647,-0.0693,0.8658,1.157
13.009296,0.7423,-0.0415,0.8297,1.114
13.011557,0.7271,-0.0425,0.7667,1.058
13.016720,0.7135,-0.0420,0.7359,1.026
13.017216,0.6949,-0.0190,0.7721,1.039
13.017933,0.6583,0.0039,0.8365,1.064
13.021303,0.5748,0.0137,0.8360,1.015
13.021987,0.4507,-0.0288,0.7711,0.894
13.024317,0.3785,-0.0635,0.7403,0.834
13.025931,0.3682,-0.0601,0.7452,0.833
13.028009,0.3955,-0.0840,0.7530,0.855
13.030975,0.4649,-0.0772,0.8272,0.952
13.032642,0.5303,-0.0298,0.8995,1.045
13.035195,0.5235,-0.0303,0.8902,1.033
13.036731,0.4961,-0.0327,0.8668,0.999
13.038894,0.4898,-0.0166,0.8790,1.006
13.041035,0.4766,-0.0146,0.9225,1.038
13.043236,0.4629,-0.0083,0.9684,1.073
13.045225,0.4917,0.0352,1.0006,1.115
13.047348,0.5342,0.0156,1.0157,1.148
13.049500,0.5489,0.0449,1.0045,1.146
13.051777,0.5127,0.0850,0.9513,1.084
13.053694,0.5005,0.0425,0.9269,1.054
13.055651,0.5709,0.0469,0.8932,1.061
13.057800,0.6129,0.0801,0.8404,1.043
13.059774,0.5889,0.0576,0.7701,0.971
13.062059,0.5811,0.0606,0.7232,0.930
13.064393,0.5674,0.0786,0.6842,0.892
13.066477,0.5450,0.0982,0.6549,0.858
13.068397,0.5108,0.0952,0.6260,0.814
13.070539,0.4883,0.0772,0.6060,0.782
13.072200,0.4986,0.0669,0.5840,0.771
13.074497,0.5367,0.0474,0.5914,0.800
13.076512,0.5811,0.0610,0.6168,0.850
13.079112,0.6080,0.0918,0.6324,0.882
13.081580,0.6041,0.0376,0.6661,0.900
13.083798,0.6578,0.0264,0.7091,0.968
13.085219,0.7183,0.0420,0.7574,1.045
13.087353,0.7476,0.0347,0.8101,1.103
13.089378,0.7677,0.0283,0.8678,1.159
13.091516,0.7677,0.0063,0.8878,1.174
13.093589,0.7554,-0.0073,0.8946,1.171
13.095714,0.7301,0.0078,0.9215,1.176
13.097728,0.6768,0.0391,0.9376,1.157
13.099941,0.5499,0.0620,0.8814,1.041
13.102017,0.3912,0.0269,0.8131,0.903
13.104132,0.3457,-0.0483,0.8087,0.881
13.105899,0.3824,-0.1182,0.8741,0.961
13.108133,0.4156,-0.1358,0.9137,1.013
13.110145,0.4927,-0.1035,0.8790,1.013
13.112512,0.5626,-0.0723,0.8614,1.031
13.115067,0.5914,-0.0659,0.8751,1.058
13.116839,0.5738,-0.0630,0.8736,1.047
13.118997,0.5718,-0.0640,0.8746,1.047
13.120972,0.5894,-0.0806,0.8873,1.068
13.122971,0.5963,-0.1157,0.8966,1.083
13.125175,0.6202,-0.1265,0.8853,1.088
13.127255,0.6563,-0.0879,0.8795,1.101
13.129328,0.6710,-0.0405,0.8595,1.091
13.132964,0.6583,-0.0264,0.8267,1.057
13.133578,0.6373,-0.0396,0.8097,1.031
13.137192,0.6295,-0.0415,0.8180,1.033
13.137777,0.6397,-0.0200,0.8370,1.054
13.139893,0.6256,-0.0244,0.8458,1.052
13.142036,0.6065,-0.0254,0.8331,1.031
13.144224,0.5865,-0.0230,0.8194,1.008
13.146100,0.5777,-0.0117,0.8209,1.004
13.148021,0.5748,0.0078,0.8228,1.004
13.150203,0.5499,-0.0093,0.8429,1.006
13.152304,0.5362,-0.0317,0.8766,1.028
13.154491,0.5445,-0.0244,0.8961,1.049
13.156598,0.5694,-0.0010,0.9127,1.076
13.158953,0.5894,0.0151,0.9278,1.099
13.161055,0.5894,0.0063,0.9308,1.102
13.162997,0.5787,-0.0044,0.8985,1.069
13.165126,0.5547,-0.0195,0.8321,1.000
13.167380,0.5460,-0.0078,0.7862,0.957
13.169518,0.5254,-0.0190,0.7198,0.891
13.171603,0.5186,-0.0317,0.7027,0.874
13.173593,0.5982,-0.0234,0.7247,0.940
13.175828,0.6422,-0.0454,0.7056,0.955
13.177928,0.6636,-0.0464,0.6954,0.962
13.180082,0.6749,-0.0371,0.7081,0.979
13.182159,0.7017,-0.0269,0.7320,1.014
13.184209,0.7310,-0.0083,0.7633,1.057
13.186133,0.7257,0.0039,0.7852,1.069
13.188131,0.7056,0.0005,0.7916,1.060
13.190540,0.6998,0.0151,0.8018,1.064
13.192707,0.6514,0.0273,0.8082,1.038
13.194761,0.5757,0.0273,0.8189,1.001
13.196792,0.5201,0.0396,0.8346,0.984
13.199028,0.4986,0.0586,0.8477,0.985
13.201128,0.4878,0.0645,0.8346,0.969
13.203160,0.4805,0.0591,0.8175,0.950
13.205248,0.4800,0.0410,0.8028,0.936
13.207373,0.4874,0.0352,0.7950,0.933
13.209558,0.4844,0.0439,0.7979,0.935
13.211527,0.4688,0.0513,0.8077,0.935
13.213725,0.4473,0.0503,0.8175,0.933
13.216554,0.4327,0.0479,0.8365,0.943
13.218453,0.4322,0.0454,0.8590,0.963
13.220991,0.4473,0.0410,0.8814,0.989
13.222120,0.4727,0.0322,0.9015,1.018
13.224175,0.5005,0.0190,0.9161,1.044
13.226023,0.5210,0.0122,0.9273,1.064
13.228122,0.5269,0.0063,0.9059,1.048
13.230208,0.5176,-0.0049,0.8849,1.025
13.232429,0.5035,-0.0132,0.8746,1.009
13.234651,0.4932,-0.0161,0.8707,1.001
13.236646,0.4869,-0.0239,0.8761,1.003
13.239110,0.4888,-0.0371,0.8814,1.009
13.241057,0.4957,-0.0493,0.8814,1.012
13.243269,0.5059,-0.0557,0.8805,1.017
13.245621,0.5162,-0.0581,0.8849,1.026
13.248552,0.5201,-0.0625,0.8932,1.035
13.249555,0.5210,-0.0703,0.9019,1.044
13.251649,0.5210,-0.0728,0.9049,1.047
13.253817,0.5220,-0.0708,0.9044,1.047
13.255918,0.5235,-0.0708,0.9059,1.049
13.258022,0.5225,-0.0742,0.9083,1.050
13.260091,0.5220,-0.0728,0.9083,1.050
13.262084,0.5210,-0.0674,0.9034,1.045
13.264925,0.5167,-0.0635,0.8951,1.035
13.266209,0.5074,-0.0606,0.8849,1.022
13.268728,0.4917,-0.0571,0.8795,1.009
13.270688,0.4786,-0.0474,0.8785,1.002
13.272703,0.4732,-0.0371,0.8741,0.995
13.274827,0.4766,-0.0278,0.8678,0.990
13.276933,0.4878,-0.0215,0.8629,0.991
13.279106,0.5035,-0.0137,0.8565,0.994
13.282466,0.5142,-0.0073,0.8507,0.994
13.284095,0.5171,-0.0024,0.8487,0.994
13.286217,0.5132,0.0054,0.8433,0.987
13.287665,0.5108,0.0151,0.8394,0.983
13.289560,0.5093,0.0239,0.8370,0.980
13.291617,0.5074,0.0264,0.8355,0.978
13.293802,0.5093,0.0239,0.8321,0.976
13.295898,0.5162,0.0244,0.8311,0.979
13.298704,0.5235,0.0264,0.8297,0.981
13.300070,0.5230,0.0264,0.8292,0.981
13.302145,0.5171,0.0249,0.8292,0.978
13.304328,0.5132,0.0239,0.8311,0.977
13.306146,0.5098,0.0254,0.8331,0.977
13.308220,0.5093,0.0234,0.8375,0.980
13.310657,0.5113,0.0186,0.8419,0.985
13.312353,0.5162,0.0156,0.8473,0.992
13.315138,0.5230,0.0156,0.8541,1.002
13.318075,0.5264,0.0151,0.8600,1.008
13.319251,0.5269,0.0103,0.8668,1.014
13.321245,0.5259,0.0063,0.8731,1.019
13.323295,0.5220,0.0059,0.8780,1.022
13.325403,0.5186,0.0044,0.8795,1.021
13.327743,0.5137,-0.0010,0.8795,1.019
13.329655,0.5098,-0.0063,0.8766,1.014
13.334255,0.5074,-0.0093,0.8751,1.012
13.334790,0.5049,-0.0117,0.8731,1.009
13.336406,0.5005,-0.0171,0.8697,1.004
13.338018,0.4961,-0.0215,0.8663,0.999
13.340163,0.4957,-0.0220,0.8648,0.997
13.342201,0.4966,-0.0230,0.8643,0.997
13.344378,0.4991,-0.0254,0.8639,0.998
13.346231,0.5015,-0.0288,0.8604,0.996
13.348473,0.5059,-0.0293,0.8595,0.998
13.350697,0.5113,-0.0283,0.8614,1.002
13.352913,0.5132,-0.0298,0.8634,1.005
13.354995,0.5137,-0.0317,0.8619,1.004
13.356946,0.5152,-0.0322,0.8619,1.005
13.358979,0.5167,-0.0317,0.8614,1.005
13.361256,0.5157,-0.0322,0.8624,1.005
13.363317,0.5137,-0.0342,0.8604,1.003
13.365369,0.5118,-0.0337,0.8614,1.003
13.367571,0.5113,-0.0313,0.8624,1.003
13.369736,0.5093,-0.0283,0.8648,1.004
13.371841,0.5074,-0.0264,0.8653,1.003
13.373888,0.5059,-0.0234,0.8673,1.004
13.375965,0.5069,-0.0186,0.8707,1.008
13.378233,0.5079,-0.0137,0.8717,1.009
13.380149,0.5093,-0.0098,0.8726,1.010
13.382808,0.5108,-0.0068,0.8722,1.011
13.384428,0.5113,-0.0020,0.8717,1.011
13.386456,0.5118,0.0034,0.8697,1.009
13.388498,0.5127,0.0059,0.8683,1.008
13.390527,0.5127,0.0063,0.8653,1.006
13.392575,0.5127,0.0088,0.8624,1.003
13.394755,0.5118,0.0103,0.8614,1.002
13.396820,0.5113,0.0122,0.8575,0.998
13.399177,0.5103,0.0112,0.8536,0.995
13.401556,0.5103,0.0107,0.8516,0.993
13.403418,0.5113,0.0122,0.8482,0.990
13.406460,0.5123,0.0107,0.8443,0.988
13.408248,0.5118,0.0088,0.8409,0.984
13.410167,0.5123,0.0068,0.8404,0.984
13.413221,0.5142,0.0063,0.8404,0.985
13.417701,0.5152,0.0054,0.8414,0.987
13.418161,0.5157,0.0020,0.8414,0.987
13.418346,0.5167,-0.0020,0.8443,0.990
13.420192,0.5171,-0.0024,0.8482,0.993
13.422897,0.5181,-0.0049,0.8512,0.996
13.424302,0.5162,-0.0088,0.8541,0.998
13.426172,0.5142,-0.0122,0.8580,1.000
13.428370,0.5123,-0.0127,0.8629,1.004
13.430595,0.5113,-0.0151,0.8658,1.006
13.433397,0.5088,-0.0181,0.8692,1.007
13.435083,0.5059,-0.0210,0.8726,1.009
13.437180,0.5044,-0.0220,0.8751,1.010
13.439735,0.5035,-0.0230,0.8761,1.011
13.441426,0.5030,-0.0244,0.8775,1.012
13.443532,0.5040,-0.0264,0.8795,1.014
13.445717,0.5044,-0.0254,0.8795,1.014
13.449150,0.5064,-0.0239,0.8795,1.015
13.450667,0.5074,-0.0244,0.8780,1.014
13.452066,0.5084,-0.0254,0.8766,1.014
13.454364,0.5108,-0.0244,0.8751,1.014
13.456167,0.5127,-0.0225,0.8731,1.013
13.458301,0.5127,-0.0205,0.8702,1.010
13.460224,0.5137,-0.0195,0.8663,1.007
13.462205,0.5137,-0.0176,0.8634,1.005
13.464318,0.5147,-0.0146,0.8609,1.003
13.467041,0.5142,-0.0127,0.8585,1.001
13.468621,0.5127,-0.0132,0.8560,0.998
13.470812,0.5108,-0.0098,0.8531,0.994
13.472699,0.5118,-0.0068,0.8512,0.993
13.474965,0.5127,-0.0049,0.8502,0.993
13.476921,0.5113,-0.0029,0.8502,0.992
13.479667,0.5113,-0.0005,0.8497,0.992
13.482360,0.5123,0.0015,0.8507,0.993
13.483918,0.5127,0.0039,0.8497,0.992
13.486075,0.5118,0.0034,0.8516,0.994
13.488311,0.5123,0.0044,0.8536,0.996
13.489948,0.5127,0.0049,0.8536,0.996
13.492047,0.5132,0.0049,0.8560,0.998
13.494005,0.5132,0.0039,0.8570,0.999
13.496483,0.5127,0.0034,0.8590,1.000
13.499798,0.5142,0.0020,0.8585,1.001
13.500878,0.5132,0.0015,0.8604,1.002
13.502735,0.5123,-0.0010,0.8609,1.002
13.504659,0.5118,-0.0039,0.8624,1.003
13.506462,0.5118,-0.0059,0.8629,1.003
13.508584,0.5113,-0.0059,0.8639,1.004
13.510923,0.5103,-0.0078,0.8634,1.003
13.513587,0.5108,-0.0107,0.8639,1.004
13.515889,0.5108,-0.0132,0.8639,1.004
13.517637,0.5123,-0.0132,0.8639,1.004
13.519481,0.5108,-0.0146,0.8643,1.004
13.521503,0.5103,-0.0171,0.8634,1.003
13.523477,0.5093,-0.0176,0.8629,1.002
13.525758,0.5103,-0.0171,0.8634,1.003
13.527927,0.5108,-0.0166,0.8639,1.004
13.529975,0.5108,-0.0171,0.8639,1.004
13.533805,0.5088,-0.0186,0.8643,1.003
13.534080,0.5084,-0.0181,0.8653,1.004
13.537150,0.5093,-0.0181,0.8653,1.004
13.539014,0.5093,-0.0195,0.8643,1.003
13.540933,0.5088,-0.0190,0.8629,1.002
13.543778,0.5093,-0.0176,0.8639,1.003
13.545570,0.5093,-0.0166,0.8639,1.003
13.546544,0.5103,-0.0156,0.8624,1.002
13.549022,0.5103,-0.0156,0.8634,1.003
13.550838,0.5103,-0.0142,0.8634,1.003
13.552818,0.5103,-0.0117,0.8634,1.003
13.555060,0.5108,-0.0112,0.8639,1.004
13.557021,0.5118,-0.0103,0.8634,1.004
13.559968,0.5118,-0.0083,0.8639,1.004
13.561464,0.5127,-0.0059,0.8624,1.003
13.563613,0.5132,-0.0059,0.8609,1.002
13.565758,0.5123,-0.0044,0.8600,1.001
13.568195,0.5127,-0.0024,0.8590,1.000
13.570398,0.5137,-0.0015,0.8585,1.000
13.572336,0.5123,-0.0005,0.8575,0.999
13.574106,0.5127,-0.0005,0.8575,0.999
13.577188,0.5132,0.0005,0.8575,0.999
13.578732,0.5132,-0.0005,0.8575,0.999
13.580613,0.5113,0.0010,0.8580,0.999
13.583876,0.5113,0.0005,0.8580,0.999
13.588087,0.5113,-0.0005,0.8565,0.998
13.588808,0.5113,-0.0020,0.8551,0.996
13.589062,0.5113,-0.0024,0.8546,0.996
13.591419,0.5108,-0.0029,0.8556,0.996
13.593305,0.5098,-0.0054,0.8551,0.996
13.595196,0.5108,-0.0068,0.8546,0.996
13.597418,0.5118,-0.0078,0.8560,0.997
13.600514,0.5108,-0.0088,0.8585,0.999
13.601627,0.5108,-0.0107,0.8590,0.999
13.603672,0.5113,-0.0122,0.8614,1.002
13.606067,0.5118,-0.0137,0.8634,1.004
13.607906,0.5113,-0.0146,0.8643,1.004
13.610059,0.5118,-0.0161,0.8653,1.005
13.612248,0.5108,-0.0161,0.8673,1.007
13.614412,0.5098,-0.0156,0.8678,1.007
13.616617,0.5093,-0.0171,0.8673,1.006
13.618560,0.5084,-0.0181,0.8673,1.005
13.620683,0.5084,-0.0181,0.8683,1.006
13.623239,0.5084,-0.0171,0.8687,1.007
13.624830,0.5084,-0.0166,0.8697,1.008
13.626632,0.5088,-0.0166,0.8692,1.007
13.628645,0.5084,-0.0156,0.8692,1.007
13.631134,0.5084,-0.0142,0.8678,1.006
13.634962,0.5093,-0.0127,0.8663,1.005
13.635487,0.5108,-0.0127,0.8648,1.004
13.637257,0.5113,-0.0117,0.8639,1.004
13.639688,0.5123,-0.0107,0.8624,1.003
13.641547,0.5132,-0.0088,0.8614,1.003
13.643743,0.5123,-0.0078,0.8600,1.001
13.645784,0.5118,-0.0068,0.8580,0.999
13.648040,0.5132,-0.0059,0.8565,0.999
13.650041,0.5132,-0.0054,0.8565,0.999
13.652327,0.5127,-0.0044,0.8556,0.997
13.654198,0.5113,-0.0044,0.8556,0.997
13.656598,0.5127,-0.0039,0.8570,0.999
13.658686,0.5132,-0.0034,0.8556,0.998
13.660703,0.5123,-0.0029,0.8551,0.997
13.662731,0.5123,-0.0015,0.8565,0.998
13.665761,0.5113,-0.0029,0.8556,0.997
13.667406,0.5118,-0.0034,0.8575,0.999
13.669019,0.5123,-0.0039,0.8575,0.999
13.671895,0.5118,-0.0039,0.8580,0.999
13.673239,0.5123,-0.0054,0.8590,1.000
13.675322,0.5118,-0.0054,0.8614,1.002
13.677460,0.5113,-0.0054,0.8614,1.002
13.680199,0.5108,-0.0068,0.8609,1.001
13.682458,0.5103,-0.0083,0.8614,1.001
13.687263,0.5103,-0.0088,0.8624,1.002
13.688995,0.5098,-0.0088,0.8643,1.004
13.689578,0.5103,-0.0107,0.8639,1.003
13.690040,0.5098,-0.0122,0.8648,1.004
13.692240,0.5103,-0.0122,0.8648,1.004
13.694332,0.5103,-0.0132,0.8629,1.003
13.696909,0.5098,-0.0146,0.8639,1.003
13.700123,0.5103,-0.0151,0.8653,1.005
13.700577,0.5103,-0.0146,0.8653,1.005
13.702929,0.5103,-0.0151,0.8639,1.003
13.704750,0.5098,-0.0151,0.8629,1.002
13.706701,0.5098,-0.0151,0.8643,1.004
13.708671,0.5103,-0.0142,0.8629,1.003
13.711175,0.5103,-0.0146,0.8629,1.003
13.714075,0.5108,-0.0132,0.8619,1.002
13.716965,0.5108,-0.0137,0.8619,1.002
13.717779,0.5108,-0.0137,0.8614,1.002
13.719710,0.5108,-0.0122,0.8614,1.002
13.721693,0.5113,-0.0103,0.8609,1.001
13.723788,0.5108,-0.0098,0.8619,1.002
13.725880,0.5113,-0.0093,0.8624,1.003
13.728264,0.5113,-0.0078,0.8600,1.000
13.730181,0.5103,-0.0083,0.8609,1.001
13.734082,0.5113,-0.0073,0.8614,1.002
13.734846,0.5103,-0.0068,0.8619,1.002
13.736458,0.5113,-0.0059,0.8604,1.001
13.738494,0.5113,-0.0059,0.8609,1.001
13.740590,0.5118,-0.0039,0.8600,1.001
13.742787,0.5113,-0.0049,0.8595,1.000
13.745214,0.5113,-0.0049,0.8590,1.000
13.747018,0.5118,-0.0044,0.8585,0.999
13.749647,0.5118,-0.0049,0.8604,1.001
13.753092,0.5113,-0.0059,0.8600,1.000
13.753578,0.5113,-0.0054,0.8585,0.999
13.755477,0.5123,-0.0049,0.8580,0.999
13.757608,0.5113,-0.0063,0.8595,1.000
13.759592,0.5118,-0.0063,0.8595,1.000
13.761830,0.5113,-0.0078,0.8595,1.000
13.763932,0.5103,-0.0078,0.8604,1.000
13.766289,0.5103,-0.0083,0.8600,1.000
13.768609,0.5108,-0.0088,0.8604,1.001
13.771330,0.5113,-0.0103,0.8614,1.002
13.772259,0.5108,-0.0112,0.8614,1.002
13.774675,0.5108,-0.0107,0.8604,1.001
13.776601,0.5098,-0.0117,0.8614,1.001
13.778673,0.5098,-0.0132,0.8624,1.002
13.780814,0.5108,-0.0122,0.8629,1.003
13.783471,0.5108,-0.0132,0.8634,1.003
13.785110,0.5103,-0.0127,0.8634,1.003
13.786941,0.5108,-0.0122,0.8648,1.004
13.788895,0.5113,-0.0127,0.8648,1.005
13.791238,0.5108,-0.0132,0.8648,1.005
13.793226,0.5103,-0.0132,0.8648,1.004
13.795573,0.5108,-0.0127,0.8639,1.004
13.797706,0.5103,-0.0127,0.8643,1.004
13.800299,0.5093,-0.0122,0.8643,1.003
13.802088,0.5093,-0.0127,0.8634,1.002
13.804146,0.5093,-0.0117,0.8634,1.002
13.806178,0.5098,-0.0107,0.8634,1.003
13.808326,0.5098,-0.0098,0.8614,1.001
13.810226,0.5103,-0.0083,0.8619,1.002
13.812460,0.5098,-0.0083,0.8614,1.001
13.814354,0.5103,-0.0083,0.8619,1.002
13.817260,0.5113,-0.0073,0.8604,1.001
13.818977,0.5118,-0.0063,0.8600,1.001
13.820937,0.5118,-0.0068,0.8609,1.002
13.823249,0.5113,-0.0068,0.8580,0.999
13.824974,0.5113,-0.0063,0.8585,0.999
13.826868,0.5113,-0.0063,0.8580,0.999
13.828899,0.5123,-0.0054,0.8590,1.000
13.831599,0.5113,-0.0054,0.8575,0.998
13.835506,0.5108,-0.0054,0.8585,0.999
13.836057,0.5123,-0.0059,0.8590,1.000
13.837987,0.5118,-0.0063,0.8595,1.000
13.839751,0.5108,-0.0068,0.8604,1.001
13.841786,0.5118,-0.0073,0.8595,1.000
13.843626,0.5108,-0.0073,0.8600,1.000
13.846131,0.5118,-0.0083,0.8595,1.000
13.848259,0.5118,-0.0088,0.8609,1.002
13.851084,0.5113,-0.0088,0.8609,1.001
13.852457,0.5113,-0.0098,0.8614,1.002
13.854540,0.5108,-0.0103,0.8624,1.002
13.856610,0.5113,-0.0098,0.8614,1.002
13.858833,0.5113,-0.0103,0.8609,1.001
13.860785,0.5108,-0.0112,0.8609,1.001
13.862929,0.5098,-0.0112,0.8624,1.002
13.865199,0.5098,-0.0117,0.8624,1.002
13.868110,0.5098,-0.0127,0.8624,1.002
13.869405,0.5113,-0.0132,0.8634,1.003
13.871990,0.5103,-0.0132,0.8629,1.003
13.873299,0.5108,-0.0122,0.8629,1.003
13.875355,0.5113,-0.0122,0.8639,1.004
13.877380,0.5113,-0.0117,0.8639,1.004
13.879929,0.5108,-0.0117,0.8624,1.002
13.882076,0.5103,-0.0117,0.8629,1.003
13.884577,0.5108,-0.0117,0.8619,1.002
13.886488,0.5103,-0.0112,0.8619,1.002
13.888953,0.5108,-0.0112,0.8619,1.002
13.890557,0.5103,-0.0107,0.8624,1.002
13.892407,0.5108,-0.0103,0.8619,1.002
13.894454,0.5118,-0.0093,0.8609,1.002
13.896743,0.5118,-0.0088,0.8609,1.002
13.899855,0.5113,-0.0088,0.8619,1.002
13.903786,0.5108,-0.0078,0.8614,1.002
13.904410,0.5108,-0.0078,0.8604,1.001
13.906126,0.5123,-0.0078,0.8604,1.001
13.907133,0.5123,-0.0073,0.8604,1.001
13.909284,0.5118,-0.0063,0.8619,1.002
13.911581,0.5118,-0.0063,0.8614,1.002
13.913558,0.5123,-0.0078,0.8614,1.002
13.915613,0.5113,-0.0073,0.8600,1.000
13.919023,0.5108,-0.0073,0.8600,1.000
13.921612,0.5098,-0.0063,0.8595,0.999
13.924983,0.5108,-0.0073,0.8590,0.999
13.925181,0.5108,-0.0083,0.8585,0.999
13.926170,0.5098,-0.0088,0.8604,1.000
13.928664,0.5098,-0.0088,0.8595,0.999
13.930420,0.5108,-0.0083,0.8614,1.002
13.932458,0.5123,-0.0083,0.8619,1.003
13.934813,0.5123,-0.0093,0.8609,1.002
13.936845,0.5127,-0.0098,0.8614,1.003
13.938896,0.5127,-0.0103,0.8609,1.002
13.940846,0.5108,-0.0098,0.8614,1.002
13.942892,0.5108,-0.0107,0.8609,1.001
13.944980,0.5108,-0.0107,0.8619,1.002
13.947059,0.5103,-0.0112,0.8629,1.003
13.949092,0.5098,-0.0122,0.8624,1.002
13.951873,0.5113,-0.0122,0.8614,1.002
13.953813,0.5098,-0.0117,0.8619,1.001
13.955636,0.5098,-0.0112,0.8614,1.001
13.957572,0.5103,-0.0107,0.8624,1.002
13.960016,0.5098,-0.0112,0.8624,1.002
13.962010,0.5108,-0.0107,0.8624,1.002
13.964143,0.5118,-0.0107,0.8624,1.003
13.967278,0.5118,-0.0107,0.8629,1.003
13.968590,0.5123,-0.0107,0.8624,1.003
13.970526,0.5123,-0.0103,0.8619,1.003
13.972820,0.5103,-0.0103,0.8609,1.001
13.974998,0.5108,-0.0103,0.8624,1.002
13.976902,0.5113,-0.0103,0.8624,1.003
13.979014,0.5113,-0.0103,0.8619,1.002
13.981138,0.5113,-0.0088,0.8604,1.001
13.984301,0.5098,-0.0083,0.8595,0.999
13.985475,0.5098,-0.0088,0.8595,0.999
13.987533,0.5113,-0.0093,0.8604,1.001
13.989705,0.5118,-0.0078,0.8595,1.000
13.991474,0.5118,-0.0068,0.8590,1.000
13.993735,0.5118,-0.0078,0.8595,1.000
13.995763,0.5123,-0.0073,0.8590,1.000
13.997882,0.5123,-0.0068,0.8600,1.001
14.000461,0.5127,-0.0068,0.8590,1.000
14.002424,0.5123,-0.0068,0.8604,1.001
14.005086,0.5118,-0.0073,0.8609,1.002
14.006592,0.5118,-0.0078,0.8600,1.001
14.008323,0.5118,-0.0083,0.8595,1.000
14.010549,0.5113,-0.0088,0.8604,1.001
14.012542,0.5103,-0.0088,0.8604,1.000
14.014677,0.5098,-0.0083,0.8600,1.000
14.020406,0.5103,-0.0093,0.8600,1.000
14.020998,0.5108,-0.0098,0.8600,1.000
14.021542,0.5113,-0.0107,0.8600,1.001
14.024300,0.5113,-0.0112,0.8619,1.002
14.025319,0.5113,-0.0112,0.8619,1.002
14.027345,0.5118,-0.0112,0.8619,1.002
14.029305,0.5113,-0.0112,0.8624,1.003
14.031482,0.5113,-0.0122,0.8609,1.001
14.034318,0.5113,-0.0107,0.8629,1.003
14.035752,0.5108,-0.0107,0.8624,1.002
14.038355,0.5103,-0.0107,0.8629,1.003
14.040028,0.5103,-0.0107,0.8614,1.001
14.042096,0.5098,-0.0112,0.8624,1.002
14.044347,0.5098,-0.0103,0.8624,1.002
14.046306,0.5098,-0.0098,0.8624,1.002
14.048763,0.5108,-0.0107,0.8624,1.002
14.052234,0.5108,-0.0107,0.8629,1.003
14.052797,0.5108,-0.0112,0.8629,1.003
14.055713,0.5113,-0.0098,0.8624,1.003
14.057288,0.5113,-0.0098,0.8629,1.003
14.059112,0.5118,-0.0088,0.8609,1.002
14.061121,0.5118,-0.0098,0.8609,1.002
14.063365,0.5118,-0.0098,0.8604,1.001
14.065561,0.5108,-0.0098,0.8600,1.000
14.068049,0.5118,-0.0093,0.8600,1.001
14.069562,0.5118,-0.0088,0.8604,1.001
14.072547,0.5108,-0.0088,0.8595,1.000
14.073898,0.5103,-0.0083,0.8600,1.000
14.075834,0.5108,-0.0083,0.8590,0.999
14.078029,0.5118,-0.0083,0.8600,1.001
14.080128,0.5113,-0.0083,0.8604,1.001
14.082269,0.5118,-0.0083,0.8600,1.001
14.084618,0.5118,-0.0083,0.8600,1.001
14.086541,0.5113,-0.0078,0.8604,1.001
14.088519,0.5118,-0.0083,0.8614,1.002
14.090928,0.5123,-0.0088,0.8614,1.002
14.092641,0.5113,-0.0083,0.8619,1.002
14.094780,0.5108,-0.0088,0.8614,1.002
14.097044,0.5108,-0.0088,0.8604,1.001
14.099372,0.5098,-0.0098,0.8614,1.001
14.101456,0.5103,-0.0098,0.8609,1.001
14.103469,0.5113,-0.0107,0.8614,1.002
14.105481,0.5113,-0.0103,0.8614,1.002
14.107252,0.5108,-0.0103,0.8609,1.001
14.109392,0.5118,-0.0103,0.8614,1.002
14.111814,0.5123,-0.0112,0.8634,1.004
14.113788,0.5123,-0.0098,0.8624,1.003
14.115772,0.5118,-0.0093,0.8614,1.002
14.119251,0.5113,-0.0093,0.8624,1.003
14.120381,0.5118,-0.0107,0.8634,1.004
14.122302,0.5103,-0.0112,0.8619,1.002
14.124631,0.5108,-0.0103,0.8619,1.002
14.126427,0.5108,-0.0098,0.8619,1.002
14.128853,0.5108,-0.0098,0.8609,1.001
14.130883,0.5103,-0.0098,0.8609,1.001
14.132873,0.5103,-0.0103,0.8614,1.001
14.136583,0.5098,-0.0098,0.8614,1.001
14.137054,0.5103,-0.0093,0.8609,1.001
14.139219,0.5103,-0.0088,0.8619,1.002
14.142128,0.5108,-0.0088,0.8614,1.002
14.143849,0.5108,-0.0083,0.8604,1.001
14.145543,0.5113,-0.0088,0.8604,1.001
14.147280,0.5108,-0.0078,0.8614,1.002
14.149421,0.5118,-0.0078,0.8619,1.002
14.152029,0.5113,-0.0083,0.8604,1.001
14.154846,0.5113,-0.0088,0.8600,1.001
14.156133,0.5118,-0.0083,0.8600,1.001
14.159026,0.5123,-0.0073,0.8609,1.002
14.159959,0.5113,-0.0088,0.8609,1.001
14.162325,0.5103,-0.0088,0.8604,1.000
14.164399,0.5108,-0.0078,0.8600,1.000
14.166488,0.5103,-0.0083,0.8600,1.000
14.168960,0.5108,-0.0093,0.8600,1.000
14.171295,0.5108,-0.0088,0.8600,1.000
14.173169,0.5118,-0.0093,0.8595,1.000
14.175167,0.5127,-0.0088,0.8595,1.001
14.177032,0.5113,-0.0083,0.8614,1.002
14.179178,0.5118,-0.0083,0.8609,1.002
14.181270,0.5108,-0.0093,0.8604,1.001
14.184578,0.5098,-0.0088,0.8609,1.001
14.186032,0.5103,-0.0098,0.8609,1.001
14.188717,0.5093,-0.0098,0.8619,1.001
14.189971,0.5108,-0.0098,0.8614,1.002
14.191661,0.5118,-0.0098,0.8614,1.002
14.193571,0.5108,-0.0103,0.8614,1.002
14.195828,0.5113,-0.0103,0.8624,1.003
14.198405,0.5108,-0.0107,0.8624,1.002
14.200984,0.5113,-0.0103,0.8609,1.001
14.202541,0.5108,-0.0107,0.8609,1.001
14.204550,0.5103,-0.0107,0.8624,1.002
14.206858,0.5118,-0.0103,0.8614,1.002
14.208636,0.5118,-0.0093,0.8614,1.002
14.210796,0.5127,-0.0098,0.8619,1.003
14.212934,0.5113,-0.0093,0.8624,1.003
14.215369,0.5108,-0.0093,0.8614,1.002
14.218550,0.5108,-0.0098,0.8619,1.002
14.219608,0.5108,-0.0103,0.8619,1.002
14.221766,0.5098,-0.0093,0.8619,1.001
14.223618,0.5108,-0.0093,0.8609,1.001
14.225515,0.5103,-0.0088,0.8604,1.000
14.227301,0.5098,-0.0088,0.8604,1.000
14.229390,0.5103,-0.0088,0.8609,1.001
14.232101,0.5108,-0.0088,0.8604,1.001
14.234240,0.5103,-0.0093,0.8609,1.001
14.236832,0.5108,-0.0078,0.8604,1.001
14.240202,0.5108,-0.0088,0.8614,1.002
14.240435,0.5108,-0.0098,0.8614,1.002
14.242318,0.5118,-0.0098,0.8614,1.002
14.244367,0.5118,-0.0093,0.8609,1.002
14.246556,0.5108,-0.0103,0.8604,1.001
14.248625,0.5103,-0.0093,0.8609,1.001
14.251098,0.5098,-0.0083,0.8600,1.000
14.253920,0.5093,-0.0088,0.8604,1.000
14.255878,0.5103,-0.0088,0.8614,1.001
14.258783,0.5098,-0.0088,0.8604,1.000
14.259114,0.5103,-0.0088,0.8614,1.001
14.261096,0.5103,-0.0088,0.8604,1.000
14.263470,0.5108,-0.0088,0.8604,1.001
14.266027,0.5098,-0.0093,0.8600,1.000
14.269060,0.5098,-0.0098,0.8600,1.000
14.269337,0.5108,-0.0103,0.8609,1.001
14.271807,0.5113,-0.0098,0.8609,1.001
14.273581,0.5108,-0.0093,0.8619,1.002
14.275756,0.5108,-0.0093,0.8609,1.001
14.279124,0.5113,-0.0098,0.8600,1.001
14.280469,0.5108,-0.0098,0.8600,1.000
14.282371,0.5103,-0.0103,0.8614,1.001
14.284706,0.5103,-0.0103,0.8614,1.001
14.286554,0.5108,-0.0103,0.8614,1.002
14.288580,0.5103,-0.0103,0.8614,1.001
14.290684,0.5103,-0.0107,0.8609,1.001
14.292757,0.5108,-0.0098,0.8614,1.002
14.295716,0.5113,-0.0093,0.8604,1.001
14.297058,0.5123,-0.0093,0.8609,1.002
14.299222,0.5108,-0.0093,0.8609,1.001
14.301987,0.5103,-0.0088,0.8609,1.001
14.303453,0.5103,-0.0088,0.8614,1.001
14.305520,0.5113,-0.0103,0.8600,1.001
14.307263,0.5108,-0.0098,0.8604,1.001
14.309468,0.5108,-0.0093,0.8619,1.002
14.311782,0.5108,-0.0088,0.8595,1.000
14.313912,0.5103,-0.0083,0.8609,1.001
14.315922,0.5113,-0.0093,0.8609,1.001
14.318346,0.5118,-0.0093,0.8600,1.001
14.320195,0.5113,-0.0088,0.8609,1.001
14.322357,0.5113,-0.0078,0.8609,1.001
14.324878,0.5113,-0.0078,0.8604,1.001
14.326474,0.5103,-0.0088,0.8609,1.001
14.328573,0.5108,-0.0078,0.8604,1.001
14.330831,0.5118,-0.0088,0.8600,1.001
14.332810,0.5113,-0.0088,0.8604,1.001
14.335420,0.5118,-0.0088,0.8604,1.001
14.337040,0.5108,-0.0083,0.8604,1.001
14.339259,0.5098,-0.0093,0.8600,1.000
14.341178,0.5103,-0.0098,0.8595,1.000
14.343468,0.5103,-0.0093,0.8600,1.000
14.345489,0.5093,-0.0093,0.8595,0.999
14.347266,0.5098,-0.0093,0.8604,1.000
14.349341,0.5103,-0.0093,0.8590,0.999
14.352008,0.5088,-0.0093,0.8585,0.998
14.353948,0.5088,-0.0093,0.8595,0.999
14.356172,0.5103,-0.0098,0.8604,1.000
14.358183,0.5118,-0.0098,0.8614,1.002
14.360299,0.5132,-0.0107,0.8624,1.004
14.362219,0.5147,-0.0103,0.8634,1.005
14.365127,0.5142,-0.0107,0.8634,1.005
14.366464,0.5123,-0.0093,0.8643,1.005
14.369121,0.5123,-0.0098,0.8643,1.005
14.371005,0.5118,-0.0093,0.8634,1.004
14.372992,0.5108,-0.0098,0.8643,1.004
14.375140,0.5103,-0.0093,0.8629,1.003
14.377172,0.5093,-0.0103,0.8619,1.001
14.379210,0.5079,-0.0088,0.8614,1.000
14.381371,0.5084,-0.0088,0.8614,1.000
14.383532,0.5079,-0.0083,0.8609,1.000
14.385980,0.5098,-0.0083,0.8614,1.001
14.387622,0.5113,-0.0083,0.8609,1.001
14.389560,0.5113,-0.0088,0.8624,1.003
14.391815,0.5127,-0.0088,0.8624,1.003
14.393956,0.5137,-0.0093,0.8609,1.003
14.395960,0.5137,-0.0088,0.8590,1.001
14.398320,0.5137,-0.0083,0.8590,1.001
14.400404,0.5132,-0.0083,0.8595,1.001
14.402783,0.5123,-0.0088,0.8595,1.001
14.404522,0.5113,-0.0093,0.8585,0.999
14.406846,0.5103,-0.0088,0.8600,1.000
14.408706,0.5098,-0.0098,0.8590,0.999
14.410983,0.5079,-0.0093,0.8595,0.998
14.412926,0.5084,-0.0093,0.8600,0.999
14.415320,0.5093,-0.0093,0.8595,0.999
14.417159,0.5098,-0.0088,0.8604,1.000
14.419825,0.5098,-0.0093,0.8609,1.001
14.421337,0.5113,-0.0088,0.8619,1.002
14.423493,0.5137,-0.0093,0.8624,1.004
14.425584,0.5132,-0.0093,0.8634,1.004
14.427379,0.5127,-0.0083,0.8639,1.005
14.429637,0.5123,-0.0078,0.8624,1.003
14.432020,0.5123,-0.0098,0.8619,1.003
14.433714,0.5118,-0.0098,0.8624,1.003
14.441743,0.5108,-0.0093,0.8619,1.002
14.442236,0.5093,-0.0098,0.8619,1.001
14.442329,0.5088,-0.0112,0.8619,1.001
14.442401,0.5079,-0.0103,0.8614,1.000
14.444582,0.5074,-0.0107,0.8604,0.999
14.446625,0.5088,-0.0103,0.8595,0.999
14.449753,0.5108,-0.0107,0.8600,1.000
14.452340,0.5113,-0.0098,0.8609,1.001
14.453018,0.5123,-0.0088,0.8624,1.003
14.455158,0.5132,-0.0093,0.8619,1.003
14.457178,0.5137,-0.0093,0.8614,1.003
14.459227,0.5137,-0.0093,0.8609,1.003
14.461400,0.5132,-0.0088,0.8624,1.004
14.463567,0.5118,-0.0093,0.8614,1.002
14.465772,0.5113,-0.0088,0.8604,1.001
14.468817,0.5098,-0.0088,0.8609,1.001
14.469599,0.5098,-0.0093,0.8595,0.999
14.471978,0.5088,-0.0093,0.8585,0.998
14.474011,0.5084,-0.0093,0.8575,0.997
14.476124,0.5084,-0.0093,0.8595,0.999
14.478233,0.5103,-0.0083,0.8600,1.000
14.480353,0.5118,-0.0088,0.8609,1.002
14.482460,0.5113,-0.0088,0.8609,1.001
14.484713,0.5118,-0.0093,0.8609,1.002
14.487014,0.5137,-0.0088,0.8619,1.003
14.489225,0.5123,-0.0093,0.8619,1.003
14.490983,0.5132,-0.0093,0.8609,1.002
14.493002,0.5123,-0.0098,0.8600,1.001
14.495181,0.5123,-0.0093,0.8614,1.002
14.497147,0.5113,-0.0093,0.8614,1.002
14.499401,0.5098,-0.0088,0.8604,1.000
14.501532,0.5103,-0.0083,0.8595,1.000
14.503649,0.5093,-0.0088,0.8600,1.000
14.505701,0.5098,-0.0093,0.8600,1.000
14.507727,0.5103,-0.0088,0.8609,1.001
14.509658,0.5108,-0.0088,0.8614,1.002
14.512081,0.5103,-0.0093,0.8619,1.002
14.513903,0.5103,-0.0093,0.8614,1.001
14.516004,0.5108,-0.0093,0.8614,1.002
14.519150,0.5118,-0.0098,0.8619,1.002
14.520495,0.5118,-0.0088,0.8604,1.001
14.522455,0.5118,-0.0088,0.8600,1.001
14.524635,0.5113,-0.0093,0.8595,1.000
14.526912,0.5108,-0.0088,0.8604,1.001
14.529047,0.5098,-0.0093,0.8604,1.000
14.531000,0.5098,-0.0098,0.8595,0.999
14.533064,0.5108,-0.0093,0.8609,1.001
14.535882,0.5103,-0.0098,0.8614,1.001
14.537384,0.5103,-0.0098,0.8600,1.000
14.539371,0.5103,-0.0103,0.8595,1.000
14.541513,0.5108,-0.0098,0.8609,1.001
14.543619,0.5113,-0.0103,0.8619,1.002
14.545843,0.5113,-0.0093,0.8609,1.001
14.547535,0.5123,-0.0088,0.8614,1.002
14.549778,0.5123,-0.0103,0.8609,1.002
14.552610,0.5118,-0.0093,0.8600,1.001
14.554177,0.5113,-0.0093,0.8604,1.001
14.556258,0.5108,-0.0098,0.8604,1.001
14.558378,0.5103,-0.0098,0.8604,1.000
14.560480,0.5103,-0.0093,0.8609,1.001
14.562619,0.5103,-0.0083,0.8614,1.001
14.564687,0.5108,-0.0088,0.8600,1.000
14.567138,0.5103,-0.0088,0.8604,1.000
14.569622,0.5113,-0.0088,0.8590,1.000
14.571281,0.5123,-0.0083,0.8595,1.001
14.573047,0.5118,-0.0088,0.8600,1.001
14.575307,0.5113,-0.0093,0.8614,1.002
14.577453,0.5123,-0.0093,0.8614,1.002
14.579900,0.5118,-0.0098,0.8614,1.002
14.581744,0.5108,-0.0093,0.8600,1.000
14.583603,0.5103,-0.0098,0.8595,1.000
14.586421,0.5098,-0.0098,0.8590,0.999
14.587583,0.5108,-0.0098,0.8600,1.000
14.589633,0.5103,-0.0093,0.8600,1.000
14.591990,0.5098,-0.0098,0.8604,1.000
14.593896,0.5098,-0.0103,0.8609,1.001
14.596073,0.5103,-0.0093,0.8604,1.000
14.598403,0.5118,-0.0088,0.8600,1.001
14.600520,0.5123,-0.0088,0.8609,1.002
14.603502,0.5118,-0.0088,0.8614,1.002
14.605198,0.5127,-0.0088,0.8614,1.003
14.606875,0.5123,-0.0093,0.8614,1.002
14.608974,0.5113,-0.0093,0.8604,1.001
14.611018,0.5118,-0.0093,0.8604,1.001
14.613228,0.5118,-0.0093,0.8609,1.002
14.615369,0.5108,-0.0107,0.8604,1.001
14.617374,0.5103,-0.0098,0.8609,1.001
14.619500,0.5098,-0.0103,0.8595,0.999
14.621793,0.5093,-0.0103,0.8604,1.000
14.623682,0.5093,-0.0107,0.8595,0.999
14.625873,0.5108,-0.0103,0.8600,1.000
14.627689,0.5113,-0.0088,0.8595,1.000
14.629785,0.5118,-0.0098,0.8600,1.001
14.632328,0.5123,-0.0088,0.8604,1.001
14.634304,0.5132,-0.0093,0.8609,1.002
14.636328,0.5127,-0.0093,0.8604,1.002
14.638475,0.5123,-0.0093,0.8614,1.002
14.640511,0.5118,-0.0093,0.8609,1.002
14.642685,0.5103,-0.0093,0.8609,1.001
14.644701,0.5108,-0.0093,0.8600,1.000
14.646980,0.5113,-0.0088,0.8595,1.000
14.648995,0.5108,-0.0093,0.8600,1.000
14.651137,0.5093,-0.0098,0.8600,1.000
14.653624,0.5088,-0.0088,0.8609,1.000
14.656549,0.5093,-0.0093,0.8609,1.000
14.657419,0.5103,-0.0093,0.8595,1.000
14.659628,0.5118,-0.0093,0.8595,1.000
14.661608,0.5118,-0.0093,0.8604,1.001
14.663702,0.5113,-0.0098,0.8609,1.001
14.665912,0.5118,-0.0088,0.8595,1.000
14.667741,0.5132,-0.0103,0.8580,1.000
14.669795,0.5123,-0.0117,0.8595,1.001
14.672110,0.5113,-0.0146,0.8600,1.001
14.674474,0.5108,-0.0156,0.8604,1.001
14.677179,0.5088,-0.0176,0.8614,1.001
14.678547,0.5069,-0.0181,0.8639,1.002
14.680819,0.5049,-0.0190,0.8648,1.002
14.682837,0.5049,-0.0181,0.8648,1.002
14.685970,0.5069,-0.0186,0.8639,1.002
14.687163,0.5098,-0.0186,0.8619,1.002
14.690167,0.5113,-0.0176,0.8580,0.999
14.692617,0.5113,-0.0166,0.8556,0.997
14.693559,0.5113,-0.0161,0.8536,0.995
14.695380,0.5137,-0.0166,0.8526,0.996
14.697451,0.5147,-0.0186,0.8546,0.998
14.699633,0.5157,-0.0205,0.8575,1.001
14.702635,0.5167,-0.0200,0.8639,1.007
14.704094,0.5167,-0.0176,0.8678,1.010
14.706165,0.5152,-0.0137,0.8663,1.008
14.708067,0.5118,-0.0093,0.8600,1.001
14.709991,0.5084,-0.0049,0.8595,0.999
14.712221,0.5088,-0.0034,0.8585,0.998
14.714321,0.5074,-0.0024,0.8560,0.995
14.716372,0.5054,0.0015,0.8565,0.995
14.719472,0.5079,0.0068,0.8575,0.997
14.720840,0.5127,0.0117,0.8536,0.996
14.724088,0.5171,0.0146,0.8575,1.001
14.724942,0.5201,0.0176,0.8639,1.008
14.727275,0.5206,0.0171,0.8702,1.014
14.729094,0.5215,0.0166,0.8722,1.016
14.731232,0.5201,0.0161,0.8766,1.019
14.733261,0.5186,0.0142,0.8834,1.024
14.736137,0.5176,0.0122,0.8878,1.028
14.737587,0.5132,0.0073,0.8868,1.025
14.740440,0.5079,0.0000,0.8927,1.027
14.741757,0.5054,-0.0044,0.8888,1.022
14.743917,0.5035,-0.0088,0.8673,1.003
14.745757,0.4996,-0.0132,0.8502,0.986
14.747765,0.4957,-0.0146,0.8385,0.974
14.749820,0.4952,-0.0190,0.8297,0.966
14.752214,0.4971,-0.0220,0.8253,0.964
14.755116,0.5015,-0.0234,0.8228,0.964
14.756298,0.5103,-0.0225,0.8228,0.968
14.758781,0.5191,-0.0215,0.8287,0.978
14.760968,0.5245,-0.0205,0.8380,0.989
14.762817,0.5245,-0.0210,0.8438,0.994
14.764881,0.5210,-0.0244,0.8458,0.994
14.767033,0.5191,-0.0273,0.8443,0.992
14.769989,0.5196,-0.0283,0.8487,0.996
14.771655,0.5201,-0.0288,0.8541,1.000
14.773990,0.5191,-0.0288,0.8614,1.006
14.775575,0.5186,-0.0283,0.8707,1.014
14.779200,0.5137,-0.0259,0.8800,1.019
14.779597,0.5074,-0.0220,0.8893,1.024
14.781874,0.5020,-0.0171,0.8946,1.026
14.783866,0.4961,-0.0137,0.8990,1.027
14.787059,0.4932,-0.0117,0.8985,1.025
14.788036,0.4883,-0.0098,0.8946,1.019
14.790322,0.4869,-0.0088,0.8873,1.012
14.792307,0.4883,-0.0039,0.8746,1.002
14.794479,0.4942,0.0029,0.8653,0.997
14.796945,0.5025,0.0063,0.8600,0.996
14.798695,0.5137,0.0078,0.8600,1.002
14.800754,0.5254,0.0083,0.8614,1.009
14.803076,0.5342,0.0093,0.8619,1.014
14.805395,0.5367,0.0088,0.8814,1.032
14.807645,0.5425,0.0054,0.9381,1.084
14.809231,0.5528,0.0005,1.0006,1.143
14.811481,0.5621,-0.0078,1.0338,1.177
14.813395,0.5582,-0.0127,1.0328,1.174
14.815571,0.5396,-0.0127,1.0108,1.146
14.817579,0.4961,-0.0117,0.9962,1.113
14.820009,0.5030,0.0034,1.0128,1.131
14.822751,0.5152,-0.0024,1.0665,1.184
14.824408,0.5171,-0.0010,1.0880,1.205
14.825928,0.5191,-0.0005,1.0777,1.196
14.828748,0.5210,-0.0049,1.0924,1.210
14.830095,0.5254,0.0039,1.1153,1.233
14.832129,0.5235,0.0176,1.1105,1.228
14.834314,0.5084,0.0142,1.0909,1.204
14.836565,0.4942,0.0063,1.0729,1.181
14.839250,0.4922,0.0049,1.0543,1.164
14.840848,0.4986,0.0034,1.0328,1.147
14.843002,0.5040,0.0015,1.0104,1.129
14.845046,0.5074,-0.0005,0.9913,1.114
14.847308,0.5098,-0.0024,0.9752,1.100
14.849364,0.5074,0.0000,0.9605,1.086
14.851704,0.5010,0.0049,0.9459,1.070
14.854080,0.4913,0.0039,0.9254,1.048
14.858531,0.4869,0.0029,0.9034,1.026
14.858731,0.4883,0.0049,0.8790,1.006
14.860230,0.4913,0.0034,0.8531,0.984
14.862377,0.4942,0.0049,0.8223,0.959
14.864076,0.4947,0.0073,0.7930,0.935
14.865976,0.4898,0.0068,0.7633,0.907
14.867925,0.4830,0.0063,0.7291,0.875
14.870408,0.4766,0.0073,0.6949,0.843
14.872554,0.4712,0.0073,0.6612,0.812
14.874661,0.4688,0.0078,0.6290,0.784
14.878755,0.4683,0.0103,0.5967,0.759
14.878900,0.4708,0.0122,0.5684,0.738
14.881751,0.4747,0.0171,0.5440,0.722
14.889082,0.4810,0.0254,0.5230,0.711
14.889374,0.4898,0.0347,0.5074,0.706
14.889452,0.5010,0.0459,0.4996,0.709
14.889520,0.5098,0.0581,0.4952,0.713
14.891471,0.5176,0.0679,0.4942,0.719
14.895575,0.5230,0.0752,0.5001,0.727
14.895707,0.5298,0.0796,0.5088,0.739
14.897623,0.5333,0.0825,0.5220,0.751
14.899863,0.5323,0.0840,0.5367,0.761
14.901894,0.5245,0.0855,0.5557,0.769
14.904042,0.5157,0.0889,0.5738,0.777
14.905951,0.5093,0.0908,0.5943,0.788
14.908784,0.5015,0.0899,0.6168,0.800
14.910156,0.4957,0.0864,0.6397,0.814
14.915022,0.4913,0.0811,0.6612,0.828
14.915191,0.4869,0.0732,0.6798,0.839
14.916436,0.4830,0.0679,0.6949,0.849
14.920385,0.4786,0.0635,0.7120,0.860
14.921015,0.4756,0.0586,0.7252,0.869
14.923808,0.4732,0.0513,0.7359,0.876
14.925685,0.4717,0.0415,0.7447,0.883
14.928860,0.4732,0.0313,0.7496,0.887
14.929629,0.4756,0.0190,0.7540,0.892
14.931690,0.4776,0.0063,0.7545,0.893
14.933593,0.4815,-0.0078,0.7515,0.893
14.936937,0.4869,-0.0205,0.7457,0.891
14.938126,0.4903,-0.0298,0.7408,0.889
14.939857,0.4922,-0.0352,0.7369,0.887
14.942090,0.4922,-0.0386,0.7276,0.879
14.945654,0.4922,-0.0405,0.7159,0.870
14.946030,0.4932,-0.0366,0.7056,0.862
14.947979,0.4932,-0.0234,0.6954,0.853
14.950435,0.4947,-0.0063,0.6822,0.843
14.953926,0.4961,0.0171,0.6729,0.836
14.954678,0.5528,0.0801,0.9737,1.123
14.957078,0.6021,0.1040,1.2653,1.405
14.960130,0.6558,0.0747,1.3165,1.473
14.961970,0.6622,0.0039,1.1422,1.320
14.963276,0.6480,-0.0498,1.0592,1.243
14.965113,0.6099,-0.0200,0.9874,1.161
14.967284,0.5557,0.0220,0.9513,1.102
14.970632,0.5005,0.0117,0.9762,1.097
14.971743,0.4581,-0.0024,1.0426,1.139
14.973702,0.4278,-0.0308,1.0499,1.134
14.975779,0.4165,-0.0703,0.9913,1.078
14.979337,0.4415,-0.0903,0.9894,1.087
14.980497,0.4766,-0.0923,1.0987,1.201
14.982062,0.4756,-0.0903,1.1403,1.239
14.984146,0.4717,-0.0781,1.0870,1.188
14.987760,0.4732,-0.0859,1.0597,1.164
14.988139,0.4820,-0.0942,1.0738,1.181
14.990272,0.5010,-0.0996,1.1061,1.218
14.992466,0.5225,-0.1055,1.1363,1.255
14.994832,0.5323,-0.1016,1.1481,1.270
14.997510,0.5259,-0.0952,1.1188,1.240
14.998860,0.5088,-0.0982,1.0836,1.201
15.000970,0.4971,-0.0967,1.0856,1.198
15.005106,0.4961,-0.0850,1.1085,1.217
15.005475,0.4947,-0.0850,1.1090,1.217
15.007303,0.4903,-0.0942,1.0885,1.198
15.009340,0.4908,-0.0972,1.0787,1.189
15.011452,0.5001,-0.0903,1.0890,1.202
15.014236,0.5054,-0.0874,1.0997,1.213
15.015663,0.5030,-0.0933,1.0958,1.209
15.017996,0.4996,-0.0947,1.0880,1.201
15.021169,0.5010,-0.0908,1.0846,1.198
15.022162,0.5108,-0.0874,1.0934,1.210
15.024122,0.5127,-0.0942,1.0856,1.204
15.026278,0.5054,-0.1006,1.0582,1.177
15.028777,0.5001,-0.0899,1.0621,1.177
15.031276,0.4859,-0.0952,1.0753,1.184
15.032591,0.4737,-0.1011,1.0450,1.152
15.034883,0.4747,-0.0982,1.0060,1.117
15.036857,0.4815,-0.0884,0.9908,1.105
15.039011,0.4839,-0.0850,0.9845,1.100
15.041006,0.4839,-0.0806,0.9684,1.086
15.043113,0.4874,-0.0752,0.9513,1.071
15.045206,0.4908,-0.0698,0.9469,1.069
15.047393,0.4937,-0.0664,0.9674,1.088
15.049440,0.5044,-0.0606,0.9034,1.036
15.051635,0.5206,-0.0523,0.8971,1.038
15.053906,0.5323,-0.0425,1.0470,1.175
15.055919,0.5665,-0.0083,0.8551,1.026
15.057839,0.5704,0.0054,0.5596,0.799
15.060021,0.5181,0.0259,0.4038,0.657
15.062770,0.4742,0.0176,0.4537,0.656
15.064281,0.4883,0.0230,0.5088,0.706
15.065996,0.4996,0.0488,0.4766,0.692
15.068118,0.4805,0.0601,0.4068,0.632
15.070310,0.4659,0.0601,0.3609,0.592
15.072524,0.4786,0.0591,0.3389,0.589
15.074545,0.4966,0.0420,0.3487,0.608
15.076748,0.4976,0.0327,0.3570,0.613
15.079074,0.4903,0.0435,0.3389,0.598
15.081305,0.4927,0.0620,0.3316,0.597
15.083500,0.5054,0.0772,0.3736,0.633
15.085349,0.5176,0.0835,0.4258,0.675
15.087770,0.5220,0.0801,0.4620,0.702
15.089722,0.5303,0.0776,0.4922,0.728
15.091907,0.5635,0.0869,0.5948,0.824
15.093838,0.6163,0.1030,0.8468,1.052
15.096605,0.6202,0.1196,0.9044,1.103
15.098227,0.6597,0.1187,1.0040,1.207
15.100253,0.6749,0.0737,1.0704,1.268
15.102421,0.6373,0.0117,1.0025,1.188
15.104457,0.5709,-0.0205,0.9249,1.087
15.106467,0.5064,-0.0176,0.9356,1.064
15.108360,0.4581,-0.0210,0.9747,1.077
15.113571,0.4234,-0.0234,0.9845,1.072
15.113959,0.3951,-0.0347,0.9679,1.046
15.115104,0.3848,-0.0469,0.9474,1.024
15.117057,0.4009,-0.0620,0.9371,1.021
15.119247,0.4356,-0.0640,0.9527,1.050
15.121714,0.4644,-0.0635,0.9889,1.094
15.123488,0.4751,-0.0654,1.0128,1.121
15.125436,0.4878,-0.0620,1.0050,1.119
15.128430,0.5088,-0.0527,0.9869,1.112
15.129842,0.5337,-0.0430,0.9815,1.118
15.132227,0.5543,-0.0405,0.9962,1.141
15.134284,0.5660,-0.0405,1.0099,1.158
15.136841,0.5694,-0.0459,1.0162,1.166
15.138554,0.5616,-0.0552,1.0035,1.151
15.140377,0.5450,-0.0601,0.9894,1.131
15.142429,0.5269,-0.0601,0.9889,1.122
15.145249,0.5108,-0.0610,0.9908,1.116
15.146443,0.4957,-0.0693,0.9898,1.109
15.148541,0.4825,-0.0791,0.9879,1.102
15.150908,0.4737,-0.0889,0.9879,1.099
15.152719,0.4673,-0.0938,0.9879,1.097
15.155471,0.4600,-0.0977,0.9903,1.096
15.157207,0.4556,-0.0977,0.9889,1.093
15.159360,0.4571,-0.0938,0.9815,1.087
15.161874,0.4654,-0.0899,0.9723,1.082
15.163786,0.4756,-0.0894,0.9649,1.080
15.165639,0.4859,-0.0899,0.9635,1.083
15.168252,0.4952,-0.0894,0.9620,1.086
15.170398,0.5035,-0.0835,0.9483,1.077
15.171872,0.5093,-0.0757,0.9278,1.061
15.173947,0.5132,-0.0703,0.9083,1.046
15.176240,0.5157,-0.0654,0.8912,1.032
15.179249,0.5201,-0.0606,0.8785,1.023
15.180575,0.5250,-0.0571,0.8678,1.016
15.182682,0.5274,-0.0552,0.8546,1.006
15.185090,0.5284,-0.0527,0.8394,0.993
15.186856,0.5289,-0.0479,0.8272,0.983
15.188539,0.5289,-0.0415,0.8199,0.977
15.190687,0.5264,-0.0376,0.8136,0.970
15.192998,0.5264,-0.0347,0.8077,0.965
15.195185,0.5225,-0.0269,0.8038,0.959
15.197300,0.5093,-0.0205,0.7984,0.947
15.199435,0.4942,-0.0230,0.7984,0.939
15.201421,0.4869,-0.0195,0.8023,0.939
15.204078,0.4947,-0.0098,0.8092,0.948
15.205957,0.5093,-0.0020,0.8038,0.952
15.208025,0.5181,-0.0015,0.7940,0.948
15.209949,0.5206,0.0005,0.7945,0.950
15.212257,0.5176,0.0029,0.8018,0.954
15.214481,0.5127,0.0044,0.8028,0.953
15.216155,0.5084,0.0059,0.8028,0.950
15.218135,0.5084,0.0083,0.8023,0.950
15.220387,0.5127,0.0083,0.8014,0.951
15.222711,0.5186,0.0083,0.8023,0.955
15.224882,0.5269,0.0073,0.8062,0.963
15.226506,0.5294,0.0044,0.8116,0.969
15.230358,0.5245,-0.0005,0.8131,0.968
15.231130,0.5162,-0.0054,0.8106,0.961
15.232864,0.5074,-0.0063,0.8111,0.957
15.234903,0.5010,-0.0107,0.8116,0.954
15.238165,0.4986,-0.0181,0.8121,0.953
15.239524,0.5015,-0.0234,0.8126,0.955
15.241559,0.5064,-0.0273,0.8165,0.961
15.243593,0.5108,-0.0313,0.8194,0.966
15.245691,0.5118,-0.0371,0.8209,0.968
15.247907,0.5118,-0.0405,0.8258,0.972
15.250019,0.5103,-0.0420,0.8272,0.973
15.252089,0.5084,-0.0449,0.8297,0.974
15.254286,0.5069,-0.0498,0.8307,0.974
15.256359,0.5069,-0.0527,0.8346,0.978
15.258387,0.5084,-0.0537,0.8385,0.982
15.260501,0.5103,-0.0532,0.8404,0.985
15.262698,0.5108,-0.0537,0.8404,0.985
15.264642,0.5088,-0.0523,0.8399,0.983
15.266623,0.5069,-0.0503,0.8414,0.984
15.268580,0.5049,-0.0488,0.8463,0.987
15.271617,0.5040,-0.0474,0.8497,0.989
15.273183,0.5040,-0.0454,0.8556,0.994
15.275303,0.5064,-0.0410,0.8590,0.998
15.277335,0.5103,-0.0386,0.8643,1.004
15.279617,0.5123,-0.0376,0.8697,1.010
15.281506,0.5132,-0.0361,0.8751,1.015
15.283614,0.5127,-0.0347,0.8790,1.018
15.285623,0.5103,-0.0332,0.8805,1.018
15.288117,0.5079,-0.0317,0.8819,1.018
15.289981,0.5054,-0.0327,0.8844,1.019
15.292263,0.5049,-0.0332,0.8897,1.024
15.294437,0.5035,-0.0327,0.8971,1.029
15.296272,0.5035,-0.0327,0.8976,1.030
15.298391,0.5020,-0.0327,0.8995,1.031
15.300510,0.5005,-0.0327,0.9039,1.034
15.302556,0.4991,-0.0317,0.9068,1.036
15.305483,0.4991,-0.0322,0.9107,1.039
15.306512,0.4981,-0.0332,0.9146,1.042
15.308651,0.4976,-0.0327,0.9142,1.041
15.310700,0.4996,-0.0332,0.9137,1.042
15.314550,0.5005,-0.0327,0.9142,1.043
15.315098,0.5020,-0.0317,0.9146,1.044
15.317171,0.5040,-0.0313,0.9122,1.043
15.319703,0.5064,-0.0293,0.9083,1.040
15.323273,0.5079,-0.0283,0.9049,1.038
15.324193,0.5103,-0.0273,0.9029,1.038
15.325780,0.5118,-0.0273,0.8976,1.034
15.327874,0.5137,-0.0259,0.8936,1.031
15.330276,0.5152,-0.0264,0.8873,1.026
15.332146,0.5152,-0.0269,0.8819,1.022
15.334257,0.5137,-0.0273,0.8775,1.017
15.336499,0.5123,-0.0273,0.8731,1.013
15.338751,0.5113,-0.0288,0.8712,1.011
15.340893,0.5088,-0.0317,0.8668,1.006
15.343144,0.5049,-0.0352,0.8634,1.001
15.346301,0.5035,-0.0386,0.8624,0.999
15.346967,0.5040,-0.0415,0.8595,0.997
15.348841,0.5035,-0.0459,0.8546,0.993
15.352115,0.5025,-0.0488,0.8565,0.994
15.354345,0.5025,-0.0518,0.8580,0.996
15.355861,0.5030,-0.0562,0.8570,0.995
15.357579,0.5054,-0.0576,0.8575,0.997
15.359522,0.5059,-0.0596,0.8590,0.999
15.362770,0.5079,-0.0606,0.8560,0.997
15.364775,0.5084,-0.0606,0.8541,0.996
15.366851,0.5098,-0.0596,0.8556,0.998
15.368138,0.5118,-0.0601,0.8536,0.997
15.371194,0.5132,-0.0606,0.8521,0.997
15.373439,0.5137,-0.0591,0.8521,0.997
15.374764,0.5137,-0.0571,0.8502,0.995
15.377002,0.5132,-0.0542,0.8458,0.991
15.380581,0.5142,-0.0523,0.8433,0.989
15.381533,0.5152,-0.0513,0.8419,0.988
15.382918,0.5157,-0.0498,0.8414,0.988
15.385078,0.5157,-0.0493,0.8409,0.988
15.387755,0.5167,-0.0483,0.8399,0.987
15.389072,0.5176,-0.0469,0.8385,0.986
15.391405,0.5171,-0.0439,0.8385,0.986
15.393153,0.5152,-0.0410,0.8385,0.985
15.396094,0.5079,-0.0371,0.8394,0.982
15.397480,0.4922,-0.0371,0.8419,0.976
15.399956,0.4791,-0.0366,0.8497,0.976
15.402046,0.4781,-0.0308,0.8556,0.981
15.404531,0.4883,-0.0234,0.8560,0.986
15.406256,0.4971,-0.0186,0.8551,0.989
15.408355,0.5054,-0.0181,0.8575,0.996
15.410456,0.5113,-0.0181,0.8624,1.003
15.413186,0.5118,-0.0166,0.8697,1.009
15.414891,0.5088,-0.0151,0.8741,1.012
15.417045,0.5059,-0.0137,0.8741,1.010
15.418776,0.5079,-0.0122,0.8692,1.007
15.421634,0.5152,-0.0122,0.8702,1.011
15.422987,0.5235,-0.0151,0.8766,1.021
15.425583,0.5284,-0.0186,0.8844,1.030
15.426796,0.5284,-0.0230,0.8888,1.034
15.432624,0.5215,-0.0259,0.8868,1.029
15.433184,0.5098,-0.0278,0.8834,1.020
15.433453,0.5020,-0.0288,0.8809,1.014
15.436061,0.4961,-0.0317,0.8814,1.012
15.444049,0.4917,-0.0352,0.8834,1.012
15.444501,0.4883,-0.0405,0.8844,1.011
15.444664,0.4854,-0.0435,0.8853,1.011
15.444837,0.4825,-0.0386,0.8951,1.018
15.446723,0.4781,-0.0356,0.9059,1.025
15.448076,0.4830,-0.0420,0.9405,1.058
15.450212,0.5025,-0.0523,0.9947,1.116
15.452211,0.5230,-0.0591,1.0367,1.163
15.454265,0.5328,-0.0684,1.0528,1.182
15.456618,0.5416,-0.0781,1.0509,1.185
15.459342,0.5538,-0.0718,1.0416,1.182
15.460821,0.5528,-0.0669,1.0367,1.177
15.463208,0.5401,-0.0659,1.0387,1.173
15.466546,0.5210,-0.0659,1.0318,1.158
15.467300,0.5049,-0.0693,1.0123,1.133
15.468795,0.4922,-0.0732,0.9776,1.097
15.472448,0.4800,-0.0786,0.9381,1.057
15.473000,0.4610,-0.0825,0.9029,1.017
15.475852,0.4454,-0.0791,0.8809,0.990
15.477284,0.4439,-0.0693,0.8307,0.944
15.479850,0.4458,-0.0601,0.7813,0.902
15.482417,0.4483,-0.0523,0.7550,0.880
15.483781,0.4585,-0.0474,0.7408,0.873
15.486004,0.4791,-0.0405,0.7315,0.875
15.488178,0.5064,-0.0303,0.7335,0.892
15.490393,0.5347,-0.0215,0.7340,0.908
15.492311,0.5533,-0.0137,0.7266,0.913
15.494414,0.5665,-0.0117,0.7232,0.919
15.496505,0.5796,-0.0049,0.7315,0.933
15.499323,0.5875,0.0029,0.7467,0.950
15.500660,0.5860,0.0029,0.7193,0.928
15.502995,0.5743,0.0078,0.6480,0.866
15.505094,0.5591,0.0127,0.6187,0.834
15.507062,0.5494,0.0156,0.6270,0.834
15.508866,0.5494,0.0181,0.6475,0.849
15.511448,0.5547,0.0176,0.6724,0.872
15.513588,0.5567,0.0166,0.6905,0.887
15.515839,0.5508,0.0171,0.7198,0.907
15.517588,0.5162,0.0093,0.7530,0.913
15.519752,0.4708,0.0015,0.7750,0.907
15.522843,0.4415,0.0117,0.7808,0.897
15.524243,0.4424,0.0298,0.7789,0.896
15.528305,0.4629,0.0371,0.7935,0.919
15.528427,0.4903,0.0264,0.8282,0.963
15.531981,0.5137,0.0107,0.8683,1.009
