time,gFx,gFy,gFz,TgF
0.000877,0.4898,-0.0786,0.9444,1.067
0.001033,0.5044,-0.0606,0.9513,1.078
0.002641,0.5294,-0.0415,0.9552,1.093
0.006689,0.5450,-0.0317,0.9405,1.087
0.006797,0.5455,-0.0293,0.9215,1.071
0.008825,0.5391,-0.0278,0.9234,1.070
0.010737,0.5337,-0.0210,0.9435,1.084
0.013731,0.5235,-0.0146,0.9571,1.091
0.014873,0.5118,-0.0073,0.9610,1.089
0.017047,0.5025,-0.0005,0.9703,1.093
0.019568,0.4957,-0.0029,0.9864,1.104
0.022403,0.4913,-0.0117,1.0069,1.120
0.024307,0.4932,-0.0137,1.0235,1.136
0.025717,0.4942,-0.0122,1.0304,1.143
0.027969,0.4888,-0.0127,1.0216,1.133
0.030627,0.4849,-0.0122,1.0089,1.119
0.032125,0.4839,-0.0098,0.9972,1.108
0.034130,0.4830,-0.0063,0.9889,1.101
0.036203,0.4830,-0.0088,0.9811,1.094
0.038449,0.4844,-0.0132,0.9713,1.085
0.040675,0.4908,-0.0137,0.9635,1.081
0.042574,0.4996,-0.0122,0.9615,1.084
0.044706,0.5059,-0.0142,0.9645,1.089
0.049204,0.5044,-0.0225,0.9649,1.089
0.049371,0.5049,-0.0283,0.9693,1.093
0.050992,0.5079,-0.0313,0.9742,1.099
0.052877,0.5113,-0.0327,0.9762,1.102
0.055058,0.5137,-0.0356,0.9747,1.102
0.057357,0.5181,-0.0352,0.9708,1.101
0.059366,0.5225,-0.0332,0.9645,1.097
0.061639,0.5250,-0.0278,0.9557,1.091
0.063670,0.5264,-0.0225,0.9469,1.084
0.065807,0.5279,-0.0205,0.9322,1.072
0.067880,0.5279,-0.0146,0.9171,1.058
0.070144,0.5259,-0.0083,0.9039,1.046
0.074067,0.5225,-0.0073,0.9010,1.042
0.074422,0.5181,-0.0112,0.9176,1.054
0.076306,0.5181,-0.0039,0.9015,1.040
0.078455,0.5210,0.0083,0.8751,1.019
0.081346,0.5220,0.0190,0.8687,1.014
0.082631,0.5352,0.0205,0.9317,1.075
0.084727,0.5235,0.0181,0.9562,1.090
0.087472,0.5328,0.0635,0.7721,0.940
0.088955,0.5460,0.0752,0.6260,0.834
0.090902,0.5294,0.0879,0.6148,0.816
0.092825,0.5010,0.0801,0.6251,0.805
0.095073,0.4932,0.0640,0.5987,0.778
0.097375,0.4932,0.0649,0.5469,0.739
0.099306,0.4883,0.0674,0.5250,0.720
0.101270,0.4859,0.0669,0.5333,0.725
0.106755,0.4961,0.0581,0.5440,0.739
0.106872,0.5074,0.0527,0.5430,0.745
0.108131,0.5025,0.0610,0.5396,0.740
0.110011,0.4908,0.0566,0.5386,0.731
0.112878,0.4849,0.0391,0.5479,0.733
0.114284,0.4859,0.0347,0.5587,0.741
0.116390,0.4922,0.0396,0.5626,0.749
0.118437,0.5079,0.0444,0.5748,0.768
0.121459,0.5460,0.0571,0.6910,0.882
0.122731,0.5743,0.0640,0.7725,0.965
0.124815,0.5733,0.0537,0.8521,1.028
0.127099,0.5992,0.0454,0.9718,1.143
0.130033,0.6094,0.0078,0.9947,1.167
0.130903,0.5806,-0.0317,0.8956,1.068
0.133135,0.5528,-0.0264,0.8443,1.010
0.135000,0.5279,-0.0039,0.8746,1.022
0.138392,0.5079,0.0005,0.9220,1.053
0.139767,0.4922,-0.0146,0.9474,1.068
0.141692,0.4771,-0.0313,0.9454,1.059
0.143950,0.4703,-0.0396,0.9308,1.044
0.145937,0.4800,-0.0264,0.9220,1.040
0.148034,0.5049,-0.0044,0.9254,1.054
0.150094,0.5294,0.0054,0.9386,1.078
0.152393,0.5328,0.0010,0.9420,1.082
0.154400,0.5181,-0.0063,0.9371,1.071
0.156374,0.5118,0.0005,0.9420,1.072
0.158529,0.5103,0.0098,0.9532,1.081
0.160711,0.5049,0.0151,0.9625,1.087
0.163444,0.4957,0.0122,0.9654,1.085
0.164819,0.4883,0.0020,0.9688,1.085
0.166943,0.4844,-0.0122,0.9703,1.085
0.169226,0.4874,-0.0190,0.9728,1.088
0.171033,0.4986,-0.0166,0.9762,1.096
0.173018,0.5010,-0.0161,0.9752,1.096
0.175190,0.4986,-0.0195,0.9698,1.091
0.177322,0.4986,-0.0220,0.9630,1.085
0.179753,0.5015,-0.0205,0.9586,1.082
0.181441,0.5069,-0.0171,0.9542,1.081
0.184094,0.5113,-0.0176,0.9503,1.079
0.185853,0.5162,-0.0215,0.9430,1.075
0.188123,0.5240,-0.0220,0.9395,1.076
0.190153,0.5328,-0.0176,0.9410,1.082
0.192331,0.5347,-0.0171,0.9435,1.085
0.194299,0.5289,-0.0205,0.9435,1.082
0.196684,0.5225,-0.0220,0.9425,1.078
0.198559,0.5171,-0.0210,0.9444,1.077
0.200681,0.5127,-0.0181,0.9420,1.073
0.203183,0.5103,-0.0171,0.9371,1.067
0.204927,0.5108,-0.0151,0.9312,1.062
0.206969,0.5137,-0.0127,0.9288,1.061
0.209085,0.5171,-0.0088,0.9259,1.061
0.210983,0.5196,-0.0029,0.9215,1.058
0.213262,0.5196,0.0024,0.9142,1.052
0.215609,0.5167,0.0078,0.9083,1.045
0.217558,0.5127,0.0083,0.9142,1.048
0.219619,0.5064,0.0039,0.9264,1.056
0.221775,0.5074,0.0054,0.9068,1.039
0.224028,0.5113,0.0103,0.8863,1.023
0.225972,0.5079,0.0161,0.8790,1.015
0.228025,0.5069,0.0181,0.8766,1.013
0.230195,0.5206,0.0171,0.8966,1.037
0.232304,0.5298,0.0088,0.9293,1.070
0.234385,0.5196,0.0254,0.8038,0.957
0.236461,0.5274,0.0679,0.6602,0.848
0.238779,0.5250,0.0703,0.6270,0.821
0.240593,0.5132,0.0689,0.6216,0.809
0.242901,0.5035,0.0630,0.5967,0.783
0.244977,0.4986,0.0508,0.5743,0.762
0.247412,0.5030,0.0542,0.5499,0.747
0.249189,0.5108,0.0615,0.5318,0.740
0.251070,0.5191,0.0581,0.5484,0.757
0.253156,0.5279,0.0503,0.5670,0.776
0.255501,0.5279,0.0513,0.5587,0.770
0.257660,0.5132,0.0493,0.5518,0.755
0.259630,0.5064,0.0405,0.6011,0.787
0.261583,0.5186,0.0391,0.6842,0.859
0.264050,0.5279,0.0430,0.7198,0.894
0.266059,0.5357,0.0356,0.8038,0.967
0.268172,0.5587,0.0322,0.9015,1.061
0.270134,0.5860,0.0181,0.9615,1.126
0.275153,0.5870,-0.0073,0.9371,1.106
0.275494,0.5728,-0.0098,0.8971,1.064
0.276593,0.5494,0.0039,0.8966,1.052
0.278681,0.5181,0.0132,0.9112,1.048
0.280934,0.4957,0.0078,0.9283,1.052
0.282938,0.4810,-0.0078,0.9361,1.053
0.285030,0.4727,-0.0205,0.9312,1.045
0.287133,0.4766,-0.0234,0.9234,1.039
0.289331,0.4981,-0.0107,0.9137,1.041
0.291178,0.5196,0.0034,0.9112,1.049
0.293224,0.5220,0.0078,0.9102,1.049
0.295690,0.5044,0.0044,0.9049,1.036
0.297772,0.4893,0.0029,0.9044,1.028
0.299750,0.4854,0.0073,0.9137,1.035
0.301978,0.4869,0.0103,0.9234,1.044
0.304895,0.4927,0.0137,0.9322,1.055
0.308217,0.4991,0.0127,0.9405,1.065
0.308501,0.5025,0.0063,0.9439,1.069
0.310370,0.5059,-0.0005,0.9464,1.073
0.312477,0.5093,-0.0034,0.9527,1.080
0.316483,0.5059,-0.0068,0.9522,1.078
0.316772,0.5005,-0.0093,0.9444,1.069
0.318794,0.5010,-0.0103,0.9381,1.064
0.320921,0.5064,-0.0103,0.9376,1.066
0.324517,0.5152,-0.0107,0.9391,1.071
0.325064,0.5210,-0.0137,0.9371,1.072
0.327265,0.5230,-0.0151,0.9303,1.067
0.329323,0.5250,-0.0142,0.9205,1.060
0.332906,0.5284,-0.0098,0.9171,1.058
0.333197,0.5298,-0.0073,0.9186,1.060
0.335414,0.5294,-0.0073,0.9210,1.062
0.337483,0.5298,-0.0063,0.9220,1.063
0.343963,0.5308,-0.0039,0.9229,1.065
0.344170,0.5289,-0.0010,0.9186,1.060
0.344270,0.5254,-0.0015,0.9137,1.054
0.346299,0.5220,-0.0044,0.9176,1.056
0.348303,0.5171,-0.0049,0.9220,1.057
0.350347,0.5157,-0.0020,0.9049,1.042
0.352621,0.5137,0.0024,0.8927,1.030
0.359434,0.5098,0.0073,0.8912,1.027
0.360237,0.5054,0.0093,0.8863,1.020
0.360336,0.5040,0.0117,0.8805,1.015
0.361203,0.5049,0.0151,0.8761,1.011
0.363623,0.5108,0.0205,0.8805,1.018
0.365296,0.5240,0.0215,0.8907,1.034
0.367267,0.5284,0.0195,0.8746,1.022
0.370168,0.5147,0.0215,0.7657,0.923
0.373420,0.5074,0.0420,0.6705,0.842
0.373568,0.5010,0.0625,0.6417,0.817
0.375792,0.4952,0.0772,0.6334,0.808
0.378046,0.4932,0.0718,0.6158,0.792
0.382288,0.4981,0.0566,0.5836,0.769
0.382500,0.5044,0.0513,0.5738,0.766
0.384056,0.5196,0.0518,0.5928,0.790
0.386420,0.5430,0.0557,0.6221,0.828
0.391776,0.5523,0.0537,0.6568,0.860
0.392032,0.5396,0.0444,0.6968,0.882
0.392464,0.5230,0.0332,0.7354,0.903
0.394938,0.5167,0.0210,0.7852,0.940
0.398093,0.5254,0.0132,0.8473,0.997
0.398852,0.5430,0.0093,0.9059,1.056
0.400888,0.5474,-0.0049,0.9239,1.074
0.403096,0.5411,-0.0137,0.9088,1.058
0.405872,0.5323,-0.0093,0.9059,1.051
0.407494,0.5230,0.0015,0.9176,1.056
0.409314,0.5108,0.0098,0.9244,1.056
0.411753,0.4991,0.0083,0.9210,1.048
0.413436,0.4922,-0.0005,0.9044,1.030
0.415524,0.4957,-0.0029,0.8853,1.015
0.417480,0.5103,0.0078,0.8805,1.018
0.419647,0.5254,0.0166,0.8878,1.032
0.421992,0.5254,0.0151,0.8956,1.038
0.424111,0.5103,0.0132,0.8927,1.028
0.426226,0.4932,0.0122,0.8863,1.014
0.429190,0.4839,0.0132,0.8912,1.014
0.430982,0.4825,0.0146,0.9063,1.027
0.432535,0.4864,0.0107,0.9181,1.039
0.434981,0.4957,0.0078,0.9244,1.049
0.436815,0.5093,0.0083,0.9288,1.059
0.439046,0.5210,0.0107,0.9356,1.071
0.441018,0.5294,0.0107,0.9391,1.078
0.443070,0.5289,0.0103,0.9347,1.074
0.445193,0.5201,0.0078,0.9215,1.058
0.447552,0.5142,0.0029,0.9142,1.049
0.449508,0.5147,-0.0015,0.9098,1.045
0.451307,0.5191,-0.0034,0.9049,1.043
0.453929,0.5235,-0.0049,0.9010,1.042
0.459178,0.5240,-0.0093,0.8985,1.040
0.459311,0.5225,-0.0122,0.8971,1.038
0.460269,0.5220,-0.0122,0.8985,1.039
0.462136,0.5176,-0.0088,0.8995,1.038
0.464616,0.5127,-0.0073,0.8995,1.035
0.466313,0.5118,-0.0063,0.9000,1.035
0.468380,0.5157,-0.0024,0.9044,1.041
0.470585,0.5206,0.0059,0.9068,1.046
0.476500,0.5235,0.0112,0.8966,1.038
0.476747,0.5215,0.0142,0.8853,1.028
0.476812,0.5186,0.0176,0.8751,1.017
0.478779,0.5147,0.0210,0.8658,1.007
0.481069,0.5142,0.0254,0.8575,1.000
0.483714,0.5132,0.0259,0.8521,0.995
0.486184,0.5093,0.0259,0.8346,0.978
0.487467,0.5044,0.0303,0.7872,0.935
0.491108,0.4976,0.0356,0.7384,0.891
0.492291,0.4898,0.0420,0.7174,0.870
0.493355,0.4869,0.0479,0.7032,0.857
0.495606,0.4908,0.0503,0.6929,0.851
0.498305,0.5015,0.0532,0.6895,0.854
0.501179,0.5167,0.0523,0.6915,0.865
0.501809,0.5298,0.0498,0.7032,0.882
0.504225,0.5386,0.0435,0.7257,0.905
0.506626,0.5411,0.0366,0.7520,0.927
0.508891,0.5337,0.0308,0.7794,0.945
0.510634,0.5245,0.0254,0.8082,0.964
0.512813,0.5206,0.0190,0.8399,0.988
0.514725,0.5250,0.0112,0.8673,1.014
0.516926,0.5289,0.0034,0.8844,1.030
0.518960,0.5308,-0.0015,0.8853,1.032
0.521106,0.5318,-0.0015,0.8814,1.029
0.523411,0.5284,0.0034,0.8844,1.030
0.525429,0.5225,0.0034,0.8897,1.032
0.527469,0.5171,0.0029,0.8912,1.030
0.529538,0.5152,0.0049,0.8868,1.026
0.531490,0.5167,0.0098,0.8800,1.020
0.533611,0.5201,0.0132,0.8775,1.020
0.535813,0.5230,0.0146,0.8805,1.024
0.538024,0.5210,0.0142,0.8844,1.027
0.540396,0.5152,0.0132,0.8834,1.023
0.542606,0.5069,0.0127,0.8853,1.020
0.544225,0.5005,0.0137,0.8883,1.020
0.546444,0.4966,0.0132,0.8936,1.022
0.551056,0.4971,0.0137,0.8985,1.027
0.551287,0.5005,0.0142,0.9024,1.032
0.552629,0.5040,0.0127,0.9049,1.036
0.554884,0.5084,0.0117,0.9049,1.038
0.557276,0.5118,0.0137,0.8995,1.035
0.558995,0.5147,0.0161,0.8956,1.033
0.561060,0.5152,0.0156,0.8927,1.031
0.567485,0.5142,0.0146,0.8878,1.026
0.567739,0.5137,0.0142,0.8809,1.020
0.567802,0.5127,0.0142,0.8761,1.015
0.569519,0.5142,0.0132,0.8746,1.015
0.571476,0.5137,0.0112,0.8722,1.012
0.576365,0.5147,0.0093,0.8707,1.011
0.576562,0.5152,0.0078,0.8692,1.010
0.577623,0.5171,0.0078,0.8683,1.011
0.579927,0.5181,0.0083,0.8678,1.011
0.582299,0.5210,0.0088,0.8683,1.013
0.584411,0.5225,0.0117,0.8658,1.011
0.586384,0.5235,0.0137,0.8624,1.009
0.589148,0.5250,0.0161,0.8565,1.005
0.590753,0.5259,0.0190,0.8492,0.999
0.592945,0.5254,0.0210,0.8365,0.988
0.594855,0.5245,0.0230,0.8223,0.976
0.601250,0.5215,0.0269,0.7989,0.954
0.601486,0.5186,0.0293,0.7789,0.936
0.601545,0.5152,0.0327,0.7696,0.927
0.603273,0.5118,0.0337,0.7637,0.920
0.605873,0.5103,0.0356,0.7608,0.917
0.607556,0.5118,0.0361,0.7633,0.920
0.609899,0.5147,0.0347,0.7691,0.926
0.611384,0.5181,0.0327,0.7799,0.937
0.613836,0.5215,0.0298,0.7955,0.952
0.615881,0.5235,0.0269,0.8136,0.968
0.618364,0.5245,0.0244,0.8316,0.983
0.620214,0.5254,0.0210,0.8492,0.999
0.622822,0.5245,0.0176,0.8595,1.007
0.624595,0.5235,0.0151,0.8692,1.015
0.626769,0.5206,0.0137,0.8751,1.018
0.628620,0.5191,0.0127,0.8731,1.016
0.631899,0.5181,0.0122,0.8736,1.016
0.632800,0.5157,0.0112,0.8726,1.014
0.634984,0.5137,0.0117,0.8702,1.011
0.636990,0.5142,0.0112,0.8687,1.010
0.639958,0.5162,0.0117,0.8673,1.009
0.641376,0.5171,0.0122,0.8668,1.009
0.643686,0.5171,0.0127,0.8683,1.011
0.645569,0.5171,0.0127,0.8726,1.014
0.648377,0.5167,0.0117,0.8756,1.017
0.649732,0.5147,0.0122,0.8790,1.019
0.651590,0.5127,0.0122,0.8834,1.021
0.653614,0.5123,0.0127,0.8863,1.024
0.656277,0.5123,0.0137,0.8888,1.026
0.658123,0.5137,0.0146,0.8897,1.028
0.661061,0.5157,0.0156,0.8897,1.028
0.662126,0.5167,0.0166,0.8893,1.029
0.664965,0.5167,0.0171,0.8878,1.027
0.666535,0.5162,0.0176,0.8829,1.023
0.668968,0.5147,0.0176,0.8770,1.017
0.670813,0.5127,0.0171,0.8712,1.011
0.673357,0.5113,0.0171,0.8673,1.007
0.674986,0.5103,0.0171,0.8653,1.005
0.677029,0.5118,0.0166,0.8634,1.004
0.679136,0.5108,0.0151,0.8595,1.000
0.681658,0.5118,0.0156,0.8570,0.998
0.683542,0.5142,0.0156,0.8531,0.996
0.685828,0.5157,0.0176,0.8477,0.992
0.687620,0.5176,0.0195,0.8429,0.989
0.690321,0.5196,0.0210,0.8331,0.982
0.691637,0.5215,0.0230,0.8238,0.975
0.693747,0.5230,0.0244,0.8155,0.969
0.696427,0.5235,0.0254,0.8062,0.962
0.698767,0.5230,0.0278,0.7994,0.956
0.700513,0.5201,0.0278,0.7960,0.951
0.703031,0.5181,0.0273,0.7960,0.950
0.704499,0.5176,0.0254,0.7999,0.953
0.706593,0.5167,0.0244,0.8057,0.957
0.708656,0.5162,0.0234,0.8140,0.964
0.710805,0.5181,0.0225,0.8233,0.973
0.712946,0.5206,0.0205,0.8341,0.983
0.716668,0.5220,0.0200,0.8433,0.992
0.717208,0.5240,0.0186,0.8531,1.001
0.720218,0.5240,0.0181,0.8609,1.008
0.721391,0.5225,0.0186,0.8648,1.011
0.723560,0.5201,0.0176,0.8668,1.011
0.725391,0.5176,0.0171,0.8683,1.011
0.727791,0.5152,0.0171,0.8687,1.010
0.729799,0.5127,0.0151,0.8712,1.011
0.731991,0.5127,0.0146,0.8722,1.012
0.734026,0.5132,0.0132,0.8726,1.012
0.735996,0.5113,0.0127,0.8717,1.011
0.737950,0.5098,0.0127,0.8712,1.009
0.740086,0.5098,0.0132,0.8702,1.009
0.743127,0.5108,0.0137,0.8726,1.011
0.744742,0.5103,0.0127,0.8722,1.011
0.746620,0.5118,0.0127,0.8722,1.011
0.749419,0.5127,0.0142,0.8731,1.013
0.750862,0.5157,0.0151,0.8741,1.015
0.753143,0.5176,0.0171,0.8746,1.016
0.755049,0.5191,0.0186,0.8746,1.017
0.757637,0.5206,0.0190,0.8731,1.017
0.759265,0.5201,0.0195,0.8702,1.014
0.761534,0.5196,0.0186,0.8658,1.010
0.763526,0.5181,0.0186,0.8634,1.007
0.765814,0.5167,0.0176,0.8600,1.003
0.767922,0.5162,0.0186,0.8580,1.001
0.769971,0.5157,0.0181,0.8551,0.999
0.771686,0.5152,0.0171,0.8526,0.996
0.775325,0.5152,0.0171,0.8497,0.994
0.777338,0.5142,0.0166,0.8477,0.992
0.778791,0.5152,0.0171,0.8448,0.990
0.780323,0.5162,0.0176,0.8429,0.989
0.782982,0.5167,0.0190,0.8399,0.986
0.784913,0.5181,0.0200,0.8365,0.984
0.787420,0.5186,0.0205,0.8336,0.982
0.789091,0.5181,0.0210,0.8326,0.981
0.791425,0.5171,0.0215,0.8292,0.977
0.793089,0.5167,0.0220,0.8272,0.976
0.795158,0.5157,0.0220,0.8253,0.973
0.797319,0.5152,0.0225,0.8263,0.974
0.799926,0.5157,0.0220,0.8277,0.975
0.801406,0.5171,0.0225,0.8302,0.978
0.803615,0.5167,0.0225,0.8360,0.983
0.805677,0.5176,0.0215,0.8409,0.988
0.808249,0.5186,0.0205,0.8458,0.992
0.810021,0.5206,0.0205,0.8516,0.998
0.811762,0.5206,0.0195,0.8590,1.005
0.813939,0.5201,0.0190,0.8609,1.006
0.816349,0.5191,0.0186,0.8634,1.008
0.819972,0.5181,0.0171,0.8653,1.009
0.820380,0.5176,0.0171,0.8663,1.009
0.822762,0.5157,0.0171,0.8668,1.009
0.824815,0.5152,0.0156,0.8658,1.008
0.826607,0.5142,0.0146,0.8663,1.008
0.829265,0.5127,0.0137,0.8663,1.007
0.831967,0.5118,0.0137,0.8668,1.007
0.833242,0.5123,0.0137,0.8668,1.007
0.835162,0.5132,0.0142,0.8673,1.008
0.837318,0.5152,0.0142,0.8673,1.009
0.840122,0.5167,0.0161,0.8668,1.009
0.841640,0.5162,0.0166,0.8663,1.009
0.843843,0.5152,0.0161,0.8639,1.006
0.845955,0.5162,0.0176,0.8619,1.005
0.849208,0.5162,0.0171,0.8604,1.004
0.850171,0.5171,0.0181,0.8560,1.000
0.851771,0.5176,0.0190,0.8521,0.997
0.854029,0.5186,0.0195,0.8502,0.996
0.857602,0.5186,0.0210,0.8477,0.994
0.858392,0.5186,0.0220,0.8438,0.991
0.860493,0.5186,0.0230,0.8409,0.988
0.862570,0.5181,0.0220,0.8385,0.986
0.865721,0.5167,0.0220,0.8370,0.984
0.866951,0.5162,0.0210,0.8365,0.983
0.868936,0.5167,0.0225,0.8360,0.983
0.871168,0.5176,0.0220,0.8360,0.984
0.874114,0.5181,0.0215,0.8385,0.986
0.875497,0.5181,0.0215,0.8385,0.986
0.877383,0.5186,0.0215,0.8394,0.987
0.879581,0.5171,0.0210,0.8419,0.988
0.882367,0.5162,0.0200,0.8443,0.990
0.883688,0.5157,0.0186,0.8463,0.991
0.885732,0.5152,0.0181,0.8477,0.992
0.887805,0.5157,0.0181,0.8497,0.994
0.891160,0.5171,0.0176,0.8531,0.998
0.892365,0.5162,0.0176,0.8556,0.999
0.893850,0.5162,0.0171,0.8556,0.999
0.896104,0.5157,0.0161,0.8570,1.000
0.898466,0.5162,0.0161,0.8590,1.002
0.900297,0.5167,0.0171,0.8595,1.003
0.902904,0.5167,0.0176,0.8614,1.005
0.904831,0.5167,0.0181,0.8614,1.005
0.907372,0.5167,0.0176,0.8609,1.004
0.909544,0.5167,0.0186,0.8614,1.005
0.911519,0.5167,0.0181,0.8604,1.004
0.913355,0.5162,0.0166,0.8600,1.003
0.919651,0.5157,0.0166,0.8604,1.003
0.920130,0.5157,0.0166,0.8595,1.002
0.920410,0.5167,0.0166,0.8604,1.004
0.922402,0.5171,0.0171,0.8619,1.005
0.924193,0.5171,0.0181,0.8619,1.005
0.926465,0.5171,0.0176,0.8600,1.004
0.928138,0.5167,0.0176,0.8585,1.002
0.930402,0.5171,0.0186,0.8590,1.003
0.935867,0.5162,0.0176,0.8565,1.000
0.936397,0.5157,0.0181,0.8546,0.998
0.936682,0.5157,0.0181,0.8526,0.997
0.938496,0.5152,0.0176,0.8507,0.995
0.941591,0.5162,0.0186,0.8497,0.994
0.942744,0.5137,0.0200,0.8477,0.991
0.944818,0.5088,0.0244,0.8458,0.987
0.946985,0.5230,0.0664,0.8624,1.011
0.949276,0.4786,0.0396,0.8893,1.011
0.951213,0.4527,0.0693,0.8961,1.006
0.953300,0.4229,0.0078,0.9044,0.998
0.955645,0.4253,0.0024,1.0294,1.114
0.957779,0.5420,0.0830,1.0973,1.227
0.960052,0.5987,0.1152,1.0494,1.214
0.961707,0.5123,0.0830,1.0309,1.154
0.963823,0.4419,0.0132,0.8600,0.967
0.967459,0.3672,-0.0127,0.7730,0.856
0.968267,0.3472,-0.0293,0.8932,0.959
0.970264,0.3321,-0.0503,1.0758,1.127
0.972228,0.2896,-0.0674,0.8790,0.928
0.974445,0.2432,-0.0615,0.7359,0.777
0.976512,0.2027,-0.0171,0.7349,0.763
0.978315,0.1538,0.1006,0.8331,0.853
0.980572,0.1148,0.1250,0.7940,0.812
0.983013,0.0962,0.1128,0.7603,0.775
0.985055,0.0825,0.0869,0.7462,0.756
0.987174,0.0718,0.1133,0.7950,0.806
0.989178,0.0649,0.1279,0.8678,0.880
0.991244,0.1470,-0.0029,1.0851,1.095
0.994380,0.3316,-0.0532,1.3390,1.380
0.995543,0.4468,0.0103,1.3830,1.453
0.997740,0.4815,0.0532,1.3639,1.447
0.999759,0.4830,0.1157,1.2843,1.377
1.003884,0.4869,0.1572,1.2921,1.390
1.004127,0.4571,0.1402,1.2213,1.312
1.006215,0.4004,0.1182,1.0436,1.124
1.008836,0.3472,0.0820,0.8932,0.962
1.010740,0.3120,0.0166,0.8155,0.873
1.012227,0.2818,-0.0620,0.7828,0.834
1.014288,0.2456,-0.0957,0.7681,0.812
1.016696,0.2129,-0.0996,0.7554,0.791
1.018914,0.1797,-0.0615,0.7672,0.790
1.020689,0.1616,-0.0464,0.7999,0.817
1.022801,0.1592,-0.0615,0.8800,0.896
1.025308,0.1690,-0.0811,0.9503,0.969
1.026922,0.2017,-0.0420,1.0475,1.068
1.029212,0.2730,0.0303,1.1637,1.196
1.031287,0.3203,0.0503,1.1764,1.220
1.034095,0.2930,0.0366,1.0895,1.129
1.035782,0.2456,0.0117,1.0607,1.089
1.037752,0.2149,-0.0303,1.1212,1.142
1.040623,0.1978,-0.0742,1.1090,1.129
1.042256,0.2197,-0.0239,1.0631,1.086
1.044152,0.2359,0.0361,1.0343,1.061
1.046172,0.2212,0.0127,0.9996,1.024
1.049004,0.2085,-0.0200,0.9708,0.993
1.050644,0.2051,-0.0205,0.9474,0.970
1.052399,0.2134,-0.0249,0.9464,0.970
1.054280,0.2559,-0.0772,0.9752,1.011
1.056503,0.3291,-0.0225,1.0133,1.066
1.058752,0.4043,0.1001,1.0235,1.105
1.060830,0.4019,0.1421,1.0060,1.093
1.062850,0.3067,0.1089,0.9044,0.961
1.068479,0.1944,0.0205,0.8565,0.879
1.069046,0.1636,-0.0732,0.8839,0.902
1.069606,0.1924,-0.1524,0.9732,1.004
1.071903,0.2481,-0.0918,0.9088,0.946
1.074335,0.2749,-0.0298,0.8526,0.896
1.075802,0.2364,-0.0645,0.8018,0.838
1.077798,0.2720,-0.0342,0.8756,0.917
1.080238,0.3111,-0.0181,0.9405,0.991
1.083018,0.2871,-0.0449,0.8746,0.922
1.085001,0.3155,-0.0298,0.9454,0.997
1.087032,0.3252,-0.0234,0.9645,1.018
1.088323,0.3829,-0.1548,1.0455,1.124
1.091193,0.6954,-0.1294,1.4811,1.641
1.092736,0.9420,0.0547,1.7795,2.014
1.094373,0.9171,0.1480,1.5719,1.826
1.097193,0.7706,0.1821,0.8907,1.192
1.099928,0.7144,0.1660,0.4571,0.864
1.101437,0.7017,0.1377,0.2378,0.754
1.103248,0.7716,0.0708,0.5186,0.932
1.105264,0.8043,0.1758,0.9015,1.221
1.108340,0.6871,0.1953,0.7711,1.051
1.109385,0.5137,0.0840,0.4917,0.716
1.111548,0.4302,-0.0083,0.2945,0.521
1.113449,0.4034,-0.0708,0.2783,0.495
1.115892,0.4117,-0.1299,0.5025,0.662
1.117823,0.4205,-0.1045,0.8516,0.956
1.120026,0.3843,-0.0850,0.8150,0.905
1.122029,0.3223,0.0112,0.6392,0.716
1.124724,0.2608,0.1065,0.7662,0.816
1.126743,0.2407,-0.0039,0.9483,0.978
1.128722,0.2451,-0.1211,1.0074,1.044
1.131028,0.2549,-0.1411,1.1642,1.200
1.134626,0.2422,-0.1353,1.1989,1.231
1.135285,0.2329,-0.0845,1.1993,1.225
1.137193,0.2134,-0.0674,1.1798,1.201
1.138647,0.1992,-0.0200,1.2238,1.240
1.141499,0.1983,0.0117,1.2604,1.276
1.143126,0.1885,0.0244,1.2076,1.223
1.145411,0.1802,-0.0244,1.0670,1.082
1.147781,0.1929,-0.0361,1.0250,1.044
1.150310,0.2237,-0.0122,0.9928,1.018
1.151693,0.2525,0.0151,0.9508,0.984
1.153685,0.2691,0.0899,0.8834,0.928
1.155915,0.3057,0.2324,0.9078,0.986
1.158139,0.3853,0.2754,1.0055,1.111
1.160223,0.5689,0.1460,1.2638,1.394
1.162169,0.7017,0.1172,1.4943,1.655
1.164122,0.6461,0.1177,1.3136,1.469
1.166823,0.5806,0.0410,0.9522,1.116
1.168430,0.5875,-0.0908,0.8297,1.021
1.170356,0.5557,-0.1826,0.7740,0.970
1.172448,0.5279,-0.1416,0.8160,0.982
1.176815,0.4351,-0.0562,0.8292,0.938
1.177384,0.3579,0.0112,0.7730,0.852
1.178993,0.3399,0.2168,0.8243,0.918
1.181013,0.4532,0.2867,1.1158,1.238
1.184036,0.3882,0.1240,1.1573,1.227
1.185347,0.2857,-0.0371,0.9049,0.950
1.188005,0.3052,-0.0855,0.7047,0.773
1.189321,0.3853,-0.0811,0.8399,0.928
1.193619,0.3789,-0.1084,0.8678,0.953
1.193898,0.3272,-0.0991,0.8214,0.890
1.196793,0.2857,-0.0459,0.7628,0.816
1.198181,0.2564,-0.0508,0.7335,0.779
1.200168,0.3164,-0.0107,0.8873,0.942
1.202416,0.4673,-0.0127,1.2335,1.319
1.204198,0.5030,-0.0430,1.2438,1.342
1.206263,0.4322,-0.0190,0.8722,0.974
1.208895,0.4869,0.0239,0.9298,1.050
1.211414,0.5294,0.0674,1.0567,1.184
1.212389,0.5923,0.0669,1.2047,1.344
1.214435,0.5440,-0.0317,1.1471,1.270
1.216709,0.5196,0.0259,1.2164,1.323
1.218684,0.3511,0.0166,1.0602,1.117
1.220881,0.2862,0.0171,0.8321,0.880
1.222952,0.2622,0.1206,0.8082,0.858
1.225272,0.1983,0.0591,0.7725,0.800
1.227463,0.1768,0.0146,0.6988,0.721
1.229606,0.2124,-0.0923,0.7672,0.801
1.231687,0.3516,-0.0479,0.8726,0.942
1.233845,0.3638,-0.0039,0.8062,0.885
1.236294,0.2998,0.0127,0.6426,0.709
1.238385,0.2090,0.1372,0.6890,0.733
1.239901,0.1636,0.1568,0.6905,0.727
1.243369,0.1587,0.0982,0.7037,0.728
1.244128,0.1387,-0.0278,0.5557,0.573
1.246316,0.1817,-0.0693,0.6021,0.633
1.248510,0.2857,0.0117,1.0294,1.068
1.250572,0.4009,0.1900,1.1798,1.260
1.252410,0.4839,0.2993,1.2721,1.394
1.254492,0.4253,0.1611,0.9742,1.075
1.256933,0.6221,-0.0918,1.2965,1.441
1.259869,0.9464,-0.1494,1.9577,2.180
1.261178,0.8834,-0.1616,1.3532,1.624
1.263174,0.7149,-0.1690,0.5049,0.891
1.265361,0.6387,-0.1226,0.0581,0.653
1.269395,0.6700,0.0244,0.1021,0.678
1.269956,0.7545,0.1655,0.3931,0.867
1.271755,0.7833,0.1983,0.7506,1.103
1.273518,0.6085,0.1392,0.6173,0.878
1.276200,0.4620,0.0864,0.1890,0.507
1.278334,0.3804,0.0601,-0.1504,0.413
1.280255,0.3531,-0.0103,-0.0708,0.360
1.282254,0.3702,-0.0449,0.3697,0.525
1.285163,0.3570,-0.0396,0.5811,0.683
1.287176,0.2984,-0.0562,0.2827,0.415
1.288704,0.2544,-0.0625,-0.0078,0.262
1.290479,0.2334,-0.0791,-0.0112,0.247
1.292908,0.2144,-0.0772,-0.0361,0.231
1.294927,0.2061,-0.0850,0.0562,0.230
1.296732,0.2574,-0.0923,0.4136,0.496
1.298908,0.6363,0.1196,1.2091,1.372
1.301942,1.1432,-0.0293,2.6438,2.881
1.303210,0.9093,0.0386,2.2571,2.434
1.305570,1.0265,0.1455,3.7929,3.932
1.308080,1.3468,0.2495,5.2183,5.395
1.309589,1.0709,0.1963,4.0995,4.242
1.311818,0.7047,-0.0029,2.1765,2.288
1.314081,0.5821,-0.0908,1.9948,2.080
1.316106,0.5670,-0.1284,2.6883,2.750
1.318059,0.4781,-0.0283,2.4119,2.459
1.320339,0.3868,0.0230,1.2384,1.298
1.322263,0.3042,0.0542,0.2857,0.421
1.324661,0.2598,0.0518,-0.1494,0.304
1.326524,0.2178,-0.0015,-0.3936,0.450
1.328621,0.1753,-0.0415,-0.4620,0.496
1.330515,0.1279,-0.0283,-0.4708,0.489
1.332964,0.0728,0.0244,-0.2686,0.279
1.335905,0.0327,0.0342,0.0410,0.063
1.337329,0.0127,0.0493,0.3223,0.326
1.339312,-0.0464,0.0767,0.3555,0.367
1.342278,-0.1192,0.0835,0.1651,0.220
1.344088,-0.1587,0.0850,0.0532,0.188
1.345546,-0.1763,0.0850,0.0430,0.200
1.347790,-0.1821,0.0430,0.1045,0.214
1.349996,-0.1836,-0.0171,0.0820,0.202
1.352525,-0.1611,-0.0127,0.1846,0.245
1.354075,-0.1367,-0.0132,0.2354,0.273
1.356257,-0.1123,0.0166,0.2178,0.246
1.358915,-0.0903,-0.0288,0.2783,0.294
1.360748,-0.0488,-0.1475,0.4043,0.433
1.362293,0.0322,-0.2671,0.7174,0.766
1.364317,0.1592,-0.3579,1.2814,1.340
1.366794,0.5855,-0.2578,2.3000,2.387
1.369571,1.2496,0.2002,4.1298,4.319
1.370515,1.1720,0.3853,4.4692,4.636
1.372632,0.8731,0.2832,3.4095,3.531
1.374897,0.6983,0.2388,2.1228,2.247
1.377298,0.6929,0.2007,1.5065,1.670
1.378920,0.7257,0.1748,1.4733,1.652
1.381127,0.7911,0.0508,1.8127,1.978
1.383271,0.6509,-0.0689,1.4650,1.605
1.385640,0.4537,-0.1611,0.7633,0.902
1.387789,0.3555,-0.2251,0.3072,0.521
1.389773,0.2793,-0.1988,0.0532,0.347
1.392332,0.2114,-0.1680,-0.1084,0.291
1.394089,0.1592,-0.1436,-0.1328,0.252
1.396106,0.1138,-0.1343,0.0098,0.176
1.398541,0.0630,-0.1245,0.1367,0.195
1.401193,0.0518,-0.1402,0.4375,0.462
1.402408,0.0693,-0.1392,0.8600,0.874
1.404882,0.0444,-0.1558,0.6612,0.681
1.406915,0.0747,-0.0737,0.3086,0.326
1.409312,0.1113,-0.0234,0.1060,0.155
1.410863,0.0732,-0.0449,-0.0772,0.115
1.412809,0.0986,-0.0015,-0.1382,0.170
1.414831,0.2578,0.0273,0.4732,0.540
1.417343,0.4844,-0.1030,1.0401,1.152
1.419808,0.9869,-0.1748,1.8166,2.075
1.421469,1.3073,-0.1611,1.9983,2.393
1.423400,1.2731,-0.4385,1.4577,1.984
1.425439,0.9947,-0.3369,0.4678,1.150
1.427932,0.9146,-0.2188,0.5601,1.095
1.429793,1.3273,0.3765,1.8723,2.326
1.431978,1.4083,0.4273,2.6331,3.016
1.434382,0.9718,0.2427,0.9659,1.391
1.436299,0.7618,-0.0078,0.0454,0.763
1.438885,0.6700,-0.1318,-0.1206,0.693
1.441579,0.6617,-0.1382,0.5689,0.884
1.442888,0.6607,-0.0864,1.4767,1.620
1.445135,0.5855,-0.1177,1.5783,1.688
1.446561,0.4708,-0.1812,1.1818,1.285
1.448957,0.3389,-0.0532,0.9259,0.987
1.451483,0.2427,0.3311,1.1168,1.190
1.452858,0.2657,0.4444,1.5592,1.643
1.454848,0.2735,0.4463,1.6857,1.765
1.456948,0.1729,0.4004,1.3302,1.400
1.459217,0.0698,0.3560,0.9303,0.999
1.461545,0.0044,0.3135,0.6920,0.760
1.463548,-0.0181,0.2676,0.7130,0.762
1.465720,-0.0400,0.2100,0.7037,0.735
1.468016,-0.0234,0.1421,0.6949,0.710
1.469860,0.0010,0.0508,0.6632,0.665
1.471917,-0.0034,0.0107,0.3990,0.399
1.474167,-0.0142,-0.0230,0.2212,0.223
1.476951,-0.0156,-0.0513,0.0967,0.111
1.478244,0.0127,-0.0547,0.1201,0.133
1.480450,0.1973,0.0747,0.3882,0.442
1.482763,0.4590,0.2066,0.9972,1.117
1.487745,0.4507,0.2090,1.0997,1.207
1.488279,0.3706,0.2349,1.1544,1.235
1.488928,0.3277,0.1719,1.0397,1.104
1.490748,0.3037,-0.0098,0.5533,0.631
1.492696,0.3355,-0.1475,0.3252,0.490
1.495262,0.4854,-0.2847,0.7833,0.964
1.497241,0.6549,-0.3521,1.6886,1.845
1.499240,0.6734,-0.2837,1.5417,1.706
1.502373,0.7432,-0.2168,1.4064,1.605
1.503836,0.7755,-0.1382,1.2321,1.462
1.505594,0.7462,-0.0430,1.0978,1.328
1.508033,0.6417,0.0210,1.0182,1.204
1.510354,0.5948,0.1094,1.4245,1.548
1.512012,0.4654,0.0425,1.3839,1.461
1.514158,0.3848,-0.0410,1.1984,1.259
1.516335,0.3311,-0.0454,1.0328,1.086
1.518278,0.2876,-0.0259,0.7867,0.838
1.520405,0.2364,0.1055,0.6353,0.686
1.522469,0.1792,0.2056,0.5259,0.592
1.524794,0.1475,0.2139,0.5220,0.583
1.526880,0.1279,0.1362,0.5225,0.555
1.529038,0.0982,0.0547,0.3868,0.403
1.530681,0.0996,0.1255,0.4468,0.475
1.532788,0.1641,0.2178,0.7320,0.781
1.534814,0.2237,0.2022,0.9019,0.951
1.537107,0.1924,0.0049,0.7042,0.730
1.538997,0.2603,-0.0469,0.5855,0.642
1.541424,0.4356,-0.0625,0.8463,0.954
1.543715,0.4791,-0.0806,0.8160,0.950
1.545794,0.4971,-0.0723,0.6334,0.808
1.547999,0.5884,-0.0293,0.8097,1.001
1.549703,0.5386,0.0576,0.9273,1.074
1.552509,0.4205,0.0576,0.6246,0.755
1.554709,0.3829,-0.0752,0.4522,0.597
1.556190,0.3824,-0.3013,0.4405,0.657
1.558701,0.5230,-0.4546,1.4523,1.609
1.561255,1.0133,-0.7804,3.6869,3.902
1.562759,1.6012,-0.3418,4.3251,4.625
1.564763,1.4733,-0.1138,3.3988,3.706
1.567167,1.0094,-0.2002,1.6364,1.933
1.569544,0.7154,-0.1646,0.6612,0.988
1.570975,0.6304,-0.0410,0.5318,0.826
1.572703,0.5538,0.0581,0.5777,0.802
1.576517,0.4517,0.0562,0.4693,0.654
1.578027,0.3584,0.0435,0.1065,0.376
1.579436,0.2700,0.0313,-0.1201,0.297
1.581511,0.1895,0.0596,-0.3501,0.403
1.584223,0.1192,0.0889,-0.3394,0.371
1.585979,0.0552,0.0796,-0.1695,0.195
1.588642,0.0039,0.0982,0.1377,0.169
1.589986,-0.0635,0.2080,0.4673,0.515
1.594485,-0.1411,0.2735,0.6080,0.681
1.594973,-0.2100,0.3203,0.6759,0.777
1.596337,-0.2027,0.3565,0.7110,0.821
1.598558,-0.0615,0.4102,0.9234,1.012
1.600607,0.3741,0.4419,1.8737,1.961
1.603534,0.4307,0.4424,2.7644,2.833
1.604905,0.1665,0.2222,1.1984,1.230
1.606813,0.1367,-0.0410,0.4058,0.430
1.609678,0.2832,-0.1821,0.2823,0.439
1.610918,0.5591,-0.3736,1.1490,1.331
1.612916,0.7413,-0.3462,1.5973,1.795
1.614977,0.8297,-0.2578,1.6247,1.842
1.617938,0.7706,-0.1856,0.9742,1.256
1.620795,0.7232,-0.0532,0.5240,0.895
1.621862,0.6856,0.1909,0.5601,0.906
1.623414,0.6129,0.2578,0.6588,0.936
1.629008,0.5044,0.1577,0.6964,0.874
1.629533,0.4410,-0.0049,0.3540,0.566
1.630236,0.3955,-0.0601,0.3511,0.532
1.632166,0.3433,-0.0791,0.2852,0.453
1.635581,0.2945,-0.0918,0.3536,0.469
1.636419,0.2393,-0.1050,0.4131,0.489
1.638419,0.2022,-0.0972,0.4830,0.533
1.640529,0.3125,0.0728,0.9796,1.031
1.642999,0.3003,0.0674,1.5851,1.615
1.644756,0.2378,0.0503,0.5552,0.606
1.646837,0.3887,0.0586,0.6358,0.748
1.648749,0.4629,0.0146,0.6353,0.786
1.651523,0.4366,-0.0195,0.3457,0.557
1.653169,0.4190,-0.0581,0.0908,0.433
1.655219,0.4903,-0.0991,0.3672,0.621
1.657427,0.4864,-0.1441,0.6466,0.822
1.661164,0.4439,-0.1421,0.8033,0.929
1.662910,0.4317,-0.0874,0.9879,1.082
1.663786,0.6129,0.0542,1.2018,1.350
1.665840,0.8287,-0.0049,1.5221,1.733
1.669043,0.7760,-0.1084,1.3444,1.556
1.670314,0.7467,0.0449,1.4059,1.593
1.672289,0.6251,0.1856,1.4376,1.579
1.674279,0.5762,0.2490,1.5124,1.637
1.676287,0.4654,0.2437,1.2365,1.343
1.678457,0.3086,0.2681,0.6490,0.767
1.680528,0.1900,0.2881,0.2217,0.410
1.682630,0.1494,0.2661,0.2456,0.392
1.684713,0.1758,0.0645,1.0392,1.056
1.686861,0.2129,-0.2378,1.2321,1.273
1.689090,0.2959,-0.4898,1.1061,1.245
1.690786,0.6788,-0.6915,2.6809,2.851
1.694716,1.0553,-0.5440,3.8559,4.035
1.697228,0.9952,-0.2461,2.3000,2.518
1.697483,0.8155,-0.1133,0.9977,1.294
1.699419,0.7066,0.0820,0.3179,0.779
1.702158,0.7608,0.1314,0.2398,0.808
1.705916,0.7589,0.1187,0.1778,0.788
1.706663,0.6705,0.0015,0.1480,0.687
1.708175,0.6046,-0.0225,0.2979,0.674
1.710866,0.5626,-0.0254,0.4541,0.723
1.712831,0.4810,-0.0010,0.1826,0.515
1.714402,0.3980,0.0215,-0.0816,0.407
1.716367,0.3164,0.0156,-0.2364,0.395
1.718449,0.2574,0.0220,-0.1680,0.308
1.720585,0.2344,-0.0244,0.3345,0.409
1.722516,0.2368,-0.0894,0.8961,0.931
1.724734,0.1968,-0.1489,1.0963,1.124
1.727446,0.3838,0.1040,1.2111,1.275
1.729682,1.0108,0.2246,2.4734,2.681
1.730975,1.1222,0.2823,2.7815,3.013
1.732894,0.7471,0.3423,1.9856,2.149
1.736395,0.5401,0.2989,1.2711,1.413
1.737930,0.5674,0.1192,1.0646,1.212
1.739798,0.6212,-0.1299,1.6926,1.808
1.741805,0.5098,-0.2427,1.3244,1.440
1.743935,0.4078,-0.2403,0.7242,0.865
1.746928,0.3384,-0.2393,0.3467,0.540
1.748301,0.3096,-0.2217,0.4820,0.614
1.750176,0.2857,-0.2149,0.7901,0.867
1.753179,0.2251,-0.1729,0.4791,0.557
1.754779,0.1714,-0.1626,0.2867,0.371
1.756461,0.1314,-0.1416,0.3130,0.368
1.758637,0.0903,-0.1035,0.4610,0.481
1.760777,0.0137,0.0376,0.4908,0.492
1.762768,-0.0366,0.1206,0.6216,0.634
1.765020,-0.0747,0.1328,0.5079,0.530
1.767043,-0.1021,0.1196,0.4888,0.513
1.770243,-0.1348,0.1001,0.6402,0.662
1.771022,-0.1406,0.0068,1.0968,1.106
1.773204,-0.1118,-0.1416,1.1862,1.200
1.775150,0.0415,-0.2676,1.3522,1.379
1.778371,0.2657,-0.3306,1.4796,1.539
1.779444,0.4122,-0.3409,1.3957,1.495
1.781742,0.5264,-0.3262,1.2492,1.394
1.784978,0.7725,-0.2149,1.6047,1.794
1.786028,0.8145,-0.0313,1.5231,1.728
1.788208,0.7056,0.1152,0.9244,1.169
1.790552,0.7740,0.2051,0.8609,1.176
1.793556,0.7540,0.1880,0.6412,1.007
1.794615,0.9132,0.0918,0.8053,1.221
1.796809,0.9171,0.0293,0.7193,1.166
1.798905,0.7130,0.0776,0.1318,0.729
1.801323,0.5494,0.0840,-0.2266,0.600
1.803162,0.5118,0.0723,-0.1128,0.529
1.805930,0.4786,0.0752,-0.0098,0.485
1.807085,0.4082,0.0967,0.0293,0.421
1.809638,0.3081,0.1069,-0.0518,0.330
1.811108,0.2412,0.1133,-0.0005,0.267
1.813155,0.6295,-0.0908,1.0968,1.268
1.815496,1.2575,-0.1797,2.9056,3.171
1.818573,1.2130,-0.0337,2.0910,2.418
1.820664,1.1910,-0.0581,1.7077,2.083
1.821884,0.9732,-0.0703,1.4728,1.767
1.824302,0.7281,-0.1133,0.3843,0.831
1.826321,0.6378,-0.0230,0.3160,0.712
1.828269,0.5987,0.1318,-0.2329,0.656
1.830422,0.6280,-0.0386,0.5840,0.858
1.832762,0.5826,-0.1514,1.0812,1.237
1.834540,0.5030,-0.2114,0.8844,1.039
1.836978,0.4644,-0.2031,0.9918,1.114
1.838749,0.4595,-0.1841,1.3483,1.436
1.841168,0.3804,0.0410,1.2404,1.298
1.842916,0.3399,0.3243,1.3126,1.394
1.845161,0.3291,0.3848,1.3908,1.480
1.847305,0.2066,0.3619,1.1158,1.191
1.849530,0.1006,0.3374,0.8634,0.932
1.851292,0.0996,0.2759,1.1578,1.194
1.853234,0.1367,0.1030,1.2843,1.296
1.855205,0.1411,0.0361,0.8492,0.862
1.857664,0.1460,-0.0557,0.4058,0.435
1.861341,0.1758,-0.1079,0.3228,0.383
1.862155,0.2368,-0.1358,0.4839,0.556
1.864248,0.3228,-0.1528,0.6666,0.756
1.866626,0.3111,-0.0435,0.5982,0.676
1.869002,0.4419,0.0000,0.8277,0.938
1.870301,0.6705,-0.0703,1.3688,1.526
1.872705,0.6241,-0.0903,0.8971,1.097
1.874630,0.5689,0.0273,0.5997,0.827
1.878489,0.7227,0.0723,1.0441,1.272
1.878774,0.9718,-0.0186,1.6515,1.916
1.880824,0.8316,0.1841,1.1686,1.446
1.883840,0.6021,0.2696,0.5660,0.869
1.887689,0.5308,0.2798,0.7501,0.961
1.887854,0.4615,0.2500,0.8805,1.025
1.889269,0.3599,0.1944,0.5630,0.696
1.891235,0.3203,0.1314,0.2705,0.439
1.894426,0.3477,-0.0479,0.7203,0.801
1.895533,0.3531,-0.0806,0.7965,0.875
1.897742,0.2862,-0.0518,0.2613,0.391
1.899853,0.2305,-0.0371,0.0527,0.239
1.902167,0.3496,-0.1328,0.5494,0.665
1.904141,0.4893,-0.1992,1.2516,1.359
1.906346,0.5230,-0.0444,0.9874,1.118
1.908482,0.4927,0.1079,0.7218,0.881
1.911390,0.4463,0.2285,0.5474,0.742
1.912974,0.5347,0.2466,0.6002,0.841
1.914488,0.5880,0.2534,0.7525,0.988
1.916990,0.6715,0.1934,1.1793,1.371
1.918973,0.6734,0.0820,1.3903,1.547
1.921592,0.7115,-0.1069,1.2584,1.450
1.923012,0.8775,-0.2154,1.5231,1.771
1.925814,0.9591,-0.1216,1.3795,1.685
1.927564,0.7955,0.0972,0.8624,1.177
1.929663,0.7193,0.2837,0.7628,1.086
1.931222,0.6539,0.2525,0.6729,0.972
1.933309,0.5782,0.0757,0.5547,0.805
1.936036,0.5005,0.0225,0.4947,0.704
1.937726,0.4336,-0.0010,0.5474,0.698
1.940159,0.3658,-0.0132,0.4546,0.584
1.941904,0.2954,-0.0103,0.3545,0.462
1.944247,0.2427,-0.0117,0.4297,0.494
1.946307,0.1641,0.0962,0.6861,0.712
1.948602,-0.0029,0.3257,0.6983,0.771
1.950456,-0.0342,0.3955,0.7135,0.816
1.952631,0.0049,0.4463,1.3590,1.430
1.954678,-0.0225,0.4292,1.7057,1.759
1.957010,-0.0825,0.2124,1.9523,1.966
1.959145,0.0264,-0.1778,2.1843,2.192
1.963023,0.2574,-0.2564,2.1911,2.221
1.963940,0.4082,-0.1778,1.8264,1.880
1.965241,0.3013,-0.0742,1.2877,1.325
1.967474,0.4151,-0.1309,1.4254,1.490
1.969476,0.7691,-0.2144,2.2546,2.392
1.972506,0.7125,-0.1724,1.8327,1.974
1.973223,0.5181,-0.0923,0.8570,1.006
1.975640,0.4595,-0.0283,0.4122,0.618
1.977815,0.4888,0.0957,0.3326,0.599
1.979880,0.6114,0.0942,0.6124,0.870
1.981874,0.6368,0.0537,0.7198,0.963
1.984245,0.6309,0.0786,0.6509,0.910
1.986613,0.7345,0.0449,0.8184,1.101
1.988620,0.6822,0.0410,0.6524,0.945
1.990381,0.5235,0.0620,0.1431,0.546
1.992391,0.5015,0.0278,0.0464,0.504
1.994928,0.5040,-0.0137,0.2876,0.580
1.996933,0.3941,0.0161,0.1177,0.412
1.998932,0.2881,0.0620,-0.2520,0.388
2.001185,0.2471,0.0298,-0.1831,0.309
2.003640,0.2251,-0.1206,0.4346,0.504
2.005569,0.1973,-0.2969,0.7100,0.794
2.007534,0.4419,-0.4063,1.7590,1.859
2.010051,1.1237,-0.1255,2.9544,3.163
2.012042,1.4572,0.1470,4.4785,4.712
2.013576,1.0284,0.2027,2.1448,2.387
2.015453,0.7330,0.3228,0.7672,1.109
2.017637,0.6397,0.2666,0.0488,0.695
2.020263,0.6817,0.1485,-0.1206,0.708
2.022303,0.7476,-0.1265,-0.0781,0.762
2.024781,0.7598,-0.2471,1.0328,1.306
2.027010,0.6524,-0.2002,0.5601,0.883
2.028503,0.5591,-0.1880,-0.0073,0.590
2.031468,0.4825,-0.1758,-0.0430,0.515
2.032777,0.4014,-0.1196,0.1568,0.447
2.034686,0.3033,-0.0957,0.2183,0.386
2.037377,0.1900,-0.1021,0.1548,0.265
2.039156,0.0825,-0.1089,0.1607,0.211
2.041411,-0.0244,-0.0996,0.2031,0.228
2.045115,-0.1240,-0.0239,0.2676,0.296
2.045424,-0.2129,0.0396,0.3838,0.441
2.047598,-0.3003,0.1226,0.4620,0.564
2.049400,-0.3565,0.1988,0.7203,0.828
2.051849,-0.3467,0.1973,1.1241,1.193
2.053667,-0.3350,0.1880,1.4792,1.528
2.056162,-0.2896,0.2832,1.6862,1.734
2.058022,-0.0732,0.2886,2.2810,2.300
2.060232,0.0874,0.0220,2.5515,2.553
2.062145,0.2100,-0.1968,1.8918,1.914
2.064625,0.4805,-0.2490,1.8581,1.935
2.066442,0.4756,-0.2490,1.2799,1.388
2.068535,0.4449,-0.2295,0.8077,0.950
2.070593,0.5508,-0.2075,0.6334,0.865
2.072821,0.6939,-0.1778,0.6905,0.995
2.074875,0.8487,-0.1528,0.8585,1.217
2.077117,0.9176,-0.0859,0.8849,1.278
2.079003,0.9415,-0.0088,0.8468,1.266
2.081350,0.9835,0.0576,0.8238,1.284
2.083149,0.9444,0.1284,0.6700,1.165
2.085828,0.8473,0.1494,0.4068,0.952
2.087735,0.7857,0.2119,0.3521,0.887
2.089725,0.7901,0.2657,0.5987,1.026
2.091504,0.8150,0.1641,0.8165,1.165
2.094706,0.9708,0.2530,1.1383,1.517
2.095775,0.7110,0.1768,0.7730,1.065
2.097726,0.4590,0.1275,0.0679,0.481
2.099929,0.3750,0.0029,0.0728,0.382
2.102401,0.3399,-0.1275,0.4444,0.574
2.104528,0.2857,-0.2124,0.7174,0.801
2.106617,0.2324,-0.2832,0.8223,0.900
2.108748,0.2935,-0.4248,1.6125,1.693
2.111990,0.6871,-0.6446,3.2083,3.344
2.112746,0.8653,-0.6412,3.2669,3.440
2.115009,0.8184,-0.2617,2.2102,2.371
2.116931,0.8751,0.2271,1.7819,1.998
2.119151,0.8033,0.4268,1.2853,1.575
2.122071,0.7911,0.4888,1.4518,1.724
2.123475,0.7017,0.3619,1.2115,1.446
2.125421,0.6505,0.2290,0.4859,0.844
2.127815,0.6085,0.1231,-0.0215,0.621
2.130484,0.5538,0.0659,-0.2544,0.613
2.131622,0.4932,-0.0117,-0.4322,0.656
2.133464,0.4385,-0.0156,-0.4683,0.642
2.137113,0.3872,-0.0352,-0.1631,0.422
2.138239,0.3345,-0.0239,0.1001,0.350
2.141386,0.2749,-0.0386,0.0654,0.285
2.142198,0.2432,-0.0669,-0.0796,0.264
2.144841,0.2212,-0.0889,-0.1035,0.260
2.147009,0.2080,-0.1455,0.0029,0.254
2.149077,0.2364,-0.2583,0.7437,0.822
2.150692,0.3072,-0.1480,1.0817,1.134
2.153052,0.6050,0.0361,1.4919,1.610
2.154901,0.7364,0.1045,1.8937,2.035
2.158073,0.6163,0.1050,1.0567,1.228
2.158888,0.6358,0.1143,0.9518,1.150
2.162877,0.6197,-0.0142,0.7911,1.005
2.163509,0.7154,-0.0249,0.8643,1.122
2.165446,0.8390,0.1489,1.5802,1.795
2.167516,0.7183,0.3169,1.4801,1.675
2.170343,0.4732,0.2925,0.7462,0.931
2.171486,0.3374,0.2310,0.2627,0.486
2.174139,0.2740,0.2031,0.1773,0.384
2.175708,0.2661,0.1211,0.4825,0.564
2.178073,0.3067,-0.0859,1.0685,1.115
2.180273,0.2842,-0.1499,0.9015,0.957
2.182327,0.4082,-0.2119,0.9635,1.068
2.184215,0.6006,-0.2574,1.2662,1.425
2.186773,0.5831,-0.1968,1.0099,1.183
2.189316,0.4278,0.0625,0.6778,0.804
2.191106,0.4200,0.2642,0.7384,0.890
2.193172,0.8731,0.0913,1.7121,1.924
2.195893,0.9547,0.1470,1.9724,2.196
2.197419,0.7139,0.0366,0.9791,1.212
2.199255,0.5572,0.1167,0.3872,0.689
2.201249,0.4068,0.1411,-0.0044,0.431
2.203668,0.3130,0.1255,-0.1421,0.366
2.205404,0.2627,0.0610,0.0044,0.270
2.207604,0.2173,-0.0508,0.1973,0.298
2.209650,0.2373,-0.2212,0.5738,0.659
2.212378,0.6046,-0.4244,1.8156,1.960
2.213744,0.9220,-0.4683,2.8353,3.018
2.216161,0.8062,-0.4629,1.8249,2.048
2.218063,0.5757,-0.4654,0.7432,1.049
2.220733,0.4351,-0.0244,0.3379,0.551
2.222478,0.5206,0.3682,0.5362,0.833
2.224416,0.7222,0.5127,1.3312,1.599
2.226327,0.9229,0.5557,2.2038,2.453
2.228735,1.0763,0.2891,2.4070,2.652
2.230792,0.9078,0.0610,1.2355,1.534
2.232831,0.6837,-0.0586,0.1782,0.709
2.234796,0.6094,-0.1299,0.0059,0.623
2.237783,0.5792,-0.0767,0.3897,0.702
2.239179,0.5499,0.0190,0.8912,1.047
2.241282,0.3995,0.1787,0.8253,0.934
2.243597,0.3037,0.2114,0.7657,0.850
2.246004,0.2490,0.2202,0.5997,0.686
2.247967,0.1802,0.1973,0.4195,0.497
2.249794,0.1118,0.1817,0.4190,0.470
2.251700,0.1060,0.0381,0.6006,0.611
2.254584,0.1475,-0.1104,1.1456,1.160
2.255880,0.1675,-0.1709,1.2252,1.248
2.257903,0.1172,-0.1538,0.7525,0.777
2.260101,0.0908,-0.1172,0.3394,0.370
2.263176,0.3267,-0.0518,0.5655,0.655
2.264787,0.7428,-0.0049,1.4899,1.665
2.266744,0.6783,0.0396,1.5378,1.681
2.271402,0.4996,0.1563,1.1149,1.232
2.271924,0.4415,0.1812,0.9996,1.108
2.273061,0.5025,0.1323,0.9181,1.055
2.275137,0.6231,-0.0352,1.3009,1.443
2.277646,0.6089,-0.1568,0.8795,1.081
2.280471,0.6431,-0.1450,0.8951,1.112
2.283097,0.5450,-0.1465,0.7100,0.907
2.283739,0.5386,-0.1201,0.8067,0.977
2.287248,0.4908,-0.0967,0.8849,1.016
2.289545,0.3902,-0.0825,0.4248,0.583
2.289726,0.3184,-0.0664,0.2627,0.418
2.293616,0.2867,-0.0288,0.4327,0.520
2.294468,0.2442,0.0293,0.5738,0.624
2.296762,0.1528,0.1528,0.5103,0.554
2.298270,0.0845,0.1992,0.4498,0.499
2.300642,0.0601,0.2022,0.4434,0.491
2.302650,0.1533,0.2354,0.7701,0.820
2.307310,0.1211,0.2041,0.7047,0.744
2.307900,0.0098,0.1524,0.1314,0.201
2.308814,-0.0239,0.1206,-0.1289,0.178
2.312716,-0.0273,0.0581,-0.2500,0.258
2.313397,0.1821,-0.0298,0.1978,0.271
2.315316,1.2877,-0.0635,2.9485,3.218
2.317315,2.2229,0.3316,6.3146,6.703
2.319913,1.8654,0.5460,5.4840,5.818
2.321583,1.1569,0.5557,2.1457,2.500
2.323703,0.9703,0.4229,0.1636,1.071
2.326533,1.0270,0.1607,-0.2388,1.067
2.328608,1.2242,0.0352,-0.1704,1.237
2.329761,1.6657,0.0308,1.6369,2.336
2.331793,1.4699,-0.0962,1.4752,2.085
2.333738,1.1090,-0.0855,0.0039,1.112
2.336340,0.9264,-0.0063,-0.4688,1.038
2.338339,0.7926,0.0161,-0.5626,0.972
2.340140,0.6729,-0.0059,-0.1797,0.697
2.342370,0.5377,0.0376,-0.1626,0.563
2.345046,0.3794,0.0249,-0.1983,0.429
2.347226,0.2075,-0.0029,-0.2178,0.301
2.348975,0.0386,0.0186,-0.1113,0.119
2.350975,-0.1030,0.0503,-0.0073,0.115
2.353555,-0.2017,0.0767,0.2647,0.341
2.355507,-0.3023,0.0957,0.4615,0.560
2.357290,-0.4375,0.1533,0.5469,0.717
2.359398,-0.5694,0.2642,0.6133,0.878
2.361631,-0.5787,0.2642,1.2687,1.419
2.363783,-0.4913,0.0435,2.3162,2.368
2.365772,-0.4732,-0.0230,2.5217,2.566
2.368066,-0.4410,-0.0503,2.0544,2.102
2.370174,-0.2481,-0.0562,1.7507,1.769
2.372077,-0.0747,-0.0132,1.6442,1.646
2.373889,0.0366,0.0488,1.6847,1.686
2.376300,0.0952,0.0825,1.6095,1.614
2.381018,0.0986,0.1861,1.1031,1.123
2.381555,0.1294,0.2295,0.6934,0.742
2.382761,0.1465,0.2100,0.2432,0.353
2.387033,0.1802,0.1680,-0.0156,0.247
2.388095,0.2530,0.1445,-0.0801,0.302
2.389276,0.3306,0.1353,0.0488,0.361
2.391168,0.3623,0.1128,0.0381,0.381
2.393251,0.4229,0.0298,0.0737,0.430
2.395026,0.6607,-0.0952,0.6104,0.905
2.397356,0.9967,-0.1065,1.2223,1.581
2.399320,1.0631,-0.0459,1.1656,1.578
2.401524,1.0069,-0.0127,0.5689,1.157
2.404001,1.0123,-0.0566,0.2798,1.052
2.405843,1.0397,-0.1221,0.1060,1.052
2.407712,1.1793,-0.2261,0.5679,1.328
2.409864,1.4621,-0.4263,1.5631,2.182
2.412209,1.2262,0.0850,0.7305,1.430
2.414101,1.4528,0.5518,2.5926,3.023
2.416133,1.6872,0.6719,3.5404,3.979
2.418339,1.2228,0.4322,1.6193,2.075
2.422698,0.9239,-0.0181,0.2652,0.961
2.423180,0.8307,-0.2539,0.1104,0.876
2.425015,0.7960,-0.4063,1.6217,1.852
2.426997,0.7598,-0.4639,2.4661,2.622
2.429330,0.6641,-0.3516,1.5885,1.757
2.431736,0.5728,-0.2593,0.6080,0.875
2.433570,0.4776,-0.2197,-0.0444,0.528
2.435283,0.3887,-0.1836,-0.1651,0.460
2.437503,0.2993,-0.1533,0.0230,0.337
2.439713,0.2022,-0.1328,0.2222,0.328
2.441496,0.0816,-0.1016,0.2867,0.315
2.444431,-0.0313,-0.0693,0.2530,0.264
2.446397,-0.1353,-0.0234,0.3599,0.385
2.448610,-0.2212,0.0293,0.5220,0.568
2.450235,-0.2139,0.0649,0.8526,0.881
2.452064,0.1006,-0.0254,1.8850,1.888
2.454937,0.4307,-0.0962,2.2742,2.317
2.464844,0.3203,-0.0400,1.4904,1.525
2.465231,0.0732,0.1128,0.6050,0.620
2.465433,-0.0034,0.1734,0.2022,0.266
2.465598,0.0195,0.1665,0.0156,0.168
2.466537,0.0947,0.0298,-0.0210,0.102
2.467125,0.2354,-0.1235,0.1148,0.290
2.469287,0.6964,-0.3072,1.4069,1.600
2.472003,1.0377,-0.3047,2.5882,2.805
2.473413,0.8658,-0.3184,1.7936,2.017
2.475288,0.6119,-0.3028,0.5606,0.883
2.477424,0.5577,-0.2788,0.1245,0.636
2.479814,0.6485,-0.2300,0.1748,0.710
2.481602,0.7115,-0.1504,0.3882,0.824
2.483619,0.8023,-0.0518,0.7403,1.093
2.485796,0.8507,0.1099,1.1315,1.420
2.488074,1.1471,0.2403,1.8815,2.217
2.490105,1.5319,0.1670,2.9275,3.308
2.491875,1.1925,0.1504,1.9270,2.271
2.494081,0.8770,-0.1172,0.6182,1.079
2.496276,0.7750,-0.2442,0.0899,0.817
2.498304,0.7345,-0.3355,0.3575,0.883
2.500346,0.6920,-0.3702,0.9977,1.269
2.502644,0.6422,-0.3814,1.2687,1.472
2.504859,0.5840,-0.3037,1.0377,1.229
2.506972,0.5572,-0.1782,0.8468,1.029
2.508988,0.5118,0.0537,0.8287,0.975
2.511981,0.5401,0.1792,0.7891,0.973
2.513955,0.6436,0.3023,1.0665,1.282
2.515718,0.5040,0.2974,1.0235,1.179
2.517482,0.3013,0.2276,0.5743,0.687
2.520031,0.2105,0.1499,0.8639,0.902
2.521962,0.1441,0.1201,0.8292,0.850
2.523977,0.0791,0.1675,0.6348,0.661
2.525859,0.1172,0.2490,1.0196,1.056
2.528987,0.1309,0.3516,1.6017,1.645
2.530419,0.0151,0.3765,1.4342,1.483
2.532352,0.0933,0.2593,1.5114,1.536
2.534128,0.1939,-0.0474,1.4469,1.461
2.538216,0.3267,-0.2012,1.2135,1.273
2.538891,0.3780,-0.1914,0.7506,0.862
2.540890,0.3570,-0.1299,0.4502,0.589
2.543014,0.3404,-0.0679,0.3262,0.476
2.546005,0.3008,-0.0308,0.3189,0.439
2.547286,0.2344,0.0181,0.1275,0.267
2.549343,0.1885,0.0366,-0.0415,0.196
2.551208,0.1792,-0.0327,-0.1123,0.214
2.554216,0.1773,-0.0625,-0.0918,0.209
2.556226,0.1568,-0.0430,-0.1094,0.196
2.557960,0.1226,-0.0630,-0.1172,0.181
2.559917,0.0962,-0.0596,-0.0430,0.121
2.562566,0.1001,-0.0518,0.0132,0.113
2.564147,0.4424,-0.1318,0.7887,0.914
2.566112,1.1705,-0.0957,2.4412,2.709
2.568450,1.1271,0.0562,1.7101,2.049
2.573866,1.0304,0.0405,1.1290,1.529
2.574158,1.0885,-0.1099,0.8121,1.362
2.574345,0.8570,-0.3638,-0.0396,0.932
2.576462,0.7467,-0.1372,0.4205,0.868
2.582090,0.5557,0.1831,0.1436,0.602
2.582625,0.6006,0.4449,0.7174,1.036
2.582820,1.0094,0.6436,2.7254,2.977
2.584936,0.9425,0.2749,3.7147,3.842
2.588067,0.8087,-0.0894,2.1311,2.281
2.589003,0.6158,-0.2378,1.0856,1.271
2.591248,0.5748,-0.1436,0.6666,0.892
2.593295,0.5904,-0.0400,0.9688,1.135
2.595526,0.5308,0.0107,0.8551,1.006
2.597493,0.4263,0.1582,0.6417,0.786
2.599909,0.3623,0.2515,0.5772,0.726
2.602470,0.2979,0.2779,0.4878,0.636
2.604331,0.2158,0.2808,0.2788,0.451
2.606113,0.1548,0.2603,0.2925,0.421
2.608434,0.2613,0.0947,0.9586,0.998
2.609994,0.6353,0.0303,1.9763,2.076
2.613344,0.9229,-0.0718,2.4163,2.588
2.614252,0.8067,-0.0791,1.5856,1.781
2.616877,0.6046,-0.0010,0.7740,0.982
2.619496,0.5914,0.1069,0.5337,0.804
2.622369,0.6304,0.1270,0.6890,0.943
2.623171,0.5635,0.0703,0.7442,0.936
2.625094,0.4717,0.0391,0.7193,0.861
2.627127,0.3843,0.0772,0.7218,0.821
2.629868,0.3096,0.1182,0.5518,0.644
2.631449,0.2686,0.0791,0.4009,0.489
2.633511,0.2495,-0.0195,0.4244,0.493
2.635727,0.2227,-0.0547,0.3824,0.446
2.637940,0.1821,-0.0718,0.3389,0.391
2.639909,0.1519,-0.0742,0.2935,0.339
2.642222,0.2862,-0.1499,0.7183,0.788
2.644080,0.7076,-0.0029,1.5578,1.711
2.646591,0.6817,0.1421,1.5627,1.711
2.648818,0.4815,0.1348,0.9576,1.080
2.650767,0.4410,0.0137,0.5865,0.734
2.652144,0.5030,-0.1382,0.5645,0.769
2.654135,0.5411,0.0269,1.0895,1.217
2.656389,0.4830,-0.0874,1.4079,1.491
2.658856,0.4961,-0.3086,1.3771,1.496
2.660495,0.5025,-0.3804,0.9845,1.169
2.664233,0.6675,-0.5167,1.6134,1.821
2.665236,0.7838,-0.4488,2.4602,2.621
2.667228,0.8429,-0.1763,1.7570,1.957
2.671266,0.6925,-0.0747,0.7882,1.052
2.672209,0.3833,0.1924,0.1817,0.466
2.673435,0.2783,0.2959,0.0044,0.406
2.675830,0.3677,0.3604,0.2383,0.567
2.677584,0.7100,0.4981,1.1837,1.467
2.680044,0.7564,0.4634,1.6926,1.911
2.682138,0.6173,0.3404,0.9420,1.177
2.684249,0.5494,0.2798,0.5308,0.814
2.686130,0.4146,0.2295,-0.0049,0.474
2.688726,0.3648,0.1050,-0.1353,0.403
2.690481,0.3472,0.0513,-0.2349,0.422
2.692720,0.4410,-0.0444,0.4361,0.622
2.694120,0.5972,-0.1480,1.7277,1.834
2.697158,0.5577,0.0073,1.2433,1.363
2.698751,0.6304,0.0879,0.9195,1.118
2.700947,0.6754,0.0259,0.8707,1.102
2.702904,0.6534,-0.0855,1.0221,1.216
2.705643,0.5826,0.0186,0.9044,1.076
2.708780,0.4766,0.0405,0.6104,0.776
2.709710,0.4141,0.0415,0.5196,0.666
2.714954,0.3716,0.0723,0.5274,0.649
2.715603,0.3033,0.0518,0.5318,0.614
2.716674,0.2451,0.0430,0.4644,0.527
2.717943,0.1929,0.0449,0.5328,0.568
2.720042,0.1323,0.0332,0.5230,0.541
2.722258,0.0845,0.0737,0.6387,0.649
2.724003,0.0225,0.1890,0.9684,0.987
2.726534,-0.0435,0.2876,1.1925,1.227
2.728348,0.0171,0.0801,1.2589,1.262
2.730749,0.3394,-0.1704,1.5539,1.600
2.732287,0.6295,-0.2461,1.9411,2.055
2.734770,0.6734,-0.1099,1.4381,1.592
2.736569,0.6011,-0.0400,0.9273,1.106
2.740223,0.5406,0.2261,0.6675,0.888
2.741090,0.6124,0.2993,0.5836,0.897
2.743422,0.7281,0.1695,0.6783,1.009
2.744802,0.7579,0.1323,0.4356,0.884
2.747415,0.6549,0.1475,-0.1011,0.679
2.749184,0.6734,0.1275,-0.0669,0.689
2.751487,0.6490,-0.0439,0.3721,0.749
2.754237,0.6456,-0.1377,0.5655,0.869
2.757402,0.7066,-0.1553,0.9293,1.178
2.757803,0.6959,-0.1309,1.4010,1.570
2.760160,0.5977,-0.0376,0.8785,1.063
2.762176,0.5352,-0.0449,0.3677,0.651
2.764054,0.5020,-0.1084,0.2788,0.584
2.766171,0.4014,0.0635,0.7755,0.876
2.768787,0.6373,0.1851,2.4216,2.511
2.775898,1.1735,-0.1445,5.2002,5.333
2.776455,1.1080,-0.3833,4.2402,4.399
2.776685,0.8023,-0.2661,1.7048,1.903
2.776858,0.5582,-0.1030,0.5254,0.773
2.779768,0.4126,0.2520,0.1450,0.505
2.780922,0.3623,0.3462,0.0518,0.504
2.782983,0.4092,0.2857,0.7047,0.863
2.785103,0.4239,0.1524,1.3571,1.430
2.787964,0.3506,0.0625,1.1603,1.214
2.789517,0.2896,0.0894,0.4830,0.570
2.791403,0.2847,0.0649,0.3677,0.470
2.793702,0.2574,0.0273,0.2022,0.328
2.796187,0.2173,0.0537,-0.0728,0.235
2.798063,0.1909,0.0439,-0.2466,0.315
2.800026,0.2178,0.0273,-0.1485,0.265
2.803139,0.4737,0.0205,0.4664,0.665
2.804729,0.7310,0.0571,1.0343,1.268
2.806665,0.6729,0.0464,0.8956,1.121
2.808483,0.5123,0.0156,0.3413,0.616
2.810700,0.3887,-0.0269,-0.0190,0.390
2.813236,0.3526,-0.0806,-0.2940,0.466
2.814894,0.3833,-0.0088,-0.2407,0.453
2.816504,0.5264,-0.1646,0.2442,0.603
2.818735,0.5430,-0.1651,0.4165,0.704
2.833488,0.7091,-0.0674,0.8556,1.113
2.834094,0.8785,0.2183,1.7726,1.990
2.834292,0.8453,0.1660,2.0554,2.229
2.834761,0.7843,-0.1607,1.0123,1.291
2.834936,0.9772,-0.2329,1.4699,1.780
2.835098,1.0792,-0.2471,1.7184,2.044
2.835413,1.0382,-0.3008,1.4870,1.838
2.837611,0.9825,-0.0825,1.7453,2.005
2.837902,0.7804,0.4424,2.1643,2.343
2.840076,0.7305,0.6280,2.4758,2.657
2.842060,0.6011,0.5557,1.9392,2.105
2.844204,0.4859,0.4917,1.3747,1.539
2.846266,0.3067,0.4029,0.7808,0.931
2.848497,0.2227,0.3262,0.3902,0.555
2.850428,0.1768,0.2588,0.2891,0.426
2.852510,0.1284,0.1792,0.1592,0.272
2.854722,0.0606,0.0591,-0.0972,0.129
2.857262,0.0020,0.0190,-0.1665,0.168
2.859102,-0.0493,-0.0112,0.0772,0.092
2.861255,-0.1177,-0.0073,-0.0068,0.118
2.863198,-0.1748,-0.0146,-0.0093,0.176
2.865417,-0.1978,-0.0381,0.2530,0.323
2.867470,-0.1758,-0.0728,0.7276,0.752
2.869549,-0.1162,-0.1040,1.0616,1.073
2.871828,-0.1055,-0.1157,0.8946,0.908
2.873877,-0.1445,-0.1187,0.4327,0.471
2.876191,-0.0664,-0.0606,0.2554,0.271
2.878057,0.1831,-0.1870,0.6324,0.684
2.884486,0.2642,-0.1143,0.5596,0.629
2.884932,0.3633,-0.0850,0.5860,0.695
2.885078,0.4791,-0.0337,0.5767,0.750
2.886353,0.5543,0.0620,0.5460,0.780
2.890179,0.8951,0.0415,1.1847,1.485
2.891316,0.9312,-0.0532,1.0392,1.396
2.893404,0.9000,-0.0532,0.8966,1.271
2.894996,1.0426,-0.1323,1.1178,1.534
2.901930,1.2179,-0.0391,1.6261,2.032
2.902301,1.2360,0.0215,2.0295,2.376
2.902440,1.1134,0.0508,1.7126,2.043
2.903402,0.9332,0.0239,1.2667,1.574
2.905543,0.6412,-0.1416,0.6514,0.925
2.907700,0.5220,-0.1558,0.3355,0.640
2.910258,0.5171,-0.0679,0.6441,0.829
2.911384,0.3584,0.2168,0.9698,1.056
2.913629,0.1900,0.4068,1.0665,1.157
2.915721,0.2447,0.4830,1.7233,1.806
2.917869,0.2237,0.4683,2.0515,2.116
2.919920,0.0962,0.3374,2.0344,2.064
2.922726,0.4185,-0.2862,2.6902,2.738
2.924249,0.9083,-0.5049,3.1219,3.290
2.926286,1.0089,-0.4009,2.5872,2.806
2.928412,0.7291,-0.3140,0.8976,1.198
2.930991,0.5709,-0.2657,0.1636,0.651
2.932403,0.5108,-0.1104,-0.1494,0.544
2.934459,0.4532,0.1602,-0.2183,0.528
2.936921,0.6524,0.2710,0.5137,0.874
2.938853,0.9537,0.2613,1.3414,1.667
2.940987,0.8912,0.2041,0.9977,1.353
2.942864,0.6597,0.0166,0.3394,0.742
2.945387,0.5333,-0.1177,0.0415,0.548
2.947567,0.4493,-0.0737,-0.3101,0.551
2.949611,0.4053,-0.0552,-0.2910,0.502
2.951629,0.3951,-0.0508,0.0894,0.408
2.953793,0.5254,-0.0088,0.7916,0.950
2.959153,0.6475,0.1377,0.9972,1.197
2.959726,0.4869,0.0708,0.4170,0.645
2.960506,0.5098,0.1201,-0.0063,0.524
2.962668,0.5977,0.0884,0.2544,0.656
2.966046,0.5552,0.0635,0.0718,0.563
2.966445,0.4859,0.1338,0.0835,0.511
2.968746,0.4581,0.1968,0.2798,0.572
2.971309,0.4629,0.1245,0.6558,0.812
2.974211,0.4185,-0.0947,0.9117,1.008
2.974923,0.3785,-0.1328,1.1276,1.197
2.977023,0.3179,0.0664,1.5426,1.576
2.984201,0.3731,0.3482,2.2370,2.295
2.985160,0.4170,0.4698,2.2419,2.328
2.985357,0.3091,0.4649,1.5890,1.684
2.985629,0.1802,0.3340,1.2472,1.304
2.988467,0.1328,0.2539,1.0685,1.106
2.989815,0.1367,0.1568,0.9337,0.957
2.992072,0.1587,0.0039,0.6763,0.695
2.994039,0.1846,-0.0689,0.3965,0.443
2.996233,0.1900,-0.0596,0.2417,0.313
2.998003,0.2012,-0.0425,0.1904,0.280
3.000240,0.3345,-0.0200,0.4024,0.524
3.002288,0.6055,0.0576,0.9542,1.132
3.004637,0.5538,0.0645,0.5894,0.811
3.006512,0.4961,0.0454,0.0039,0.498
3.008847,0.6109,0.0596,0.0420,0.615
3.010560,0.8346,0.1978,0.5567,1.023
3.013112,1.0211,0.1904,1.3864,1.732
3.014938,0.8922,-0.0195,1.2741,1.556
3.017173,0.6392,0.1543,-0.0049,0.658
3.018933,0.6729,0.3521,0.3443,0.834
3.024894,1.0460,0.5093,1.7419,2.095
3.025435,0.9591,0.5513,1.8308,2.139
3.025750,0.6129,0.4151,0.8219,1.106
3.027801,0.4668,0.3174,0.3970,0.690
3.030055,0.4429,0.2114,0.7628,0.907
3.032012,0.4297,0.0894,0.9195,1.019
3.033967,0.4200,0.0415,0.9620,1.051
3.036284,0.3697,0.0269,0.6710,0.767
3.038292,0.3140,-0.0073,0.6114,0.687
3.040775,0.3140,-0.0430,0.9049,0.959
3.042295,0.3125,-0.0205,1.0641,1.109
3.044581,0.2876,-0.0420,0.8653,0.913
3.047489,0.2686,-0.0415,0.7252,0.774
3.048730,0.2315,-0.0674,0.6490,0.692
3.050496,0.3013,-0.0200,1.0870,1.128
3.052452,0.4541,0.0391,1.9074,1.961
3.054733,0.6456,-0.1392,2.5252,2.610
3.057753,0.7496,-0.2393,2.3601,2.488
3.059088,0.6890,-0.1831,1.6618,1.808
3.061271,0.6197,-0.0620,1.2228,1.372
3.064112,0.4898,0.0103,0.9244,1.046
3.066228,0.3804,0.0674,0.6451,0.752
3.068278,0.3438,0.1177,0.6006,0.702
3.069782,0.2935,0.0972,0.4981,0.586
3.074032,0.2354,0.0918,0.2041,0.325
3.075844,0.1875,0.0767,-0.0967,0.224
3.077027,0.1489,0.0640,-0.3218,0.360
3.078381,0.1226,0.0640,-0.2954,0.326
3.081007,0.1152,-0.0313,0.1431,0.186
3.082526,0.1499,-0.0908,0.6973,0.719
3.084532,0.3570,-0.2002,1.4425,1.499
3.086550,0.6710,-0.2451,2.1369,2.253
3.094037,0.8761,-0.1040,1.9299,2.122
3.094641,1.0045,0.0298,1.6384,1.922
3.094882,0.9049,0.2442,1.0860,1.435
3.095588,0.7496,0.4063,0.7579,1.141
3.097277,0.7564,0.4629,1.0392,1.366
3.099420,1.1007,0.1021,3.0677,3.261
3.101380,1.1881,-0.1553,2.6897,2.945
3.103416,1.0411,-0.4107,0.7525,1.349
3.106404,0.9171,-0.3262,-0.0796,0.977
3.107893,0.8502,-0.3438,-0.0835,0.921
3.109915,0.8189,-0.2886,0.7725,1.162
3.111662,0.7818,-0.0786,2.2156,2.351
3.114855,0.6597,-0.0156,1.3146,1.471
3.116052,0.5103,-0.0903,0.1831,0.550
3.118880,0.3877,0.0068,-0.3052,0.493
3.120253,0.2422,0.1314,-0.3955,0.482
3.122450,0.1118,0.1812,-0.2886,0.359
3.124511,0.0049,0.1875,-0.1411,0.235
3.127129,-0.0947,0.1978,-0.0772,0.232
3.130083,-0.1299,0.2031,0.3589,0.432
3.131162,-0.1338,0.2105,1.2218,1.247
3.132728,-0.1821,0.0635,1.3170,1.331
3.134750,0.0689,-0.1069,1.4801,1.486
3.136927,0.6563,-0.0313,2.3684,2.458
3.139086,0.7345,-0.1226,2.1482,2.274
3.141092,0.3926,-0.2256,0.9728,1.073
3.143299,0.2603,-0.0332,0.8663,0.905
3.145559,0.2012,0.2974,0.3296,0.487
3.150307,0.5665,0.3365,0.8956,1.112
3.150609,0.7681,0.2652,1.4904,1.698
3.151979,0.5469,0.1211,0.4278,0.705
3.153981,0.4361,0.0190,-0.0439,0.439
3.156228,0.4288,-0.0444,0.0630,0.436
3.158252,0.4322,-0.0142,0.6226,0.758
3.160369,0.4131,0.0176,0.8409,0.937
3.162713,0.3404,0.0073,0.5040,0.608
3.164708,0.2554,-0.0015,0.1621,0.303
3.167102,0.1802,0.0601,-0.0674,0.202
3.168952,0.1582,0.2324,0.0825,0.293
3.170818,0.4292,0.4356,1.0929,1.252
3.172800,0.5245,0.5772,2.5642,2.680
3.175101,0.1636,0.5796,1.5446,1.658
3.177636,0.0244,0.4913,0.9884,1.104
3.179261,0.3081,0.1231,0.7930,0.860
3.181425,1.2843,-0.3423,3.4759,3.721
3.183906,1.5319,-0.1963,3.4222,3.755
3.185657,1.4694,-0.2310,2.3572,2.787
3.187764,1.4816,0.1016,2.0632,2.542
3.190077,1.2633,0.4644,1.1510,1.771
3.191910,1.1119,0.4263,0.5289,1.303
3.193873,0.9420,0.3189,-0.1607,1.007
3.195900,0.8951,0.2837,-0.3887,1.016
3.199156,0.8712,0.2603,0.0439,0.910
3.201835,0.7637,0.1836,-0.3833,0.874
3.202776,0.6998,0.1201,-0.3853,0.808
3.204577,0.6373,0.1104,0.0151,0.647
3.206820,0.5406,0.0972,0.0425,0.551
3.208906,0.4288,0.0752,-0.0923,0.445
3.210892,0.3301,0.1069,-0.1016,0.362
3.212812,0.2349,0.1162,0.0610,0.269
3.215546,0.1402,0.1157,-0.0337,0.185
3.217114,0.1265,0.0591,0.5396,0.557
3.219682,0.1255,0.0137,1.0392,1.047
3.221275,0.0864,0.0039,0.8160,0.821
3.223830,0.0708,-0.0215,0.5577,0.563
3.227419,0.1787,-0.0459,0.6812,0.706
3.228693,0.4668,-0.1563,1.2838,1.375
3.230450,0.5157,-0.1260,1.5089,1.600
3.233693,0.6602,0.0488,1.6926,1.817
3.234718,0.6075,0.2373,1.7209,1.840
3.236707,0.4346,0.3579,0.9430,1.098
3.240565,0.4034,0.3628,0.8360,0.997
3.240852,0.4205,0.2818,1.0353,1.152
3.242600,0.4673,0.1665,1.1227,1.227
3.244505,0.4107,0.1358,0.8678,0.970
3.246602,0.2896,0.1841,0.4288,0.549
3.249222,0.2178,0.2266,0.3125,0.443
3.250650,0.1841,0.1958,0.4737,0.545
3.253001,0.1651,0.0923,0.6085,0.637
3.256044,0.1060,0.1289,0.5958,0.619
3.258414,0.0322,0.2403,0.6783,0.720
3.259709,0.0601,0.1680,0.9220,0.939
3.261713,0.4141,-0.1157,1.7429,1.795
3.263456,0.6671,-0.1196,1.8225,1.944
3.266004,0.5938,0.0059,1.0978,1.248
3.268028,0.6363,-0.0146,1.0274,1.209
3.270052,0.7276,0.1611,1.5685,1.737
3.272656,0.7042,0.3907,2.2273,2.368
3.274615,0.7813,0.1397,2.5535,2.674
3.276617,0.9347,-0.3033,2.4866,2.674
3.278741,1.0221,-0.4673,2.1301,2.408
3.281061,1.0318,-0.3926,1.5871,1.933
3.282854,1.0611,-0.2710,1.5368,1.887
3.284796,0.8453,-0.2036,1.2350,1.510
3.286984,0.5948,-0.0972,0.5298,0.802
3.291812,0.4854,-0.0298,-0.0278,0.487
3.292431,0.3965,-0.0254,-0.2554,0.472
3.292914,0.3218,0.0015,-0.2373,0.400
3.296076,0.2403,0.0317,-0.1304,0.275
3.297355,0.1548,0.0669,-0.0972,0.195
3.299476,0.1084,0.1206,0.0776,0.180
3.301357,0.1582,0.2217,0.4659,0.540
3.303551,0.2310,0.3355,0.9049,0.992
3.305894,0.1592,0.4092,0.9898,1.083
3.308107,0.0552,0.3369,0.5181,0.621
3.310235,0.1695,0.1865,0.4737,0.537
3.312475,0.4034,0.1279,0.7608,0.871
3.314292,0.4502,0.1870,0.7955,0.933
3.316526,0.3018,0.1343,0.4483,0.557
3.318511,0.3662,0.0020,0.4732,0.598
3.321222,0.5518,-0.0957,0.8048,0.980
3.323070,0.5518,-0.1314,0.7115,0.910
3.325063,0.5250,-0.2149,0.4947,0.753
3.327006,0.5088,-0.2110,0.3545,0.655
3.329298,0.7071,-0.0942,0.6231,0.947
3.331022,1.0777,0.1958,1.5070,1.863
3.333192,0.8893,0.5191,1.4777,1.801
3.335238,0.6060,0.6319,1.5768,1.804
3.338523,0.6260,0.5630,2.1071,2.269
3.341053,0.5938,0.4331,2.0070,2.137
3.342108,0.2896,0.3316,1.1945,1.273
3.344624,0.0923,0.3492,0.9742,1.039
3.346163,0.0908,0.2749,2.0329,2.053
3.348443,0.1465,0.3208,2.4763,2.501
3.350446,0.1558,0.3570,1.9719,2.010
3.352133,0.0767,0.2945,0.9054,0.955
3.354192,0.0913,0.1030,0.4693,0.489
3.357270,0.1875,-0.1084,0.6041,0.642
3.359188,0.2378,-0.1958,0.8370,0.892
3.360770,0.2207,-0.1626,0.5645,0.628
3.362804,0.1939,-0.0762,0.1607,0.263
3.365004,0.1753,-0.0547,0.1421,0.232
3.367079,0.1597,-0.0186,0.1597,0.227
3.369151,0.1353,0.0029,0.3536,0.379
3.371169,0.0859,-0.0034,0.1318,0.157
3.373455,0.0791,0.0523,-0.0620,0.113
3.375481,0.3599,0.2017,0.4082,0.580
3.377437,0.6241,0.2261,1.4201,1.568
3.379697,0.4834,0.1177,0.7594,0.908
3.381437,0.4942,0.0957,0.1279,0.519
3.384065,0.6382,0.0742,0.1245,0.655
3.385877,0.6861,0.0840,0.1880,0.716
3.388115,0.6046,-0.2329,0.2461,0.693
3.390516,0.5220,-0.1177,-0.1821,0.565
3.392585,0.5606,-0.1641,0.3863,0.700
3.395059,0.9347,-0.0244,1.5763,1.833
3.396418,1.0392,0.1973,2.2170,2.456
3.398573,0.7022,0.0654,0.6798,0.980
3.400927,0.5938,0.0518,0.3223,0.678
3.402808,0.5538,0.1055,0.8976,1.060
3.404943,0.5743,0.0576,1.5465,1.651
3.409320,0.8433,0.0488,2.4690,2.610
3.410037,0.7545,-0.0288,1.7741,1.928
3.412428,0.7081,-0.0425,1.1290,1.333
3.413511,0.5386,-0.0859,0.8795,1.035
3.415604,0.4385,-0.0483,0.5616,0.714
3.417722,0.4722,0.2783,0.6915,0.882
3.419729,0.6534,0.4703,1.1661,1.417
3.421881,0.6534,0.4791,1.2282,1.471
3.424563,0.4727,0.3921,0.6895,0.923
3.426291,0.3057,0.2700,0.2481,0.477
3.428341,0.2720,0.0952,0.1348,0.318
3.430077,0.2637,-0.0537,0.4429,0.518
3.432392,0.2945,-0.1206,0.8307,0.890
3.434550,0.5313,-0.1392,1.6203,1.711
3.436533,0.7047,-0.0562,1.8278,1.960
3.438718,0.5337,0.0523,0.9029,1.050
3.441190,0.4732,0.0332,0.4908,0.683
3.443205,0.4834,-0.0327,0.4253,0.645
3.445123,0.5709,-0.0405,0.5694,0.807
3.447321,0.7970,-0.0708,1.0284,1.303
3.449212,0.8912,-0.0610,1.1183,1.431
3.451213,0.7345,-0.1001,0.6324,0.974
3.453191,0.5352,-0.0347,0.1021,0.546
3.455262,0.4429,-0.0220,0.0142,0.444
3.457550,0.3921,-0.0098,0.2207,0.450
3.459957,0.3213,0.0518,0.3448,0.474
3.461894,0.1958,0.1426,0.2427,0.343
3.464456,0.1514,0.0523,0.3189,0.357
3.466027,0.1455,0.0063,0.8477,0.860
3.468342,0.0908,0.1909,1.3512,1.368
3.470367,0.2349,0.5928,2.2952,2.382
3.474167,0.5215,0.6627,3.5267,3.626
3.474896,0.4859,0.5303,3.2376,3.317
3.477103,0.2564,0.3765,1.2086,1.292
3.478785,0.2158,0.1748,0.3360,0.436
3.481036,0.2754,-0.1074,0.3970,0.495
3.482791,0.3741,-0.3833,1.3292,1.433
3.485075,0.4053,-0.5005,1.6007,1.725
3.487044,0.3858,-0.3829,1.1520,1.274
3.489661,0.4161,-0.3360,1.0592,1.187
3.492181,0.4849,-0.1743,1.1359,1.247
3.493426,0.7447,0.1421,1.1720,1.396
3.496539,0.6539,0.0899,0.6334,0.915
3.498018,0.4615,-0.0596,0.0283,0.466
3.499980,0.3433,-0.0156,-0.3482,0.489
3.502144,0.2857,-0.0415,-0.4400,0.526
3.504146,0.2383,0.0083,-0.4048,0.470
3.512733,0.2681,0.1988,-0.0337,0.335
3.513108,0.4312,0.3291,0.8648,1.021
3.513210,0.3579,0.2793,1.0831,1.174
3.513298,0.2295,0.2427,0.3687,0.498
3.514492,0.1948,0.1856,-0.0454,0.273
3.516450,0.2046,0.0679,-0.1939,0.290
3.518794,0.3247,-0.0073,0.0024,0.325
3.520771,0.5635,0.0015,0.6754,0.880
3.524882,0.7218,0.0288,1.1012,1.317
3.525183,0.6798,-0.0371,0.7511,1.014
3.527234,0.7554,-0.6246,0.7476,1.233
3.529165,0.7589,-0.3955,0.4356,0.960
3.531038,1.0460,-0.4976,1.8298,2.166
3.533109,1.4626,-0.1738,3.4081,3.713
3.535290,1.2858,-0.0391,2.2331,2.577
3.537618,0.9337,-0.0947,0.4634,1.047
3.540892,0.8692,0.0234,0.6382,1.079
3.541769,0.8800,0.0830,1.7692,1.978
3.544692,0.8482,0.1460,2.1701,2.335
3.546257,0.6553,0.1631,1.3834,1.539
3.548454,0.5020,0.1563,0.5508,0.761
3.550485,0.4244,0.1030,0.0757,0.443
3.552623,0.3687,0.0234,0.0527,0.373
3.554636,0.3145,0.0073,0.3477,0.469
3.557058,0.2534,0.0151,0.6275,0.677
3.558820,0.1973,0.0181,0.9586,0.979
3.561143,0.1592,-0.0366,1.1163,1.128
3.563295,0.1944,-0.0552,1.3776,1.392
3.565347,0.2276,-0.1104,1.5006,1.522
3.567412,0.2027,-0.1289,1.0567,1.084
3.569519,0.2681,-0.1392,0.7183,0.779
3.571477,0.3423,-0.1563,0.6700,0.768
3.573661,0.3409,-0.1431,0.6334,0.733
3.576366,0.3076,-0.1304,0.4732,0.579
3.578069,0.2705,-0.1021,0.3453,0.450
3.580382,0.2510,-0.0801,0.3755,0.459
3.582164,0.2271,-0.0386,0.3872,0.451
3.584258,0.2354,0.0352,0.4756,0.532
3.586329,0.3765,0.0146,0.9254,0.999
3.588521,0.6402,0.0249,1.5646,1.691
3.590597,0.4883,0.2749,1.2247,1.347
3.592716,0.2984,0.3824,0.8248,0.957
3.595098,0.3389,0.3101,1.0426,1.139
3.596795,0.4122,0.1865,1.4894,1.557
3.598961,0.4385,-0.0103,1.9450,1.994
3.600909,0.7471,-0.3785,2.6868,2.814
3.603311,1.0714,-0.5123,3.3294,3.535
3.605278,0.9264,-0.4029,1.9084,2.159
3.609216,0.7779,-0.2827,0.7476,1.115
3.609614,0.6636,-0.2075,0.0239,0.696
3.611660,0.6876,-0.0039,0.0840,0.693
3.613405,0.6793,0.1563,0.3702,0.789
3.615416,0.5264,0.0571,0.4366,0.686
3.617455,0.4419,-0.0635,0.2373,0.506
3.619684,0.3902,-0.0088,0.0786,0.398
3.621754,0.4205,0.1323,0.4278,0.614
3.625584,0.6602,0.2950,1.0890,1.307
3.626342,0.9259,0.2534,1.9367,2.162
3.629214,0.8438,0.1294,1.9157,2.097
3.630633,0.5880,0.0903,0.8028,0.999
3.632707,0.4913,0.0640,0.2554,0.557
3.634618,0.5240,-0.0855,0.3990,0.664
3.636747,0.6168,-0.0562,0.8233,1.030
3.638946,0.5865,0.1880,0.9728,1.151
3.640925,0.4004,0.2481,0.5762,0.744
3.643283,0.2798,0.2823,0.7843,0.879
3.646463,0.2603,0.1128,1.2296,1.262
3.648184,0.2598,0.1211,1.4303,1.459
3.649549,0.2754,0.1011,1.1588,1.195
3.651327,0.2647,0.0220,0.8287,0.870
3.653727,0.1856,0.0928,0.2212,0.303
3.655958,0.1392,0.1299,0.1611,0.249
3.657960,0.1514,0.0850,0.4493,0.482
3.660024,0.2041,-0.0269,0.8468,0.871
3.662192,0.2471,-0.0986,0.7076,0.756
3.664162,0.2686,-0.0879,0.2271,0.363
3.666158,0.4087,-0.0728,0.3150,0.521
3.668352,0.5777,-0.0293,0.4512,0.734
3.670490,0.5557,0.0254,0.2310,0.602
3.672886,0.5318,-0.0308,0.1055,0.543
3.674975,0.5298,-0.0698,0.0767,0.540
3.677032,0.4219,-0.0728,-0.0054,0.428
3.679251,0.4146,-0.1406,0.3164,0.540
3.681077,0.5499,-0.1768,0.8282,1.010
3.682920,0.5904,-0.1944,0.8736,1.072
3.685287,0.5381,-0.1265,0.4917,0.740
3.687556,0.6050,0.0039,0.3609,0.705
3.693077,0.5435,0.0010,0.2959,0.619
3.693751,0.4029,-0.0957,0.2740,0.497
3.693967,0.4737,0.0127,0.6754,0.825
3.696768,0.6788,0.4810,1.5441,1.754
3.697868,0.8053,0.7345,2.8138,3.017
3.699998,0.6656,0.4141,3.4901,3.577
3.702119,0.6920,0.3243,3.4838,3.567
3.704396,0.4747,0.0674,1.6657,1.733
3.706904,0.6182,-0.2163,1.1075,1.287
3.708618,0.8990,-0.3579,1.7844,2.030
3.712202,0.9112,-0.2031,1.6901,1.931
3.712877,0.7213,0.0171,1.4586,1.627
3.715219,0.5162,0.0371,1.2018,1.308
3.716896,0.3877,0.1143,0.7877,0.885
3.719134,0.2881,0.0962,-0.0020,0.304
3.721270,0.2364,-0.0151,-0.2481,0.343
3.724044,0.1875,-0.0674,-0.1709,0.263
3.725657,0.1528,-0.0806,0.1875,0.255
3.727671,0.1392,-0.1304,0.5865,0.617
3.729847,0.1480,-0.1709,0.9483,0.975
3.731467,0.1426,-0.1743,0.8624,0.891
3.733630,0.1631,-0.2071,0.6998,0.748
3.736156,0.1509,-0.2051,0.4903,0.552
3.738166,0.1807,-0.1865,0.3013,0.398
3.740174,0.3540,-0.0874,0.4708,0.595
3.742312,0.4644,-0.0322,0.5884,0.750
3.744464,0.5953,-0.0444,0.9195,1.096
3.746608,0.6910,0.0107,1.0836,1.285
3.749004,0.5503,0.1060,0.8350,1.006
3.750840,0.5391,0.0742,0.5870,0.800
3.752931,0.7926,-0.0103,1.0216,1.293
3.754857,0.7178,0.0166,0.6807,0.989
3.757292,0.5303,0.0928,0.3804,0.659
3.759294,0.5762,0.0928,0.4810,0.756
3.761451,0.8809,0.0063,1.2565,1.535
3.763234,0.9518,0.0913,1.6637,1.919
3.766059,0.7266,0.2705,1.4547,1.648
3.767619,0.5826,0.1411,1.7770,1.875
3.769581,0.4805,0.1738,1.5392,1.622
3.771479,0.3570,0.1729,0.9977,1.074
3.774263,0.3120,-0.0317,0.5919,0.670
3.776215,0.3389,-0.2144,0.5010,0.642
3.778014,0.4146,-0.3326,0.7935,0.955
3.780439,0.4156,-0.3379,0.9605,1.100
3.783185,0.3672,-0.3023,0.9073,1.024
3.784248,0.3160,-0.2012,0.5347,0.653
3.786446,0.2642,-0.1235,0.0693,0.300
3.788731,0.2471,-0.0952,0.0127,0.265
3.791781,0.2622,0.0508,0.0879,0.281
3.794758,0.3706,0.2202,0.4668,0.635
3.795726,0.5118,0.4239,1.0397,1.234
3.797240,0.4615,0.4703,1.0792,1.264
3.799471,0.4620,0.4703,1.6100,1.740
3.801899,0.4268,0.2202,1.1700,1.265
3.803467,0.5108,-0.0723,0.9181,1.053
3.805630,0.6788,-0.1944,0.7496,1.030
3.810320,1.0504,-0.2974,1.5622,1.906
3.811170,1.0802,-0.3526,1.9099,2.222
3.813519,1.3864,-0.0972,3.0408,3.343
3.813914,1.6252,0.5640,4.0981,4.444
3.816099,1.0729,0.5103,1.9694,2.300
3.818169,0.5860,0.2779,0.4942,0.815
3.820284,0.4629,0.0146,0.1177,0.478
3.822408,0.4175,-0.0606,0.2407,0.486
3.824680,0.4253,0.0171,1.0162,1.102
3.826579,0.3570,0.0669,0.9859,1.051
3.828820,0.2149,0.1182,0.3233,0.406
3.831064,0.1338,0.1465,-0.1372,0.241
3.833699,0.1055,0.1470,-0.1807,0.256
3.834938,0.1377,0.0767,0.5020,0.526
3.837245,0.1284,-0.0220,0.5132,0.530
3.839309,0.1099,0.0186,-0.1152,0.160
3.842240,0.2417,-0.0205,-0.0816,0.256
3.843893,0.3672,-0.0254,0.4488,0.580
3.846475,0.3047,-0.0205,0.1602,0.345
3.847926,0.2613,-0.0142,-0.1402,0.297
3.849977,0.2783,-0.0098,-0.2241,0.358
3.851723,0.3521,-0.0391,0.0254,0.355
3.853632,0.4532,-0.0669,0.2915,0.543
3.855964,0.5040,-0.0322,0.2681,0.572
3.858502,0.5108,-0.0845,-0.0830,0.524
3.860056,0.5132,-0.0889,-0.3745,0.642
3.862365,0.6094,-0.0693,0.0967,0.621
3.864677,0.6085,-0.0459,0.6319,0.878
3.866206,0.4478,-0.0630,0.2515,0.517
3.868641,0.3360,-0.0146,0.0586,0.341
3.870625,0.2696,0.0347,0.3887,0.474
3.873187,0.2749,0.1275,0.8766,0.927
3.875185,0.4224,0.3902,1.9172,2.002
3.877397,0.5377,0.7012,2.8978,3.029
3.879613,0.6085,0.8888,4.5166,4.643
3.881648,0.5694,0.5855,4.3291,4.405
3.884238,0.7242,0.0645,3.3841,3.461
3.885856,0.9166,-0.2447,2.8079,2.964
3.887764,0.9146,-0.2867,1.9792,2.199
3.889999,0.8643,-0.1367,1.3996,1.651
3.894021,0.7169,0.0806,1.1676,1.372
3.895060,0.5289,0.1362,0.9229,1.072
3.897026,0.3946,0.0317,0.2368,0.461
3.898424,0.3189,0.0088,-0.2793,0.424
3.900298,0.2559,0.0230,-0.4751,0.540
3.903226,0.1758,0.0059,-0.5235,0.552
3.904470,0.0918,0.0088,-0.4161,0.426
3.907297,0.0146,0.0063,-0.2359,0.236
3.910395,-0.0205,-0.0376,0.1333,0.140
3.911218,0.0811,-0.1421,1.1554,1.167
3.913189,0.2422,-0.1719,1.7038,1.729
3.915080,0.2432,-0.1060,1.3776,1.403
3.917388,0.1743,-0.0327,0.6925,0.715
3.920144,0.1235,-0.0977,0.0996,0.186
3.921534,0.1314,-0.1118,-0.2261,0.284
3.923583,0.1919,-0.0259,-0.2017,0.280
3.926476,0.3501,-0.0132,-0.1626,0.386
3.927870,0.5699,-0.0264,0.2432,0.620
3.930311,0.5718,-0.0117,0.2666,0.631
3.932115,0.6197,-0.0576,0.3282,0.704
3.933835,0.7066,-0.0908,0.4668,0.852
3.936712,0.8311,-0.0977,0.7642,1.133
3.937925,0.8346,-0.1177,0.4888,0.974
3.940978,0.7452,-0.1318,-0.0317,0.757
3.942931,0.7501,-0.1382,-0.0273,0.763
3.945086,0.8824,-0.1343,0.4449,0.997
3.947512,0.8526,-0.0156,0.5123,0.995
3.949164,0.5889,0.0947,0.0669,0.600
3.950666,0.5367,-0.0190,0.3311,0.631
3.953067,0.8927,-0.3643,2.2102,2.411
3.955147,0.9737,-0.5162,2.6863,2.904
3.958856,0.6988,-0.4581,1.7726,1.960
3.959686,0.4380,-0.2759,0.9811,1.109
3.961663,0.2666,0.5294,1.3580,1.482
3.963851,0.6749,0.7550,3.0154,3.181
3.965980,1.4582,0.6793,5.2461,5.487
3.968200,1.3644,0.0137,4.9639,5.148
3.969883,0.9972,-0.4058,2.8357,3.033
3.971943,0.7305,-0.5264,1.1969,1.498
3.975578,0.6890,-0.4019,0.7960,1.127
3.976853,0.6641,-0.0078,1.0973,1.283
3.978562,0.4615,0.1426,0.7452,0.888
3.980637,0.3316,0.1392,0.2974,0.467
3.982828,0.2808,0.1245,0.1821,0.357
3.985162,0.2417,0.0850,0.3394,0.425
3.987333,0.1621,0.0659,0.3706,0.410
3.988936,0.0645,0.0718,0.2403,0.259
3.991333,0.0415,0.0532,0.3604,0.367
3.993291,0.0239,0.0249,0.5254,0.527
3.995669,0.0059,-0.0576,0.2407,0.248
3.997253,0.0088,-0.1533,0.1065,0.187
3.999490,0.0093,-0.1973,0.0859,0.215
4.001535,-0.0044,-0.1699,-0.1201,0.208
4.003692,0.1641,-0.0762,0.0752,0.196
4.005698,0.3311,-0.1001,0.9439,1.005
4.008107,0.3135,-0.1460,0.5689,0.666
4.011203,0.4556,-0.1118,0.6080,0.768
4.012165,0.5577,-0.0786,0.6124,0.832
4.014143,0.5328,-0.0693,0.1397,0.555
4.016198,0.5464,-0.1226,0.0366,0.561
4.018204,0.4522,0.0352,0.1060,0.466
4.020477,0.4932,0.0400,0.4375,0.661
4.022649,0.7423,0.0396,1.4416,1.622
4.025076,0.8048,0.1416,1.9592,2.123
4.026928,0.6514,0.1651,1.2965,1.460
4.028942,0.5171,-0.0049,0.8829,1.023
4.030966,0.4336,0.0772,0.9869,1.081
4.033370,0.3662,0.2324,0.8375,0.943
4.035254,0.3247,0.2407,0.8722,0.961
4.037265,0.2481,0.1978,0.4898,0.584
4.039440,0.1802,0.1636,0.2461,0.346
4.041553,0.1875,0.0801,0.2979,0.361
4.043803,0.2066,0.0103,0.5259,0.565
4.046115,0.1616,-0.0317,0.2017,0.260
4.048051,0.1421,-0.0713,0.0322,0.162
4.050285,0.2901,-0.1758,0.4288,0.547
4.051850,0.8223,-0.2154,1.9011,2.082
4.054075,0.9640,-0.0884,1.7800,2.026
4.057065,0.9239,0.0776,1.2330,1.543
4.058691,1.0939,0.0864,1.3981,1.777
4.060657,1.1803,-0.0137,1.2252,1.701
4.062759,1.2316,-0.1006,1.0499,1.621
4.065572,1.0514,-0.1294,0.7760,1.313
4.066965,1.2247,0.0845,1.4230,1.879
4.068913,1.4992,0.4248,2.2546,2.741
4.071487,1.2799,0.4834,1.8762,2.322
4.074836,0.8082,0.3350,0.4932,1.004
4.075804,0.6246,0.0816,0.0215,0.630
4.078928,0.5611,-0.0942,0.4839,0.747
4.080237,0.5206,-0.1489,1.2213,1.336
4.081802,0.4551,-0.1665,1.2506,1.341
4.084065,0.3760,-0.1206,0.5674,0.691
4.086108,0.2998,-0.0942,0.0835,0.325
4.088467,0.2461,-0.1113,0.0342,0.272
4.089918,0.2022,-0.1221,0.2110,0.317
4.092062,0.1655,-0.1011,0.3057,0.362
4.094801,0.1421,-0.0386,0.4283,0.453
4.096356,0.3252,0.1836,0.8424,0.921
4.098429,0.4483,0.2686,1.0489,1.172
4.100477,0.5538,0.1782,1.1696,1.306
4.102593,0.6558,0.0718,1.4674,1.609
4.105282,0.5401,0.0967,1.1510,1.275
4.106883,0.4410,0.1924,1.0387,1.145
4.110897,0.5240,0.2158,1.1525,1.284
4.114314,0.5059,0.0146,1.3703,1.461
4.114496,0.4038,-0.1123,1.1261,1.202
4.121456,0.2862,-0.2100,0.8014,0.876
4.121664,0.2417,-0.2798,0.7159,0.806
4.121808,0.2207,-0.2808,0.8287,0.902
4.121977,0.1880,-0.2290,0.7144,0.773
4.124083,0.1524,-0.1646,0.3672,0.430
4.125903,0.1118,-0.1489,0.1738,0.255
4.128142,0.0723,-0.1519,0.0962,0.194
4.130395,0.0537,-0.1011,0.0737,0.136
4.132273,0.0342,0.1045,0.1787,0.210
4.134309,0.2744,0.3330,0.9737,1.065
4.136536,0.6671,0.6246,2.1516,2.338
4.138664,0.7872,0.5010,3.1546,3.290
4.140812,0.6470,0.4131,2.9354,3.034
4.142962,0.4048,0.4190,1.5856,1.689
4.145555,0.3374,0.3438,0.5630,0.741
4.146821,0.4766,0.3833,1.0973,1.256
4.149005,0.7481,0.1255,2.1443,2.274
4.151216,1.4836,-0.3296,3.8583,4.147
4.153389,1.7116,-0.3492,3.7621,4.148
4.155451,1.2472,-0.2617,1.3414,1.850
4.157579,0.9244,-0.1206,-0.0601,0.934
4.160051,0.7779,0.0908,-0.5025,0.931
4.161787,0.7003,0.1387,-0.5914,0.927
4.164000,0.6378,0.1333,-0.6641,0.930
4.166118,0.6138,0.1402,-0.1738,0.653
4.168298,0.5455,0.1480,0.4156,0.702
4.169860,0.4473,0.1318,0.6256,0.780
4.171883,0.2783,0.1172,0.3477,0.461
4.174179,0.1587,0.0869,-0.0068,0.181
4.176922,0.0557,0.0840,-0.1826,0.209
4.178555,-0.0278,0.0762,-0.1856,0.203
4.181057,-0.0752,0.0835,0.0918,0.145
4.182987,-0.0181,0.0405,0.8526,0.854
4.184791,0.3750,-0.0767,1.7595,1.801
4.186846,0.4961,0.0571,1.5407,1.620
4.189013,0.3658,0.1065,0.7242,0.818
4.191377,0.3614,0.0899,0.4063,0.551
4.194306,0.3423,0.1089,0.4156,0.549
4.195500,0.2232,-0.0366,0.6949,0.731
4.197599,0.1480,0.0835,0.4073,0.441
4.199712,0.1875,-0.1372,1.0636,1.089
4.201751,0.2915,-0.0884,0.3365,0.454
4.203816,0.4966,0.0142,1.0885,1.197
4.205827,0.4732,0.0225,1.1691,1.261
4.209219,0.3081,-0.1011,0.5689,0.655
4.212123,0.2285,0.0947,0.4454,0.509
4.212576,0.1895,0.3023,0.8560,0.927
4.214392,0.1475,0.2940,0.8614,0.922
4.216842,0.1514,0.2583,1.1593,1.197
4.218604,0.1660,0.0606,0.9645,0.981
4.220669,0.1924,-0.0952,0.8687,0.895
4.222855,0.2056,-0.1338,0.6500,0.695
4.224972,0.3760,-0.1709,1.0270,1.107
4.228003,0.8712,-0.2310,2.4456,2.606
4.229555,1.1539,-0.1729,3.7689,3.945
4.231261,1.0162,-0.2320,2.5017,2.710
4.233286,1.0309,-0.2466,1.5163,1.850
4.235524,1.2057,-0.1157,1.0519,1.604
4.237512,1.3038,0.0488,0.9337,1.604
4.239733,1.3161,0.1572,0.9684,1.641
4.242330,1.1222,0.2344,0.6168,1.302
4.243982,0.8883,0.2486,0.2969,0.969
4.246274,0.7247,0.1597,0.0059,0.742
4.248262,0.6343,0.0830,-0.1074,0.649
4.250175,0.5523,0.0664,-0.1006,0.565
4.252135,0.4537,0.0557,-0.1055,0.469
4.254142,0.3462,0.0552,-0.1074,0.367
4.256422,0.2989,0.0273,0.3794,0.484
4.259019,0.2725,-0.0215,0.9107,0.951
4.261613,0.2232,0.0107,0.7613,0.793
4.262954,0.1836,0.0523,0.4073,0.450
4.265062,0.2002,0.1006,0.1651,0.278
4.267092,0.2495,0.0625,0.1055,0.278
4.269128,0.2984,0.0195,0.2207,0.372
4.271127,0.2442,-0.0459,0.2554,0.356
4.273466,0.2149,-0.0107,0.1011,0.238
4.276252,0.2852,-0.0757,0.3604,0.466
4.277909,0.3374,-0.0859,0.4639,0.580
4.280233,0.3243,0.0474,0.2964,0.442
4.281945,0.1934,0.2427,0.1948,0.366
4.284120,0.3711,0.1040,0.6954,0.795
4.286396,0.7745,-0.1025,1.7849,1.948
4.288436,0.7721,-0.1914,1.7214,1.896
4.290433,0.7779,-0.2725,1.5944,1.795
4.292742,0.7769,-0.2398,1.4669,1.677
4.294732,0.8751,-0.0410,1.8889,2.082
4.296683,1.1085,0.2373,2.7127,2.940
4.298696,1.1446,0.5171,2.8948,3.156
4.300937,0.6334,0.4932,2.0066,2.161
4.303019,0.5372,0.3350,1.7834,1.892
4.305053,0.5499,0.0313,2.3557,2.419
4.307268,0.5294,-0.1192,2.3162,2.379
4.311400,0.4844,-0.3404,1.8625,1.954
4.312222,0.4258,-0.4400,1.6266,1.738
4.314163,0.3604,-0.2979,1.5119,1.583
4.315797,0.2710,-0.0244,0.9596,0.997
4.317749,0.1626,0.1665,0.4678,0.523
4.319995,0.0957,0.1802,0.2495,0.322
4.321783,0.1275,0.1021,0.5757,0.598
4.324264,0.1133,0.0610,0.8419,0.852
4.329094,0.0806,0.0015,0.4253,0.433
4.329771,0.1152,-0.0029,0.2896,0.312
4.330891,0.3516,-0.0010,0.6666,0.754
4.332568,0.4219,-0.0625,0.6754,0.799
4.334214,0.3916,-0.0117,0.2168,0.448
4.336632,0.3072,0.0044,-0.1499,0.342
4.338445,0.2837,-0.0347,-0.2906,0.408
4.340618,0.3897,-0.1245,0.1079,0.423
4.343480,0.5455,-0.1201,0.5972,0.818
4.345517,0.5728,-0.1006,0.5889,0.828
4.347778,0.5640,-0.0571,0.4893,0.749
4.349271,0.4839,-0.0781,0.0249,0.491
4.351285,0.5215,-0.0479,0.0195,0.524
4.353628,0.5880,0.0278,0.4595,0.747
4.355652,0.5889,-0.0308,0.5069,0.778
4.357728,0.5684,0.0552,0.6929,0.898
4.359745,0.6739,0.0210,1.2199,1.394
4.362744,0.7955,0.0947,1.7082,1.887
4.364632,0.6236,0.2134,1.3795,1.529
4.366246,0.5176,0.1821,0.6158,0.825
4.368023,0.5630,-0.0024,0.7203,0.914
4.370500,0.5899,-0.0498,0.8053,0.999
4.372282,0.5640,-0.0752,0.7686,0.956
4.374322,0.5123,-0.0400,0.3120,0.601
4.377465,0.4688,0.0381,0.2832,0.549
4.379558,0.3814,0.2017,0.2984,0.525
4.381807,0.3282,0.2398,0.3794,0.556
4.383674,0.3946,0.1470,0.9703,1.058
4.385514,0.4380,0.0176,1.1124,1.196
4.387483,0.4659,-0.2095,0.6607,0.835
4.389212,0.5455,-0.4122,0.7950,1.049
4.392792,0.6505,-0.3926,1.2745,1.484
4.395695,0.8609,-0.1235,2.1999,2.366
4.396360,0.8976,0.3321,2.6848,2.850
4.398389,0.7408,0.5162,1.8654,2.072
4.399897,0.5313,0.4512,0.6719,0.968
4.401952,0.4366,0.3902,0.4092,0.714
4.404157,0.4156,0.2324,0.5352,0.716
4.406204,0.4415,-0.0244,0.7296,0.853
4.409246,0.4624,-0.1187,0.9840,1.094
4.410718,0.4620,-0.1704,1.0231,1.135
4.414521,0.4517,-0.1338,0.8683,0.988
4.415080,0.4268,-0.0825,0.4678,0.639
4.416603,0.4126,-0.0645,0.1318,0.438
4.418793,0.3745,-0.0420,-0.1597,0.409
4.420936,0.3384,-0.0386,-0.2783,0.440
4.425792,0.3872,-0.0342,0.1465,0.415
4.426636,0.5220,-0.0982,1.0533,1.180
4.427847,0.5079,-0.0938,1.0343,1.156
4.430888,0.6050,0.0215,0.7867,0.993
4.432052,0.7511,0.1284,0.8893,1.171
4.433878,0.7154,0.1607,0.5557,0.920
4.435705,0.7657,0.2056,0.4756,0.925
4.437739,0.7310,0.2632,0.3838,0.867
4.439959,0.6495,0.3101,0.3228,0.789
4.443487,0.9889,0.2422,1.3712,1.708
4.444433,1.1964,0.1099,2.1892,2.497
4.447137,1.0050,0.0063,1.6764,1.955
4.448927,0.8609,-0.1201,0.8336,1.204
4.450746,0.8243,-0.2149,0.6177,1.052
4.452427,0.7677,-0.2642,0.8023,1.141
4.454746,0.6451,-0.2344,0.6627,0.954
4.457195,0.5401,-0.1587,0.5972,0.821
4.460014,0.4668,-0.1289,0.7369,0.882
4.461731,0.3892,-0.1309,0.9342,1.020
4.463183,0.2950,-0.1651,0.9146,0.975
4.465283,0.2075,-0.2334,0.9024,0.955
4.467730,0.1934,-0.2202,1.2501,1.284
4.469458,0.3570,0.0996,2.2654,2.295
4.471631,0.5572,0.6827,3.1600,3.281
4.473634,0.4854,0.8263,3.1702,3.312
4.476404,0.3868,0.5845,2.6345,2.726
4.478040,0.4126,0.2779,2.3186,2.371
4.480201,0.3091,0.1113,1.6481,1.681
4.482210,0.2124,0.1358,1.1002,1.129
4.484298,0.1113,0.1568,0.9005,0.921
4.486349,0.0899,0.0547,1.0489,1.054
4.488604,0.1060,-0.0908,1.1456,1.154
4.490572,0.0786,-0.1636,0.7291,0.751
4.492986,0.0269,-0.1231,0.1846,0.223
4.495414,-0.0142,-0.0269,0.0352,0.046
4.496777,-0.0459,0.0103,-0.0234,0.053
4.498814,-0.0757,0.0020,-0.1025,0.127
4.501909,0.0166,0.0479,0.2461,0.251
4.503045,0.0884,0.0806,0.7042,0.714
4.505448,0.0298,0.0386,0.1831,0.189
4.507630,0.0523,-0.0376,-0.0874,0.109
4.511536,0.2393,-0.1025,0.2867,0.387
4.512107,0.4346,-0.1284,0.6939,0.829
4.513874,0.5367,-0.1533,0.7769,0.957
4.516102,0.5860,-0.2017,0.6256,0.881
4.519128,0.5460,-0.0386,0.4014,0.679
4.520423,0.5538,0.1514,0.6534,0.870
4.522213,0.6900,0.1714,1.0265,1.249
4.524257,0.7637,0.1519,1.2926,1.509
4.526782,0.6695,-0.0239,0.5601,0.873
4.528832,0.5142,-0.1480,-0.2901,0.609
4.530868,0.4200,-0.1626,-0.5582,0.717
4.532507,0.3653,-0.1377,-0.2935,0.488
4.534669,0.3140,-0.1079,0.1724,0.374
4.537243,0.2378,-0.1006,0.2515,0.360
4.539278,0.2681,0.0708,0.6485,0.705
4.541263,0.4361,0.3897,1.9743,2.059
4.543830,0.3926,0.6270,2.7088,2.808
4.545829,0.2744,0.5650,2.2385,2.325
4.548281,0.4502,0.2710,2.0398,2.106
4.550045,0.7354,0.0420,2.1726,2.294
4.551643,0.8297,-0.0527,1.8732,2.049
4.554000,0.8126,0.0308,1.3732,1.596
4.556105,0.7105,0.2305,0.6592,0.996
4.558133,0.6495,0.2700,0.2671,0.752
4.561063,0.6046,0.1607,0.0562,0.628
4.562325,0.5767,0.0767,0.1685,0.606
4.564511,0.5621,0.0923,0.5284,0.777
4.566428,0.5113,0.0879,0.7037,0.874
4.568678,0.4283,0.0542,0.4029,0.590
4.570500,0.3555,0.0254,0.1187,0.376
4.572705,0.3008,0.0205,-0.1006,0.318
4.574705,0.2569,0.0210,-0.1001,0.276
4.577477,0.2100,0.0103,-0.0010,0.210
4.580068,0.2129,-0.0313,0.4366,0.487
4.581298,0.2779,-0.0952,1.1119,1.150
4.583595,0.3619,-0.0825,1.1866,1.243
4.585397,0.6666,0.0166,1.3668,1.521
4.588062,0.7281,0.0444,1.0143,1.249
4.589944,0.6744,0.0776,0.4957,0.841
4.592975,0.7354,0.2012,0.5137,0.919
4.595638,0.5665,0.3545,0.1504,0.685
4.596402,0.7657,0.2950,1.0358,1.321
4.598448,1.4289,0.0269,2.8826,3.217
4.600728,1.3551,-0.2095,2.8343,3.149
4.602395,1.0050,-0.2373,1.1446,1.542
4.604622,0.8697,-0.2354,0.6573,1.115
4.606699,0.8712,-0.3286,1.4977,1.764
4.608840,0.7760,-0.3643,2.1946,2.356
4.613357,0.6739,-0.3174,1.9392,2.077
4.613920,0.5533,-0.2227,1.1285,1.276
4.615107,0.4800,-0.0703,0.5718,0.750
4.617185,0.4117,0.1206,0.5079,0.665
4.619414,0.3194,0.1934,0.4087,0.554
4.621185,0.2066,0.2505,0.2383,0.403
4.623465,0.1343,0.2530,0.4327,0.519
4.625413,0.0982,0.2095,0.7882,0.821
4.627806,0.0488,0.1753,0.9879,1.005
4.629896,-0.0029,0.1480,0.9688,0.980
4.632009,0.0322,-0.0415,0.9781,0.980
4.634212,0.1714,-0.1787,1.1920,1.217
4.636114,0.3301,-0.2549,1.3156,1.380
4.638579,0.3951,-0.2876,1.1529,1.252
4.640285,0.4820,-0.3033,1.0240,1.172
4.642215,0.5142,-0.3106,0.9269,1.105
4.644581,0.5513,-0.2891,0.7823,1.000
4.646635,0.6216,-0.3189,0.8394,1.092
4.648812,0.7115,-0.2017,0.9068,1.170
4.651138,0.7828,0.2007,1.3375,1.563
4.652668,0.8736,0.3477,1.9392,2.155
4.655449,0.8541,0.3472,1.8058,2.028
4.656919,0.7286,0.3301,1.3068,1.532
4.658867,0.4810,0.2471,0.6671,0.859
4.661696,0.3086,0.1870,0.4419,0.571
4.663206,0.2329,0.1919,0.6382,0.706
4.665786,0.1406,0.2119,0.7139,0.758
4.667834,0.0962,0.0942,0.5982,0.613
4.669501,0.1133,-0.0776,0.5655,0.582
4.671882,0.1314,-0.1821,0.3282,0.398
4.673955,0.1582,-0.2881,0.2544,0.416
4.677694,0.2197,-0.3472,0.4620,0.618
4.678293,0.2593,-0.3247,0.7237,0.835
4.680492,0.3081,-0.2046,0.7887,0.871
4.682462,0.3252,-0.1157,0.6241,0.713
4.684734,0.3706,0.1255,0.8722,0.956
4.686738,0.3702,0.2749,1.2716,1.353
4.688823,0.3072,0.3223,1.0616,1.151
4.690640,0.3931,0.1216,1.1622,1.233
4.693555,0.5210,-0.1924,1.0099,1.153
4.696292,0.6241,-0.2427,0.8795,1.105
4.698610,0.6270,-0.1504,0.6143,0.891
4.699470,0.5474,-0.1231,0.3316,0.652
4.701828,0.4732,0.0278,0.4136,0.629
4.703957,0.3843,0.1748,0.4410,0.611
4.705630,0.3243,0.1865,0.2530,0.452
4.707876,0.3164,0.1128,0.1939,0.388
4.712295,0.3413,-0.0513,0.2593,0.432
4.712862,0.3868,-0.1914,0.2432,0.495
4.715919,0.4200,-0.2222,0.3238,0.575
4.716890,0.4473,-0.1821,0.4883,0.687
4.718235,0.5147,-0.0234,0.8287,0.976
4.720686,0.5411,0.0552,0.8512,1.010
4.722302,0.4493,-0.0034,0.7750,0.896
4.724494,0.3360,0.1309,0.5694,0.674
4.726786,0.3501,0.2964,0.9083,1.018
4.728991,0.4034,0.2012,1.4030,1.474
4.730993,0.7838,-0.2046,2.2703,2.410
4.733702,1.0802,-0.2442,2.5730,2.801
4.734856,0.9855,-0.1973,1.6764,1.955
4.737049,0.8521,0.0498,0.7286,1.122
4.739050,0.9449,0.2364,0.6202,1.155
4.741295,0.8907,0.2588,0.2486,0.960
4.744701,0.7999,0.2583,0.0230,0.841
4.745767,0.7633,0.2764,0.0366,0.813
4.747942,0.6505,0.2442,0.0156,0.695
4.750079,0.5674,0.1919,0.1568,0.619
4.752006,0.5377,0.0332,0.6675,0.858
4.754129,0.5054,-0.0581,1.0084,1.129
4.756209,0.4507,-0.0703,0.7735,0.898
4.758177,0.3975,-0.0977,0.5015,0.647
4.761287,0.3350,-0.1372,0.4961,0.614
4.762801,0.2696,-0.1426,0.5850,0.660
4.764636,0.3306,0.1782,1.4137,1.463
4.766702,0.7149,0.5757,2.7454,2.895
4.768826,0.8463,0.2617,3.3236,3.440
4.770731,0.8028,-0.1216,2.4685,2.599
4.772740,0.7095,-0.0474,1.4582,1.622
4.774986,0.5684,-0.0571,0.8033,0.986
4.778056,0.4947,-0.1582,0.5875,0.784
4.780139,0.4483,-0.1367,0.6851,0.830
4.781711,0.3814,-0.1138,0.6544,0.766
4.784206,0.3203,-0.0806,0.3272,0.465
4.785934,0.2671,-0.0347,0.0532,0.275
4.788025,0.2344,0.0938,0.1021,0.272
4.789921,0.3052,0.2085,0.5001,0.622
4.796890,0.3501,0.2691,0.8658,0.972
4.797414,0.2471,0.2149,0.7896,0.855
4.797662,0.1270,0.1714,0.4214,0.472
4.798989,0.1284,0.0093,0.3111,0.337
4.800669,0.2144,-0.1455,0.6002,0.654
4.802487,0.4805,-0.2139,1.2789,1.383
4.804743,0.7447,-0.1812,1.7961,1.953
4.806598,0.6426,-0.1773,1.2667,1.431
4.809424,0.7042,-0.0308,0.9391,1.174
4.810678,0.9205,0.2017,2.0451,2.252
4.813013,0.7032,0.3096,1.8210,1.976
4.815036,0.5889,0.0059,1.0187,1.177
4.817211,0.6524,-0.2066,0.9137,1.142
4.819094,0.8502,0.0020,1.6984,1.899
4.821213,0.6085,0.0850,1.0006,1.174
4.823270,0.3892,0.0508,0.1719,0.428
4.825686,0.2574,0.1616,-0.1309,0.331
4.827989,0.1734,0.1641,-0.0908,0.255
4.830391,0.2090,0.1680,0.7594,0.805
4.832394,0.1778,0.1734,1.5265,1.547
4.834977,0.0479,0.2144,1.1051,1.127
4.836308,-0.0396,0.1865,0.4624,0.500
4.838456,-0.0503,0.1006,0.1148,0.161
4.840447,0.0059,0.1099,0.5963,0.606
4.842519,-0.0186,0.0566,0.7657,0.768
4.844968,-0.0225,-0.0190,0.4122,0.413
4.847210,0.0855,0.0889,0.5792,0.592
4.848898,0.3277,0.1265,1.2321,1.281
4.851283,0.4038,0.1025,1.4713,1.529
4.852817,0.3350,0.1651,0.8307,0.911
4.855895,0.3809,-0.0332,0.5093,0.637
4.857351,0.4751,-0.1983,0.2407,0.568
4.859503,0.5987,-0.2593,0.4361,0.785
4.861583,0.6163,-0.2886,0.3829,0.781
4.864080,0.5811,-0.3072,0.2261,0.695
4.865963,0.5562,-0.3013,0.1792,0.657
4.867966,0.5499,-0.2417,0.3750,0.708
4.869803,0.5772,-0.1353,0.7530,0.958
4.872248,0.5670,-0.1167,0.9054,1.075
4.874218,0.6304,-0.0425,0.6568,0.911
4.876703,1.2760,0.2525,2.6609,2.962
4.878744,1.3097,0.2398,2.8020,3.102
4.881553,0.8751,0.2442,0.8009,1.211
4.882870,0.7847,0.0278,-0.0474,0.787
4.884951,0.8180,-0.2027,-0.2451,0.878
4.886874,0.8448,-0.2715,0.0840,0.891
4.888959,0.8209,-0.2930,1.3405,1.599
4.890759,0.7428,-0.1602,1.4796,1.663
4.892839,0.6734,-0.0723,0.6641,0.949
4.896780,0.5850,-0.0967,-0.0811,0.598
4.897607,0.5103,-0.0947,-0.3570,0.630
4.900636,0.4366,-0.0547,-0.2139,0.489
4.902203,0.3536,-0.0293,0.1968,0.406
4.904008,0.2818,0.0684,0.6905,0.749
4.905915,0.3457,0.0308,1.2872,1.333
4.908054,0.9859,-0.1646,3.5609,3.699
4.910932,1.1437,-0.1514,3.3543,3.547
4.912096,0.8995,-0.1206,2.0945,2.283
4.915083,0.7193,-0.3921,0.8907,1.210
4.917455,0.5713,-0.0513,0.5225,0.776
4.918847,0.4502,0.2920,0.3472,0.639
4.920781,0.5225,0.2681,0.1265,0.601
4.922669,0.6353,0.1148,-0.3301,0.725
4.924844,1.1022,0.1641,1.2716,1.691
4.927775,1.3678,-0.0376,2.3621,2.730
4.929866,0.9781,-0.2715,1.8933,2.148
4.931903,0.6876,-0.1870,0.6549,0.968
4.933117,0.5333,-0.1309,0.0024,0.549
4.935623,0.4947,-0.1299,0.0020,0.511
4.937440,0.4703,-0.1597,0.4673,0.682
4.939735,0.4073,-0.1626,0.5406,0.696
4.941624,0.3072,-0.1939,0.3101,0.478
4.944918,0.2295,-0.2114,0.1250,0.336
4.946838,0.1729,-0.2339,0.2554,0.387
4.949073,0.1402,-0.2285,0.5391,0.602
4.950647,0.1148,-0.2539,0.8028,0.850
4.952435,0.0386,-0.3096,0.8575,0.913
4.954148,-0.0146,-0.2188,1.0895,1.111
4.956469,-0.0703,0.1836,1.6877,1.699
4.958641,0.4957,-0.0225,3.4071,3.443
4.961770,0.8609,-0.1240,3.7411,3.841
4.962801,0.4029,0.1587,1.6071,1.664
4.964924,0.3775,0.0420,0.7559,0.846
4.966937,0.7027,-0.0610,1.3893,1.558
4.969200,0.8458,0.0425,1.9045,2.084
4.970923,1.0470,0.0606,2.3342,2.559
4.972979,0.8263,0.1426,1.3170,1.561
4.975009,0.6441,0.0820,0.4463,0.788
4.978374,0.8565,-0.2666,0.8756,1.254
4.980442,0.9176,-0.4869,1.4616,1.793
4.981866,0.7965,-0.5342,1.2701,1.592
4.984022,0.6661,-0.4078,0.5938,0.981
4.986072,0.5362,-0.3536,-0.0093,0.642
4.988088,0.4449,-0.3775,-0.2803,0.647
4.990149,0.3760,-0.3687,-0.2915,0.602
4.992246,0.2852,-0.3970,-0.1231,0.504
4.995242,0.2329,-0.3330,0.2603,0.483
4.996485,0.1900,-0.2896,0.6754,0.759
4.999207,0.1206,-0.2588,0.6719,0.730
5.000848,0.0508,-0.2476,0.4082,0.480
5.002947,-0.0996,-0.1348,0.2657,0.314
5.004980,-0.1807,0.0332,0.1958,0.269
5.007117,0.1353,0.0098,1.1227,1.131
5.009040,0.8961,0.0772,2.7107,2.856
5.013180,0.7066,0.0391,2.0671,2.185
5.014194,0.3116,0.1265,1.0177,1.072
5.017571,0.1885,0.1235,0.3369,0.405
5.017999,0.2412,0.1387,0.1528,0.317
5.019549,0.2691,0.1465,0.0747,0.315
5.022151,0.4971,0.2080,0.5450,0.766
5.023921,0.6925,0.2530,1.5832,1.746
5.025841,0.5884,0.1553,1.0685,1.230
5.028079,0.4864,0.0757,0.2075,0.534
5.030704,0.5152,0.0523,-0.0962,0.527
5.032404,0.7281,0.0942,0.3291,0.805
5.034365,1.2448,0.2271,2.2058,2.543
5.036270,1.1974,0.3023,2.4495,2.743
5.038509,0.8375,0.3321,0.5875,1.076
5.040725,0.6773,0.3247,-0.1953,0.776
5.042785,0.6153,0.3511,-0.3174,0.776
5.045249,0.5840,0.2598,-0.3003,0.706
5.047105,0.5831,-0.0410,-0.1919,0.615
5.049455,0.6661,-0.1445,1.3004,1.468
5.051109,0.6749,-0.1035,2.1662,2.271
5.053102,0.6622,0.1187,1.3947,1.548
5.055042,0.6089,0.1670,0.9425,1.134
5.057375,0.5313,0.2466,0.4190,0.720
5.059310,0.3955,0.2471,0.0420,0.468
5.062389,0.2700,0.2622,-0.1992,0.426
5.064601,0.1680,0.2735,-0.1338,0.348
5.066639,0.1279,0.2759,0.0908,0.317
5.068450,0.0923,0.2515,0.3951,0.477
5.070564,0.0591,0.1353,0.4800,0.502
5.072367,0.0190,0.0278,0.5430,0.544
5.074550,-0.0078,0.0308,0.9059,0.906
5.076510,0.0220,0.1167,1.6042,1.609
5.079538,0.0757,0.3760,2.0876,2.123
5.081002,0.2447,0.3540,2.3459,2.385
5.083969,0.4400,0.2305,2.0808,2.139
5.085125,0.4937,0.0991,1.5387,1.619
5.087553,0.4024,-0.0586,1.1417,1.212
5.089538,0.3042,0.0352,0.6109,0.683
5.091294,0.4278,0.1699,0.7281,0.861
5.093225,0.4786,0.2285,0.5069,0.734
5.096955,0.4351,0.2505,0.2783,0.574
5.100552,0.3037,0.2510,-0.1187,0.412
5.101581,0.2950,0.3296,-0.1050,0.455
5.101904,0.3653,0.4478,0.3687,0.685
5.104039,0.4063,0.5142,0.6568,0.928
5.106279,0.5137,0.4302,1.4948,1.638
5.108233,0.4854,0.2281,2.0905,2.158
5.110744,0.4703,0.0942,1.9685,2.026
5.112652,0.3960,-0.0293,1.0900,1.160
5.114471,0.3433,-0.1831,0.7681,0.861
5.116434,0.7027,-0.1841,2.0564,2.181
5.118671,1.0621,-0.1133,3.0750,3.255
5.120870,0.9913,-0.0200,2.3464,2.547
5.122822,0.7769,0.1519,1.4323,1.636
5.125032,0.6563,0.2862,0.9620,1.199
5.129001,0.6270,0.1128,1.0880,1.261
5.129566,0.4922,0.0562,0.3550,0.609
5.131789,0.4458,0.0645,0.2652,0.523
5.133753,0.4820,0.1729,0.5801,0.774
5.135473,0.3975,0.1817,0.5577,0.709
5.137535,0.2520,0.1782,-0.1670,0.351
5.139662,0.1651,0.2300,-0.0410,0.286
5.141776,0.1211,0.2168,0.1997,0.319
5.144862,0.0855,0.2080,0.4165,0.473
5.146379,0.0317,0.1763,0.2569,0.313
5.148356,-0.0273,0.1172,0.1084,0.162
5.150674,-0.0728,0.0566,0.2110,0.230
5.152824,-0.0947,-0.0264,0.3174,0.332
5.154850,0.0225,-0.1333,0.8526,0.863
5.156649,0.2617,-0.2066,1.4621,1.500
5.158755,0.5054,-0.2447,1.8327,1.917
5.162213,0.5904,-0.2339,1.5177,1.645
5.163250,0.5899,-0.1392,0.8805,1.069
5.165372,0.5665,-0.0723,0.2427,0.620
5.167649,0.6138,-0.0264,0.1030,0.623
5.169388,0.6275,0.0308,0.0635,0.631
5.171935,0.6192,0.0361,0.1953,0.650
5.173357,0.6055,0.0640,0.2617,0.663
5.175598,0.5826,0.0620,0.3985,0.709
5.178105,0.5284,0.0317,0.2945,0.606
5.181363,0.4703,0.0317,0.3662,0.597
5.182058,0.3804,-0.0186,0.4136,0.562
5.184190,0.3423,-0.0327,0.4141,0.538
5.186127,0.3750,-0.1680,1.1119,1.185
5.188408,0.4156,-0.2652,1.5695,1.645
5.190605,0.6197,-0.2881,1.8508,1.973
5.192834,0.8687,-0.1978,2.3459,2.509
5.194757,0.8990,0.0420,2.2268,2.402
5.200820,0.8936,0.2246,1.7175,1.949
5.204473,0.8287,0.2320,0.9908,1.312
5.204655,0.8394,0.0479,0.6885,1.087
5.204752,0.8556,-0.0234,0.7222,1.120
5.205036,0.7237,-0.1128,0.6446,0.976
5.207218,0.5943,-0.0747,0.4771,0.766
5.209453,0.5552,-0.0283,0.5049,0.751
5.211459,0.5323,-0.0181,0.4375,0.689
5.213515,0.5391,-0.0112,0.2647,0.601
5.215434,0.5753,-0.0352,0.3540,0.676
5.217507,0.5372,-0.0200,0.2461,0.591
5.219829,0.4957,-0.0288,0.0796,0.503
5.221709,0.6275,-0.0259,0.4786,0.790
5.224347,1.0191,0.0791,1.3649,1.705
5.226264,1.1197,0.0811,1.6838,2.024
5.229041,1.0426,-0.0923,1.4201,1.764
5.230833,0.9566,-0.1885,0.9488,1.361
5.233717,0.8844,-0.2281,0.7647,1.191
5.234821,0.8643,-0.2857,1.0846,1.416
5.237462,0.8756,-0.3340,1.6677,1.913
5.238908,0.7208,-0.1528,1.3903,1.573
5.240972,0.5650,0.0181,0.7637,0.950
5.243171,0.4712,0.0772,0.4483,0.655
5.245380,0.4019,0.1748,0.7066,0.831
5.247494,0.3726,0.1611,1.1476,1.217
5.249474,0.3096,0.1445,1.2199,1.267
5.251478,0.2329,0.1001,0.8966,0.932
5.253389,0.1782,0.0405,0.7345,0.757
5.256476,0.1494,-0.0322,0.8809,0.894
5.257818,0.1221,-0.0708,1.1046,1.114
5.260079,0.1123,-0.1587,1.1954,1.211
5.263647,0.2617,-0.3448,1.6550,1.711
5.264125,0.5518,-0.4791,2.3284,2.440
5.266457,0.6314,-0.4541,2.2395,2.371
5.268622,0.5059,-0.2940,1.1290,1.272
5.270450,0.6651,-0.1865,1.0812,1.283
5.272817,0.7647,0.0352,1.3131,1.520
5.274969,0.6295,0.1846,0.9142,1.125
5.276902,0.5377,0.2271,0.5289,0.788
5.279300,0.5176,0.1792,0.2979,0.624
5.281156,0.5469,0.0132,0.4800,0.728
5.283229,0.5513,-0.1343,0.6651,0.874
5.285017,0.5230,-0.1577,0.5455,0.772
5.287287,0.4820,-0.1773,0.3223,0.606
5.289531,0.5264,-0.2237,0.3501,0.671
5.291154,0.5069,-0.2559,0.2857,0.636
5.293445,0.4209,-0.2373,0.1382,0.503
5.297096,0.3643,-0.0176,0.0718,0.372
5.298117,0.5044,0.1714,0.4678,0.709
5.301620,0.8932,0.0835,1.7292,1.948
5.301945,0.8057,-0.0474,1.9411,2.102
5.304217,0.4854,0.0586,0.8780,1.005
5.306222,0.4048,0.1196,0.5743,0.713
5.308326,0.5210,0.2871,1.1320,1.279
5.310524,0.5591,0.3120,1.4762,1.609
5.312931,0.5489,0.0479,1.0602,1.195
5.315156,0.5220,0.0615,0.8243,0.978
5.317049,0.3721,0.1167,0.5455,0.671
5.318972,0.3467,-0.0503,0.4966,0.608
5.320905,0.3433,-0.1113,0.6890,0.778
5.323163,0.2700,-0.0469,0.4483,0.525
5.325193,0.2100,0.0615,0.2925,0.365
5.327454,0.1626,0.0566,0.4356,0.468
5.330735,0.1226,0.0894,0.3653,0.396
5.331551,0.0708,0.1157,0.3887,0.412
5.333599,0.0649,0.0601,0.5611,0.568
5.336318,0.1260,-0.1655,0.8668,0.891
5.337620,0.1778,-0.2412,0.8243,0.877
5.340159,0.3042,-0.2154,0.7349,0.824
5.342074,0.4747,-0.2056,1.1339,1.246
5.344401,0.5596,-0.0742,1.4064,1.515
5.346295,0.4966,0.1548,1.3063,1.406
5.348534,0.5616,0.2740,1.3058,1.448
5.350564,0.6002,0.3326,1.0333,1.240
5.352621,0.6724,0.2632,0.8326,1.102
5.354829,0.6798,0.2808,0.8121,1.096
5.358830,0.6436,0.2036,0.7359,0.999
5.359080,0.6143,0.1572,0.6925,0.939
5.362579,0.4864,0.0689,0.4273,0.651
5.363764,0.5313,-0.0972,0.5215,0.751
5.365408,0.6978,0.0000,0.5796,0.907
5.367696,0.7359,0.1475,0.3697,0.837
5.369474,0.5684,0.1089,-0.0103,0.579
5.371453,0.4400,0.1411,-0.2031,0.505
5.373972,0.7662,0.1030,0.5826,0.968
5.375733,1.0948,0.0527,1.5915,1.932
5.377735,0.8170,0.3130,1.0904,1.398
5.380197,0.7847,0.0576,1.3141,1.532
5.382427,0.9186,0.0195,1.6945,1.928
5.384391,0.8458,0.3091,1.4313,1.691
5.386294,0.5445,0.1006,0.8883,1.047
5.388603,0.3809,0.0078,0.3809,0.539
5.391547,0.3184,-0.0576,0.6129,0.693
5.392670,0.3194,-0.0840,1.3468,1.387
5.396716,0.2935,-0.0610,1.5578,1.586
5.396949,0.1958,0.0884,1.0172,1.040
5.398955,0.1250,0.2276,0.5137,0.576
5.401326,0.1441,0.2324,0.6656,0.720
5.403230,0.2505,0.0879,1.1442,1.175
5.405512,0.5054,-0.0376,1.6823,1.757
5.407512,1.0016,-0.0649,2.4524,2.650
5.409578,0.8634,0.0254,1.9768,2.157
5.411890,0.5850,0.1641,1.1080,1.264
5.413422,0.8155,0.1279,1.3107,1.549
5.415902,0.9068,0.2212,1.4308,1.708
5.417987,0.7799,0.1944,1.2399,1.478
5.420277,0.5513,0.1992,1.2394,1.371
5.422280,0.3750,0.1314,1.2028,1.267
5.424623,0.3203,0.1602,1.0338,1.094
5.426655,0.2598,0.1792,0.4317,0.535
5.428740,0.2056,0.1367,0.2061,0.322
5.430678,0.1748,0.0610,0.1890,0.265
5.432823,0.1519,-0.0269,0.2427,0.288
5.435089,0.1182,-0.0508,0.0063,0.129
5.437001,0.2876,-0.0986,0.4302,0.527
5.438988,0.3965,-0.1235,1.0079,1.090
5.441126,0.3003,-0.0938,0.3316,0.457
5.443126,0.3731,0.0293,0.5655,0.678
5.445626,0.3887,0.1177,0.6925,0.803
5.447561,0.5499,0.0313,1.1500,1.275
5.449637,0.6226,0.0747,1.1080,1.273
5.451514,0.6187,0.0845,0.6397,0.894
5.453713,0.5723,0.1299,0.3384,0.677
5.455711,0.5699,0.1934,0.5040,0.785
5.457882,0.4874,0.1738,0.7706,0.928
5.459786,0.4268,0.0498,0.5357,0.687
5.463014,0.3653,-0.0122,0.3238,0.488
5.464374,0.2881,-0.0381,-0.0015,0.291
5.466565,0.2110,-0.0493,-0.0649,0.226
5.468281,0.1695,-0.0586,0.1939,0.264
5.470567,0.1665,-0.1021,0.7208,0.747
5.472685,0.2090,-0.1172,1.2428,1.266
5.474836,0.2222,-0.2066,1.2872,1.323
5.476919,0.3951,-0.1616,1.0279,1.113
5.480272,0.6490,-0.0806,1.3722,1.520
5.481218,0.8487,0.1480,1.9533,2.135
5.483100,0.7105,0.3731,1.9514,2.110
5.486231,0.8214,0.1988,1.9416,2.118
5.487306,1.0035,0.1152,1.9660,2.210
5.489629,0.7838,0.0083,1.0636,1.321
5.491392,0.6895,-0.1006,0.6695,0.966
5.493441,0.6368,-0.1553,0.5704,0.869
5.496808,0.6461,-0.1533,0.8419,1.072
5.498730,0.5655,-0.0303,0.8292,1.004
5.500660,0.4444,-0.0523,0.5001,0.671
5.502229,0.4165,-0.0430,0.4766,0.634
5.504371,0.4517,0.0982,0.4190,0.624
5.506543,0.6119,0.2110,0.6226,0.898
5.508693,0.7203,0.0977,0.5494,0.911
5.511506,0.7052,0.0137,0.4893,0.858
5.513093,0.6207,-0.0161,0.2769,0.680
5.514999,0.5469,0.0982,0.4307,0.703
5.517089,0.3936,0.1533,-0.0137,0.423
5.519145,0.5796,0.0679,0.5826,0.825
5.521416,1.1158,-0.1172,1.8659,2.177
5.523444,1.0377,-0.1988,2.1418,2.388
5.526845,0.8243,-0.1973,1.1305,1.413
5.528721,0.5660,-0.0332,0.4771,0.741
5.530243,0.4034,0.0444,0.2364,0.470
5.531566,0.3604,0.1831,0.7774,0.876
5.533678,0.3238,0.1870,1.5338,1.579
5.535708,0.2251,0.1900,1.4225,1.453
5.537833,0.1441,0.1201,0.9513,0.970
5.539976,0.1445,-0.0181,0.7574,0.771
5.542303,0.1616,0.0562,0.8341,0.851
5.544702,0.2935,0.2744,1.2623,1.325
5.546967,0.2686,0.0474,1.6183,1.641
5.549379,0.3174,-0.1099,1.2355,1.280
5.550649,0.4415,-0.0840,1.1788,1.262
5.552814,0.4991,-0.0137,1.1598,1.263
5.554867,0.6158,-0.1016,1.1041,1.268
5.558201,0.6558,0.0713,1.0826,1.268
5.559173,0.6016,0.2783,0.9859,1.188
5.562026,0.5928,0.2725,1.0143,1.206
5.563607,0.5108,0.2422,0.4878,0.747
5.566615,0.4585,0.0850,0.5084,0.690
5.567878,0.4219,-0.0161,0.3936,0.577
5.569897,0.4654,0.0957,0.3418,0.585
5.572299,0.6065,0.2564,0.7657,1.010
5.573714,0.5855,0.2471,0.7354,0.972
5.576281,0.4981,0.0967,0.2451,0.564
5.578233,0.5611,0.0957,0.2598,0.626
5.581583,0.4664,0.0317,0.1323,0.486
5.582795,0.3833,-0.0474,0.0933,0.397
5.588287,0.3550,-0.1001,0.0557,0.373
5.588560,0.4117,-0.1861,0.7164,0.847
5.588798,0.6724,-0.0557,1.1520,1.335
5.590878,0.7315,0.2168,1.3351,1.538
5.593051,0.4874,0.2696,0.7359,0.923
5.595094,0.5557,0.0957,1.1232,1.257
5.598384,0.5645,-0.0239,1.5656,1.664
5.599999,0.5230,0.0376,1.4938,1.583
5.601266,0.4190,-0.0391,0.9420,1.032
5.603903,0.3658,-0.0606,0.7896,0.872
5.605530,0.3072,-0.0562,0.6627,0.733
5.607771,0.2681,-0.0479,0.6402,0.696
5.609825,0.2359,-0.0249,0.6934,0.733
5.611626,0.1861,-0.0088,0.6558,0.682
5.614163,0.1436,0.0078,0.6075,0.624
5.615653,0.1460,-0.0352,0.7413,0.756
5.620850,0.2915,0.0645,1.0992,1.139
5.621110,0.8473,0.1431,1.9313,2.114
5.622414,1.1271,-0.0786,2.7278,2.953
5.624570,0.8800,-0.2012,1.6637,1.893
5.626850,0.6402,-0.1719,0.6207,0.908
5.629633,0.6265,-0.0230,0.2642,0.680
5.635001,0.8077,0.2212,0.7091,1.097
5.635448,0.7857,0.3482,0.9889,1.310
5.635635,0.6050,0.2207,0.9811,1.174
5.637111,0.4922,0.0044,0.8463,0.979
5.640813,0.5098,-0.1709,1.0143,1.148
5.641276,0.4717,-0.1480,0.8448,0.979
5.643533,0.4756,-0.1553,0.5894,0.773
5.645554,0.5201,-0.2066,0.5796,0.806
5.647975,0.5460,-0.1773,0.5313,0.782
5.649754,0.5943,0.0127,0.3667,0.698
5.651932,0.7457,0.1753,0.5367,0.935
5.653763,0.8790,0.1699,0.8590,1.241
5.656028,0.8092,0.2530,0.9708,1.289
5.658153,0.5782,0.1177,0.7169,0.928
5.660312,0.5943,-0.1563,0.6822,0.918
5.662999,0.7115,-0.3306,1.1622,1.402
5.665166,0.7584,-0.1836,0.9356,1.218
5.666829,0.6451,-0.1074,0.6251,0.905
5.668788,0.5132,-0.0278,0.3062,0.598
5.670869,0.4180,0.1865,0.4834,0.666
5.673066,0.3467,0.2251,0.6373,0.760
5.675130,0.2725,0.1641,0.5118,0.603
5.677438,0.1836,0.1182,0.2080,0.302
5.680162,0.1411,0.0786,0.0825,0.181
5.682399,0.1465,0.0669,0.5059,0.531
5.683776,0.1660,-0.0078,1.0846,1.097
5.685867,0.4087,0.0352,1.3556,1.416
5.687763,0.5538,0.2237,1.6276,1.734
5.689966,0.4986,0.1065,1.4938,1.578
5.691904,0.6749,0.1895,1.7179,1.855
5.693951,0.8023,0.2930,2.1701,2.332
5.697215,0.6387,0.3506,1.2970,1.488
5.698887,0.5992,0.3316,0.9156,1.143
5.700245,0.5919,0.2696,1.0826,1.263
5.702585,0.5137,0.0830,1.1827,1.292
5.704816,0.4683,-0.0923,1.1559,1.251
5.706761,0.3848,-0.1113,0.7135,0.818
5.708820,0.3257,-0.0811,0.3824,0.509
5.710949,0.3072,-0.0498,0.2256,0.384
5.716195,0.2818,-0.0523,0.2461,0.378
5.716751,0.2730,-0.0488,0.2139,0.350
5.717329,0.3135,-0.0894,0.4009,0.517
5.720333,0.4244,-0.0625,0.4444,0.618
5.721391,0.7139,0.1084,0.7408,1.035
5.723610,0.8683,0.1929,1.0167,1.351
5.725587,0.8136,0.2154,0.9845,1.295
5.727741,0.8888,0.1631,0.9855,1.337
5.729952,0.9518,0.0483,1.0133,1.391
5.731883,0.7926,-0.0073,0.4839,0.929
5.734023,0.6871,0.0386,0.6129,0.921
5.736179,0.5616,0.0205,0.9938,1.142
5.738334,0.5240,-0.0820,1.0162,1.146
5.740542,0.4810,-0.1611,0.6622,0.834
5.742578,0.4366,-0.1553,0.3365,0.573
5.744848,0.3990,-0.1289,0.5440,0.687
5.747214,0.3711,-0.0938,0.9557,1.029
5.749127,0.2740,0.0542,0.9044,0.947
5.751135,0.1748,0.1406,0.7452,0.778
5.753321,0.2046,-0.0142,1.3278,1.344
5.755403,0.3804,-0.0693,1.7565,1.799
5.757361,0.6089,0.1870,1.8039,1.913
5.759406,0.4947,0.1817,1.3126,1.414
5.761683,0.4073,0.2823,0.9371,1.060
5.763961,0.5860,0.1074,1.3165,1.445
5.765847,0.7813,-0.0015,1.4118,1.614
5.767937,0.7554,0.0010,0.9942,1.249
5.770277,0.5264,0.1665,0.3912,0.677
5.771848,0.4034,0.2437,0.3096,0.564
5.774143,0.3755,0.0962,0.7120,0.811
5.776250,0.3672,-0.0381,0.7764,0.860
5.778181,0.3379,-0.0474,0.5093,0.613
5.780238,0.3028,-0.0117,0.1006,0.319
5.783028,0.3526,-0.0239,0.1172,0.372
5.784746,0.6509,-0.0776,0.7110,0.967
5.786774,0.7745,0.0713,0.7584,1.086
5.789119,0.6900,0.1548,0.5059,0.869
5.791319,0.5069,0.2710,0.2974,0.647
5.793870,0.7232,0.1318,0.5748,0.933
5.795389,0.9811,-0.0205,1.6999,1.963
5.798511,0.7252,-0.0425,0.5259,0.897
5.801033,0.6866,-0.0923,0.2398,0.733
5.801979,0.6529,-0.1695,0.4727,0.824
5.804313,0.6221,-0.1294,0.8565,1.067
5.806078,0.5767,0.0220,0.7203,0.923
5.808289,0.4727,0.1890,0.5460,0.746
5.810280,0.4361,0.1372,0.9395,1.045
5.811940,0.4688,0.0923,1.2692,1.356
5.814236,0.6573,-0.0132,1.4591,1.600
5.816597,0.7628,0.0635,1.1774,1.404
5.819274,0.5909,0.2945,0.6050,0.896
5.820707,0.5557,0.3667,0.5909,0.890
5.823097,0.6173,0.3941,0.9786,1.222
5.825287,0.6588,0.3247,1.0968,1.320
5.827145,0.6168,0.0532,0.9498,1.134
5.829440,0.8634,-0.1328,1.2467,1.522
5.831956,1.0758,-0.1582,1.7013,2.019
5.833232,0.9034,-0.0855,0.8009,1.210
5.835260,0.8824,0.2520,0.8365,1.242
5.837627,0.7906,0.3487,0.9420,1.278
5.840550,0.5884,0.1695,0.7808,0.992
5.842410,0.5284,0.1607,0.6295,0.837
5.843923,0.4712,0.1543,0.4200,0.650
5.847076,0.4922,-0.0239,0.6270,0.798
5.848160,0.7047,0.0737,1.0187,1.241
5.850297,0.6968,0.1792,0.8780,1.135
5.852053,0.5479,0.0317,0.1660,0.573
5.854278,0.6837,0.0772,0.1890,0.713
5.856273,0.6666,-0.0347,0.5147,0.843
5.858266,0.5191,-0.0693,-0.0303,0.525
5.860582,0.4488,-0.0649,-0.1372,0.474
5.865314,0.5684,0.0698,0.5308,0.781
5.865841,0.5557,0.0327,1.3830,1.491
5.867685,0.4419,-0.0913,0.5919,0.744
5.869040,0.4966,-0.0869,0.2173,0.549
5.871584,0.7847,0.2276,1.3473,1.576
5.873340,0.7027,0.0400,1.5343,1.688
5.875541,0.6129,-0.1104,0.8048,1.018
5.877512,0.6129,-0.0718,0.8560,1.055
5.881019,0.6500,0.0024,1.0934,1.272
5.881631,0.6041,0.0796,1.5138,1.632
5.884056,0.5059,0.0537,1.1027,1.214
5.885873,0.4297,0.1192,0.7774,0.896
5.888413,0.3516,0.2173,0.6055,0.733
5.890322,0.3575,0.2476,0.7164,0.838
5.892056,0.4786,0.2285,1.0870,1.209
5.894165,0.6299,0.2066,1.1197,1.301
5.897729,0.7252,0.2124,0.8067,1.105
5.898808,0.6710,0.0059,0.6173,0.912
5.900906,0.5806,-0.0615,0.1275,0.598
5.903298,0.5562,-0.1104,0.0674,0.571
5.905067,0.5655,-0.1817,0.2954,0.663
5.907143,0.6524,-0.1245,0.5621,0.870
5.909424,0.9635,0.0781,1.2247,1.560
5.911471,0.9693,-0.0269,1.1901,1.535
5.916667,0.9845,-0.1060,1.1378,1.508
5.917599,0.9791,-0.0737,0.8702,1.312
5.918445,1.1031,-0.1524,1.1549,1.604
5.920094,1.1349,-0.1133,1.3624,1.777
5.922292,0.9962,0.0054,0.9776,1.396
5.924176,0.9049,0.1143,1.0274,1.374
5.926182,0.6983,0.0640,0.5489,0.891
5.928288,0.5811,-0.0215,0.2993,0.654
5.930764,0.5381,-0.0337,0.3252,0.630
5.932556,0.5308,-0.0645,0.6920,0.874
5.934403,0.5528,-0.0347,0.8214,0.991
5.936430,0.7594,-0.0659,0.8726,1.159
5.938831,0.9273,0.0830,1.0797,1.426
5.940531,0.7178,0.2373,0.5406,0.929
5.943303,0.7423,0.1753,0.6187,0.982
5.945064,0.7418,-0.0527,0.7623,1.065
5.947258,0.6382,-0.0317,0.1958,0.668
5.949156,0.4913,0.0479,-0.0352,0.495
5.951500,0.4512,0.0430,0.1572,0.480
5.953522,0.4605,0.0459,1.2487,1.332
5.956235,0.4493,-0.1250,1.2037,1.291
5.957608,0.5279,-0.1841,0.9596,1.111
5.959799,0.6212,-0.0259,1.0231,1.197
5.962039,0.6426,-0.0098,0.9640,1.159
5.964948,0.7242,0.0601,1.0670,1.291
5.966877,0.6016,0.2051,0.8404,1.054
5.969085,0.4410,0.2310,0.3428,0.604
5.970724,0.3423,0.1904,0.2378,0.458
5.973114,0.3111,0.1392,0.3711,0.504
5.974289,0.3081,0.0664,0.6592,0.731
5.976857,0.3101,0.0757,0.8194,0.879
5.978786,0.3565,-0.0816,0.9083,0.979
5.980902,0.5958,-0.0845,0.9073,1.089
5.982967,0.9855,0.1279,1.3537,1.679
5.984938,0.8678,0.2867,1.0416,1.386
5.987291,0.6197,0.2124,0.2676,0.708
5.989267,0.7525,0.0049,0.2852,0.805
5.991402,1.0680,0.0249,1.0240,1.480
5.993757,0.9591,0.0230,1.1339,1.485
5.995966,0.8175,-0.1597,0.6563,1.060
5.999789,0.8267,-0.2852,0.9786,1.312
6.000429,0.7369,-0.3526,1.1744,1.431
6.004139,1.0108,-0.2940,1.6310,1.941
6.004435,1.5202,0.0713,2.6770,3.079
6.006713,1.1774,0.1997,1.6496,2.036
6.008590,0.6846,0.2495,0.3648,0.815
6.010524,0.4761,0.2617,-0.0269,0.544
6.012421,0.3926,0.1826,0.1104,0.447
6.015184,0.3516,0.1602,0.5587,0.679
6.016604,0.3086,0.1738,0.7769,0.854
6.019014,0.3936,0.2578,1.0948,1.192
6.020728,0.5245,0.2925,1.3976,1.521
6.024341,0.5245,0.0996,0.9752,1.112
6.025785,0.4278,-0.0225,0.2915,0.518
6.027432,0.3457,-0.0420,-0.3731,0.510
6.029375,0.3355,-0.0474,-0.3765,0.507
6.031697,0.3457,-0.1494,0.0835,0.386
6.033587,0.5049,-0.0776,0.7935,0.944
6.035948,0.5650,0.0742,1.2589,1.382
6.037596,0.4190,-0.0044,0.7227,0.835
6.039705,0.4771,0.0454,0.5572,0.735
6.042136,0.6558,-0.0049,1.3756,1.524
6.044132,0.7520,-0.0112,1.6003,1.768
6.046150,0.6334,0.2451,1.0939,1.288
6.048384,0.6065,0.1377,0.9723,1.154
6.050622,0.5840,-0.0982,0.7989,0.994
6.052344,0.5801,-0.0557,0.8097,0.998
6.054571,0.5533,-0.0352,0.7291,0.916
6.057316,0.4854,-0.0610,0.5518,0.737
6.059120,0.4449,-0.0127,0.6505,0.788
6.061030,0.4556,0.1465,0.9400,1.055
6.063025,0.5894,0.3052,1.1749,1.349
6.065851,0.7794,0.2989,1.3351,1.575
6.068024,0.6558,0.1665,0.6475,0.937
6.069394,0.6133,0.0552,0.2627,0.670
6.071558,0.8868,0.0776,0.6031,1.075
6.073682,0.9264,0.1611,0.6534,1.145
6.076079,0.6710,0.1392,0.0952,0.692
6.077961,0.5367,0.0391,-0.2158,0.580
6.080087,0.4727,-0.0337,-0.0850,0.481
6.082401,0.4913,-0.1172,0.6036,0.787
6.084886,0.5860,-0.1763,1.2770,1.416
6.086391,0.5850,-0.2393,1.2570,1.407
6.088688,0.5455,-0.3228,0.5162,0.817
6.090545,0.7730,-0.1914,0.8053,1.133
6.092735,1.2863,0.1231,2.4651,2.783
6.094479,1.2072,0.0977,2.5012,2.779
6.099747,0.9117,0.1226,1.2946,1.588
6.100315,0.6978,0.2647,0.7237,1.040
6.102680,0.5396,0.1353,0.5738,0.799
6.103458,0.4781,-0.0557,0.7774,0.914
6.105448,0.4722,-0.1235,1.1329,1.234
6.108048,0.4810,-0.0601,1.1886,1.284
6.110168,0.4385,-0.0283,0.7188,0.843
6.112301,0.4439,0.0571,0.4937,0.666
6.114574,0.6299,0.2437,0.6607,0.945
6.116577,0.9059,0.2549,1.2130,1.535
6.118591,0.8160,0.0703,0.8487,1.179
6.120588,0.7261,-0.0552,0.3076,0.791
6.122169,0.7037,-0.0986,-0.0752,0.715
6.124311,0.6822,-0.1284,-0.0967,0.701
6.126867,0.6754,-0.0728,0.0625,0.682
6.128845,0.6558,0.0557,0.3579,0.749
6.131516,0.5489,0.1123,0.3247,0.648
6.132813,0.4605,0.1455,0.2007,0.523
6.134885,0.4322,0.1343,0.5635,0.723
6.137263,0.6275,0.0591,0.9986,1.181
6.138913,0.8819,-0.0728,1.6300,1.855
6.141067,0.9234,-0.1895,1.4020,1.689
6.143053,0.8165,-0.0942,0.4419,0.933
6.145441,0.8092,0.1646,0.6456,1.048
6.148096,0.7887,0.3409,1.0411,1.350
6.149803,0.7066,0.3140,0.9513,1.226
6.151759,0.6124,0.1607,0.6050,0.876
6.154364,0.5289,0.0684,0.3418,0.633
6.156283,0.4888,-0.0444,0.5806,0.760
6.158002,0.4786,-0.0342,1.1070,1.207
6.160081,0.4556,0.0166,1.2667,1.346
6.162288,0.4776,0.0913,1.1676,1.265
6.165176,0.6578,0.0991,1.2257,1.395
6.166542,0.9576,0.1377,1.1866,1.531
6.168749,0.9107,0.0732,0.7691,1.194
6.170838,0.6934,-0.0181,0.0820,0.699
6.172432,0.5679,-0.0269,-0.2915,0.639
6.174653,0.5054,-0.0601,-0.3262,0.605
6.176684,0.4639,-0.0449,-0.0454,0.468
6.178814,0.4322,-0.0366,0.4141,0.600
6.180880,0.4649,0.0415,0.7618,0.893
6.183711,0.7369,0.0474,1.4176,1.598
6.186304,1.0494,0.1231,1.6808,1.985
6.187773,0.8433,0.1499,1.0011,1.318
6.189575,0.6749,-0.0376,0.4678,0.822
6.191630,0.7564,-0.2290,0.7379,1.081
6.193754,0.8082,-0.3536,1.5241,1.761
6.196018,0.7061,-0.4673,2.0471,2.215
6.200703,0.6837,-0.4063,1.8234,1.989
6.201467,0.6817,-0.1709,1.4499,1.611
6.202668,0.5880,-0.0796,1.2369,1.372
6.204561,0.5606,0.1406,1.5363,1.641
6.206567,0.5884,0.3374,1.8610,1.981
6.208923,0.5860,0.3330,1.4381,1.588
6.210384,0.7530,0.3243,1.1984,1.452
6.212743,0.6812,0.1338,0.8053,1.063
6.214694,0.7261,0.0723,0.7403,1.040
6.217834,0.7125,0.2422,0.7574,1.068
6.219742,0.5328,0.1465,0.3404,0.649
6.221456,0.6089,-0.0625,0.4610,0.766
6.223417,0.6812,-0.1714,0.7564,1.032
6.225578,0.5665,-0.1382,0.1641,0.606
6.227931,0.4761,-0.0913,-0.3326,0.588
6.229976,0.4165,-0.0405,-0.4390,0.607
6.232013,0.4732,-0.0376,0.1597,0.501
6.234049,0.6915,-0.1275,1.1075,1.312
6.236148,0.6334,-0.1196,0.6759,0.934
6.239474,0.4947,-0.0620,-0.0796,0.505
6.240460,0.4063,-0.0869,-0.4561,0.617
6.242295,0.3604,-0.0464,-0.4024,0.542
6.244507,0.3877,0.0845,-0.0669,0.402
6.248255,0.6260,0.2364,1.1627,1.342
6.249269,0.7174,0.2852,1.5978,1.775
6.250795,0.6031,0.2720,1.1613,1.336
6.252748,0.5464,0.2193,0.7291,0.937
6.255025,0.6622,0.0215,0.9464,1.155
6.257280,0.8160,-0.1035,1.3937,1.618
6.259281,0.8570,-0.0044,1.4230,1.661
6.261150,0.7281,0.2324,1.1857,1.411
6.264948,0.5821,0.3296,0.8775,1.103
6.266064,0.5367,0.3457,0.9493,1.144
6.268357,0.5167,0.2574,1.0338,1.184
6.269861,0.4986,0.0962,0.9630,1.089
6.272218,0.4834,-0.0146,0.8858,1.009
6.273844,0.4693,0.0054,0.7637,0.896
6.276221,0.4449,0.0493,0.6656,0.802
6.278120,0.4283,-0.0200,0.8834,0.982
6.280317,0.4957,-0.1231,1.0099,1.132
6.282481,0.5694,-0.1528,0.9239,1.096
6.284811,0.5919,-0.1113,0.5386,0.808
6.286578,0.6148,-0.0864,0.3360,0.706
6.288621,0.7398,-0.0151,0.4288,0.855
6.290828,0.8531,0.1040,0.5645,1.028
6.292702,0.7398,0.1192,0.3550,0.829
6.294711,0.5347,0.1572,0.1021,0.567
6.297016,0.4239,0.1851,0.0913,0.471
6.300715,0.4434,0.0161,0.5689,0.721
6.302501,0.4849,-0.1118,1.0851,1.194
6.304058,0.5074,-0.0899,1.1354,1.247
6.305559,0.6275,0.1167,0.7882,1.014
6.307603,0.8336,0.2012,0.7857,1.163
6.309711,1.0231,0.0723,1.0191,1.446
6.311848,0.9469,-0.0566,0.8473,1.272
6.314955,0.9518,-0.0938,0.9781,1.368
6.316029,1.1730,-0.2212,1.7404,2.110
6.318180,1.1959,-0.0732,1.7790,2.145
6.320948,1.0021,0.0117,1.1930,1.558
6.322494,0.7794,-0.0078,0.8321,1.140
6.324480,0.7213,0.0156,1.1149,1.328
6.326643,0.7369,0.0596,1.8058,1.951
6.328705,0.7218,-0.1152,1.8508,1.990
6.331475,0.7642,-0.2608,1.5251,1.726
6.332877,0.7970,-0.0796,1.1119,1.370
6.335532,0.6446,0.1670,0.8487,1.079
6.337318,0.5001,0.2163,0.8199,0.984
6.339124,0.4512,0.2364,0.7623,0.917
6.341089,0.3907,0.1997,0.5313,0.689
6.343289,0.3540,0.0938,0.3902,0.535
6.345564,0.3404,-0.0142,0.5142,0.617
6.349006,0.3912,-0.1196,0.5132,0.656
6.349788,0.5240,-0.1787,0.8385,1.005
6.352849,0.5362,-0.1499,0.5684,0.796
6.354316,0.4786,-0.0376,0.1294,0.497
6.356021,0.4439,0.0356,0.0972,0.456
6.358203,0.4825,-0.0894,0.3579,0.607
6.360400,0.5044,-0.1592,0.4624,0.703
6.362345,0.4488,-0.0938,0.1875,0.495
6.365819,0.4390,0.1138,0.2554,0.520
6.366561,0.4756,0.2227,0.4917,0.719
6.368984,0.4268,0.2080,0.5733,0.744
6.370741,0.4683,-0.0112,0.3682,0.596
6.372887,0.7525,-0.0933,0.9835,1.242
6.374770,0.7193,0.0796,0.7906,1.072
6.377333,0.6173,0.2237,0.6011,0.890
6.379313,0.6373,0.2281,0.7130,0.983
6.382487,0.6661,0.2593,0.8663,1.123
6.384422,0.5543,0.2129,0.7032,0.920
6.385869,0.5025,-0.0161,0.2700,0.571
6.388056,0.6617,-0.2339,0.8668,1.115
6.390047,0.7711,-0.2036,1.0465,1.316
6.391913,0.6885,-0.0928,0.9186,1.152
6.394082,0.6949,-0.0200,0.9996,1.218
6.396057,0.9034,0.1528,1.5631,1.812
6.398530,1.0123,0.1318,1.3722,1.710
6.401133,0.9855,0.0527,0.8311,1.290
6.402736,0.8966,0.0454,0.6378,1.101
6.404321,0.8380,0.0982,0.7686,1.141
6.406695,0.8014,0.1475,0.9796,1.274
6.408862,0.7628,0.1543,1.0465,1.304
6.410770,0.6866,0.0547,0.8219,1.072
6.412670,0.6656,-0.1289,0.7291,0.996
6.415038,0.6592,-0.1665,0.6529,0.943
6.418477,0.6431,-0.0352,0.6285,0.900
6.419228,0.5992,0.1192,0.5606,0.829
6.422667,0.5098,0.2486,0.4766,0.741
6.423511,0.5020,0.2632,0.7066,0.906
6.425534,0.5108,0.0806,1.1188,1.232
6.427923,0.4761,-0.0181,1.2028,1.294
6.429767,0.4175,0.0176,0.8482,0.946
6.432077,0.3789,0.0806,0.6099,0.723
6.434002,0.3951,0.1748,0.7481,0.864
6.436899,0.4248,0.2124,0.9830,1.092
6.438038,0.4156,0.0523,0.9283,1.018
6.440468,0.4180,-0.0767,0.8326,0.935
6.442498,0.4454,-0.1113,0.8189,0.939
6.444752,0.6695,-0.0469,1.1569,1.337
6.446758,0.7999,0.0474,1.1783,1.425
6.449190,0.6998,-0.0327,0.7906,1.056
6.450696,0.6988,0.0742,0.7183,1.005
6.453025,0.6700,0.3033,0.9762,1.222
6.455836,0.6509,0.1338,1.0289,1.225
6.457014,0.7511,-0.1079,1.3302,1.531
6.459238,0.8292,-0.0474,1.0636,1.349
6.461479,0.7974,-0.0254,0.8590,1.172
6.463586,0.6934,-0.0547,0.4463,0.826
6.466062,0.5709,0.1133,0.3428,0.675
6.468219,0.4786,0.2075,0.3516,0.629
6.470443,0.4146,0.1963,0.5333,0.703
6.472310,0.4209,0.0425,0.5836,0.721
6.474427,0.5259,-0.1128,0.6900,0.875
6.476215,0.6871,-0.0786,0.8223,1.074
6.478395,0.7354,0.0347,0.8487,1.124
6.480717,0.5987,0.1621,0.5577,0.834
6.483070,0.5455,0.2144,0.4385,0.732
6.487160,0.5650,0.1494,0.8614,1.041
6.487548,0.5503,-0.0566,0.9283,1.081
6.489203,0.6509,-0.1030,0.7457,0.995
6.490924,0.7589,0.0259,0.9024,1.179
6.492850,0.6890,0.1528,0.9425,1.177
6.494982,0.5513,0.2036,0.6983,0.913
6.497072,0.4712,0.2295,0.7471,0.913
6.499557,0.4854,0.0205,1.0143,1.125
6.501767,0.5450,0.0244,0.8849,1.040
6.504234,0.5772,0.0889,0.7481,0.949
6.506065,0.5162,0.0146,0.7144,0.882
6.507980,0.4957,-0.0479,0.8429,0.979
6.509788,0.5679,0.0200,1.0050,1.155
6.512275,0.6802,0.1494,1.0309,1.244
6.514200,0.6583,0.1485,0.8057,1.051
6.517085,0.5972,0.0772,0.5215,0.797
6.519060,0.7804,0.0601,0.8053,1.123
6.521458,0.9381,0.2432,1.1095,1.473
6.522622,0.8028,0.1538,0.9659,1.265
6.524755,0.6778,-0.0518,0.7667,1.025
6.526784,0.5611,-0.0767,0.6138,0.835
6.529971,0.4712,-0.0527,0.5015,0.690
6.530757,0.4737,-0.1001,0.5557,0.737
6.532844,0.5328,-0.1138,0.8995,1.052
6.534988,0.6231,0.0488,1.0792,1.247
6.537904,0.6265,0.0776,0.8878,1.089
6.539329,0.6329,0.0132,0.7169,0.956
6.541532,0.7882,0.0845,0.9278,1.220
6.543694,0.8219,0.2740,1.0802,1.385
6.545786,0.6314,0.1504,0.9146,1.122
6.548414,0.4874,0.0054,0.8785,1.005
6.550075,0.4747,-0.1489,1.1246,1.230
6.552483,0.4678,-0.1563,0.9019,1.028
6.554774,0.5870,-0.1646,0.8287,1.029
6.556332,0.7291,-0.1157,0.9664,1.216
6.558506,0.6651,-0.0117,0.6768,0.949
6.560650,0.5240,0.0342,0.5626,0.770
6.562810,0.5142,-0.0786,0.7061,0.877
6.565550,0.6466,-0.0298,0.7554,0.995
6.567179,0.7061,-0.0117,0.7305,1.016
6.569088,0.6519,0.0381,0.5181,0.834
6.571431,0.5001,0.1099,0.3218,0.605
6.573047,0.4024,0.1235,0.2954,0.514
6.575173,0.3609,0.0757,0.4981,0.620
6.577335,0.3653,-0.0259,0.5919,0.696
6.579383,0.4087,-0.1353,0.7447,0.860
6.581771,0.5137,-0.1201,0.7359,0.905
6.583976,0.6221,0.0386,0.7994,1.014
6.586173,0.5997,0.2237,0.9522,1.147
6.588661,0.5757,0.2881,0.8922,1.100
6.590366,0.5845,0.2608,0.8560,1.069
6.592558,0.6016,0.1299,0.8473,1.047
6.594325,0.6558,-0.0078,0.9254,1.134
6.596446,0.7467,0.0410,0.9952,1.245
6.601681,0.6993,0.1748,0.9903,1.225
6.602202,0.5660,0.2124,1.0245,1.190
6.602672,0.4380,0.1079,1.0572,1.149
6.606282,0.4034,-0.0195,0.9093,0.995
6.606924,0.5391,-0.0996,0.9981,1.139
6.609101,0.8424,-0.0205,1.3034,1.552
6.611141,0.9898,0.0034,1.3580,1.681
6.612957,0.9015,0.0190,1.0011,1.347
6.615418,0.7403,0.0884,0.6827,1.011
6.617648,0.5704,0.0845,0.5494,0.796
6.619720,0.4551,0.0835,0.5601,0.727
6.621823,0.3921,0.0732,0.4996,0.639
6.623905,0.3692,0.0244,0.5489,0.662
6.626171,0.3731,0.0020,0.8028,0.885
6.628134,0.4527,0.0078,1.0484,1.142
6.630164,0.6046,-0.0635,1.0953,1.253
6.632514,0.7672,-0.0562,1.0992,1.342
6.634712,0.8136,0.0596,0.9542,1.255
6.636658,0.7432,0.1387,0.7501,1.065
6.638761,0.6768,0.1465,0.7906,1.051
6.640537,0.5728,-0.0005,0.8219,1.002
6.642711,0.5406,-0.1279,0.7398,0.925
6.644871,0.5093,-0.1455,0.5523,0.765
6.647110,0.5176,-0.1050,0.6627,0.847
6.650258,0.6187,-0.1035,0.9132,1.108
6.653462,0.7662,-0.0698,0.9474,1.220
6.655456,0.7960,-0.0112,0.8199,1.143
6.655768,0.7882,-0.0112,0.7354,1.078
6.657338,0.7838,-0.0391,0.6783,1.037
6.659725,0.7515,-0.0435,0.6246,0.978
6.661525,0.6817,-0.0552,0.5928,0.905
6.664187,0.6876,0.0181,0.6168,0.924
6.666841,0.8082,0.0845,0.6939,1.069
6.668740,0.8683,0.1050,0.7642,1.161
6.670194,0.8121,0.1255,0.6168,1.027
6.672597,0.7130,0.1734,0.4600,0.866
6.674625,0.6260,0.2154,0.5294,0.848
6.676535,0.5215,0.1792,0.5616,0.787
6.678612,0.4624,0.0962,0.4708,0.667
6.680780,0.4678,0.0063,0.6417,0.794
6.683067,0.4546,-0.0005,0.6588,0.800
6.685049,0.4537,-0.0029,0.6387,0.783
6.688302,0.6021,0.1358,0.8560,1.055
6.689524,0.6729,0.2779,1.0235,1.256
6.691605,0.5845,0.2608,0.9073,1.110
6.693086,0.5523,0.2896,0.8976,1.093
6.695275,0.5215,0.1963,0.8272,0.997
6.697561,0.5001,0.0903,0.8248,0.969
6.700150,0.5030,0.0078,0.8756,1.010
6.701743,0.5044,-0.0469,0.7769,0.928
6.703932,0.5503,-0.1152,0.8585,1.026
6.706490,0.5435,-0.1235,0.9137,1.070
6.709127,0.5518,0.0103,0.9537,1.102
6.710054,0.5796,0.1568,0.9498,1.124
6.714155,0.6021,0.1167,0.9527,1.133
6.714436,0.5840,0.0225,0.9552,1.120
6.718734,0.5005,0.0454,0.7769,0.925
6.719295,0.4454,0.0405,0.8048,0.921
6.722210,0.4214,0.0689,0.9342,1.027
6.723261,0.4156,0.0308,0.9815,1.066
6.725286,0.5030,-0.1045,0.9674,1.095
6.727635,0.5909,-0.0952,0.8692,1.055
6.729026,0.6158,-0.0400,0.8077,1.016
6.730974,0.6114,-0.0283,0.8971,1.086
6.733047,0.6182,0.0532,0.9776,1.158
6.735227,0.5494,0.0444,0.8131,0.982
6.737405,0.5987,0.0107,0.8751,1.060
6.739481,0.7247,-0.0513,1.1100,1.327
6.741512,0.8277,0.0400,1.0655,1.350
6.743691,0.8365,0.0112,1.0011,1.305
6.746001,0.8238,-0.0352,0.8683,1.197
6.748192,0.8453,0.0215,0.8917,1.229
6.750168,0.7628,0.1030,0.8375,1.137
6.752776,0.5518,0.1753,0.5464,0.796
6.754317,0.4517,0.1143,0.5567,0.726
6.757849,0.4624,0.0068,0.7462,0.878
6.758837,0.4810,0.0059,0.6846,0.837
6.760677,0.4952,0.0132,0.5411,0.734
6.762775,0.5670,0.0005,0.6422,0.857
6.768121,0.5987,0.0278,0.6387,0.876
6.768390,0.5084,0.0230,0.4991,0.713
6.769274,0.5035,0.0493,0.5479,0.746
6.770891,0.5591,0.0855,0.7457,0.936
6.773027,0.6085,0.1196,0.6876,0.926
6.775725,0.6011,0.0879,0.6895,0.919
6.777479,0.6314,0.0625,0.7906,1.014
6.779854,0.6749,0.0352,0.8267,1.068
6.787296,0.7828,0.0742,0.9249,1.214
6.787464,0.8165,0.1021,1.0133,1.305
6.787547,0.7847,0.0967,0.9620,1.245
6.787994,0.7320,0.0449,0.9894,1.232
6.790224,0.6495,0.0625,1.0025,1.196
6.792160,0.5499,-0.0024,0.9542,1.101
6.794579,0.5313,0.0005,0.9059,1.050
6.796626,0.5377,0.0732,0.9078,1.058
6.799937,0.5489,0.0127,0.8492,1.011
6.800861,0.6422,-0.0366,0.9181,1.121
6.803088,0.7764,-0.0703,0.9571,1.234
6.804948,0.8292,-0.0254,0.8077,1.158
6.807142,0.7603,0.0088,0.6397,0.994
6.809179,0.6827,0.0098,0.7066,0.983
6.811019,0.5938,-0.0244,0.7574,0.963
6.813406,0.4927,-0.1050,0.6075,0.789
6.815608,0.4659,-0.1118,0.6202,0.784
6.817612,0.5040,-0.0396,0.7301,0.888
6.819532,0.6475,0.0547,0.8556,1.074
6.821689,0.6783,0.0107,0.7828,1.036
6.824369,0.7408,0.0547,0.8219,1.108
6.826140,0.7750,0.0972,0.9371,1.220
6.830626,0.7252,0.1431,0.8878,1.155
6.830754,0.6451,0.1563,0.7979,1.038
6.832950,0.5469,0.1284,0.8126,0.988
6.835086,0.4776,0.1021,0.7769,0.918
6.836796,0.4722,0.1289,0.7174,0.868
6.838763,0.4678,0.1514,0.7159,0.868
6.841048,0.4390,0.1782,0.6529,0.807
6.842896,0.4244,0.1592,0.5587,0.719
6.845893,0.4527,0.0649,0.6422,0.788
6.847516,0.4927,0.0610,0.6319,0.804
6.850178,0.5489,0.0112,0.6534,0.853
6.851459,0.6500,0.0376,0.7169,0.968
6.853836,0.7125,0.1011,0.7877,1.067
6.856525,0.7042,0.1572,0.8458,1.112
6.858095,0.6881,0.1778,0.9166,1.160
6.860308,0.6094,0.1485,0.9210,1.114
6.862057,0.5240,0.1099,0.8770,1.028
6.864406,0.5181,0.0425,0.9137,1.051
6.866418,0.5655,-0.0308,0.9752,1.128
6.869415,0.5743,-0.0562,0.9571,1.118
6.870654,0.6075,0.0190,0.9151,1.099
6.872904,0.7471,0.1109,0.9815,1.239
6.874929,0.7428,0.0313,0.9610,1.215
6.876981,0.6343,-0.0601,0.8844,1.090
6.878938,0.5025,-0.0498,0.7559,0.909
6.881077,0.4688,-0.1040,0.7623,0.901
6.883834,0.6246,-0.0669,0.9137,1.109
6.885558,0.7398,-0.0317,0.9669,1.218
6.887947,0.7305,-0.0586,0.7755,1.067
6.889747,0.6915,0.0215,0.7535,1.023
6.892268,0.6319,0.1284,0.7769,1.010
6.893453,0.5562,0.1226,0.7520,0.943
6.895579,0.5450,-0.0308,0.7564,0.933
6.897577,0.5518,-0.1118,0.7139,0.909
6.900696,0.5318,-0.1006,0.5997,0.808
6.902551,0.6363,0.0127,0.6739,0.927
6.904543,0.7418,0.0464,0.8477,1.127
6.906274,0.7252,-0.0103,0.7642,1.054
6.908550,0.6944,0.0313,0.6656,0.962
6.910507,0.6612,0.0557,0.6978,0.963
6.912933,0.6627,0.0581,0.7247,0.984
6.914521,0.6480,0.0264,0.7828,1.017
6.919474,0.6133,0.0718,0.7711,0.988
6.920060,0.5381,0.0913,0.7305,0.912
6.921801,0.4981,0.0601,0.7530,0.905
6.922793,0.5425,0.0391,0.7989,0.967
6.925121,0.5689,0.0371,0.8101,0.991
6.927320,0.5821,0.0215,0.8209,1.007
6.929300,0.6104,0.0225,0.8341,1.034
6.931114,0.6304,0.0542,0.8404,1.052
6.933371,0.6207,0.0693,0.8663,1.068
6.936081,0.6011,0.0640,0.8893,1.075
6.938395,0.5660,0.0405,0.8731,1.041
6.940016,0.5450,0.0293,0.8702,1.027
6.942653,0.5333,0.0425,0.8780,1.028
6.944241,0.5235,0.0508,0.8863,1.031
6.946475,0.5367,0.0557,0.8932,1.043
6.948623,0.5757,0.0674,0.8912,1.063
6.950550,0.6036,0.0645,0.8770,1.067
6.952781,0.6339,0.0728,0.8741,1.082
6.954954,0.6509,0.0537,0.8849,1.100
6.957051,0.6441,0.0400,0.8570,1.073
6.958798,0.6246,0.0132,0.8145,1.027
6.961037,0.5621,-0.0625,0.7315,0.925
6.963175,0.5440,-0.0816,0.6588,0.858
6.965735,0.5919,-0.0649,0.6573,0.887
6.967545,0.7467,0.0122,0.8048,1.098
6.969643,0.8302,0.0034,0.8033,1.155
6.971916,0.8468,0.0239,0.7213,1.113
6.973651,0.8424,0.0317,0.7428,1.124
6.976001,0.8150,0.0220,0.7135,1.083
6.977750,0.7813,0.0273,0.6993,1.049
6.979864,0.7242,0.0396,0.6739,0.990
6.984238,0.6529,0.0483,0.6495,0.922
6.984696,0.6148,0.0625,0.6622,0.906
6.986358,0.5963,0.0894,0.7008,0.924
6.988529,0.5391,0.0972,0.7349,0.917
6.990906,0.5010,0.1162,0.7838,0.937
6.992452,0.4756,0.1314,0.7984,0.939
6.994738,0.4732,0.1465,0.8311,0.968
6.996862,0.4737,0.1524,0.8482,0.983
7.000044,0.4683,0.1192,0.8399,0.969
7.001509,0.4820,0.0957,0.8551,0.986
7.003155,0.5093,0.1060,0.8595,1.005
7.006037,0.5254,0.1055,0.8722,1.024
7.007575,0.5171,0.0806,0.8936,1.036
7.009592,0.5108,0.0698,0.9034,1.040
7.011329,0.5010,0.0806,0.9068,1.039
7.013537,0.4825,0.0899,0.9068,1.031
7.016805,0.4639,0.0796,0.9015,1.017
7.019629,0.4537,0.0557,0.8951,1.005
7.021331,0.4610,0.0464,0.9024,1.014
7.022931,0.4830,0.0571,0.9166,1.038
7.024334,0.4859,0.0444,0.9088,1.031
7.026501,0.4815,0.0181,0.9112,1.031
7.028577,0.4903,0.0083,0.9195,1.042
7.030517,0.5079,0.0151,0.9225,1.053
7.033014,0.5088,0.0059,0.9171,1.049
7.034861,0.5064,-0.0078,0.9122,1.043
7.037121,0.5127,-0.0088,0.9044,1.040
7.039005,0.5230,0.0054,0.8980,1.039
7.041480,0.5254,0.0098,0.8883,1.032
7.043404,0.5279,0.0024,0.8746,1.022
7.045485,0.5386,0.0005,0.8575,1.013
7.047715,0.5523,0.0103,0.8409,1.006
7.050429,0.5591,0.0186,0.8282,0.999
7.051935,0.5484,0.0122,0.8087,0.977
7.055449,0.5328,0.0020,0.7862,0.950
7.056708,0.5279,0.0093,0.7740,0.937
7.057811,0.5274,0.0205,0.7696,0.933
7.060221,0.5235,0.0161,0.7716,0.933
7.062037,0.5215,0.0093,0.7804,0.939
7.064322,0.5308,0.0225,0.7916,0.953
7.067442,0.5381,0.0396,0.8038,0.968
7.068758,0.5352,0.0396,0.8223,0.982
7.070928,0.5308,0.0337,0.8399,0.994
7.072948,0.5362,0.0410,0.8531,1.008
7.074917,0.5455,0.0562,0.8687,1.027
7.076952,0.5469,0.0581,0.8819,1.039
7.079107,0.5420,0.0523,0.8907,1.044
7.081270,0.5391,0.0576,0.8980,1.049
7.084298,0.5367,0.0708,0.8995,1.050
7.086044,0.5254,0.0742,0.8976,1.043
7.087747,0.5113,0.0679,0.8932,1.031
7.089991,0.5064,0.0684,0.8863,1.023
7.091578,0.5103,0.0762,0.8775,1.018
7.093682,0.5137,0.0772,0.8663,1.010
7.096131,0.5132,0.0674,0.8551,1.000
7.098007,0.5171,0.0601,0.8438,0.992
7.101124,0.5274,0.0640,0.8316,0.987
7.102327,0.5396,0.0659,0.8223,0.986
7.104496,0.5420,0.0552,0.8180,0.983
7.107087,0.5430,0.0444,0.8155,0.981
7.108646,0.5460,0.0444,0.8145,0.982
7.110864,0.5489,0.0444,0.8145,0.983
7.112931,0.5450,0.0347,0.8160,0.982
7.114905,0.5406,0.0234,0.8189,0.982
7.119296,0.5435,0.0234,0.8214,0.985
7.120132,0.5479,0.0273,0.8263,0.992
7.123490,0.5455,0.0234,0.8326,0.996
7.123740,0.5396,0.0161,0.8380,0.997
7.125496,0.5381,0.0181,0.8419,0.999
7.127734,0.5377,0.0269,0.8473,1.004
7.129786,0.5347,0.0288,0.8526,1.007
7.131975,0.5279,0.0239,0.8580,1.008
7.133852,0.5250,0.0249,0.8629,1.010
7.137661,0.5274,0.0337,0.8658,1.014
7.137860,0.5250,0.0352,0.8668,1.014
7.140431,0.5191,0.0298,0.8692,1.013
7.142331,0.5167,0.0298,0.8702,1.012
7.144966,0.5206,0.0396,0.8702,1.015
7.146939,0.5250,0.0464,0.8717,1.019
7.148659,0.5259,0.0444,0.8707,1.018
7.151090,0.5289,0.0444,0.8683,1.018
7.153556,0.5347,0.0523,0.8634,1.017
7.155741,0.5401,0.0566,0.8580,1.015
7.158183,0.5372,0.0532,0.8526,1.009
7.159414,0.5347,0.0508,0.8458,1.002
7.161332,0.5357,0.0547,0.8380,0.996
7.163435,0.5367,0.0601,0.8311,0.991
7.165687,0.5318,0.0566,0.8277,0.985
7.167653,0.5269,0.0513,0.8233,0.979
7.169822,0.5264,0.0542,0.8199,0.976
7.172158,0.5294,0.0557,0.8175,0.975
7.173924,0.5303,0.0513,0.8199,0.978
7.176371,0.5298,0.0430,0.8194,0.977
7.178273,0.5328,0.0425,0.8253,0.983
7.180234,0.5386,0.0449,0.8302,0.991
7.182562,0.5406,0.0425,0.8365,0.997
7.185121,0.5377,0.0347,0.8429,1.000
7.186980,0.5357,0.0327,0.8487,1.004
7.188690,0.5381,0.0356,0.8531,1.009
7.190746,0.5362,0.0347,0.8590,1.013
7.192850,0.5318,0.0283,0.8624,1.014
7.195005,0.5289,0.0269,0.8634,1.013
7.197145,0.5298,0.0317,0.8668,1.016
7.199334,0.5298,0.0337,0.8697,1.019
7.201598,0.5269,0.0298,0.8692,1.017
7.204118,0.5274,0.0303,0.8692,1.017
7.206025,0.5298,0.0371,0.8653,1.015
7.208027,0.5328,0.0410,0.8614,1.014
7.209841,0.5328,0.0386,0.8590,1.012
7.211498,0.5308,0.0371,0.8546,1.007
7.213601,0.5323,0.0420,0.8492,1.003
7.215865,0.5347,0.0479,0.8458,1.002
7.220344,0.5347,0.0469,0.8424,0.999
7.220872,0.5318,0.0444,0.8375,0.993
7.223606,0.5318,0.0474,0.8350,0.991
7.225281,0.5342,0.0518,0.8316,0.990
7.226671,0.5342,0.0513,0.8302,0.989
7.228814,0.5318,0.0483,0.8292,0.986
7.230867,0.5313,0.0483,0.8277,0.985
7.233064,0.5347,0.0527,0.8297,0.988
7.235605,0.5342,0.0518,0.8321,0.990
7.239601,0.5313,0.0459,0.8350,0.991
7.239742,0.5308,0.0444,0.8380,0.993
7.246349,0.5323,0.0469,0.8409,0.996
7.246628,0.5328,0.0449,0.8448,1.000
7.246817,0.5298,0.0396,0.8487,1.001
7.247770,0.5284,0.0371,0.8536,1.005
7.250314,0.5313,0.0391,0.8556,1.008
7.252798,0.5337,0.0396,0.8585,1.012
7.254172,0.5318,0.0356,0.8609,1.013
7.256573,0.5313,0.0332,0.8619,1.013
7.258644,0.5323,0.0352,0.8624,1.014
7.260230,0.5337,0.0366,0.8624,1.015
7.262416,0.5318,0.0352,0.8609,1.013
7.264660,0.5298,0.0342,0.8565,1.008
7.268063,0.5313,0.0371,0.8551,1.007
7.268759,0.5323,0.0396,0.8526,1.006
7.271261,0.5313,0.0386,0.8497,1.003
7.273903,0.5298,0.0376,0.8463,0.999
7.275049,0.5318,0.0420,0.8429,0.997
7.277076,0.5347,0.0454,0.8419,0.998
7.279392,0.5347,0.0444,0.8394,0.996
7.281611,0.5333,0.0439,0.8375,0.994
7.284544,0.5333,0.0469,0.8355,0.992
7.286208,0.5347,0.0503,0.8341,0.992
7.287934,0.5347,0.0493,0.8350,0.993
7.290557,0.5323,0.0464,0.8360,0.992
7.291831,0.5303,0.0469,0.8370,0.992
7.293794,0.5318,0.0483,0.8380,0.994
7.296017,0.5323,0.0479,0.8404,0.996
7.298000,0.5308,0.0439,0.8429,0.997
7.302184,0.5294,0.0435,0.8448,0.998
7.303051,0.5313,0.0449,0.8468,1.001
7.304963,0.5328,0.0454,0.8497,1.004
7.307269,0.5313,0.0410,0.8521,1.005
7.309352,0.5313,0.0391,0.8531,1.006
7.310933,0.5333,0.0396,0.8551,1.008
7.313293,0.5352,0.0400,0.8556,1.010
7.315315,0.5328,0.0366,0.8560,1.009
7.320115,0.5323,0.0356,0.8556,1.008
7.320951,0.5323,0.0371,0.8531,1.006
7.322224,0.5337,0.0391,0.8536,1.007
7.324904,0.5333,0.0371,0.8536,1.007
7.325869,0.5318,0.0361,0.8516,1.005
7.328150,0.5323,0.0386,0.8487,1.003
7.329829,0.5337,0.0410,0.8473,1.002
7.331659,0.5333,0.0400,0.8453,1.000
7.333852,0.5313,0.0405,0.8433,0.998
7.336475,0.5313,0.0415,0.8433,0.998
7.338502,0.5337,0.0449,0.8433,0.999
7.340529,0.5323,0.0449,0.8429,0.998
7.342630,0.5318,0.0435,0.8419,0.997
7.344659,0.5313,0.0444,0.8409,0.996
7.346763,0.5318,0.0469,0.8404,0.996
7.348881,0.5318,0.0464,0.8419,0.997
7.351273,0.5323,0.0449,0.8424,0.997
7.353650,0.5318,0.0449,0.8419,0.997
7.355450,0.5318,0.0464,0.8429,0.998
7.357347,0.5318,0.0454,0.8458,1.000
7.359829,0.5323,0.0444,0.8458,1.000
7.361351,0.5323,0.0435,0.8458,1.000
7.363628,0.5323,0.0439,0.8463,1.001
7.365698,0.5328,0.0439,0.8473,1.002
7.368208,0.5318,0.0415,0.8482,1.002
7.370470,0.5313,0.0391,0.8502,1.003
7.372345,0.5313,0.0391,0.8521,1.005
7.373928,0.5328,0.0405,0.8516,1.005
7.376126,0.5323,0.0396,0.8516,1.005
7.378006,0.5308,0.0381,0.8507,1.003
7.380600,0.5308,0.0386,0.8502,1.003
7.382570,0.5328,0.0391,0.8487,1.003
7.385252,0.5318,0.0386,0.8492,1.003
7.387429,0.5294,0.0381,0.8487,1.001
7.389358,0.5303,0.0391,0.8473,1.000
7.393081,0.5318,0.0415,0.8468,1.001
7.393620,0.5323,0.0420,0.8468,1.001
7.395254,0.5318,0.0410,0.8453,1.000
7.397457,0.5323,0.0420,0.8448,0.999
7.399587,0.5328,0.0435,0.8438,0.999
7.401725,0.5337,0.0439,0.8443,1.000
7.404200,0.5323,0.0435,0.8438,0.999
7.406453,0.5328,0.0435,0.8438,0.999
7.408126,0.5333,0.0449,0.8448,1.000
7.410260,0.5342,0.0454,0.8453,1.001
7.412003,0.5333,0.0439,0.8458,1.001
7.414060,0.5328,0.0444,0.8458,1.001
7.416310,0.5337,0.0449,0.8468,1.002
7.420255,0.5342,0.0454,0.8477,1.003
7.420828,0.5323,0.0439,0.8482,1.002
7.424271,0.5298,0.0420,0.8482,1.001
7.424627,0.5294,0.0425,0.8487,1.001
7.428010,0.5298,0.0425,0.8502,1.003
7.428798,0.5303,0.0410,0.8497,1.002
7.431135,0.5303,0.0391,0.8492,1.002
7.433419,0.5313,0.0400,0.8497,1.003
7.435262,0.5337,0.0405,0.8482,1.003
7.437374,0.5347,0.0405,0.8492,1.004
7.439705,0.5337,0.0391,0.8497,1.004
7.441850,0.5337,0.0396,0.8468,1.002
7.443977,0.5333,0.0405,0.8468,1.002
7.447784,0.5333,0.0400,0.8477,1.002
7.448116,0.5323,0.0396,0.8473,1.001
7.450259,0.5313,0.0400,0.8468,1.000
7.451939,0.5318,0.0415,0.8448,0.999
7.454449,0.5313,0.0425,0.8448,0.999
7.456195,0.5298,0.0425,0.8438,0.997
7.458782,0.5303,0.0420,0.8433,0.997
7.460431,0.5318,0.0435,0.8438,0.998
7.462572,0.5333,0.0444,0.8448,1.000
7.465109,0.5333,0.0439,0.8448,1.000
7.467647,0.5323,0.0435,0.8443,0.999
7.470890,0.5328,0.0444,0.8453,1.000
7.471905,0.5333,0.0444,0.8458,1.001
7.473294,0.5328,0.0435,0.8453,1.000
7.475604,0.5308,0.0425,0.8448,0.999
7.477759,0.5313,0.0439,0.8453,0.999
7.479749,0.5323,0.0435,0.8453,1.000
7.481771,0.5318,0.0425,0.8453,1.000
7.483759,0.5323,0.0410,0.8453,1.000
7.486656,0.5323,0.0410,0.8458,1.000
7.488101,0.5333,0.0415,0.8468,1.002
7.490136,0.5337,0.0405,0.8468,1.002
7.492091,0.5337,0.0405,0.8477,1.003
7.494164,0.5337,0.0400,0.8477,1.003
7.496593,0.5337,0.0400,0.8477,1.003
7.498621,0.5328,0.0396,0.8487,1.003
7.502153,0.5328,0.0396,0.8482,1.002
7.502978,0.5318,0.0396,0.8473,1.001
7.504708,0.5313,0.0405,0.8487,1.002
7.507253,0.5308,0.0420,0.8473,1.001
7.508984,0.5308,0.0420,0.8468,1.000
7.511273,0.5313,0.0415,0.8468,1.001
7.513338,0.5318,0.0425,0.8463,1.000
7.515467,0.5318,0.0435,0.8463,1.000
7.518291,0.5328,0.0430,0.8473,1.002
7.519874,0.5323,0.0425,0.8463,1.001
7.521738,0.5328,0.0439,0.8463,1.001
7.524178,0.5323,0.0444,0.8458,1.000
7.525893,0.5323,0.0435,0.8448,0.999
7.528203,0.5318,0.0430,0.8448,0.999
7.530037,0.5318,0.0425,0.8448,0.999
7.532469,0.5323,0.0430,0.8438,0.999
7.535542,0.5318,0.0425,0.8438,0.998
7.536128,0.5318,0.0430,0.8443,0.999
7.538468,0.5323,0.0425,0.8458,1.000
7.540715,0.5328,0.0430,0.8463,1.001
7.542964,0.5333,0.0415,0.8463,1.001
7.545014,0.5323,0.0415,0.8473,1.001
7.547461,0.5318,0.0410,0.8473,1.001
7.549346,0.5323,0.0405,0.8492,1.003
7.551998,0.5323,0.0400,0.8492,1.003
7.553782,0.5318,0.0405,0.8497,1.003
7.555664,0.5318,0.0405,0.8497,1.003
7.557712,0.5328,0.0405,0.8492,1.003
7.559509,0.5328,0.0410,0.8487,1.003
7.561873,0.5323,0.0410,0.8482,1.002
7.564591,0.5318,0.0420,0.8487,1.002
7.566126,0.5328,0.0420,0.8482,1.003
7.568575,0.5323,0.0420,0.8482,1.002
7.570382,0.5318,0.0415,0.8482,1.002
7.572285,0.5313,0.0425,0.8473,1.001
7.574529,0.5323,0.0425,0.8468,1.001
7.576293,0.5323,0.0420,0.8468,1.001
7.578727,0.5323,0.0425,0.8473,1.001
7.581597,0.5328,0.0425,0.8453,1.000
7.583099,0.5328,0.0430,0.8443,0.999
7.585634,0.5323,0.0435,0.8453,1.000
7.587594,0.5318,0.0439,0.8443,0.999
7.589206,0.5323,0.0435,0.8433,0.998
7.591396,0.5328,0.0435,0.8438,0.999
7.593355,0.5323,0.0439,0.8458,1.000
7.595751,0.5318,0.0435,0.8468,1.001
7.597663,0.5318,0.0425,0.8443,0.999
7.599782,0.5318,0.0420,0.8453,1.000
7.602524,0.5328,0.0425,0.8458,1.001
7.604288,0.5323,0.0430,0.8463,1.001
7.606131,0.5323,0.0425,0.8468,1.001
7.608422,0.5313,0.0410,0.8468,1.000
7.610060,0.5323,0.0415,0.8468,1.001
7.612273,0.5318,0.0415,0.8477,1.002
7.614252,0.5323,0.0400,0.8482,1.002
7.616499,0.5328,0.0410,0.8482,1.003
7.621021,0.5328,0.0410,0.8482,1.003
7.621794,0.5323,0.0410,0.8487,1.003
7.623168,0.5323,0.0410,0.8487,1.003
7.625845,0.5313,0.0420,0.8473,1.001
7.627092,0.5318,0.0420,0.8477,1.002
7.629352,0.5318,0.0430,0.8477,1.002
7.631375,0.5318,0.0420,0.8482,1.002
7.633708,0.5323,0.0425,0.8473,1.001
7.635553,0.5323,0.0425,0.8473,1.001
7.637670,0.5323,0.0425,0.8473,1.001
7.639906,0.5323,0.0430,0.8468,1.001
7.642380,0.5328,0.0425,0.8463,1.001
7.644315,0.5318,0.0425,0.8468,1.001
7.646260,0.5328,0.0430,0.8438,0.999
7.648322,0.5337,0.0425,0.8438,0.999
7.650493,0.5323,0.0425,0.8443,0.999
7.652255,0.5313,0.0430,0.8458,1.000
7.654490,0.5318,0.0430,0.8443,0.999
7.657049,0.5323,0.0420,0.8458,1.000
7.658950,0.5313,0.0415,0.8458,1.000
7.660796,0.5328,0.0410,0.8473,1.002
7.662944,0.5323,0.0410,0.8473,1.001
7.665075,0.5323,0.0410,0.8463,1.001
7.667432,0.5328,0.0405,0.8473,1.002
7.669248,0.5323,0.0410,0.8468,1.001
7.671507,0.5333,0.0420,0.8487,1.003
7.673637,0.5328,0.0415,0.8492,1.003
7.675863,0.5318,0.0410,0.8468,1.001
7.677528,0.5318,0.0405,0.8468,1.001
7.680015,0.5323,0.0410,0.8477,1.002
7.681966,0.5323,0.0415,0.8477,1.002
7.684896,0.5318,0.0405,0.8468,1.001
7.686435,0.5323,0.0410,0.8477,1.002
7.688469,0.5318,0.0425,0.8482,1.002
7.690524,0.5333,0.0435,0.8473,1.002
7.692368,0.5328,0.0420,0.8473,1.002
7.694455,0.5318,0.0420,0.8473,1.001
7.696589,0.5328,0.0420,0.8463,1.001
7.698622,0.5323,0.0420,0.8463,1.001
7.701400,0.5313,0.0430,0.8463,1.000
7.704888,0.5313,0.0425,0.8453,0.999
7.705535,0.5318,0.0439,0.8448,0.999
7.707982,0.5313,0.0430,0.8448,0.999
7.710039,0.5318,0.0425,0.8443,0.999
7.711723,0.5323,0.0420,0.8453,1.000
7.713536,0.5318,0.0420,0.8453,1.000
7.715596,0.5323,0.0420,0.8458,1.000
7.718738,0.5318,0.0420,0.8473,1.001
7.720135,0.5313,0.0415,0.8477,1.001
7.722135,0.5308,0.0420,0.8468,1.000
7.724058,0.5308,0.0425,0.8463,1.000
7.726407,0.5318,0.0420,0.8482,1.002
7.728419,0.5323,0.0425,0.8482,1.002
7.730587,0.5318,0.0410,0.8482,1.002
7.732342,0.5318,0.0410,0.8463,1.000
7.734437,0.5318,0.0415,0.8473,1.001
7.737446,0.5313,0.0415,0.8482,1.002
7.739318,0.5313,0.0415,0.8473,1.001
7.740970,0.5318,0.0425,0.8473,1.001
7.743031,0.5323,0.0425,0.8468,1.001
7.745126,0.5323,0.0425,0.8473,1.001
7.747442,0.5318,0.0420,0.8468,1.001
7.749332,0.5323,0.0425,0.8463,1.001
7.752061,0.5328,0.0420,0.8463,1.001
7.753721,0.5328,0.0415,0.8463,1.001
7.755853,0.5328,0.0420,0.8473,1.002
7.757957,0.5323,0.0420,0.8468,1.001
7.760541,0.5318,0.0425,0.8453,1.000
7.762139,0.5318,0.0415,0.8468,1.001
7.764323,0.5323,0.0420,0.8463,1.001
7.766231,0.5333,0.0425,0.8458,1.001
7.769169,0.5337,0.0439,0.8458,1.001
7.771232,0.5337,0.0430,0.8468,1.002
7.772718,0.5342,0.0430,0.8473,1.003
7.774321,0.5337,0.0425,0.8453,1.001
7.776574,0.5337,0.0430,0.8463,1.001
7.778595,0.5333,0.0425,0.8473,1.002
7.780830,0.5318,0.0420,0.8473,1.001
7.783222,0.5313,0.0410,0.8473,1.001
7.786151,0.5303,0.0410,0.8482,1.001
7.788052,0.5298,0.0415,0.8482,1.001
7.789950,0.5303,0.0410,0.8468,1.000
7.791671,0.5318,0.0410,0.8473,1.001
7.793757,0.5323,0.0415,0.8477,1.002
7.795820,0.5323,0.0415,0.8477,1.002
7.798009,0.5323,0.0425,0.8473,1.001
7.800298,0.5328,0.0425,0.8473,1.002
7.802837,0.5333,0.0420,0.8487,1.003
7.804692,0.5328,0.0425,0.8477,1.002
7.806771,0.5328,0.0420,0.8473,1.002
7.808526,0.5337,0.0425,0.8487,1.004
7.810540,0.5328,0.0435,0.8477,1.002
7.812573,0.5318,0.0420,0.8468,1.001
7.814592,0.5308,0.0415,0.8468,1.000
7.817001,0.5308,0.0415,0.8453,0.999
7.821836,0.5308,0.0420,0.8453,0.999
7.822471,0.5313,0.0425,0.8458,1.000
7.823952,0.5318,0.0430,0.8463,1.000
7.826181,0.5318,0.0425,0.8463,1.000
7.827741,0.5323,0.0420,0.8468,1.001
7.829426,0.5323,0.0415,0.8458,1.000
7.831651,0.5328,0.0420,0.8473,1.002
7.833707,0.5328,0.0425,0.8468,1.001
7.835995,0.5333,0.0415,0.8468,1.002
7.837997,0.5333,0.0425,0.8463,1.001
7.840098,0.5323,0.0430,0.8468,1.001
7.842372,0.5323,0.0430,0.8473,1.002
7.844516,0.5323,0.0420,0.8477,1.002
7.846389,0.5318,0.0410,0.8492,1.003
7.848719,0.5318,0.0410,0.8492,1.003
7.850437,0.5333,0.0420,0.8487,1.003
7.855056,0.5323,0.0415,0.8473,1.001
7.856162,0.5318,0.0410,0.8473,1.001
7.856662,0.5313,0.0415,0.8473,1.001
7.860977,0.5313,0.0410,0.8477,1.001
7.861183,0.5323,0.0410,0.8492,1.003
7.863317,0.5323,0.0410,0.8482,1.002
7.865350,0.5323,0.0420,0.8473,1.001
7.867595,0.5323,0.0430,0.8473,1.002
7.869616,0.5318,0.0430,0.8468,1.001
7.872491,0.5313,0.0425,0.8463,1.000
7.873959,0.5318,0.0430,0.8458,1.000
7.875869,0.5318,0.0420,0.8453,1.000
7.878020,0.5318,0.0420,0.8463,1.000
7.880133,0.5328,0.0415,0.8448,1.000
7.882231,0.5323,0.0415,0.8448,0.999
7.884267,0.5323,0.0430,0.8453,1.000
7.886397,0.5323,0.0425,0.8468,1.001
7.888594,0.5333,0.0415,0.8468,1.002
7.890561,0.5318,0.0425,0.8468,1.001
7.892312,0.5318,0.0420,0.8468,1.001
7.894563,0.5328,0.0420,0.8473,1.002
7.897064,0.5323,0.0425,0.8477,1.002
7.899165,0.5318,0.0425,0.8473,1.001
7.901166,0.5308,0.0410,0.8477,1.001
7.905355,0.5308,0.0425,0.8477,1.001
7.905982,0.5308,0.0415,0.8473,1.001
7.907998,0.5313,0.0405,0.8468,1.000
7.911130,0.5313,0.0410,0.8477,1.001
7.912014,0.5313,0.0410,0.8487,1.002
7.913952,0.5318,0.0420,0.8492,1.003
7.915903,0.5328,0.0420,0.8492,1.003
7.918005,0.5337,0.0415,0.8482,1.003
7.920820,0.5323,0.0415,0.8482,1.002
7.922247,0.5323,0.0420,0.8473,1.001
7.924641,0.5328,0.0415,0.8473,1.002
7.926729,0.5328,0.0415,0.8473,1.002
7.928865,0.5323,0.0425,0.8468,1.001
7.930538,0.5313,0.0420,0.8473,1.001
7.932642,0.5323,0.0420,0.8458,1.000
7.934565,0.5328,0.0425,0.8463,1.001
7.936675,0.5328,0.0425,0.8468,1.001
7.938943,0.5313,0.0420,0.8477,1.001
7.941239,0.5328,0.0425,0.8477,1.002
7.943321,0.5323,0.0425,0.8473,1.001
7.945746,0.5318,0.0425,0.8477,1.002
7.948083,0.5328,0.0405,0.8487,1.003
7.949532,0.5318,0.0415,0.8482,1.002
7.951721,0.5323,0.0420,0.8487,1.003
7.953927,0.5323,0.0415,0.8473,1.001
7.955984,0.5318,0.0420,0.8477,1.002
7.958110,0.5318,0.0415,0.8487,1.002
7.960314,0.5318,0.0415,0.8482,1.002
7.962236,0.5323,0.0410,0.8477,1.002
7.964582,0.5323,0.0415,0.8463,1.001
7.966572,0.5328,0.0410,0.8473,1.002
7.969684,0.5333,0.0405,0.8463,1.001
7.971003,0.5342,0.0415,0.8463,1.002
7.972670,0.5333,0.0415,0.8477,1.002
7.975142,0.5323,0.0420,0.8477,1.002
7.977016,0.5323,0.0420,0.8482,1.002
7.979276,0.5323,0.0410,0.8468,1.001
7.981318,0.5333,0.0415,0.8477,1.002
7.983387,0.5323,0.0425,0.8477,1.002
7.986343,0.5323,0.0430,0.8477,1.002
7.987749,0.5313,0.0420,0.8463,1.000
7.989661,0.5318,0.0415,0.8463,1.000
7.992088,0.5313,0.0415,0.8458,1.000
7.993665,0.5318,0.0415,0.8468,1.001
7.996183,0.5328,0.0415,0.8468,1.001
7.998221,0.5313,0.0420,0.8477,1.001
8.000405,0.5323,0.0425,0.8473,1.001
8.003431,0.5318,0.0420,0.8468,1.001
8.004652,0.5328,0.0415,0.8468,1.001
8.006760,0.5318,0.0415,0.8473,1.001
8.009407,0.5323,0.0415,0.8473,1.001
8.010647,0.5318,0.0415,0.8468,1.001
8.012815,0.5318,0.0420,0.8473,1.001
8.014856,0.5313,0.0420,0.8458,1.000
8.017146,0.5318,0.0420,0.8448,0.999
8.021901,0.5328,0.0425,0.8463,1.001
8.022638,0.5328,0.0430,0.8468,1.001
8.024021,0.5333,0.0415,0.8473,1.002
8.026226,0.5342,0.0420,0.8473,1.003
8.027704,0.5337,0.0420,0.8463,1.001
8.029836,0.5328,0.0430,0.8468,1.001
8.032067,0.5323,0.0425,0.8482,1.002
8.034004,0.5323,0.0425,0.8482,1.002
8.036521,0.5318,0.0415,0.8477,1.002
8.038267,0.5308,0.0415,0.8463,1.000
8.040508,0.5318,0.0415,0.8453,1.000
8.042425,0.5313,0.0410,0.8458,1.000
8.045626,0.5313,0.0415,0.8453,0.999
8.046729,0.5313,0.0415,0.8463,1.000
8.048806,0.5323,0.0410,0.8453,1.000
8.050726,0.5333,0.0415,0.8458,1.001
8.053198,0.5328,0.0415,0.8468,1.001
8.055659,0.5333,0.0415,0.8468,1.002
8.057420,0.5328,0.0405,0.8473,1.002
8.059583,0.5318,0.0415,0.8473,1.001
8.061097,0.5323,0.0425,0.8477,1.002
8.063440,0.5328,0.0415,0.8487,1.003
8.065641,0.5328,0.0425,0.8482,1.003
8.067777,0.5323,0.0430,0.8473,1.002
8.070701,0.5318,0.0425,0.8482,1.002
8.072115,0.5313,0.0420,0.8473,1.001
8.074187,0.5318,0.0425,0.8477,1.002
8.076374,0.5323,0.0425,0.8477,1.002
8.078413,0.5313,0.0420,0.8482,1.002
8.080477,0.5313,0.0420,0.8487,1.002
8.082377,0.5323,0.0420,0.8487,1.003
8.084932,0.5318,0.0425,0.8477,1.002
8.086863,0.5323,0.0415,0.8487,1.003
8.089003,0.5323,0.0420,0.8477,1.002
8.090812,0.5323,0.0415,0.8482,1.002
8.093409,0.5318,0.0415,0.8473,1.001
8.094834,0.5318,0.0415,0.8458,1.000
8.096967,0.5323,0.0415,0.8458,1.000
8.099068,0.5333,0.0415,0.8458,1.001
8.101415,0.5333,0.0410,0.8458,1.001
8.103884,0.5323,0.0410,0.8473,1.001
8.106166,0.5328,0.0420,0.8468,1.001
8.107935,0.5328,0.0430,0.8468,1.001
8.110046,0.5318,0.0430,0.8473,1.001
8.112067,0.5313,0.0435,0.8463,1.000
8.114270,0.5298,0.0420,0.8463,0.999
8.116308,0.5313,0.0420,0.8468,1.001
8.118358,0.5318,0.0415,0.8463,1.000
8.121726,0.5323,0.0425,0.8482,1.002
8.123081,0.5328,0.0420,0.8492,1.003
8.124903,0.5313,0.0415,0.8487,1.002
8.129132,0.5318,0.0420,0.8477,1.002
8.129344,0.5328,0.0415,0.8482,1.003
8.130648,0.5333,0.0415,0.8492,1.004
8.132718,0.5328,0.0410,0.8477,1.002
8.134785,0.5323,0.0420,0.8482,1.002
8.137181,0.5318,0.0415,0.8477,1.002
8.139528,0.5318,0.0415,0.8482,1.002
8.141371,0.5328,0.0410,0.8482,1.003
8.143925,0.5323,0.0405,0.8482,1.002
8.145821,0.5328,0.0410,0.8482,1.003
8.147889,0.5323,0.0405,0.8477,1.002
8.149962,0.5328,0.0410,0.8477,1.002
8.152213,0.5323,0.0420,0.8482,1.002
8.154493,0.5313,0.0420,0.8473,1.001
8.156377,0.5318,0.0420,0.8473,1.001
8.158370,0.5323,0.0420,0.8463,1.001
8.160524,0.5313,0.0420,0.8458,1.000
8.163277,0.5303,0.0425,0.8463,1.000
8.165074,0.5308,0.0430,0.8458,0.999
8.166734,0.5303,0.0430,0.8458,0.999
8.168915,0.5303,0.0420,0.8458,0.999
8.170703,0.5318,0.0415,0.8463,1.000
8.172943,0.5328,0.0420,0.8463,1.001
8.174985,0.5342,0.0425,0.8473,1.003
8.177430,0.5342,0.0415,0.8473,1.002
8.179307,0.5333,0.0415,0.8482,1.003
8.182775,0.5328,0.0415,0.8477,1.002
8.183922,0.5323,0.0420,0.8468,1.001
8.186897,0.5323,0.0425,0.8487,1.003
8.188480,0.5318,0.0415,0.8487,1.002
8.190384,0.5313,0.0415,0.8487,1.002
8.192339,0.5303,0.0420,0.8477,1.001
8.193927,0.5318,0.0415,0.8473,1.001
8.196247,0.5308,0.0415,0.8473,1.001
8.198473,0.5313,0.0410,0.8473,1.001
8.200478,0.5323,0.0415,0.8487,1.003
8.204033,0.5333,0.0420,0.8482,1.003
8.205247,0.5328,0.0420,0.8482,1.003
8.207094,0.5323,0.0420,0.8473,1.001
8.209350,0.5318,0.0415,0.8482,1.002
8.213353,0.5323,0.0410,0.8468,1.001
8.213614,0.5323,0.0410,0.8458,1.000
8.216717,0.5318,0.0420,0.8443,0.999
8.217683,0.5323,0.0420,0.8448,0.999
8.222407,0.5313,0.0420,0.8438,0.998
8.223107,0.5328,0.0430,0.8448,1.000
8.224582,0.5337,0.0420,0.8443,1.000
8.226601,0.5333,0.0430,0.8443,1.000
8.228105,0.5323,0.0435,0.8458,1.000
8.229908,0.5318,0.0430,0.8458,1.000
8.232287,0.5323,0.0420,0.8473,1.001
8.234207,0.5323,0.0420,0.8473,1.001
8.236670,0.5323,0.0425,0.8482,1.002
8.238466,0.5323,0.0425,0.8492,1.003
8.240609,0.5313,0.0420,0.8487,1.002
8.242803,0.5313,0.0420,0.8502,1.003
8.244867,0.5313,0.0415,0.8507,1.004
8.246998,0.5313,0.0415,0.8497,1.003
8.249401,0.5313,0.0405,0.8492,1.003
8.250940,0.5318,0.0410,0.8492,1.003
8.254046,0.5318,0.0410,0.8482,1.002
8.255508,0.5318,0.0405,0.8477,1.002
8.257366,0.5323,0.0410,0.8487,1.003
8.260240,0.5337,0.0420,0.8477,1.003
8.261429,0.5333,0.0415,0.8468,1.002
8.263838,0.5328,0.0415,0.8463,1.001
8.266286,0.5328,0.0415,0.8458,1.000
8.268529,0.5323,0.0425,0.8458,1.000
8.270983,0.5333,0.0425,0.8448,1.000
8.272201,0.5333,0.0425,0.8433,0.999
8.274521,0.5323,0.0420,0.8443,0.999
8.276669,0.5323,0.0420,0.8448,0.999
8.278461,0.5323,0.0420,0.8453,1.000
8.280876,0.5328,0.0430,0.8448,1.000
8.283299,0.5318,0.0425,0.8458,1.000
8.284942,0.5318,0.0425,0.8473,1.001
8.287522,0.5308,0.0425,0.8473,1.001
8.289762,0.5318,0.0425,0.8482,1.002
8.291097,0.5318,0.0425,0.8477,1.002
8.293711,0.5318,0.0425,0.8477,1.002
8.295266,0.5313,0.0420,0.8482,1.002
8.297647,0.5318,0.0415,0.8473,1.001
8.300304,0.5318,0.0425,0.8477,1.002
8.301729,0.5313,0.0420,0.8477,1.001
8.304463,0.5323,0.0415,0.8477,1.002
8.306328,0.5323,0.0415,0.8473,1.001
8.308271,0.5313,0.0415,0.8477,1.001
8.310293,0.5323,0.0415,0.8477,1.002
8.312391,0.5323,0.0415,0.8482,1.002
8.314198,0.5328,0.0425,0.8487,1.003
8.317371,0.5328,0.0420,0.8463,1.001
8.318593,0.5323,0.0410,0.8458,1.000
8.323007,0.5328,0.0410,0.8463,1.001
8.324825,0.5328,0.0415,0.8463,1.001
8.325264,0.5333,0.0415,0.8473,1.002
8.326749,0.5328,0.0415,0.8463,1.001
8.329340,0.5328,0.0410,0.8463,1.001
8.330905,0.5328,0.0420,0.8458,1.000
8.333112,0.5313,0.0425,0.8477,1.001
8.335601,0.5313,0.0425,0.8482,1.002
8.337805,0.5308,0.0425,0.8487,1.002
8.339821,0.5313,0.0435,0.8502,1.003
8.341839,0.5318,0.0435,0.8502,1.004
8.343846,0.5313,0.0425,0.8482,1.002
8.346201,0.5323,0.0420,0.8487,1.003
8.348179,0.5323,0.0425,0.8482,1.002
8.350309,0.5328,0.0420,0.8497,1.004
8.352535,0.5333,0.0410,0.8477,1.002
8.354464,0.5323,0.0420,0.8482,1.002
8.356720,0.5323,0.0420,0.8473,1.001
8.358818,0.5323,0.0415,0.8473,1.001
8.360613,0.5318,0.0415,0.8477,1.002
8.362902,0.5333,0.0420,0.8473,1.002
8.364931,0.5333,0.0420,0.8473,1.002
8.367140,0.5318,0.0415,0.8463,1.000
8.369211,0.5318,0.0415,0.8473,1.001
8.371430,0.5323,0.0415,0.8473,1.001
8.373226,0.5318,0.0430,0.8468,1.001
8.375284,0.5323,0.0425,0.8473,1.001
8.377456,0.5318,0.0420,0.8473,1.001
8.379817,0.5323,0.0415,0.8468,1.001
8.381810,0.5333,0.0420,0.8473,1.002
8.383712,0.5318,0.0415,0.8463,1.000
8.386209,0.5318,0.0420,0.8463,1.000
8.388613,0.5313,0.0425,0.8458,1.000
8.390392,0.5323,0.0425,0.8463,1.001
8.392561,0.5298,0.0435,0.8463,0.999
8.397002,0.5240,0.0425,0.8458,0.996
8.397250,0.5225,0.0371,0.8458,0.995
8.398724,0.5254,0.0298,0.8531,1.002
8.401322,0.5313,0.0269,0.8609,1.012
8.402901,0.5333,0.0278,0.8643,1.016
8.406114,0.5254,0.0283,0.8668,1.014
8.407144,0.5132,0.0283,0.8624,1.004
8.409254,0.5030,0.0303,0.8570,0.994
8.411114,0.5025,0.0356,0.8526,0.990
8.413252,0.5215,0.0410,0.8482,0.997
8.415747,0.5489,0.0449,0.8516,1.014
8.417761,0.5723,0.0483,0.8634,1.037
8.419552,0.5840,0.0483,0.8604,1.041
8.422053,0.5753,0.0493,0.8614,1.037
8.424070,0.5450,0.0508,0.8477,1.009
8.426356,0.5157,0.0518,0.8336,0.982
8.428572,0.4966,0.0488,0.8263,0.965
8.430321,0.4996,0.0493,0.8199,0.961
8.432435,0.5162,0.0503,0.8194,0.970
8.434624,0.5352,0.0518,0.8160,0.977
8.438144,0.5494,0.0566,0.8145,0.984
8.438609,0.5567,0.0620,0.8165,0.990
8.440930,0.5533,0.0654,0.8209,0.992
8.442861,0.5425,0.0625,0.8277,0.992
8.445007,0.5294,0.0566,0.8331,0.989
8.447193,0.5191,0.0474,0.8394,0.988
8.449265,0.5118,0.0366,0.8399,0.984
8.451094,0.5035,0.0313,0.8477,0.986
8.454423,0.4991,0.0249,0.8463,0.983
8.455403,0.5025,0.0176,0.8521,0.989
8.457645,0.5162,0.0146,0.8580,1.001
8.459716,0.5347,0.0225,0.8673,1.019
8.461993,0.5513,0.0308,0.8741,1.034
8.464242,0.5621,0.0381,0.8756,1.041
8.466155,0.5626,0.0430,0.8756,1.042
8.468376,0.5557,0.0425,0.8707,1.034
8.471124,0.5494,0.0435,0.8673,1.028
8.472821,0.5435,0.0430,0.8595,1.018
8.474713,0.5386,0.0430,0.8560,1.012
8.476891,0.5352,0.0425,0.8556,1.010
8.478800,0.5289,0.0444,0.8512,1.003
8.481168,0.5220,0.0483,0.8497,0.998
8.483060,0.5181,0.0518,0.8453,0.993
8.485156,0.5201,0.0537,0.8394,0.989
8.488215,0.5289,0.0532,0.8385,0.993
8.489925,0.5367,0.0527,0.8355,0.994
8.491264,0.5416,0.0518,0.8331,0.995
8.493386,0.5416,0.0503,0.8321,0.994
8.495898,0.5391,0.0474,0.8307,0.991
8.497776,0.5362,0.0474,0.8302,0.989
8.500075,0.5333,0.0430,0.8326,0.990
8.502279,0.5308,0.0376,0.8341,0.989
8.504930,0.5274,0.0342,0.8370,0.990
8.506565,0.5250,0.0288,0.8380,0.989
8.508558,0.5245,0.0273,0.8419,0.992
8.510057,0.5264,0.0273,0.8477,0.998
8.512590,0.5308,0.0273,0.8507,1.003
8.514536,0.5333,0.0298,0.8565,1.009
8.516595,0.5357,0.0337,0.8609,1.015
8.518799,0.5372,0.0371,0.8609,1.015
8.523613,0.5362,0.0396,0.8639,1.018
8.524275,0.5357,0.0415,0.8643,1.018
8.525759,0.5328,0.0430,0.8619,1.014
8.529308,0.5303,0.0439,0.8609,1.012
8.529547,0.5289,0.0464,0.8585,1.009
8.531239,0.5284,0.0483,0.8560,1.007
8.533249,0.5289,0.0513,0.8541,1.006
8.535454,0.5298,0.0508,0.8507,1.003
8.538030,0.5318,0.0508,0.8438,0.999
8.539900,0.5347,0.0508,0.8409,0.998
8.542003,0.5381,0.0508,0.8380,0.997
8.544324,0.5396,0.0483,0.8355,0.996
8.546169,0.5406,0.0449,0.8346,0.995
8.548419,0.5386,0.0425,0.8326,0.993
8.550463,0.5381,0.0386,0.8321,0.992
8.552790,0.5362,0.0337,0.8321,0.990
8.555297,0.5333,0.0317,0.8355,0.992
8.557121,0.5333,0.0298,0.8365,0.992
8.559016,0.5333,0.0283,0.8409,0.996
8.561192,0.5333,0.0288,0.8433,0.998
8.563088,0.5333,0.0288,0.8458,1.000
8.565203,0.5313,0.0298,0.8497,1.003
8.567439,0.5303,0.0308,0.8531,1.005
8.569487,0.5303,0.0337,0.8556,1.007
8.571332,0.5298,0.0371,0.8595,1.010
8.573624,0.5264,0.0391,0.8604,1.009
8.576021,0.5264,0.0420,0.8609,1.010
8.578061,0.5274,0.0435,0.8595,1.009
8.581884,0.5294,0.0449,0.8600,1.011
8.582131,0.5308,0.0464,0.8585,1.010
8.584368,0.5328,0.0479,0.8575,1.011
8.586452,0.5347,0.0488,0.8541,1.009
8.588609,0.5337,0.0508,0.8536,1.008
8.591879,0.5328,0.0508,0.8497,1.004
8.592789,0.5333,0.0518,0.8458,1.001
8.594824,0.5333,0.0518,0.8443,1.000
8.596691,0.5337,0.0513,0.8409,0.997
8.598788,0.5337,0.0498,0.8394,0.996
8.601028,0.5328,0.0479,0.8360,0.993
8.603141,0.5323,0.0479,0.8370,0.993
8.607104,0.5323,0.0469,0.8350,0.991
8.609498,0.5333,0.0439,0.8326,0.990
8.609781,0.5333,0.0415,0.8341,0.991
8.611788,0.5323,0.0410,0.8350,0.991
8.613475,0.5323,0.0381,0.8331,0.989
8.615513,0.5328,0.0366,0.8390,0.994
8.617576,0.5313,0.0356,0.8409,0.995
8.619761,0.5294,0.0347,0.8433,0.996
8.621828,0.5294,0.0332,0.8453,0.998
8.624348,0.5289,0.0317,0.8487,1.001
8.626357,0.5298,0.0327,0.8546,1.006
8.628719,0.5308,0.0327,0.8560,1.008
8.630586,0.5318,0.0322,0.8585,1.010
8.632866,0.5318,0.0347,0.8604,1.012
8.634805,0.5313,0.0352,0.8604,1.012
8.636956,0.5323,0.0386,0.8639,1.015
8.638971,0.5328,0.0391,0.8619,1.014
8.642153,0.5328,0.0405,0.8595,1.012
8.643446,0.5337,0.0430,0.8560,1.010
8.646728,0.5337,0.0449,0.8531,1.007
8.647282,0.5342,0.0469,0.8516,1.006
8.649616,0.5337,0.0474,0.8468,1.002
8.651404,0.5342,0.0479,0.8424,0.999
8.653672,0.5337,0.0503,0.8409,0.997
8.655736,0.5342,0.0503,0.8336,0.991
8.657943,0.5328,0.0503,0.8355,0.992
8.660080,0.5318,0.0493,0.8346,0.991
8.662034,0.5303,0.0493,0.8321,0.988
8.664688,0.5294,0.0483,0.8326,0.988
8.666472,0.5284,0.0464,0.8316,0.986
8.668455,0.5279,0.0454,0.8336,0.988
8.671618,0.5279,0.0454,0.8360,0.990
8.672729,0.5289,0.0449,0.8365,0.991
8.674884,0.5298,0.0435,0.8380,0.992
8.677022,0.5323,0.0430,0.8404,0.996
8.679147,0.5337,0.0425,0.8453,1.001
8.681509,0.5357,0.0430,0.8473,1.003
8.683272,0.5352,0.0410,0.8482,1.004
8.685452,0.5347,0.0391,0.8521,1.007
8.688595,0.5337,0.0376,0.8531,1.007
8.690348,0.5357,0.0381,0.8565,1.011
8.691827,0.5333,0.0366,0.8570,1.010
8.693355,0.5328,0.0366,0.8600,1.012
8.695567,0.5308,0.0356,0.8585,1.010
8.697686,0.5323,0.0366,0.8595,1.012
8.699825,0.5323,0.0371,0.8614,1.013
8.702181,0.5328,0.0381,0.8595,1.012
8.705494,0.5337,0.0386,0.8595,1.012
8.706477,0.5328,0.0400,0.8570,1.010
8.708604,0.5328,0.0420,0.8556,1.009
8.710914,0.5284,0.0420,0.8663,1.016
8.712763,0.5250,0.0376,0.8980,1.041
8.714868,0.5230,0.0308,0.9391,1.075
8.717038,0.5210,0.0225,0.9757,1.106
8.719131,0.5142,0.0107,1.0030,1.127
8.724109,0.5118,0.0015,1.0406,1.160
8.724697,0.5391,0.0029,1.0734,1.201
8.727198,0.5464,0.0156,1.1461,1.270
8.727446,0.5665,0.0078,1.1930,1.321
8.730017,0.6055,0.0264,1.2169,1.360
8.731833,0.6246,0.0317,1.2487,1.397
8.734126,0.6358,0.0396,1.2789,1.429
8.735906,0.6343,0.0381,1.2926,1.440
8.738136,0.6192,0.0264,1.2921,1.433
8.740506,0.5992,0.0132,1.2741,1.408
8.746713,0.5821,0.0020,1.2438,1.373
8.746856,0.5665,-0.0039,1.1964,1.324
8.746941,0.5523,-0.0049,1.1368,1.264
8.748536,0.5391,-0.0020,1.0758,1.203
8.750739,0.5235,0.0044,1.0055,1.134
8.752723,0.4927,0.0303,0.9303,1.053
8.755787,0.4458,0.0547,0.8394,0.952
8.756889,0.4190,0.0557,0.7862,0.893
8.758999,0.4102,0.0410,0.7428,0.849
8.761195,0.4141,0.0195,0.6773,0.794
8.763874,0.4224,0.0073,0.6197,0.750
8.765429,0.4268,0.0073,0.5753,0.716
8.767693,0.4258,0.0117,0.5308,0.681
8.769644,0.4244,0.0220,0.5040,0.659
8.772007,0.4224,0.0386,0.4991,0.655
8.773763,0.4224,0.0596,0.5001,0.657
8.775921,0.4244,0.0786,0.4927,0.655
8.777755,0.4380,0.1045,0.5074,0.678
8.780162,0.4429,0.1025,0.6031,0.755
8.783543,0.4048,0.0938,0.1572,0.444
8.784355,0.4048,0.1333,0.1304,0.446
8.786489,0.4341,0.1450,0.2149,0.506
8.788642,0.4556,0.1582,0.2603,0.548
8.790601,0.4859,0.1626,0.3545,0.623
8.792859,0.5201,0.1655,0.5049,0.744
8.794836,0.5538,0.1690,0.6295,0.855
8.798166,0.5938,0.1773,0.7760,0.993
8.798865,0.6212,0.1812,0.8839,1.095
8.801308,0.6226,0.1821,0.8580,1.076
8.803270,0.6129,0.1895,0.7808,1.011
8.805442,0.6124,0.2090,0.7847,1.017
8.807829,0.6129,0.2207,0.8316,1.056
8.809732,0.6089,0.2197,0.8380,1.059
8.811609,0.6089,0.2119,0.8248,1.047
8.813628,0.5987,0.1953,0.8097,1.026
8.816798,0.5630,0.1641,0.7725,0.970
8.818483,0.5284,0.1455,0.7305,0.913
8.820132,0.5059,0.1406,0.6895,0.867
8.822344,0.4859,0.1323,0.6441,0.818
8.824665,0.4693,0.1192,0.6046,0.775
8.826872,0.4629,0.1021,0.5694,0.741
8.831090,0.4624,0.0928,0.5357,0.714
8.831264,0.4664,0.0923,0.5103,0.697
8.832880,0.4776,0.0913,0.4932,0.693
8.835024,0.4971,0.0855,0.4932,0.705
8.837019,0.5210,0.0718,0.4966,0.723
8.839550,0.5523,0.0635,0.5054,0.751
8.841564,0.5826,0.0596,0.5308,0.790
8.843709,0.6021,0.0523,0.5626,0.826
8.845513,0.6070,0.0386,0.5840,0.843
8.847746,0.6011,0.0293,0.6085,0.856
8.849981,0.5884,0.0230,0.6368,0.867
8.851546,0.5723,0.0166,0.6636,0.876
8.853809,0.5547,0.0078,0.6929,0.888
8.855848,0.5557,0.0093,0.8180,0.989
8.858417,0.6265,0.0703,1.1769,1.335
8.860164,0.6842,0.1011,1.4518,1.608
8.862437,0.6685,-0.0244,1.4674,1.613
