time,gFx,gFy,gFz,TgF
0.004427,0.5294,-0.0132,0.8551,1.006
0.004572,0.5269,-0.0283,0.8717,1.019
0.004667,0.5240,-0.0293,0.8751,1.020
0.004757,0.5206,-0.0298,0.8761,1.019
0.005130,0.5181,-0.0293,0.8770,1.019
0.008188,0.5167,-0.0278,0.8790,1.020
0.008818,0.5181,-0.0239,0.8770,1.019
0.011448,0.5206,-0.0210,0.8780,1.021
0.014078,0.5235,-0.0161,0.8746,1.019
0.016222,0.5274,-0.0117,0.8722,1.019
0.017607,0.5313,-0.0068,0.8692,1.019
0.019577,0.5352,-0.0015,0.8663,1.018
0.021743,0.5367,0.0034,0.8619,1.015
0.023799,0.5352,0.0059,0.8585,1.012
0.025952,0.5337,0.0093,0.8556,1.008
0.028026,0.5328,0.0137,0.8512,1.004
0.031581,0.5313,0.0161,0.8477,1.001
0.033145,0.5298,0.0186,0.8438,0.997
0.034635,0.5279,0.0200,0.8390,0.991
0.036473,0.5289,0.0220,0.8365,0.990
0.039291,0.5308,0.0230,0.8350,0.990
0.040733,0.5337,0.0234,0.8336,0.990
0.043240,0.5362,0.0230,0.8292,0.988
0.044890,0.5372,0.0215,0.8267,0.986
0.046827,0.5391,0.0205,0.8258,0.986
0.049015,0.5396,0.0171,0.8258,0.987
0.051063,0.5396,0.0132,0.8263,0.987
0.053132,0.5391,0.0088,0.8263,0.987
0.055757,0.5377,0.0049,0.8263,0.986
0.057508,0.5367,0.0005,0.8272,0.986
0.060354,0.5347,-0.0049,0.8302,0.987
0.062245,0.5328,-0.0088,0.8341,0.990
0.066479,0.5313,-0.0127,0.8385,0.993
0.066780,0.5318,-0.0151,0.8438,0.998
0.068288,0.5333,-0.0190,0.8468,1.001
0.071298,0.5347,-0.0210,0.8497,1.004
0.073125,0.5352,-0.0220,0.8531,1.007
0.074534,0.5357,-0.0225,0.8575,1.011
0.076930,0.5367,-0.0230,0.8585,1.013
0.079210,0.5352,-0.0234,0.8590,1.012
0.081014,0.5333,-0.0220,0.8624,1.014
0.083257,0.5318,-0.0205,0.8624,1.013
0.085023,0.5303,-0.0181,0.8609,1.011
0.086741,0.5298,-0.0151,0.8624,1.012
0.090899,0.5274,-0.0127,0.8629,1.011
0.091622,0.5259,-0.0088,0.8624,1.010
0.094025,0.5250,-0.0054,0.8614,1.009
0.096154,0.5250,-0.0024,0.8619,1.009
0.097853,0.5245,0.0005,0.8629,1.010
0.100004,0.5250,0.0024,0.8624,1.010
0.102189,0.5240,0.0029,0.8634,1.010
0.104498,0.5250,0.0049,0.8619,1.009
0.106256,0.5254,0.0054,0.8629,1.010
0.108566,0.5264,0.0063,0.8619,1.010
0.110839,0.5269,0.0073,0.8595,1.008
0.113249,0.5279,0.0088,0.8570,1.007
0.114752,0.5284,0.0103,0.8536,1.004
0.116743,0.5284,0.0122,0.8512,1.002
0.119112,0.5294,0.0127,0.8473,0.999
0.121417,0.5313,0.0137,0.8433,0.997
0.123211,0.5318,0.0137,0.8394,0.994
0.125325,0.5333,0.0146,0.8360,0.992
0.127258,0.5323,0.0151,0.8331,0.989
0.129789,0.5313,0.0156,0.8297,0.985
0.131277,0.5323,0.0151,0.8258,0.983
0.133527,0.5313,0.0146,0.8233,0.980
0.135418,0.5303,0.0132,0.8214,0.978
0.138185,0.5284,0.0122,0.8199,0.975
0.140019,0.5279,0.0112,0.8194,0.975
0.142407,0.5259,0.0103,0.8219,0.976
0.144173,0.5269,0.0088,0.8243,0.978
0.146958,0.5269,0.0029,0.8258,0.980
0.149207,0.5250,-0.0107,0.8238,0.977
0.151298,0.5206,-0.0249,0.8258,0.976
0.152564,0.5176,-0.0303,0.8321,0.980
0.155488,0.5157,-0.0278,0.8404,0.986
0.158016,0.5137,-0.0244,0.8429,0.987
0.158879,0.5113,-0.0190,0.8453,0.988
0.160985,0.5103,-0.0137,0.8463,0.988
0.163547,0.5108,-0.0078,0.8482,0.990
0.166144,0.5118,-0.0015,0.8497,0.992
0.167417,0.5127,0.0039,0.8531,0.995
0.169281,0.5162,0.0078,0.8551,0.999
0.175789,0.5206,0.0098,0.8541,1.000
0.176084,0.5264,0.0103,0.8516,1.001
0.176214,0.5337,0.0127,0.8487,1.003
0.177723,0.5406,0.0146,0.8453,1.003
0.180190,0.5460,0.0171,0.8443,1.006
0.182345,0.5489,0.0220,0.8419,1.005
0.184923,0.5513,0.0264,0.8390,1.004
0.186533,0.5538,0.0308,0.8360,1.003
0.188957,0.5543,0.0337,0.8341,1.002
0.190465,0.5533,0.0361,0.8350,1.002
0.192767,0.5528,0.0386,0.8350,1.002
0.194633,0.5538,0.0376,0.8341,1.002
0.197009,0.5552,0.0386,0.8326,1.001
0.200037,0.5562,0.0386,0.8336,1.003
0.200977,0.5582,0.0371,0.8346,1.005
0.203188,0.5582,0.0313,0.8341,1.004
0.206031,0.5547,0.0210,0.8326,1.001
0.207037,0.5533,0.0117,0.8355,1.002
0.209085,0.5533,0.0093,0.8390,1.005
0.211294,0.5528,0.0078,0.8419,1.007
0.214472,0.5499,0.0063,0.8394,1.004
0.217421,0.5445,0.0029,0.8390,1.000
0.217736,0.5377,0.0010,0.8424,0.999
0.220022,0.5313,-0.0015,0.8453,0.998
0.222332,0.5254,-0.0044,0.8482,0.998
0.224229,0.5225,-0.0059,0.8507,0.998
0.226217,0.5225,-0.0068,0.8556,1.003
0.228291,0.5240,-0.0059,0.8590,1.006
0.232746,0.5274,-0.0044,0.8619,1.010
0.233447,0.5294,-0.0049,0.8658,1.015
0.234649,0.5303,-0.0059,0.8668,1.016
0.236717,0.5328,-0.0049,0.8712,1.021
0.239829,0.5362,-0.0029,0.8770,1.028
0.241603,0.5367,-0.0020,0.8809,1.032
0.243091,0.5357,-0.0010,0.8834,1.033
0.245211,0.5347,0.0015,0.8849,1.034
0.247474,0.5308,0.0029,0.8849,1.032
0.249111,0.5274,0.0034,0.8829,1.028
0.251513,0.5250,0.0044,0.8824,1.027
0.253600,0.5245,0.0068,0.8795,1.024
0.255672,0.5240,0.0083,0.8766,1.021
0.258465,0.5240,0.0103,0.8726,1.018
0.259828,0.5240,0.0127,0.8697,1.015
0.262064,0.5259,0.0161,0.8643,1.012
0.264140,0.5289,0.0195,0.8575,1.008
0.266438,0.5323,0.0220,0.8507,1.004
0.268354,0.5357,0.0254,0.8463,1.002
0.270581,0.5381,0.0269,0.8414,0.999
0.272623,0.5406,0.0273,0.8385,0.998
0.275099,0.5420,0.0283,0.8336,0.995
0.276763,0.5416,0.0273,0.8311,0.992
0.278939,0.5406,0.0264,0.8297,0.991
0.280955,0.5401,0.0244,0.8292,0.990
0.283242,0.5391,0.0210,0.8292,0.989
0.285258,0.5377,0.0176,0.8292,0.988
0.287162,0.5381,0.0146,0.8282,0.988
0.289227,0.5391,0.0117,0.8287,0.989
0.291633,0.5406,0.0093,0.8282,0.989
0.293352,0.5420,0.0068,0.8282,0.990
0.295514,0.5420,0.0039,0.8272,0.989
0.297567,0.5430,0.0015,0.8267,0.989
0.300082,0.5435,-0.0010,0.8277,0.990
0.302048,0.5416,-0.0044,0.8282,0.990
0.304693,0.5396,-0.0063,0.8292,0.989
0.306022,0.5381,-0.0083,0.8321,0.991
0.308858,0.5377,-0.0088,0.8355,0.994
0.310580,0.5381,-0.0093,0.8370,0.995
0.312808,0.5386,-0.0098,0.8390,0.997
0.314719,0.5411,-0.0088,0.8399,0.999
0.316792,0.5435,-0.0063,0.8404,1.001
0.318747,0.5440,-0.0039,0.8404,1.001
0.321834,0.5450,-0.0015,0.8424,1.003
0.323051,0.5469,0.0015,0.8424,1.004
0.325307,0.5479,0.0024,0.8419,1.004
0.327083,0.5469,0.0020,0.8429,1.005
0.329246,0.5425,-0.0029,0.8424,1.002
0.331603,0.5289,-0.0313,0.8341,0.988
0.333652,0.5162,-0.0586,0.8302,0.979
0.335918,0.5113,-0.0430,0.8448,0.988
0.338231,0.5040,-0.0146,0.8629,0.999
0.341667,0.4888,0.0083,0.8780,1.005
0.342116,0.4766,0.0122,0.8702,0.992
0.344479,0.4761,0.0127,0.8770,0.998
0.346714,0.4888,0.0161,0.8980,1.023
0.348489,0.5025,0.0195,0.9102,1.040
0.350606,0.5118,0.0230,0.9093,1.044
0.352795,0.5157,0.0249,0.9059,1.043
0.354961,0.5147,0.0288,0.9073,1.044
0.357003,0.5127,0.0298,0.9137,1.048
0.360478,0.5108,0.0259,0.9137,1.047
0.361294,0.5079,0.0186,0.9054,1.038
0.364610,0.5059,0.0146,0.8966,1.030
0.365377,0.5064,0.0186,0.8927,1.026
0.367271,0.5059,0.0244,0.8907,1.025
0.369410,0.5054,0.0288,0.8868,1.021
0.371634,0.5059,0.0293,0.8775,1.013
0.374749,0.5079,0.0278,0.8707,1.008
0.376692,0.5147,0.0298,0.8643,1.006
0.378204,0.5269,0.0425,0.8604,1.010
0.380132,0.5391,0.0435,0.8619,1.018
0.383094,0.5499,0.0396,0.8678,1.028
0.384260,0.5606,0.0391,0.8702,1.036
0.386356,0.5694,0.0396,0.8668,1.038
0.388553,0.5738,0.0381,0.8604,1.035
0.391980,0.5762,0.0386,0.8580,1.034
0.392970,0.5777,0.0405,0.8629,1.039
0.394725,0.5782,0.0430,0.8697,1.045
0.397043,0.5767,0.0439,0.8726,1.047
0.398979,0.5762,0.0454,0.8726,1.047
0.401216,0.5767,0.0444,0.8912,1.062
0.403228,0.5665,0.0361,0.8800,1.047
0.405793,0.5474,0.0210,0.8053,0.974
0.407191,0.5240,0.0127,0.7462,0.912
0.409402,0.5093,0.0186,0.7330,0.893
0.411848,0.4991,0.0283,0.7364,0.890
0.414009,0.4883,0.0303,0.7105,0.863
0.415922,0.4820,0.0308,0.6788,0.833
0.418020,0.4844,0.0337,0.6690,0.827
0.420022,0.4937,0.0371,0.6700,0.833
0.422553,0.5025,0.0386,0.6690,0.838
0.425101,0.5157,0.0405,0.6783,0.853
0.426331,0.5298,0.0439,0.6959,0.876
0.428448,0.5425,0.0483,0.7130,0.897
0.430630,0.5538,0.0547,0.7345,0.921
0.433253,0.5645,0.0591,0.7579,0.947
0.434910,0.5728,0.0610,0.7838,0.973
0.436877,0.5792,0.0649,0.8023,0.992
0.439399,0.5875,0.0708,0.8214,1.012
0.441640,0.5967,0.0742,0.8429,1.035
0.443348,0.6046,0.0737,0.8663,1.059
0.445418,0.6114,0.0723,0.8897,1.082
0.448454,0.6119,0.0693,0.8849,1.078
0.449227,0.6031,0.0610,0.8590,1.051
0.451404,0.5840,0.0449,0.8390,1.023
0.453583,0.5694,0.0371,0.8424,1.017
0.456043,0.5596,0.0371,0.8609,1.028
0.458466,0.5460,0.0313,0.8707,1.028
0.460260,0.5284,0.0230,0.8673,1.016
0.462258,0.5127,0.0200,0.8609,1.002
0.465564,0.5059,0.0190,0.8595,0.997
0.466755,0.5044,0.0181,0.8634,1.000
0.468654,0.5088,0.0161,0.8697,1.008
0.470728,0.5176,0.0151,0.8751,1.017
0.473069,0.5279,0.0137,0.8795,1.026
0.475695,0.5381,0.0122,0.8819,1.033
0.477064,0.5474,0.0156,0.8819,1.038
0.478998,0.5538,0.0195,0.8814,1.041
0.483930,0.5577,0.0225,0.8819,1.044
0.484114,0.5557,0.0230,0.8814,1.042
0.485483,0.5494,0.0215,0.8805,1.038
0.487144,0.5406,0.0195,0.8785,1.032
0.489427,0.5318,0.0181,0.8780,1.027
0.492144,0.5230,0.0171,0.8766,1.021
0.493786,0.5171,0.0166,0.8746,1.016
0.495931,0.5147,0.0142,0.8702,1.011
0.498119,0.5201,0.0137,0.8692,1.013
0.500127,0.5289,0.0146,0.8722,1.020
0.502330,0.5367,0.0161,0.8766,1.028
0.504358,0.5420,0.0151,0.8766,1.031
0.508682,0.5464,0.0156,0.8761,1.033
0.508899,0.5494,0.0181,0.8761,1.034
0.510841,0.5518,0.0225,0.8775,1.037
0.512772,0.5499,0.0230,0.8766,1.035
0.515440,0.5445,0.0230,0.8756,1.031
0.517080,0.5406,0.0239,0.8731,1.027
0.519476,0.5342,0.0273,0.8702,1.021
0.521402,0.5269,0.0288,0.8673,1.015
0.524130,0.5215,0.0283,0.8639,1.009
0.525857,0.5201,0.0278,0.8629,1.008
0.527462,0.5250,0.0303,0.8624,1.010
0.529602,0.5303,0.0313,0.8609,1.012
0.533891,0.5357,0.0317,0.8600,1.014
0.534479,0.5416,0.0317,0.8614,1.018
0.535952,0.5469,0.0327,0.8629,1.022
0.540127,0.5479,0.0322,0.8648,1.024
0.541316,0.5474,0.0254,0.8702,1.028
0.542464,0.5401,0.0205,0.8619,1.017
0.544578,0.5337,0.0234,0.8204,0.979
0.546502,0.5279,0.0303,0.7916,0.952
0.549517,0.5269,0.0337,0.7857,0.947
0.550851,0.5294,0.0317,0.7818,0.945
0.552877,0.5367,0.0327,0.7730,0.942
0.554960,0.5425,0.0376,0.7637,0.938
0.557972,0.5464,0.0420,0.7603,0.937
0.559347,0.5499,0.0459,0.7579,0.937
0.561696,0.5547,0.0488,0.7618,0.944
0.567103,0.5557,0.0503,0.7667,0.948
0.567652,0.5543,0.0493,0.7711,0.951
0.567884,0.5489,0.0493,0.7779,0.953
0.569821,0.5430,0.0483,0.7872,0.958
0.572782,0.5381,0.0479,0.7989,0.964
0.575309,0.5313,0.0454,0.8092,0.969
0.576198,0.5269,0.0435,0.8209,0.976
0.578218,0.5250,0.0420,0.8316,0.984
0.580566,0.5269,0.0410,0.8438,0.996
0.582833,0.5303,0.0391,0.8541,1.006
0.585170,0.5328,0.0371,0.8639,1.016
0.586702,0.5357,0.0356,0.8692,1.022
0.589481,0.5381,0.0342,0.8717,1.025
0.591308,0.5406,0.0337,0.8741,1.028
0.593168,0.5430,0.0317,0.8766,1.032
0.595784,0.5445,0.0278,0.8761,1.032
0.597395,0.5445,0.0264,0.8697,1.026
0.599615,0.5420,0.0254,0.8683,1.024
0.601562,0.5386,0.0234,0.8717,1.025
0.603652,0.5367,0.0200,0.8780,1.029
0.606125,0.5372,0.0176,0.8844,1.035
0.607880,0.5381,0.0156,0.8829,1.034
0.609775,0.5381,0.0156,0.8809,1.032
0.612389,0.5372,0.0156,0.8805,1.032
0.615036,0.5362,0.0151,0.8868,1.036
0.618166,0.5357,0.0161,0.8893,1.038
0.619106,0.5342,0.0171,0.8780,1.028
0.620416,0.5337,0.0186,0.8653,1.017
0.622859,0.5333,0.0215,0.8619,1.014
0.624840,0.5333,0.0234,0.8595,1.012
0.626723,0.5347,0.0259,0.8516,1.006
0.628951,0.5367,0.0288,0.8443,1.001
0.631579,0.5372,0.0308,0.8360,0.994
0.634277,0.5377,0.0342,0.8277,0.988
0.635549,0.5377,0.0356,0.8219,0.983
0.637390,0.5367,0.0376,0.8150,0.977
0.640348,0.5362,0.0376,0.8087,0.971
0.642181,0.5347,0.0381,0.8023,0.965
0.643779,0.5347,0.0376,0.7974,0.961
0.645899,0.5362,0.0381,0.7970,0.961
0.648121,0.5386,0.0381,0.7984,0.964
0.650695,0.5406,0.0386,0.7984,0.965
0.652460,0.5430,0.0400,0.8018,0.969
0.654783,0.5464,0.0405,0.8082,0.976
0.656557,0.5489,0.0396,0.8165,0.985
0.658635,0.5494,0.0391,0.8228,0.990
0.660727,0.5474,0.0386,0.8282,0.994
0.662723,0.5440,0.0391,0.8331,0.996
0.664876,0.5406,0.0400,0.8385,0.998
0.667069,0.5386,0.0396,0.8463,1.004
0.668913,0.5367,0.0400,0.8531,1.009
0.671174,0.5352,0.0391,0.8575,1.012
0.675931,0.5333,0.0381,0.8585,1.011
0.676484,0.5328,0.0371,0.8609,1.013
0.679963,0.5337,0.0366,0.8648,1.017
0.680166,0.5333,0.0352,0.8663,1.018
0.686259,0.5337,0.0327,0.8634,1.016
0.686532,0.5333,0.0317,0.8604,1.013
0.686644,0.5328,0.0298,0.8585,1.011
0.687930,0.5337,0.0288,0.8590,1.012
0.689691,0.5357,0.0273,0.8575,1.011
0.692128,0.5367,0.0254,0.8570,1.012
0.693956,0.5357,0.0244,0.8560,1.010
0.696265,0.5362,0.0234,0.8551,1.010
0.698651,0.5372,0.0230,0.8541,1.009
0.700798,0.5377,0.0215,0.8546,1.010
0.702667,0.5381,0.0205,0.8541,1.010
0.704722,0.5381,0.0195,0.8546,1.010
0.707800,0.5386,0.0205,0.8526,1.009
0.709212,0.5381,0.0210,0.8492,1.006
0.711255,0.5391,0.0225,0.8468,1.004
0.713221,0.5406,0.0239,0.8429,1.002
0.715906,0.5420,0.0264,0.8409,1.001
0.717609,0.5420,0.0308,0.8350,0.996
0.719537,0.5420,0.0332,0.8292,0.991
0.721725,0.5425,0.0347,0.8272,0.990
0.723732,0.5411,0.0361,0.8243,0.987
0.726268,0.5391,0.0381,0.8209,0.983
0.727686,0.5377,0.0405,0.8189,0.980
0.729836,0.5347,0.0400,0.8209,0.981
0.732706,0.5342,0.0396,0.8243,0.983
0.734414,0.5352,0.0386,0.8297,0.988
0.736512,0.5342,0.0386,0.8355,0.992
0.738472,0.5328,0.0381,0.8385,0.994
0.740668,0.5318,0.0396,0.8409,0.996
0.742961,0.5328,0.0391,0.8448,1.000
0.744912,0.5337,0.0391,0.8487,1.003
0.747142,0.5347,0.0376,0.8507,1.005
0.751606,0.5372,0.0381,0.8512,1.007
0.752196,0.5386,0.0376,0.8487,1.006
0.753397,0.5401,0.0352,0.8502,1.008
0.757944,0.5411,0.0322,0.8502,1.008
0.758220,0.5406,0.0303,0.8516,1.009
0.760895,0.5406,0.0283,0.8556,1.012
0.761615,0.5381,0.0254,0.8556,1.011
0.763900,0.5381,0.0225,0.8526,1.008
0.768540,0.5386,0.0220,0.8526,1.009
0.769315,0.5391,0.0210,0.8512,1.008
0.770615,0.5391,0.0195,0.8492,1.006
0.772470,0.5386,0.0190,0.8473,1.004
0.777361,0.5391,0.0190,0.8502,1.007
0.777729,0.5425,0.0186,0.8560,1.014
0.778755,0.5445,0.0210,0.8614,1.019
0.780630,0.5450,0.0225,0.8604,1.019
0.786842,0.5445,0.0249,0.8575,1.016
0.787036,0.5440,0.0273,0.8560,1.015
0.787112,0.5440,0.0298,0.8541,1.013
0.789404,0.5440,0.0308,0.8531,1.012
0.791342,0.5406,0.0308,0.8482,1.006
0.793260,0.5362,0.0317,0.8419,0.999
0.795181,0.5347,0.0337,0.8350,0.992
0.797733,0.5333,0.0347,0.8287,0.986
0.800021,0.5323,0.0361,0.8248,0.982
0.801835,0.5308,0.0371,0.8219,0.979
0.803866,0.5289,0.0386,0.8180,0.975
0.806937,0.5284,0.0386,0.8140,0.971
0.808183,0.5269,0.0405,0.8140,0.971
0.809893,0.5289,0.0400,0.8189,0.976
0.812256,0.5323,0.0400,0.8253,0.983
0.815597,0.5352,0.0396,0.8302,0.989
0.816565,0.5362,0.0381,0.8336,0.992
0.818674,0.5357,0.0371,0.8409,0.998
0.820536,0.5372,0.0352,0.8453,1.002
0.823318,0.5377,0.0337,0.8487,1.005
0.824921,0.5377,0.0322,0.8521,1.008
0.827215,0.5372,0.0293,0.8521,1.008
0.829134,0.5381,0.0264,0.8546,1.010
0.832970,0.5401,0.0234,0.8580,1.014
0.834055,0.5401,0.0234,0.8604,1.016
0.835907,0.5411,0.0220,0.8585,1.015
0.837740,0.5406,0.0239,0.8565,1.013
0.840808,0.5396,0.0225,0.8551,1.011
0.841896,0.5391,0.0239,0.8541,1.010
0.844106,0.5386,0.0264,0.8516,1.008
0.846141,0.5381,0.0283,0.8492,1.006
0.849876,0.5377,0.0313,0.8473,1.004
0.850613,0.5372,0.0317,0.8463,1.003
0.853006,0.5372,0.0347,0.8477,1.004
0.854209,0.5367,0.0371,0.8477,1.004
0.859362,0.5352,0.0381,0.8477,1.003
0.859646,0.5342,0.0376,0.8468,1.002
0.860887,0.5342,0.0371,0.8448,1.000
0.863063,0.5333,0.0361,0.8438,0.999
0.866936,0.5337,0.0352,0.8433,0.999
0.867334,0.5337,0.0332,0.8414,0.997
0.869252,0.5337,0.0327,0.8390,0.995
0.871451,0.5342,0.0322,0.8370,0.993
0.878156,0.5352,0.0313,0.8350,0.992
0.878541,0.5372,0.0303,0.8341,0.993
0.878674,0.5391,0.0298,0.8321,0.992
0.879325,0.5411,0.0293,0.8302,0.991
0.881732,0.5420,0.0303,0.8316,0.993
0.883805,0.5406,0.0308,0.8331,0.994
0.886535,0.5416,0.0298,0.8341,0.995
0.887926,0.5416,0.0298,0.8370,0.997
0.890118,0.5406,0.0303,0.8380,0.998
0.892331,0.5411,0.0303,0.8380,0.998
0.894878,0.5391,0.0293,0.8399,0.998
0.896789,0.5386,0.0293,0.8424,1.000
0.898644,0.5362,0.0303,0.8438,1.000
0.901350,0.5342,0.0293,0.8492,1.004
0.903946,0.5347,0.0298,0.8526,1.007
0.905171,0.5347,0.0298,0.8556,1.009
0.907344,0.5347,0.0303,0.8580,1.011
0.911298,0.5347,0.0298,0.8604,1.013
0.911634,0.5337,0.0298,0.8609,1.013
0.913294,0.5347,0.0293,0.8585,1.012
0.915527,0.5352,0.0293,0.8580,1.012
0.917782,0.5372,0.0293,0.8565,1.011
0.919936,0.5362,0.0283,0.8541,1.009
0.923689,0.5362,0.0283,0.8512,1.006
0.925762,0.5381,0.0288,0.8497,1.006
0.926579,0.5386,0.0298,0.8477,1.005
0.927992,0.5381,0.0298,0.8443,1.002
0.930255,0.5396,0.0298,0.8424,1.001
0.932722,0.5391,0.0298,0.8409,0.999
0.934373,0.5396,0.0313,0.8399,0.999
0.936446,0.5406,0.0313,0.8390,0.999
0.938562,0.5401,0.0313,0.8350,0.995
0.941529,0.5401,0.0317,0.8346,0.995
0.942920,0.5391,0.0322,0.8346,0.994
0.944946,0.5391,0.0332,0.8341,0.994
0.947305,0.5386,0.0332,0.8331,0.993
0.951105,0.5367,0.0352,0.8336,0.992
0.951521,0.5362,0.0356,0.8336,0.992
0.953610,0.5362,0.0356,0.8355,0.993
0.955751,0.5362,0.0356,0.8360,0.994
0.957945,0.5357,0.0356,0.8375,0.995
0.960414,0.5372,0.0361,0.8390,0.997
0.962934,0.5391,0.0352,0.8404,0.999
0.964178,0.5381,0.0337,0.8419,1.000
0.967493,0.5377,0.0342,0.8409,0.999
0.968806,0.5381,0.0332,0.8414,0.999
0.970877,0.5381,0.0322,0.8433,1.001
0.972520,0.5381,0.0317,0.8443,1.002
0.976774,0.5381,0.0298,0.8468,1.004
0.977222,0.5386,0.0298,0.8473,1.004
0.978689,0.5381,0.0293,0.8477,1.005
0.981764,0.5377,0.0288,0.8482,1.005
0.987426,0.5381,0.0293,0.8482,1.005
0.987692,0.5377,0.0293,0.8482,1.005
0.987771,0.5386,0.0293,0.8502,1.007
0.989196,0.5391,0.0303,0.8497,1.007
0.991982,0.5381,0.0283,0.8507,1.007
0.993766,0.5372,0.0288,0.8502,1.006
0.996521,0.5362,0.0288,0.8497,1.005
0.997698,0.5367,0.0288,0.8487,1.005
0.999836,0.5367,0.0298,0.8473,1.003
1.002068,0.5362,0.0293,0.8458,1.002
1.004156,0.5357,0.0298,0.8453,1.001
1.006186,0.5357,0.0293,0.8443,1.000
1.008325,0.5367,0.0298,0.8438,1.000
1.010113,0.5362,0.0303,0.8424,0.999
1.012432,0.5367,0.0298,0.8404,0.998
1.014328,0.5381,0.0303,0.8399,0.998
1.016864,0.5381,0.0317,0.8385,0.997
1.018658,0.5377,0.0322,0.8380,0.996
1.021014,0.5381,0.0322,0.8385,0.997
1.023062,0.5391,0.0327,0.8385,0.997
1.025404,0.5381,0.0337,0.8375,0.996
1.027302,0.5381,0.0337,0.8375,0.996
1.029447,0.5386,0.0327,0.8365,0.995
1.032484,0.5377,0.0337,0.8380,0.996
1.034275,0.5377,0.0342,0.8399,0.998
1.035767,0.5381,0.0337,0.8404,0.999
1.037925,0.5381,0.0327,0.8429,1.001
1.040904,0.5377,0.0337,0.8448,1.002
1.042297,0.5372,0.0327,0.8453,1.002
1.044571,0.5367,0.0332,0.8463,1.003
1.046932,0.5372,0.0327,0.8468,1.003
1.048023,0.5377,0.0327,0.8458,1.003
1.050300,0.5377,0.0317,0.8468,1.004
1.052927,0.5372,0.0322,0.8473,1.004
1.054931,0.5367,0.0313,0.8463,1.003
1.057602,0.5367,0.0322,0.8458,1.002
1.059688,0.5367,0.0313,0.8463,1.003
1.061007,0.5381,0.0313,0.8477,1.005
1.063136,0.5377,0.0313,0.8473,1.004
1.066218,0.5372,0.0322,0.8463,1.003
1.068132,0.5372,0.0313,0.8463,1.003
1.069893,0.5377,0.0308,0.8438,1.001
1.071603,0.5381,0.0303,0.8429,1.000
1.077254,0.5391,0.0298,0.8429,1.001
1.077832,0.5401,0.0298,0.8424,1.001
1.078089,0.5386,0.0288,0.8419,1.000
1.080016,0.5377,0.0293,0.8409,0.999
1.087306,0.5381,0.0293,0.8419,1.000
1.087640,0.5391,0.0298,0.8404,0.999
1.087755,0.5381,0.0293,0.8424,1.000
1.088248,0.5372,0.0298,0.8433,1.000
1.094021,0.5367,0.0308,0.8424,0.999
1.094300,0.5372,0.0308,0.8424,1.000
1.094411,0.5377,0.0303,0.8429,1.000
1.096651,0.5372,0.0313,0.8438,1.001
1.099930,0.5367,0.0317,0.8433,1.000
1.101598,0.5377,0.0313,0.8433,1.001
1.103161,0.5377,0.0317,0.8429,1.000
1.105269,0.5372,0.0313,0.8443,1.001
1.107454,0.5377,0.0322,0.8448,1.002
1.109982,0.5386,0.0327,0.8438,1.002
1.111661,0.5381,0.0327,0.8438,1.001
1.114048,0.5372,0.0332,0.8429,1.000
1.117251,0.5372,0.0332,0.8433,1.000
1.118088,0.5377,0.0317,0.8438,1.001
1.119948,0.5381,0.0317,0.8438,1.001
1.122180,0.5386,0.0322,0.8443,1.002
1.124517,0.5381,0.0317,0.8429,1.001
1.126151,0.5386,0.0327,0.8424,1.000
1.128259,0.5386,0.0327,0.8424,1.000
1.131352,0.5377,0.0322,0.8433,1.001
1.132844,0.5372,0.0327,0.8429,1.000
1.134938,0.5372,0.0322,0.8419,0.999
1.136898,0.5367,0.0322,0.8424,0.999
1.139427,0.5372,0.0317,0.8424,1.000
1.141378,0.5367,0.0317,0.8419,0.999
1.143794,0.5372,0.0313,0.8404,0.998
1.145561,0.5377,0.0313,0.8414,0.999
1.147338,0.5367,0.0313,0.8419,0.999
1.149839,0.5377,0.0308,0.8424,1.000
1.151830,0.5377,0.0308,0.8424,1.000
1.153692,0.5377,0.0313,0.8419,0.999
1.155977,0.5372,0.0313,0.8424,1.000
1.157969,0.5381,0.0303,0.8433,1.001
1.160483,0.5377,0.0303,0.8424,1.000
1.162280,0.5362,0.0308,0.8429,0.999
1.164224,0.5372,0.0303,0.8438,1.001
1.166509,0.5372,0.0308,0.8448,1.002
1.168647,0.5377,0.0313,0.8443,1.001
1.170398,0.5367,0.0308,0.8438,1.001
1.172547,0.5377,0.0308,0.8448,1.002
1.177504,0.5372,0.0298,0.8448,1.002
1.177725,0.5386,0.0303,0.8453,1.003
1.179121,0.5372,0.0308,0.8443,1.001
1.181029,0.5377,0.0298,0.8438,1.001
1.183439,0.5372,0.0308,0.8443,1.001
1.185549,0.5372,0.0317,0.8448,1.002
1.187438,0.5372,0.0317,0.8443,1.001
1.189426,0.5377,0.0317,0.8448,1.002
1.191581,0.5372,0.0313,0.8443,1.001
1.195120,0.5367,0.0317,0.8438,1.001
1.196220,0.5372,0.0317,0.8443,1.001
1.197995,0.5377,0.0317,0.8438,1.001
1.200307,0.5381,0.0327,0.8433,1.001
1.202379,0.5381,0.0327,0.8429,1.001
1.204265,0.5377,0.0327,0.8429,1.000
1.206128,0.5391,0.0332,0.8419,1.000
1.208202,0.5377,0.0322,0.8414,0.999
1.210439,0.5381,0.0332,0.8414,0.999
1.213068,0.5386,0.0322,0.8409,0.999
1.215060,0.5381,0.0322,0.8409,0.999
1.217293,0.5377,0.0317,0.8414,0.999
1.219106,0.5381,0.0313,0.8424,1.000
1.221243,0.5381,0.0317,0.8414,0.999
1.223299,0.5381,0.0313,0.8424,1.000
1.225275,0.5381,0.0317,0.8424,1.000
1.227492,0.5372,0.0313,0.8429,1.000
1.229410,0.5372,0.0313,0.8438,1.001
1.231648,0.5381,0.0303,0.8443,1.002
1.234496,0.5367,0.0313,0.8448,1.001
1.236040,0.5372,0.0317,0.8448,1.002
1.238224,0.5377,0.0313,0.8463,1.003
1.240169,0.5377,0.0317,0.8468,1.004
1.242390,0.5372,0.0313,0.8458,1.002
1.244418,0.5377,0.0308,0.8453,1.002
1.246182,0.5381,0.0298,0.8463,1.003
1.248421,0.5377,0.0308,0.8448,1.002
1.251297,0.5377,0.0313,0.8448,1.002
1.252553,0.5372,0.0298,0.8458,1.002
1.254701,0.5377,0.0293,0.8453,1.002
1.256962,0.5386,0.0293,0.8448,1.002
1.259733,0.5367,0.0298,0.8433,1.000
1.261294,0.5367,0.0303,0.8438,1.000
1.263666,0.5381,0.0298,0.8438,1.001
1.266309,0.5377,0.0308,0.8438,1.001
1.270439,0.5381,0.0308,0.8443,1.002
1.271063,0.5386,0.0303,0.8443,1.002
1.272613,0.5386,0.0308,0.8433,1.001
1.274270,0.5391,0.0322,0.8424,1.001
1.277936,0.5386,0.0332,0.8429,1.001
1.278226,0.5391,0.0327,0.8429,1.001
1.280105,0.5381,0.0337,0.8429,1.001
1.282622,0.5377,0.0332,0.8419,0.999
1.284084,0.5362,0.0332,0.8419,0.999
1.286165,0.5357,0.0317,0.8409,0.998
1.288175,0.5357,0.0322,0.8399,0.997
1.290488,0.5362,0.0327,0.8394,0.997
1.293146,0.5367,0.0337,0.8385,0.996
1.294841,0.5377,0.0342,0.8390,0.997
1.297745,0.5396,0.0327,0.8399,0.999
1.300988,0.5401,0.0327,0.8390,0.998
1.301371,0.5396,0.0327,0.8404,0.999
1.303469,0.5396,0.0317,0.8409,1.000
1.305477,0.5401,0.0317,0.8404,1.000
1.308860,0.5396,0.0313,0.8419,1.000
1.309804,0.5386,0.0308,0.8433,1.001
1.311904,0.5381,0.0303,0.8438,1.001
1.314058,0.5367,0.0298,0.8448,1.001
1.316516,0.5372,0.0303,0.8458,1.002
1.318203,0.5367,0.0303,0.8458,1.002
1.320430,0.5372,0.0298,0.8468,1.003
1.322375,0.5381,0.0313,0.8477,1.005
1.325306,0.5377,0.0313,0.8492,1.006
1.326762,0.5381,0.0303,0.8497,1.006
1.328525,0.5372,0.0303,0.8512,1.007
1.330980,0.5372,0.0308,0.8512,1.007
1.332850,0.5377,0.0303,0.8507,1.007
1.334773,0.5367,0.0298,0.8492,1.005
1.336990,0.5367,0.0288,0.8487,1.005
1.339481,0.5357,0.0293,0.8482,1.004
1.343672,0.5357,0.0293,0.8473,1.003
1.344218,0.5357,0.0308,0.8463,1.002
1.345565,0.5357,0.0288,0.8458,1.002
1.348242,0.5362,0.0288,0.8458,1.002
1.350960,0.5372,0.0293,0.8448,1.002
1.352227,0.5381,0.0298,0.8429,1.000
1.354303,0.5391,0.0293,0.8414,1.000
1.356013,0.5396,0.0298,0.8419,1.000
1.358752,0.5396,0.0298,0.8419,1.000
1.361088,0.5386,0.0303,0.8414,0.999
1.362934,0.5391,0.0313,0.8399,0.999
1.364564,0.5377,0.0317,0.8404,0.998
1.367537,0.5377,0.0313,0.8399,0.998
1.369775,0.5367,0.0317,0.8404,0.998
1.371326,0.5372,0.0332,0.8399,0.998
1.372761,0.5367,0.0342,0.8409,0.998
1.377384,0.5357,0.0337,0.8409,0.998
1.377972,0.5352,0.0337,0.8419,0.998
1.380373,0.5352,0.0342,0.8419,0.998
1.381283,0.5362,0.0337,0.8424,0.999
1.384158,0.5372,0.0337,0.8429,1.000
1.385533,0.5377,0.0337,0.8438,1.001
1.387562,0.5372,0.0322,0.8429,1.000
1.389654,0.5381,0.0327,0.8433,1.001
1.392144,0.5372,0.0317,0.8414,0.999
1.394299,0.5377,0.0313,0.8414,0.999
1.396514,0.5381,0.0308,0.8433,1.001
1.398273,0.5377,0.0308,0.8438,1.001
1.400656,0.5386,0.0303,0.8443,1.002
1.402499,0.5391,0.0288,0.8458,1.003
1.404586,0.5391,0.0288,0.8458,1.003
1.406346,0.5391,0.0288,0.8458,1.003
1.409542,0.5381,0.0293,0.8458,1.003
1.410618,0.5381,0.0298,0.8473,1.004
1.412751,0.5386,0.0293,0.8468,1.004
1.414779,0.5377,0.0293,0.8468,1.003
1.417171,0.5381,0.0298,0.8463,1.003
1.419603,0.5362,0.0298,0.8477,1.004
1.421460,0.5372,0.0313,0.8477,1.004
1.423491,0.5362,0.0322,0.8468,1.003
1.426249,0.5352,0.0317,0.8463,1.002
1.427772,0.5347,0.0313,0.8458,1.001
1.430119,0.5362,0.0313,0.8453,1.002
1.431729,0.5362,0.0313,0.8448,1.001
1.434749,0.5372,0.0308,0.8443,1.001
1.437100,0.5377,0.0308,0.8419,0.999
1.438411,0.5377,0.0313,0.8414,0.999
1.440428,0.5381,0.0313,0.8404,0.998
1.446059,0.5377,0.0327,0.8399,0.998
1.446653,0.5377,0.0317,0.8414,0.999
1.446985,0.5377,0.0308,0.8399,0.998
1.448688,0.5381,0.0308,0.8394,0.998
1.451058,0.5381,0.0327,0.8399,0.998
1.453444,0.5381,0.0327,0.8390,0.997
1.455435,0.5381,0.0322,0.8380,0.996
1.457347,0.5381,0.0313,0.8394,0.998
1.461830,0.5381,0.0327,0.8404,0.998
1.462176,0.5386,0.0332,0.8414,1.000
1.464283,0.5381,0.0327,0.8409,0.999
1.465711,0.5386,0.0332,0.8429,1.001
1.470110,0.5381,0.0332,0.8438,1.001
1.470618,0.5381,0.0332,0.8433,1.001
1.473322,0.5367,0.0327,0.8438,1.001
1.474103,0.5367,0.0322,0.8453,1.002
1.477119,0.5367,0.0327,0.8458,1.002
1.478179,0.5367,0.0313,0.8453,1.002
1.480608,0.5367,0.0308,0.8453,1.002
1.482382,0.5372,0.0313,0.8453,1.002
1.485926,0.5381,0.0313,0.8443,1.002
1.486619,0.5386,0.0303,0.8443,1.002
1.488625,0.5377,0.0308,0.8443,1.001
1.490601,0.5386,0.0313,0.8433,1.001
1.492829,0.5377,0.0303,0.8438,1.001
1.494880,0.5377,0.0293,0.8438,1.001
1.497129,0.5381,0.0293,0.8433,1.001
1.499282,0.5386,0.0293,0.8429,1.001
1.501873,0.5386,0.0288,0.8438,1.002
1.503652,0.5377,0.0288,0.8438,1.001
1.505677,0.5367,0.0293,0.8429,1.000
1.508181,0.5372,0.0298,0.8448,1.002
1.510375,0.5377,0.0293,0.8458,1.003
1.511984,0.5372,0.0288,0.8453,1.002
1.514408,0.5377,0.0303,0.8487,1.005
1.516059,0.5381,0.0308,0.8477,1.005
1.518643,0.5372,0.0317,0.8473,1.004
1.520336,0.5372,0.0317,0.8473,1.004
1.522546,0.5367,0.0317,0.8473,1.003
1.528566,0.5362,0.0313,0.8473,1.003
1.529100,0.5357,0.0308,0.8477,1.003
1.529335,0.5367,0.0308,0.8458,1.002
1.530925,0.5362,0.0313,0.8463,1.002
1.533469,0.5367,0.0322,0.8448,1.001
1.535440,0.5362,0.0308,0.8429,0.999
1.537414,0.5377,0.0308,0.8419,0.999
1.539505,0.5386,0.0308,0.8414,1.000
1.541762,0.5381,0.0313,0.8404,0.998
1.543862,0.5391,0.0322,0.8404,0.999
1.545804,0.5396,0.0317,0.8399,0.999
1.547760,0.5401,0.0313,0.8390,0.998
1.551146,0.5391,0.0317,0.8404,0.999
1.552658,0.5381,0.0322,0.8414,0.999
1.554236,0.5372,0.0322,0.8414,0.999
1.556457,0.5362,0.0322,0.8424,0.999
1.558553,0.5372,0.0313,0.8433,1.000
1.560707,0.5377,0.0313,0.8438,1.001
1.563105,0.5367,0.0313,0.8438,1.001
1.570694,0.5367,0.0322,0.8443,1.001
1.571295,0.5372,0.0332,0.8443,1.001
1.571567,0.5377,0.0327,0.8458,1.003
1.571769,0.5372,0.0313,0.8448,1.002
1.574233,0.5372,0.0313,0.8453,1.002
1.579103,0.5377,0.0308,0.8448,1.002
1.579432,0.5367,0.0313,0.8438,1.001
1.579686,0.5367,0.0313,0.8438,1.001
1.581828,0.5377,0.0317,0.8453,1.002
1.584283,0.5381,0.0322,0.8443,1.002
1.585845,0.5381,0.0317,0.8443,1.002
1.588486,0.5381,0.0303,0.8448,1.002
1.590030,0.5391,0.0308,0.8448,1.003
1.592257,0.5381,0.0308,0.8429,1.000
1.594572,0.5377,0.0303,0.8429,1.000
1.596325,0.5372,0.0308,0.8429,1.000
1.598571,0.5377,0.0303,0.8424,1.000
1.601923,0.5377,0.0303,0.8419,0.999
1.602495,0.5386,0.0313,0.8429,1.001
1.605214,0.5372,0.0308,0.8438,1.001
1.606647,0.5381,0.0303,0.8448,1.002
1.609462,0.5381,0.0303,0.8438,1.001
1.611493,0.5381,0.0313,0.8438,1.001
1.613260,0.5357,0.0313,0.8433,1.000
1.615682,0.5367,0.0313,0.8443,1.001
1.618417,0.5362,0.0313,0.8438,1.000
1.619800,0.5367,0.0313,0.8433,1.000
1.622305,0.5357,0.0308,0.8424,0.999
1.623669,0.5357,0.0308,0.8404,0.997
1.626362,0.5381,0.0317,0.8404,0.998
1.628564,0.5381,0.0308,0.8404,0.998
1.630264,0.5386,0.0313,0.8390,0.997
1.632447,0.5386,0.0313,0.8375,0.996
1.634472,0.5386,0.0308,0.8375,0.996
1.636662,0.5391,0.0313,0.8375,0.996
1.638723,0.5381,0.0317,0.8385,0.997
1.640736,0.5381,0.0313,0.8409,0.999
1.642986,0.5381,0.0313,0.8433,1.001
1.645092,0.5381,0.0313,0.8448,1.002
1.646905,0.5381,0.0308,0.8473,1.004
1.648826,0.5372,0.0308,0.8497,1.006
1.651271,0.5367,0.0308,0.8502,1.006
1.653346,0.5352,0.0308,0.8521,1.007
1.655301,0.5352,0.0313,0.8531,1.008
1.657393,0.5357,0.0303,0.8521,1.007
1.659759,0.5352,0.0308,0.8502,1.005
1.662679,0.5352,0.0308,0.8512,1.006
1.663759,0.5357,0.0317,0.8516,1.007
1.666016,0.5357,0.0303,0.8516,1.007
1.668019,0.5367,0.0293,0.8516,1.007
1.670066,0.5377,0.0293,0.8497,1.006
1.672167,0.5381,0.0298,0.8482,1.005
1.674260,0.5386,0.0293,0.8463,1.004
1.678738,0.5391,0.0288,0.8429,1.001
1.679290,0.5381,0.0283,0.8424,1.000
1.680984,0.5386,0.0283,0.8419,1.000
1.683229,0.5391,0.0293,0.8390,0.998
1.688494,0.5377,0.0293,0.8385,0.996
1.688858,0.5386,0.0298,0.8394,0.998
1.689034,0.5391,0.0298,0.8399,0.999
1.691360,0.5396,0.0303,0.8394,0.998
1.693283,0.5401,0.0298,0.8414,1.000
1.695640,0.5396,0.0308,0.8394,0.998
1.697548,0.5381,0.0317,0.8399,0.998
1.699714,0.5377,0.0327,0.8419,0.999
1.701855,0.5362,0.0327,0.8443,1.001
1.703985,0.5362,0.0322,0.8448,1.001
1.705925,0.5352,0.0317,0.8458,1.001
1.713560,0.5342,0.0322,0.8458,1.001
1.713999,0.5352,0.0327,0.8468,1.002
1.714163,0.5357,0.0327,0.8453,1.001
1.715000,0.5367,0.0332,0.8468,1.003
1.716812,0.5372,0.0327,0.8458,1.002
1.719770,0.5372,0.0327,0.8453,1.002
1.721039,0.5372,0.0317,0.8453,1.002
1.722857,0.5381,0.0317,0.8438,1.001
1.724818,0.5391,0.0322,0.8429,1.001
1.726738,0.5386,0.0317,0.8409,0.999
1.729441,0.5386,0.0298,0.8385,0.997
1.730920,0.5386,0.0308,0.8370,0.996
1.732986,0.5386,0.0308,0.8375,0.996
1.735312,0.5391,0.0308,0.8365,0.996
1.738042,0.5391,0.0308,0.8370,0.996
1.739819,0.5381,0.0313,0.8375,0.996
1.741666,0.5381,0.0313,0.8385,0.997
1.745585,0.5386,0.0317,0.8394,0.998
1.746369,0.5386,0.0322,0.8419,1.000
1.748072,0.5377,0.0317,0.8419,0.999
1.749941,0.5362,0.0327,0.8429,0.999
1.753196,0.5352,0.0322,0.8438,1.000
1.754586,0.5352,0.0313,0.8458,1.001
1.756565,0.5357,0.0313,0.8468,1.002
1.761527,0.5362,0.0313,0.8492,1.005
1.762161,0.5367,0.0303,0.8487,1.005
1.762994,0.5372,0.0308,0.8487,1.005
1.765005,0.5367,0.0308,0.8482,1.004
1.768751,0.5377,0.0308,0.8477,1.004
1.769575,0.5377,0.0303,0.8477,1.004
1.771816,0.5386,0.0288,0.8473,1.004
1.773364,0.5401,0.0288,0.8458,1.004
1.776193,0.5391,0.0283,0.8458,1.003
1.777605,0.5386,0.0293,0.8453,1.003
1.779952,0.5377,0.0298,0.8433,1.001
1.781857,0.5386,0.0303,0.8419,1.000
1.784181,0.5386,0.0303,0.8419,1.000
1.787030,0.5391,0.0303,0.8429,1.001
1.788290,0.5386,0.0313,0.8429,1.001
1.792171,0.5377,0.0308,0.8438,1.001
1.797682,0.5372,0.0317,0.8424,1.000
1.797858,0.5367,0.0317,0.8409,0.998
1.797948,0.5362,0.0322,0.8419,0.999
1.798861,0.5362,0.0337,0.8419,0.999
1.801169,0.5372,0.0337,0.8409,0.998
1.803879,0.5372,0.0332,0.8399,0.998
1.805455,0.5372,0.0337,0.8419,0.999
1.806718,0.5372,0.0332,0.8414,0.999
1.809089,0.5372,0.0337,0.8414,0.999
1.810972,0.5367,0.0322,0.8409,0.998
1.813373,0.5377,0.0332,0.8404,0.998
1.815467,0.5367,0.0337,0.8394,0.997
1.817412,0.5367,0.0327,0.8394,0.997
1.819607,0.5372,0.0322,0.8399,0.998
1.822133,0.5386,0.0317,0.8404,0.999
1.824460,0.5386,0.0313,0.8399,0.998
1.826857,0.5391,0.0313,0.8404,0.999
1.828147,0.5391,0.0313,0.8414,1.000
1.830314,0.5396,0.0308,0.8438,1.002
1.832542,0.5396,0.0303,0.8429,1.001
1.835885,0.5381,0.0308,0.8443,1.002
1.836547,0.5381,0.0303,0.8448,1.002
1.838691,0.5377,0.0308,0.8448,1.002
1.840750,0.5377,0.0303,0.8458,1.003
1.843273,0.5362,0.0308,0.8468,1.003
1.845124,0.5357,0.0308,0.8473,1.003
1.847063,0.5357,0.0308,0.8473,1.003
1.848988,0.5347,0.0303,0.8468,1.002
1.851985,0.5352,0.0293,0.8477,1.003
1.853489,0.5347,0.0293,0.8487,1.004
1.855604,0.5352,0.0288,0.8497,1.005
1.857717,0.5367,0.0288,0.8487,1.005
1.860057,0.5362,0.0288,0.8492,1.005
1.861897,0.5362,0.0283,0.8473,1.003
1.864081,0.5367,0.0273,0.8463,1.002
1.866177,0.5377,0.0283,0.8468,1.003
1.868540,0.5381,0.0278,0.8468,1.004
1.870301,0.5386,0.0278,0.8458,1.003
1.872565,0.5377,0.0278,0.8438,1.001
1.874414,0.5381,0.0293,0.8443,1.002
1.876989,0.5381,0.0293,0.8429,1.000
1.879187,0.5381,0.0298,0.8414,0.999
1.880871,0.5381,0.0308,0.8404,0.998
1.882667,0.5381,0.0308,0.8404,0.998
1.888678,0.5381,0.0317,0.8404,0.998
1.888992,0.5386,0.0322,0.8399,0.998
1.889167,0.5386,0.0332,0.8409,0.999
1.891295,0.5386,0.0347,0.8414,1.000
1.894893,0.5381,0.0347,0.8419,1.000
1.895562,0.5372,0.0347,0.8414,0.999
1.897507,0.5372,0.0352,0.8429,1.000
1.899768,0.5367,0.0342,0.8419,0.999
1.902461,0.5367,0.0342,0.8414,0.999
1.903956,0.5367,0.0342,0.8424,0.999
1.906138,0.5372,0.0347,0.8429,1.000
1.908167,0.5362,0.0337,0.8424,0.999
1.910580,0.5362,0.0337,0.8424,0.999
1.913766,0.5372,0.0327,0.8433,1.000
1.914591,0.5377,0.0332,0.8448,1.002
1.916582,0.5377,0.0327,0.8438,1.001
1.921928,0.5377,0.0317,0.8429,1.000
1.922187,0.5386,0.0308,0.8419,1.000
1.923281,0.5386,0.0303,0.8419,1.000
1.924988,0.5381,0.0308,0.8429,1.000
1.928081,0.5381,0.0298,0.8433,1.001
1.929137,0.5372,0.0303,0.8433,1.000
1.931711,0.5372,0.0288,0.8433,1.000
1.933335,0.5377,0.0273,0.8443,1.001
1.936221,0.5377,0.0278,0.8453,1.002
1.937853,0.5372,0.0278,0.8473,1.004
1.939892,0.5381,0.0273,0.8473,1.004
1.942028,0.5377,0.0269,0.8468,1.003
1.944664,0.5377,0.0273,0.8453,1.002
1.946194,0.5377,0.0273,0.8458,1.003
1.948445,0.5377,0.0283,0.8463,1.003
1.950507,0.5372,0.0283,0.8453,1.002
1.953279,0.5377,0.0283,0.8463,1.003
1.955243,0.5377,0.0283,0.8473,1.004
1.956866,0.5362,0.0278,0.8477,1.003
1.958710,0.5372,0.0288,0.8487,1.005
1.961684,0.5372,0.0288,0.8487,1.005
1.963290,0.5377,0.0303,0.8487,1.005
1.965297,0.5377,0.0317,0.8482,1.005
1.967090,0.5381,0.0317,0.8477,1.005
1.972313,0.5367,0.0313,0.8453,1.002
1.972551,0.5367,0.0317,0.8448,1.001
1.973622,0.5362,0.0327,0.8453,1.002
1.975661,0.5372,0.0337,0.8438,1.001
1.980485,0.5372,0.0337,0.8433,1.000
1.980712,0.5372,0.0337,0.8414,0.999
1.982395,0.5381,0.0337,0.8394,0.998
1.983923,0.5381,0.0342,0.8394,0.998
1.986544,0.5391,0.0342,0.8394,0.998
1.988258,0.5396,0.0337,0.8394,0.998
1.990405,0.5391,0.0342,0.8399,0.999
1.993802,0.5396,0.0332,0.8385,0.998
1.995515,0.5391,0.0337,0.8390,0.998
1.996727,0.5386,0.0332,0.8390,0.998
1.998950,0.5386,0.0327,0.8394,0.998
2.001796,0.5377,0.0322,0.8394,0.997
2.003366,0.5372,0.0317,0.8419,0.999
2.005525,0.5367,0.0317,0.8419,0.999
2.007223,0.5367,0.0317,0.8414,0.998
2.009075,0.5372,0.0317,0.8409,0.998
2.013233,0.5367,0.0317,0.8409,0.998
2.013507,0.5372,0.0308,0.8429,1.000
2.016038,0.5372,0.0308,0.8438,1.001
2.019855,0.5372,0.0303,0.8438,1.001
2.020070,0.5372,0.0293,0.8453,1.002
2.022055,0.5377,0.0303,0.8438,1.001
2.024443,0.5377,0.0293,0.8448,1.002
2.026894,0.5372,0.0293,0.8443,1.001
2.030357,0.5362,0.0293,0.8453,1.001
2.030566,0.5372,0.0298,0.8453,1.002
2.033068,0.5377,0.0288,0.8463,1.003
2.036201,0.5391,0.0288,0.8463,1.004
2.037263,0.5386,0.0298,0.8458,1.003
2.038981,0.5386,0.0293,0.8458,1.003
2.041362,0.5381,0.0298,0.8463,1.003
2.044044,0.5372,0.0298,0.8443,1.001
2.045457,0.5377,0.0298,0.8458,1.003
2.047849,0.5362,0.0298,0.8458,1.002
2.049532,0.5377,0.0313,0.8453,1.002
2.052100,0.5381,0.0317,0.8443,1.002
2.053504,0.5367,0.0327,0.8438,1.001
2.055425,0.5372,0.0322,0.8438,1.001
2.058006,0.5377,0.0322,0.8443,1.001
2.060311,0.5381,0.0327,0.8424,1.000
2.063145,0.5386,0.0332,0.8429,1.001
2.064174,0.5381,0.0327,0.8429,1.001
2.067335,0.5372,0.0322,0.8438,1.001
2.069954,0.5372,0.0322,0.8433,1.000
2.070683,0.5372,0.0317,0.8429,1.000
2.072663,0.5377,0.0322,0.8433,1.001
2.074833,0.5381,0.0322,0.8429,1.001
2.078009,0.5381,0.0327,0.8419,1.000
2.079185,0.5377,0.0313,0.8419,0.999
2.081267,0.5377,0.0313,0.8414,0.999
2.083307,0.5377,0.0322,0.8409,0.999
2.087212,0.5377,0.0317,0.8424,1.000
2.087587,0.5377,0.0317,0.8424,1.000
2.092317,0.5381,0.0317,0.8424,1.000
2.092881,0.5386,0.0322,0.8419,1.000
2.097325,0.5381,0.0322,0.8424,1.000
2.097774,0.5377,0.0327,0.8419,0.999
2.098149,0.5372,0.0313,0.8438,1.001
2.100106,0.5367,0.0308,0.8443,1.001
2.103401,0.5367,0.0308,0.8443,1.001
2.104457,0.5367,0.0303,0.8448,1.001
2.110433,0.5367,0.0308,0.8443,1.001
2.110876,0.5362,0.0317,0.8448,1.001
2.111075,0.5367,0.0313,0.8438,1.001
2.113137,0.5367,0.0303,0.8438,1.000
2.115119,0.5372,0.0303,0.8433,1.000
2.117026,0.5372,0.0298,0.8453,1.002
2.119091,0.5372,0.0303,0.8463,1.003
2.121290,0.5377,0.0298,0.8453,1.002
2.123301,0.5381,0.0298,0.8458,1.003
2.125393,0.5381,0.0303,0.8458,1.003
2.127233,0.5372,0.0298,0.8468,1.003
2.129622,0.5367,0.0298,0.8473,1.003
2.131474,0.5367,0.0298,0.8463,1.003
2.133750,0.5357,0.0303,0.8463,1.002
2.135969,0.5367,0.0308,0.8477,1.004
2.138406,0.5372,0.0308,0.8473,1.004
2.140341,0.5381,0.0303,0.8463,1.003
2.142474,0.5381,0.0298,0.8448,1.002
2.144526,0.5377,0.0298,0.8438,1.001
2.147365,0.5372,0.0308,0.8433,1.000
2.148696,0.5372,0.0317,0.8433,1.000
2.150720,0.5381,0.0313,0.8424,1.000
2.152824,0.5381,0.0322,0.8409,0.999
2.155008,0.5372,0.0322,0.8429,1.000
2.157062,0.5372,0.0322,0.8414,0.999
2.159275,0.5372,0.0322,0.8414,0.999
2.161437,0.5372,0.0322,0.8409,0.998
2.163441,0.5367,0.0322,0.8414,0.999
2.165496,0.5377,0.0322,0.8429,1.000
2.167475,0.5377,0.0327,0.8429,1.000
2.169477,0.5377,0.0322,0.8419,0.999
2.172161,0.5372,0.0327,0.8414,0.999
2.173846,0.5372,0.0327,0.8429,1.000
2.176005,0.5377,0.0317,0.8424,1.000
2.179968,0.5372,0.0313,0.8429,1.000
2.180348,0.5377,0.0317,0.8448,1.002
2.184253,0.5377,0.0317,0.8443,1.001
2.184782,0.5377,0.0322,0.8443,1.001
2.188621,0.5381,0.0317,0.8453,1.003
2.189786,0.5377,0.0308,0.8448,1.002
2.190676,0.5362,0.0313,0.8453,1.002
2.192803,0.5367,0.0298,0.8453,1.002
2.195581,0.5377,0.0303,0.8468,1.003
2.197062,0.5372,0.0298,0.8453,1.002
2.199145,0.5381,0.0293,0.8458,1.003
2.201330,0.5372,0.0303,0.8458,1.002
2.204269,0.5377,0.0308,0.8453,1.002
2.205759,0.5377,0.0308,0.8443,1.001
2.207317,0.5372,0.0293,0.8443,1.001
2.209481,0.5372,0.0298,0.8448,1.002
2.212168,0.5381,0.0298,0.8438,1.001
2.213699,0.5381,0.0298,0.8438,1.001
2.215896,0.5381,0.0308,0.8438,1.001
2.219318,0.5377,0.0303,0.8433,1.001
2.221064,0.5367,0.0303,0.8438,1.000
2.222447,0.5367,0.0308,0.8443,1.001
2.224511,0.5372,0.0313,0.8443,1.001
2.227673,0.5372,0.0313,0.8429,1.000
2.229232,0.5367,0.0308,0.8433,1.000
2.231153,0.5381,0.0303,0.8429,1.000
2.233172,0.5377,0.0308,0.8429,1.000
2.235642,0.5381,0.0308,0.8438,1.001
2.237595,0.5381,0.0313,0.8453,1.003
2.239538,0.5377,0.0313,0.8443,1.001
2.241671,0.5377,0.0317,0.8443,1.001
2.244677,0.5372,0.0322,0.8443,1.001
2.246186,0.5377,0.0317,0.8448,1.002
2.247674,0.5381,0.0327,0.8438,1.001
2.249556,0.5372,0.0317,0.8433,1.000
2.252421,0.5372,0.0313,0.8438,1.001
2.254914,0.5372,0.0317,0.8453,1.002
2.256786,0.5377,0.0317,0.8448,1.002
2.258335,0.5381,0.0322,0.8443,1.002
2.260429,0.5381,0.0322,0.8448,1.002
2.262892,0.5381,0.0313,0.8433,1.001
2.264527,0.5386,0.0298,0.8424,1.000
2.266642,0.5377,0.0308,0.8429,1.000
2.269439,0.5372,0.0308,0.8424,1.000
2.270783,0.5372,0.0313,0.8429,1.000
2.272984,0.5367,0.0313,0.8414,0.998
2.274937,0.5377,0.0303,0.8429,1.000
2.278835,0.5367,0.0298,0.8433,1.000
2.281201,0.5377,0.0308,0.8443,1.001
2.281338,0.5381,0.0308,0.8433,1.001
2.283566,0.5372,0.0313,0.8424,1.000
2.286331,0.5367,0.0308,0.8429,1.000
2.287521,0.5367,0.0303,0.8433,1.000
2.290284,0.5386,0.0308,0.8429,1.001
2.291636,0.5391,0.0313,0.8443,1.002
2.294776,0.5377,0.0313,0.8438,1.001
2.295782,0.5381,0.0313,0.8433,1.001
2.298543,0.5381,0.0317,0.8433,1.001
2.300365,0.5372,0.0317,0.8438,1.001
2.303045,0.5377,0.0317,0.8443,1.001
2.304698,0.5377,0.0308,0.8433,1.001
2.306694,0.5377,0.0317,0.8409,0.999
2.308730,0.5372,0.0327,0.8404,0.998
2.312049,0.5362,0.0327,0.8404,0.997
2.312774,0.5372,0.0332,0.8409,0.998
2.315193,0.5372,0.0322,0.8394,0.997
2.317167,0.5391,0.0317,0.8409,0.999
2.320012,0.5406,0.0317,0.8414,1.001
2.323964,0.5411,0.0313,0.8414,1.001
2.324131,0.5411,0.0313,0.8414,1.001
2.325684,0.5396,0.0313,0.8424,1.001
2.327816,0.5377,0.0308,0.8433,1.001
2.329948,0.5377,0.0308,0.8433,1.001
2.332093,0.5372,0.0303,0.8458,1.002
2.334131,0.5367,0.0303,0.8482,1.004
2.336307,0.5372,0.0303,0.8468,1.003
2.338245,0.5372,0.0313,0.8458,1.002
2.341010,0.5352,0.0322,0.8429,0.999
2.342395,0.5333,0.0327,0.8375,0.993
2.344694,0.5328,0.0332,0.8350,0.991
2.346710,0.5333,0.0337,0.8370,0.993
2.348972,0.5347,0.0347,0.8385,0.995
2.350772,0.5337,0.0347,0.8385,0.995
2.353299,0.5308,0.0342,0.8385,0.993
2.355303,0.5303,0.0322,0.8399,0.994
2.358141,0.5318,0.0317,0.8424,0.997
2.359574,0.5323,0.0308,0.8463,1.000
2.361716,0.5318,0.0298,0.8487,1.002
2.363690,0.5323,0.0278,0.8507,1.004
2.365888,0.5352,0.0264,0.8526,1.007
2.367533,0.5377,0.0249,0.8536,1.009
2.369984,0.5401,0.0244,0.8565,1.013
2.372225,0.5420,0.0230,0.8575,1.015
2.374007,0.5420,0.0215,0.8585,1.016
2.375932,0.5416,0.0215,0.8580,1.015
2.380179,0.5416,0.0215,0.8560,1.013
2.380605,0.5401,0.0225,0.8546,1.011
2.382704,0.5401,0.0234,0.8546,1.011
2.384678,0.5396,0.0239,0.8531,1.010
2.387445,0.5391,0.0259,0.8516,1.008
2.389017,0.5391,0.0283,0.8502,1.007
2.391027,0.5391,0.0313,0.8487,1.006
2.393045,0.5381,0.0332,0.8463,1.003
2.395330,0.5372,0.0356,0.8438,1.001
2.397466,0.5367,0.0376,0.8419,0.999
2.399363,0.5367,0.0391,0.8409,0.998
2.401647,0.5367,0.0391,0.8385,0.996
2.405011,0.5352,0.0405,0.8355,0.993
2.405848,0.5347,0.0415,0.8341,0.992
2.407828,0.5357,0.0425,0.8316,0.990
2.410081,0.5352,0.0420,0.8292,0.988
2.412185,0.5357,0.0405,0.8277,0.987
2.414186,0.5372,0.0396,0.8267,0.987
2.416346,0.5377,0.0386,0.8263,0.987
2.421153,0.5406,0.0381,0.8258,0.988
2.421590,0.5420,0.0366,0.8272,0.990
2.422599,0.5425,0.0352,0.8302,0.992
2.425200,0.5420,0.0347,0.8326,0.994
2.426841,0.5411,0.0347,0.8341,0.995
2.429258,0.5416,0.0327,0.8355,0.996
2.431561,0.5396,0.0313,0.8385,0.998
2.433148,0.5381,0.0308,0.8429,1.000
2.435273,0.5381,0.0303,0.8463,1.003
2.437630,0.5367,0.0293,0.8487,1.005
2.439525,0.5352,0.0278,0.8516,1.006
2.441668,0.5347,0.0283,0.8541,1.008
2.443762,0.5342,0.0273,0.8560,1.009
2.445943,0.5337,0.0269,0.8590,1.012
2.447788,0.5342,0.0264,0.8585,1.011
2.449783,0.5347,0.0254,0.8585,1.012
2.451754,0.5352,0.0249,0.8590,1.012
2.454275,0.5357,0.0259,0.8590,1.013
2.456116,0.5367,0.0249,0.8580,1.012
2.458633,0.5367,0.0239,0.8565,1.011
2.461768,0.5367,0.0244,0.8541,1.009
2.463071,0.5381,0.0244,0.8521,1.008
2.464800,0.5372,0.0244,0.8512,1.007
2.466774,0.5372,0.0244,0.8482,1.004
2.469707,0.5377,0.0254,0.8463,1.003
2.471266,0.5386,0.0264,0.8468,1.004
2.473260,0.5396,0.0273,0.8453,1.003
2.475320,0.5386,0.0283,0.8448,1.002
2.478254,0.5372,0.0303,0.8429,1.000
2.480003,0.5367,0.0313,0.8414,0.998
2.481813,0.5367,0.0327,0.8404,0.998
2.484581,0.5367,0.0337,0.8399,0.997
2.488970,0.5357,0.0337,0.8394,0.996
2.489412,0.5367,0.0352,0.8385,0.996
2.489846,0.5372,0.0361,0.8385,0.996
2.492378,0.5362,0.0356,0.8390,0.996
2.496807,0.5357,0.0366,0.8390,0.996
2.497245,0.5362,0.0366,0.8394,0.997
2.498713,0.5362,0.0366,0.8394,0.997
2.500762,0.5372,0.0361,0.8404,0.998
2.503624,0.5372,0.0361,0.8409,0.998
2.505230,0.5381,0.0342,0.8419,1.000
2.507037,0.5381,0.0332,0.8414,0.999
2.509147,0.5381,0.0317,0.8409,0.999
2.513695,0.5386,0.0313,0.8419,1.000
2.514530,0.5386,0.0308,0.8424,1.000
2.515804,0.5386,0.0303,0.8453,1.003
2.517432,0.5396,0.0288,0.8473,1.005
2.519963,0.5391,0.0298,0.8468,1.004
2.521934,0.5391,0.0288,0.8477,1.005
2.523786,0.5396,0.0283,0.8482,1.006
2.526124,0.5386,0.0278,0.8492,1.006
2.528580,0.5381,0.0283,0.8502,1.007
2.530094,0.5386,0.0293,0.8487,1.006
2.532086,0.5377,0.0288,0.8482,1.005
2.534183,0.5372,0.0283,0.8482,1.004
2.536901,0.5367,0.0293,0.8463,1.003
2.539454,0.5372,0.0308,0.8448,1.002
2.540455,0.5367,0.0313,0.8424,0.999
2.542878,0.5362,0.0313,0.8409,0.998
2.545134,0.5352,0.0317,0.8390,0.996
2.547189,0.5347,0.0327,0.8360,0.993
2.549121,0.5352,0.0327,0.8341,0.992
2.551273,0.5362,0.0327,0.8326,0.991
2.553416,0.5372,0.0332,0.8326,0.991
2.555466,0.5377,0.0327,0.8311,0.990
2.557445,0.5386,0.0332,0.8316,0.991
2.559638,0.5396,0.0337,0.8316,0.992
2.561937,0.5401,0.0332,0.8326,0.993
2.563980,0.5396,0.0332,0.8331,0.993
2.566035,0.5381,0.0327,0.8360,0.995
2.567838,0.5381,0.0327,0.8385,0.997
2.571373,0.5386,0.0322,0.8404,0.999
2.572313,0.5381,0.0308,0.8433,1.001
2.574448,0.5391,0.0313,0.8448,1.003
2.576447,0.5381,0.0308,0.8477,1.005
2.579566,0.5372,0.0303,0.8526,1.008
2.581327,0.5381,0.0303,0.8551,1.011
2.583593,0.5396,0.0308,0.8565,1.013
2.585182,0.5381,0.0303,0.8575,1.013
2.587559,0.5386,0.0303,0.8585,1.014
2.589173,0.5381,0.0313,0.8585,1.014
2.591304,0.5362,0.0298,0.8595,1.013
2.593339,0.5352,0.0313,0.8595,1.013
2.595430,0.5347,0.0317,0.8585,1.012
2.598196,0.5337,0.0317,0.8551,1.008
2.599507,0.5328,0.0317,0.8516,1.005
2.601495,0.5318,0.0313,0.8468,1.000
2.603942,0.5323,0.0308,0.8429,0.997
2.606402,0.5337,0.0303,0.8390,0.995
2.607907,0.5357,0.0298,0.8346,0.992
2.610010,0.5381,0.0293,0.8307,0.990
2.612493,0.5396,0.0283,0.8282,0.989
2.614508,0.5420,0.0288,0.8267,0.989
2.616278,0.5435,0.0283,0.8263,0.989
2.619012,0.5435,0.0293,0.8253,0.989
2.621811,0.5430,0.0288,0.8258,0.989
2.623129,0.5430,0.0273,0.8297,0.992
2.625011,0.5411,0.0278,0.8311,0.992
2.627460,0.5391,0.0293,0.8336,0.993
2.629233,0.5377,0.0303,0.8375,0.996
2.631990,0.5372,0.0303,0.8424,1.000
2.633577,0.5372,0.0317,0.8468,1.003
2.635635,0.5362,0.0327,0.8507,1.006
2.638479,0.5357,0.0347,0.8526,1.008
2.640730,0.5352,0.0356,0.8556,1.010
2.641805,0.5347,0.0371,0.8570,1.011
2.643842,0.5342,0.0371,0.8575,1.011
2.646021,0.5328,0.0376,0.8575,1.010
2.648618,0.5328,0.0366,0.8590,1.011
2.650095,0.5328,0.0352,0.8590,1.011
2.652372,0.5333,0.0342,0.8560,1.009
2.654378,0.5337,0.0332,0.8526,1.006
2.656737,0.5342,0.0322,0.8497,1.004
2.658614,0.5357,0.0313,0.8477,1.003
2.660834,0.5367,0.0298,0.8443,1.001
2.662897,0.5391,0.0293,0.8414,1.000
2.665320,0.5411,0.0288,0.8394,0.999
2.667363,0.5425,0.0283,0.8365,0.997
2.670476,0.5425,0.0273,0.8336,0.995
2.671646,0.5425,0.0273,0.8297,0.992
2.673585,0.5416,0.0264,0.8287,0.990
2.675574,0.5411,0.0259,0.8311,0.992
2.677724,0.5416,0.0283,0.8341,0.995
2.680242,0.5401,0.0293,0.8355,0.995
2.681981,0.5372,0.0298,0.8370,0.995
2.684299,0.5352,0.0298,0.8380,0.995
2.685993,0.5337,0.0317,0.8394,0.995
2.688997,0.5342,0.0332,0.8409,0.997
2.691149,0.5347,0.0337,0.8433,0.999
2.692283,0.5342,0.0342,0.8458,1.001
2.694172,0.5347,0.0347,0.8497,1.005
2.696364,0.5347,0.0352,0.8516,1.006
2.698861,0.5337,0.0347,0.8536,1.007
2.700970,0.5347,0.0337,0.8531,1.007
2.702719,0.5357,0.0322,0.8546,1.009
2.705051,0.5377,0.0313,0.8546,1.010
2.707319,0.5377,0.0313,0.8531,1.009
2.709191,0.5381,0.0313,0.8512,1.007
2.714487,0.5381,0.0303,0.8497,1.006
2.714966,0.5386,0.0298,0.8482,1.005
2.715489,0.5391,0.0298,0.8477,1.005
2.717590,0.5406,0.0288,0.8468,1.005
2.719910,0.5401,0.0288,0.8419,1.001
2.722024,0.5396,0.0303,0.8385,0.998
2.724094,0.5401,0.0308,0.8365,0.996
2.725826,0.5411,0.0308,0.8370,0.997
2.728646,0.5411,0.0317,0.8370,0.997
2.730872,0.5391,0.0317,0.8360,0.995
2.732700,0.5381,0.0332,0.8365,0.995
2.734677,0.5372,0.0342,0.8380,0.996
2.737300,0.5362,0.0342,0.8399,0.997
2.739408,0.5347,0.0361,0.8404,0.997
2.741161,0.5337,0.0361,0.8409,0.997
2.743170,0.5328,0.0356,0.8429,0.998
2.745628,0.5337,0.0352,0.8458,1.001
2.747458,0.5333,0.0356,0.8438,0.999
2.749518,0.5328,0.0361,0.8438,0.999
2.751285,0.5333,0.0352,0.8414,0.997
2.753914,0.5337,0.0337,0.8390,0.995
2.755822,0.5352,0.0327,0.8360,0.993
2.757867,0.5377,0.0317,0.8360,0.994
2.759713,0.5391,0.0308,0.8350,0.994
2.762549,0.5401,0.0288,0.8336,0.994
2.764248,0.5396,0.0273,0.8331,0.993
2.766070,0.5401,0.0259,0.8336,0.994
2.768278,0.5416,0.0254,0.8375,0.998
2.770372,0.5416,0.0239,0.8404,1.000
2.772861,0.5411,0.0239,0.8409,1.000
2.774482,0.5406,0.0244,0.8438,1.002
2.776532,0.5406,0.0249,0.8502,1.008
2.781190,0.5381,0.0254,0.8546,1.010
2.781603,0.5362,0.0273,0.8575,1.012
2.783233,0.5352,0.0288,0.8604,1.014
2.785842,0.5337,0.0288,0.8604,1.013
2.789463,0.5333,0.0288,0.8619,1.014
2.789776,0.5333,0.0288,0.8639,1.016
2.792415,0.5333,0.0288,0.8658,1.017
2.793498,0.5328,0.0288,0.8643,1.016
2.796324,0.5342,0.0278,0.8629,1.015
2.797793,0.5362,0.0298,0.8595,1.013
2.799986,0.5367,0.0313,0.8546,1.010
2.801960,0.5372,0.0317,0.8487,1.005
2.804267,0.5381,0.0327,0.8438,1.001
2.806635,0.5377,0.0342,0.8404,0.998
2.808167,0.5377,0.0356,0.8370,0.995
2.810136,0.5367,0.0361,0.8287,0.988
2.812650,0.5342,0.0376,0.8219,0.981
2.814676,0.5333,0.0381,0.8194,0.978
2.816805,0.5342,0.0371,0.8180,0.978
2.819002,0.5347,0.0376,0.8199,0.980
2.821927,0.5362,0.0352,0.8209,0.981
2.823196,0.5386,0.0337,0.8214,0.983
2.825686,0.5416,0.0327,0.8263,0.988
2.827216,0.5450,0.0332,0.8307,0.994
2.829475,0.5469,0.0327,0.8355,0.999
2.831599,0.5464,0.0303,0.8394,1.002
2.833923,0.5445,0.0298,0.8409,1.002
2.835807,0.5425,0.0293,0.8433,1.003
2.838054,0.5401,0.0298,0.8468,1.005
2.840098,0.5367,0.0303,0.8516,1.007
2.842294,0.5333,0.0298,0.8560,1.009
2.844042,0.5308,0.0313,0.8595,1.011
2.846249,0.5298,0.0327,0.8619,1.012
2.848095,0.5294,0.0313,0.8643,1.014
2.850304,0.5303,0.0303,0.8687,1.018
2.852340,0.5347,0.0308,0.8717,1.023
2.854542,0.5372,0.0313,0.8712,1.024
2.856555,0.5377,0.0322,0.8663,1.020
2.859103,0.5381,0.0322,0.8614,1.016
2.861130,0.5386,0.0308,0.8570,1.013
2.864492,0.5391,0.0317,0.8531,1.010
2.865445,0.5372,0.0303,0.8438,1.001
2.867418,0.5352,0.0293,0.8380,0.995
2.869344,0.5352,0.0288,0.8341,0.991
2.871676,0.5362,0.0283,0.8272,0.986
2.873525,0.5367,0.0283,0.8248,0.984
2.875631,0.5357,0.0283,0.8238,0.983
2.877697,0.5367,0.0278,0.8223,0.982
2.880286,0.5381,0.0293,0.8214,0.982
2.883106,0.5406,0.0303,0.8204,0.983
2.884717,0.5411,0.0308,0.8214,0.984
2.885943,0.5401,0.0313,0.8243,0.986
2.888177,0.5396,0.0313,0.8263,0.987
2.890496,0.5381,0.0322,0.8307,0.990
2.892732,0.5362,0.0322,0.8350,0.993
2.894577,0.5352,0.0322,0.8385,0.995
2.896749,0.5337,0.0313,0.8419,0.997
2.900212,0.5342,0.0317,0.8458,1.001
2.901085,0.5337,0.0327,0.8502,1.004
2.903107,0.5328,0.0327,0.8492,1.003
2.905928,0.5318,0.0308,0.8492,1.002
2.907832,0.5323,0.0303,0.8502,1.004
2.910088,0.5333,0.0303,0.8531,1.007
2.913002,0.5357,0.0293,0.8551,1.009
2.914958,0.5372,0.0303,0.8556,1.011
2.915792,0.5381,0.0303,0.8531,1.009
2.917895,0.5406,0.0293,0.8531,1.010
2.919946,0.5411,0.0298,0.8546,1.012
2.922735,0.5420,0.0303,0.8565,1.014
2.924101,0.5430,0.0308,0.8565,1.015
2.926264,0.5425,0.0313,0.8546,1.013
2.930265,0.5420,0.0303,0.8551,1.013
2.930445,0.5416,0.0313,0.8551,1.013
2.932269,0.5420,0.0317,0.8546,1.012
2.934699,0.5401,0.0332,0.8541,1.011
2.936570,0.5372,0.0342,0.8526,1.008
2.939711,0.5352,0.0337,0.8507,1.006
2.941237,0.5342,0.0347,0.8502,1.005
2.943953,0.5357,0.0352,0.8463,1.002
2.946119,0.5352,0.0366,0.8424,0.999
2.947549,0.5337,0.0361,0.8385,0.995
2.949470,0.5328,0.0366,0.8341,0.990
2.951713,0.5347,0.0371,0.8311,0.989
2.955010,0.5347,0.0376,0.8307,0.989
2.955791,0.5347,0.0376,0.8263,0.985
2.957948,0.5362,0.0376,0.8228,0.983
2.960125,0.5377,0.0371,0.8204,0.982
2.962497,0.5372,0.0347,0.8194,0.980
2.964376,0.5386,0.0337,0.8180,0.980
2.966213,0.5391,0.0332,0.8194,0.981
2.968181,0.5391,0.0317,0.8219,0.983
2.971356,0.5391,0.0308,0.8219,0.983
2.973046,0.5381,0.0283,0.8258,0.986
2.975386,0.5391,0.0273,0.8297,0.990
2.976953,0.5396,0.0264,0.8331,0.993
2.981676,0.5391,0.0249,0.8385,0.997
2.982050,0.5367,0.0230,0.8443,1.001
2.983764,0.5362,0.0225,0.8497,1.005
2.986274,0.5352,0.0210,0.8551,1.009
2.989085,0.5357,0.0225,0.8595,1.013
2.989577,0.5357,0.0230,0.8639,1.017
2.991946,0.5362,0.0234,0.8673,1.020
2.993957,0.5377,0.0239,0.8712,1.024
2.996532,0.5372,0.0254,0.8741,1.026
2.998064,0.5372,0.0269,0.8741,1.026
3.000071,0.5357,0.0283,0.8736,1.025
3.002278,0.5352,0.0283,0.8707,1.022
3.004865,0.5347,0.0283,0.8697,1.021
3.006222,0.5352,0.0298,0.8678,1.020
3.008320,0.5347,0.0298,0.8639,1.016
3.010907,0.5352,0.0313,0.8590,1.013
3.013023,0.5347,0.0313,0.8541,1.008
3.014758,0.5347,0.0327,0.8492,1.004
3.016887,0.5367,0.0317,0.8438,1.001
3.019550,0.5381,0.0332,0.8385,0.997
3.021562,0.5391,0.0347,0.8316,0.992
3.023240,0.5411,0.0366,0.8282,0.990
3.025607,0.5406,0.0366,0.8223,0.985
3.027957,0.5416,0.0376,0.8214,0.985
3.029778,0.5401,0.0396,0.8170,0.980
3.031798,0.5386,0.0396,0.8140,0.977
3.033973,0.5377,0.0400,0.8145,0.977
3.036055,0.5377,0.0405,0.8140,0.976
3.038335,0.5377,0.0410,0.8155,0.978
3.040866,0.5372,0.0400,0.8184,0.980
3.043836,0.5362,0.0400,0.8214,0.982
3.044177,0.5367,0.0381,0.8253,0.985
3.047985,0.5377,0.0366,0.8316,0.991
3.048608,0.5391,0.0361,0.8375,0.997
3.050881,0.5386,0.0342,0.8424,1.000
3.052749,0.5386,0.0322,0.8468,1.004
3.055260,0.5391,0.0308,0.8507,1.008
3.057003,0.5386,0.0283,0.8536,1.010
3.059600,0.5372,0.0273,0.8546,1.010
3.061250,0.5352,0.0259,0.8570,1.011
3.063229,0.5352,0.0254,0.8595,1.013
3.065603,0.5357,0.0249,0.8604,1.014
3.067567,0.5352,0.0249,0.8609,1.014
3.069773,0.5362,0.0239,0.8619,1.015
3.071735,0.5372,0.0244,0.8619,1.016
3.073964,0.5381,0.0249,0.8604,1.015
3.076538,0.5377,0.0244,0.8595,1.014
3.078072,0.5372,0.0254,0.8580,1.013
3.083738,0.5362,0.0264,0.8570,1.011
3.083995,0.5352,0.0269,0.8551,1.009
3.084433,0.5347,0.0269,0.8512,1.006
3.086553,0.5342,0.0269,0.8487,1.003
3.089351,0.5342,0.0273,0.8463,1.001
3.091561,0.5342,0.0283,0.8443,1.000
3.092966,0.5347,0.0273,0.8409,0.997
3.095545,0.5362,0.0288,0.8380,0.995
3.097643,0.5386,0.0298,0.8360,0.995
3.098953,0.5406,0.0308,0.8346,0.995
3.101501,0.5416,0.0313,0.8346,0.995
3.103395,0.5411,0.0317,0.8326,0.993
3.105388,0.5416,0.0327,0.8321,0.993
3.107712,0.5406,0.0352,0.8321,0.993
3.109545,0.5401,0.0356,0.8311,0.992
3.112067,0.5381,0.0356,0.8331,0.992
3.113941,0.5367,0.0361,0.8350,0.993
3.116585,0.5362,0.0366,0.8365,0.994
3.118086,0.5352,0.0361,0.8380,0.995
3.120237,0.5357,0.0366,0.8394,0.996
3.123481,0.5352,0.0356,0.8419,0.998
3.124547,0.5357,0.0356,0.8438,1.000
3.126344,0.5367,0.0356,0.8468,1.003
3.128573,0.5386,0.0356,0.8477,1.005
3.131698,0.5381,0.0356,0.8477,1.005
3.133256,0.5381,0.0347,0.8468,1.004
3.135109,0.5381,0.0342,0.8448,1.002
3.137173,0.5386,0.0342,0.8458,1.003
3.141845,0.5381,0.0332,0.8458,1.003
3.142256,0.5381,0.0313,0.8448,1.002
3.143756,0.5381,0.0308,0.8453,1.003
3.146604,0.5377,0.0298,0.8453,1.002
3.148192,0.5377,0.0298,0.8458,1.003
3.149941,0.5386,0.0283,0.8453,1.003
3.152164,0.5391,0.0269,0.8453,1.003
3.154131,0.5391,0.0264,0.8468,1.004
3.156805,0.5381,0.0273,0.8468,1.004
3.158483,0.5386,0.0283,0.8473,1.004
3.160665,0.5386,0.0269,0.8477,1.005
3.164354,0.5381,0.0273,0.8468,1.004
3.164876,0.5367,0.0269,0.8453,1.002
3.167846,0.5352,0.0278,0.8458,1.001
3.168613,0.5347,0.0283,0.8453,1.001
3.171333,0.5347,0.0303,0.8443,1.000
3.172711,0.5347,0.0313,0.8429,0.999
3.175235,0.5347,0.0327,0.8409,0.997
3.177032,0.5357,0.0327,0.8394,0.996
3.182134,0.5362,0.0337,0.8394,0.997
3.182615,0.5372,0.0342,0.8380,0.996
3.184057,0.5372,0.0342,0.8380,0.996
3.185735,0.5372,0.0342,0.8370,0.995
3.189935,0.5372,0.0342,0.8370,0.995
3.190849,0.5372,0.0332,0.8365,0.995
3.191880,0.5377,0.0317,0.8370,0.995
3.193963,0.5381,0.0317,0.8375,0.996
3.196920,0.5381,0.0308,0.8375,0.996
3.198591,0.5372,0.0303,0.8385,0.996
3.200381,0.5372,0.0298,0.8399,0.997
3.202423,0.5381,0.0308,0.8429,1.000
3.204702,0.5401,0.0303,0.8438,1.002
3.206974,0.5391,0.0308,0.8429,1.001
3.209161,0.5396,0.0317,0.8433,1.002
3.210867,0.5391,0.0332,0.8453,1.003
3.213631,0.5377,0.0327,0.8458,1.003
3.215455,0.5377,0.0327,0.8473,1.004
3.217339,0.5367,0.0342,0.8487,1.005
3.219424,0.5357,0.0337,0.8497,1.005
3.223318,0.5357,0.0322,0.8507,1.006
3.223847,0.5347,0.0322,0.8512,1.006
3.225833,0.5347,0.0313,0.8521,1.007
3.227857,0.5342,0.0308,0.8497,1.004
3.230661,0.5333,0.0303,0.8477,1.002
3.232079,0.5347,0.0308,0.8468,1.002
3.234940,0.5362,0.0298,0.8458,1.002
3.236332,0.5372,0.0303,0.8448,1.002
3.238891,0.5377,0.0298,0.8424,1.000
3.241051,0.5386,0.0303,0.8394,0.998
3.242756,0.5391,0.0308,0.8385,0.997
3.244863,0.5391,0.0313,0.8370,0.996
3.247059,0.5391,0.0308,0.8321,0.992
3.249584,0.5391,0.0317,0.8311,0.991
3.250872,0.5386,0.0308,0.8311,0.991
3.252899,0.5386,0.0303,0.8321,0.992
3.256277,0.5381,0.0303,0.8331,0.992
3.257277,0.5386,0.0293,0.8341,0.993
3.259788,0.5386,0.0298,0.8375,0.996
3.261608,0.5386,0.0308,0.8409,0.999
3.263957,0.5381,0.0317,0.8429,1.001
3.265718,0.5377,0.0332,0.8448,1.002
3.267845,0.5381,0.0327,0.8473,1.004
3.269906,0.5372,0.0337,0.8492,1.005
3.272384,0.5367,0.0342,0.8497,1.006
3.274251,0.5352,0.0352,0.8502,1.005
3.277079,0.5337,0.0352,0.8512,1.005
3.278411,0.5342,0.0332,0.8497,1.004
3.280865,0.5347,0.0327,0.8463,1.002
3.282862,0.5342,0.0332,0.8443,1.000
3.284776,0.5357,0.0327,0.8438,1.000
3.286631,0.5372,0.0313,0.8429,1.000
3.291253,0.5391,0.0303,0.8429,1.001
3.291655,0.5401,0.0317,0.8424,1.001
3.293591,0.5406,0.0313,0.8424,1.001
3.295401,0.5416,0.0298,0.8414,1.001
3.300120,0.5411,0.0293,0.8429,1.002
3.300446,0.5401,0.0283,0.8438,1.002
3.301646,0.5377,0.0278,0.8443,1.001
3.303798,0.5357,0.0293,0.8453,1.001
3.306092,0.5347,0.0293,0.8477,1.003
3.308184,0.5337,0.0298,0.8468,1.001
3.310027,0.5337,0.0298,0.8468,1.001
3.312087,0.5337,0.0298,0.8458,1.001
3.314490,0.5347,0.0308,0.8448,1.000
3.316562,0.5352,0.0308,0.8468,1.002
3.318491,0.5347,0.0308,0.8487,1.004
3.320431,0.5367,0.0293,0.8492,1.005
3.323337,0.5372,0.0283,0.8487,1.005
3.324808,0.5372,0.0288,0.8463,1.003
3.326626,0.5367,0.0283,0.8448,1.001
3.328846,0.5372,0.0273,0.8433,1.000
3.330903,0.5372,0.0259,0.8404,0.998
3.333370,0.5372,0.0269,0.8390,0.997
3.335428,0.5372,0.0273,0.8394,0.997
3.337050,0.5386,0.0288,0.8390,0.997
3.340052,0.5396,0.0288,0.8380,0.997
3.341690,0.5411,0.0298,0.8375,0.998
3.343864,0.5411,0.0313,0.8380,0.998
3.345548,0.5406,0.0332,0.8375,0.997
3.348211,0.5386,0.0342,0.8399,0.998
3.350562,0.5303,0.0317,0.8409,0.995
3.352218,0.5162,0.0474,0.8370,0.984
3.354183,0.5635,0.1397,0.8399,1.021
3.356993,0.5503,0.1275,0.8717,1.039
3.358738,0.4903,0.1079,0.8731,1.007
3.361025,0.4878,0.1812,0.8643,1.009
3.362441,0.4434,0.1841,0.9044,1.024
3.364948,0.4546,0.1348,0.9200,1.035
3.367896,0.4859,0.1743,0.9718,1.100
3.369457,0.4151,0.0537,0.8902,0.984
3.371851,0.3892,-0.0469,0.8873,0.970
3.374406,0.3638,-0.1602,0.7955,0.889
3.375478,0.3726,-0.1831,0.8492,0.945
3.377639,0.3311,-0.0894,0.8023,0.873
3.380421,0.2320,0.0947,0.7120,0.755
3.382880,0.1856,0.1646,0.8267,0.863
3.383739,0.1929,0.1011,0.9796,1.004
3.387653,0.2246,0.0054,1.1085,1.131
3.387908,0.2403,-0.0254,1.1451,1.170
3.390564,0.2051,0.0181,1.0484,1.068
3.392401,0.1533,0.1079,0.9327,0.951
3.394673,0.1450,0.1743,0.8883,0.917
3.396345,0.1734,0.1734,0.9879,1.018
3.399179,0.2085,0.1709,1.0748,1.108
3.400769,0.2290,0.1641,1.0934,1.129
3.402740,0.2505,0.1294,1.0597,1.097
3.404789,0.2764,0.0806,1.0191,1.059
3.407482,0.3174,0.0606,1.0270,1.077
3.408991,0.3160,0.0586,1.0514,1.099
3.411013,0.2661,0.0381,1.0377,1.072
3.412926,0.2051,0.0117,1.0148,1.035
3.415301,0.1821,0.0254,0.9952,1.012
3.417244,0.1973,0.0234,1.0250,1.044
3.419736,0.1904,-0.0034,1.0133,1.031
3.422103,0.1695,-0.0205,0.9591,0.974
3.424424,0.1392,0.0156,0.8971,0.908
3.425997,0.1406,0.0542,0.8941,0.907
3.428402,0.1572,0.0366,0.9518,0.965
3.430514,0.1734,-0.0288,0.9815,0.997
3.432344,0.2354,-0.1196,1.0431,1.076
3.434400,0.2969,-0.1475,1.0812,1.131
3.436555,0.4058,-0.1900,1.1813,1.263
3.439427,0.4966,-0.1831,1.2408,1.349
3.440795,0.5215,-0.1118,1.1920,1.306
3.442837,0.4976,-0.0278,1.0973,1.205
3.444708,0.4331,0.0166,0.9659,1.059
3.448586,0.3902,0.0254,0.8868,0.969
3.449600,0.3789,-0.0068,0.9190,0.994
3.452093,0.3301,-0.0342,0.9493,1.006
3.453713,0.2652,-0.0464,0.8956,0.935
3.455864,0.2471,-0.1079,0.8619,0.903
3.457459,0.2515,-0.1289,0.9078,0.951
3.459789,0.2495,-0.0908,0.9024,0.941
3.461672,0.2520,-0.0816,0.9132,0.951
3.464209,0.2559,-0.0317,1.0025,1.035
3.465974,0.2505,0.0708,1.0416,1.074
3.468108,0.1719,0.0894,0.9869,1.006
3.473184,0.1133,0.0186,0.9552,0.962
3.473535,0.1475,-0.0083,1.0411,1.052
3.474862,0.2979,-0.1104,1.1998,1.241
3.476571,0.6099,-0.1309,1.4054,1.538
3.478648,0.9532,-0.0156,1.7160,1.963
3.481052,0.9986,0.1035,1.6813,1.958
3.483167,0.8380,0.1934,1.2775,1.540
3.485092,0.6890,0.2315,0.8302,1.103
3.487010,0.6339,0.1533,0.5001,0.822
3.491689,0.5884,0.0659,0.3579,0.692
3.492082,0.4976,-0.0015,0.4903,0.699
3.493455,0.4507,-0.0869,0.6832,0.823
3.496361,0.4537,-0.1406,0.7970,0.928
3.498220,0.4996,-0.1006,0.8414,0.984
3.499780,0.5225,-0.0610,0.8687,1.016
3.501951,0.4385,0.0039,0.7471,0.866
3.504524,0.3492,0.0894,0.6632,0.755
3.506260,0.3614,0.1050,0.8746,0.952
3.508650,0.3360,0.0781,1.0309,1.087
3.510356,0.2759,0.0571,0.9874,1.027
3.513111,0.3042,-0.0083,1.0519,1.095
3.514683,0.4341,-0.0615,1.1559,1.236
3.516725,0.4815,-0.1050,0.9781,1.095
3.518885,0.4961,-0.0527,0.9015,1.030
3.521669,0.5098,0.0356,0.9112,1.045
3.523577,0.5474,0.1831,1.0548,1.202
3.525245,0.4849,0.2197,0.9044,1.049
3.526953,0.4258,0.1821,0.7623,0.892
3.528991,0.3487,0.0659,0.7130,0.796
3.531783,0.3101,-0.0005,0.6153,0.689
3.533648,0.3189,0.0435,0.5577,0.644
3.535492,0.3047,-0.0400,0.6944,0.759
3.537671,0.3374,0.0371,0.6905,0.769
3.539917,0.3799,-0.0332,0.6749,0.775
3.542265,0.5152,-0.1294,0.8223,0.979
3.544071,0.6749,0.0684,0.8917,1.120
3.546132,0.6324,0.0884,0.7589,0.992
3.548839,0.4478,-0.0063,0.5718,0.726
3.550484,0.3369,-0.0176,0.6065,0.694
3.552585,0.2813,-0.0439,0.7598,0.811
3.554606,0.3189,-0.0356,0.9029,0.958
3.557025,0.3902,-0.1377,0.9312,1.019
3.558874,0.4161,-0.2373,0.8595,0.984
3.560861,0.4117,-0.0601,0.7154,0.828
3.562718,0.3789,0.0566,0.6744,0.776
3.565088,0.4004,0.1260,0.8101,0.912
3.567016,0.5782,0.1646,1.1495,1.297
3.569234,0.6382,0.0811,1.3185,1.467
3.571091,0.4996,0.0137,1.2438,1.340
3.573219,0.3804,-0.0576,1.2145,1.274
3.575540,0.3477,0.0571,1.3014,1.348
3.577881,0.2891,-0.0083,1.3087,1.340
3.579688,0.2823,-0.0723,1.2604,1.294
3.582047,0.2725,-0.1343,1.2184,1.256
3.584237,0.2652,-0.0986,1.0826,1.119
3.586172,0.3409,0.0713,1.1495,1.201
3.588696,0.4122,0.2080,1.1603,1.249
3.592108,0.3531,0.1646,0.9859,1.060
3.592544,0.3653,0.1851,0.8477,0.941
3.595828,0.3238,0.0952,0.8326,0.898
3.596679,0.2334,-0.0146,0.8575,0.889
3.600210,0.2110,-0.0439,0.8404,0.868
3.601085,0.2061,-0.0039,0.8043,0.830
3.603822,0.1944,0.0215,0.8336,0.856
3.605192,0.2237,0.0020,0.9479,0.974
3.607110,0.2998,0.0899,1.0992,1.143
3.609140,0.5684,0.2295,1.2648,1.406
3.611495,1.1481,0.1778,2.1599,2.453
3.613438,1.2824,0.0894,2.1936,2.542
3.615685,1.0983,0.0923,1.4401,1.813
3.617885,0.8346,0.1133,0.5103,0.985
3.619815,0.7984,0.1001,0.2891,0.855
3.622028,0.9571,0.0195,0.4136,1.043
3.624763,1.1188,-0.0288,0.5630,1.253
3.626254,1.0787,-0.0488,0.4546,1.172
3.628354,0.9122,-0.0449,0.2373,0.944
3.630432,0.7042,-0.0674,0.0703,0.711
3.633415,0.5674,-0.0508,0.0317,0.571
3.634880,0.4551,0.0195,0.0947,0.465
3.636756,0.3741,0.0230,0.3018,0.481
3.639963,0.2891,0.0361,0.4776,0.559
3.641811,0.1904,0.0811,0.5660,0.603
3.643310,0.1109,0.0811,0.7452,0.758
3.645163,0.0566,0.0552,0.9039,0.907
3.647038,0.0166,0.0723,1.0929,1.095
3.649450,-0.0278,0.0200,1.3063,1.307
3.651475,-0.0899,-0.1065,1.2658,1.273
3.653424,-0.0864,-0.1934,1.4679,1.483
3.655528,-0.0190,-0.1865,1.6296,1.640
3.660079,0.1958,-0.1704,1.7209,1.740
3.660569,0.2622,-0.1597,1.6051,1.634
3.662350,0.2534,-0.0288,1.2540,1.280
3.664052,0.2793,0.0767,1.1027,1.140
3.668645,0.3047,0.1504,0.9981,1.054
3.669287,0.3780,0.1577,1.0265,1.105
3.670624,0.3526,0.0913,0.8370,0.913
3.675543,0.2774,-0.0044,0.4556,0.533
3.675967,0.2188,-0.0654,0.2110,0.311
3.677691,0.1812,-0.0640,0.1538,0.246
3.679017,0.1753,0.0000,0.2046,0.269
3.682938,0.2364,0.1016,0.2256,0.342
3.683598,0.2920,0.1485,0.3907,0.510
3.685385,0.4043,0.1719,0.5948,0.739
3.687208,0.5054,0.2417,1.0328,1.175
3.690020,0.3579,0.2603,0.7677,0.886
3.691627,0.1885,0.2710,0.4703,0.575
3.694398,0.1172,0.2852,0.4073,0.511
3.695561,0.1148,0.3013,0.5587,0.645
3.698895,0.0244,0.2671,0.9034,0.942
3.700084,0.0264,-0.0327,1.2072,1.208
3.702241,0.2114,-0.4253,1.9216,1.979
3.704100,0.5587,-0.3155,2.1897,2.282
3.706860,0.8458,-0.0283,2.5545,2.691
3.708667,0.6900,0.2696,2.0754,2.204
3.710474,0.5552,0.3472,1.5348,1.669
3.712764,0.6456,0.3536,1.4523,1.628
3.715918,0.6431,0.2954,1.0890,1.299
3.716883,0.5342,0.2110,0.4322,0.719
3.719072,0.4815,0.1651,0.3594,0.623
3.721027,0.4327,0.1089,0.3731,0.582
3.724963,0.3609,0.0425,0.3199,0.484
3.725404,0.3062,0.0283,0.2603,0.403
3.727209,0.2725,0.0298,0.3272,0.427
3.729087,0.2779,0.0918,0.4141,0.507
3.732023,0.3365,0.2061,0.6588,0.768
3.733916,0.3521,0.2212,0.6944,0.809
3.736048,0.2959,0.1192,0.6588,0.732
3.737746,0.2329,-0.0146,0.5132,0.564
3.741458,0.2627,-0.1275,0.6954,0.754
3.742162,0.3638,-0.2412,1.0870,1.171
3.744408,0.5040,-0.2862,1.5544,1.659
3.746743,0.7716,-0.1636,1.8171,1.981
3.748594,1.0973,0.0220,2.1692,2.431
3.750568,0.9312,0.2178,1.8820,2.111
3.752666,0.6754,0.2876,1.5255,1.693
3.754708,0.6031,0.1421,1.4401,1.568
3.757256,0.5992,-0.0659,1.3761,1.502
3.759042,0.5464,-0.1299,1.2662,1.385
3.761726,0.4258,-0.0146,0.9845,1.073
3.763278,0.2818,0.1719,0.7061,0.779
3.765508,0.1773,0.2212,0.5323,0.603
3.767700,0.1431,0.1968,0.5430,0.595
3.769426,0.1485,0.1260,0.6441,0.673
3.771725,0.1074,0.0942,0.4825,0.503
3.773823,0.0679,0.0015,0.4380,0.443
3.775921,0.0278,-0.1050,0.4766,0.489
3.778694,-0.0107,-0.1885,0.4771,0.513
3.780152,-0.0063,-0.3223,0.8267,0.887
3.784498,0.1709,-0.3824,1.3913,1.453
3.784906,0.4551,-0.3301,2.0730,2.148
3.786641,0.4908,-0.2676,2.1623,2.233
3.788694,0.3999,0.1787,1.8840,1.934
3.792108,0.4322,0.4952,1.8195,1.935
3.793011,0.5079,0.5147,1.9172,2.049
3.795975,0.5626,0.4395,1.5421,1.699
3.797338,0.8209,0.3511,1.6803,1.903
3.799027,0.8497,0.2471,1.5070,1.748
3.801302,0.6417,0.1763,0.4771,0.819
3.803160,0.4893,0.0869,-0.3013,0.581
3.805339,0.4664,0.0293,-0.5904,0.753
3.807264,0.4991,-0.0137,-0.5474,0.741
3.810265,0.5460,-0.0571,-0.2007,0.584
3.811999,0.6109,-0.1001,0.2403,0.664
3.813394,0.5958,-0.0742,0.2442,0.648
3.816247,0.5547,-0.0542,-0.1416,0.575
3.817839,0.5411,-0.0713,-0.3052,0.625
3.820182,0.5801,-0.0376,-0.0820,0.587
3.822191,0.6461,0.0498,0.2705,0.702
3.825119,0.6016,0.0264,0.2598,0.656
3.826466,0.5787,-0.0820,0.2071,0.620
3.828799,0.6153,-0.0899,0.4224,0.752
3.830325,0.7965,-0.2007,1.0900,1.365
3.832794,0.9381,-0.2793,1.2872,1.617
3.834920,0.8731,-0.2447,0.9654,1.324
3.837001,0.7574,-0.1773,0.8629,1.162
3.839270,0.5274,0.0669,0.8302,0.986
3.841760,0.4292,0.2857,1.0944,1.210
3.843339,0.5064,-0.1030,2.4070,2.462
3.845689,0.5127,-0.4175,2.1741,2.272
3.847230,0.4947,-0.4869,1.5514,1.700
3.849548,0.5206,-0.4493,1.4362,1.592
3.851946,0.5259,-0.2837,1.3707,1.495
3.853905,0.4605,-0.1441,0.8922,1.014
3.855808,0.3511,-0.1045,0.4395,0.572
3.857934,0.2398,0.0855,0.1065,0.276
3.860201,0.1729,0.1944,-0.0195,0.261
3.862340,0.1489,0.2139,0.1143,0.285
3.864302,0.2364,0.1177,0.7481,0.793
3.866536,0.6182,-0.1758,1.9362,2.040
3.868733,0.9122,-0.2144,2.0026,2.211
3.870865,0.8414,-0.2432,1.4484,1.693
3.872793,0.6031,-0.3023,0.4761,0.826
3.876192,0.4976,-0.2544,0.1177,0.571
3.878113,0.4859,-0.2388,-0.0957,0.550
3.879339,0.5357,-0.1611,0.0244,0.560
3.881820,0.7711,0.2193,0.8424,1.163
3.884935,0.9542,0.3985,1.6574,1.954
3.885780,0.9210,0.3975,1.8933,2.143
3.887502,0.6588,0.2144,1.6662,1.804
3.889345,0.4908,0.1328,1.3268,1.421
3.891796,0.4839,-0.0581,1.3327,1.419
3.893697,0.4961,-0.1895,1.6515,1.735
3.895792,0.4727,-0.2373,1.7321,1.811
3.898041,0.4205,-0.1865,1.5539,1.621
3.900593,0.3653,-0.1235,1.2770,1.334
3.902409,0.3384,-0.0957,1.1446,1.197
3.904621,0.3477,-0.0952,1.1051,1.162
3.909736,0.3218,0.0127,1.0113,1.061
3.910161,0.2754,0.0762,0.7476,0.800
3.911833,0.2383,0.0640,0.5543,0.607
3.913234,0.2154,0.0664,0.4605,0.513
3.915908,0.2066,0.0200,0.5015,0.543
3.916988,0.1729,0.0234,0.4678,0.499
3.919202,0.1861,-0.0664,0.5142,0.551
3.921345,0.2813,-0.2022,0.8077,0.879
3.925428,0.3042,-0.2110,0.8438,0.921
3.926051,0.3033,-0.2036,0.5743,0.681
3.927584,0.3164,-0.2251,0.4009,0.558
3.929556,0.2901,-0.2241,0.2178,0.426
3.932330,0.3111,-0.1963,0.2271,0.432
3.934126,0.4283,-0.1636,0.5826,0.741
3.935983,0.4766,-0.0615,0.9435,1.059
3.938100,0.6309,0.0840,1.1920,1.351
3.940836,0.7086,-0.0772,1.4474,1.613
3.942343,0.6304,-0.2329,0.7804,1.030
3.944392,0.6675,-0.2359,0.6295,0.947
3.946584,0.6729,0.0391,0.9161,1.137
3.949374,0.7994,0.2696,1.7062,1.903
3.950666,0.9112,0.2207,2.3718,2.550
3.952717,0.8717,0.2149,1.8278,2.036
3.955041,0.6651,0.1758,0.6373,0.938
3.957082,0.5425,0.0776,0.1978,0.583
3.959462,0.5044,-0.0635,0.4590,0.685
3.961631,0.4991,-0.0855,0.8609,0.999
3.963470,0.4175,-0.0371,0.7008,0.817
3.965940,0.3218,0.0474,0.2871,0.434
3.967982,0.2539,0.0327,0.1143,0.280
3.969487,0.2041,0.0288,0.0552,0.213
3.971704,0.1441,0.0391,0.1099,0.185
3.974063,0.0737,0.0791,0.2500,0.272
3.976043,0.0230,0.1167,0.4053,0.422
3.978635,0.0088,0.1509,0.7203,0.736
3.980113,-0.0176,0.1651,0.7257,0.744
3.985117,-0.0835,0.1748,0.6173,0.647
3.985549,-0.1485,0.1944,0.5733,0.623
3.987406,-0.1748,0.2105,0.5670,0.630
3.989812,-0.1870,0.1865,0.7027,0.751
3.994931,-0.1294,-0.0054,0.9054,0.915
3.995333,0.1680,-0.1436,1.3405,1.359
3.995452,0.3760,-0.1441,1.4962,1.549
3.997253,0.3531,-0.1416,1.3038,1.358
3.999642,0.2578,-0.1753,0.9698,1.019
4.001813,0.3057,-0.1616,0.8844,0.950
4.003428,0.6177,-0.0210,1.3146,1.453
4.005653,0.7061,0.2471,1.4865,1.664
4.007653,0.6876,0.3199,1.4098,1.601
4.009555,0.6231,0.3106,1.1852,1.375
4.012493,0.7476,0.2266,1.3825,1.588
4.014213,0.8717,-0.0444,1.8898,2.082
4.016106,0.9073,-0.4078,2.0310,2.261
4.018652,0.8849,-0.5074,1.6769,1.963
4.020268,0.9283,-0.5250,1.5710,1.899
4.022649,0.8722,-0.5557,1.6515,1.949
4.025006,0.7721,-0.5670,1.5705,1.840
4.026723,0.8150,-0.4932,1.5685,1.835
4.028774,0.9259,-0.1279,1.4303,1.709
4.031094,0.9708,0.0386,1.3698,1.679
4.033040,0.8941,0.2290,0.9820,1.348
4.035183,1.0738,0.3130,1.1886,1.632
4.037204,1.1075,0.3306,1.0646,1.571
4.039523,0.7603,0.2735,0.3194,0.869
4.042265,0.5162,0.2075,-0.2437,0.607
4.043746,0.4224,0.1734,-0.4136,0.616
4.045852,0.3511,0.1377,-0.4058,0.554
4.047542,0.3745,0.1245,-0.0635,0.400
4.049554,0.4537,0.0840,0.6788,0.821
4.051814,0.4581,0.0435,1.0084,1.108
4.053772,0.3506,0.0503,0.5567,0.660
4.055999,0.2442,0.0723,-0.0054,0.255
4.058781,0.1402,0.0483,-0.0982,0.178
4.060612,0.0737,0.0425,-0.2710,0.284
4.062652,0.0606,-0.0049,-0.2407,0.248
4.064413,0.1524,-0.0557,0.1372,0.212
4.067180,0.6715,0.1265,0.9898,1.203
4.069602,1.3112,0.2803,2.3894,2.740
4.071025,1.1217,0.2715,2.5149,2.767
4.073004,0.8976,0.2041,1.0685,1.410
4.076201,0.7916,0.1856,0.5709,0.993
4.077810,0.7838,-0.3990,1.0045,1.335
4.080072,0.5914,-0.1455,0.0190,0.609
4.081414,0.5660,-0.4844,1.4411,1.622
4.084464,0.5220,-0.5958,0.8463,1.159
4.086253,0.4258,-0.4146,0.6236,0.861
4.087735,0.3833,-0.4004,0.2168,0.595
4.089755,0.5728,-0.3877,2.1687,2.276
4.092336,0.7081,-0.1060,4.0732,4.136
4.094438,0.4317,0.2080,2.8553,2.895
4.096244,0.1875,0.3252,1.3839,1.434
4.098524,0.1548,0.2935,0.5157,0.613
4.101599,0.2041,0.2740,0.7633,0.836
4.103733,0.1978,0.2603,0.7633,0.830
4.104612,0.0972,0.2202,0.5401,0.591
4.106944,0.0273,0.1875,0.1753,0.258
4.108897,0.0088,0.1314,-0.0601,0.145
4.111393,0.0215,0.0674,-0.0674,0.098
4.113197,0.0166,0.0112,-0.0127,0.024
4.115121,-0.0127,-0.0083,-0.1133,0.114
4.117598,-0.0430,-0.0098,-0.1509,0.157
4.119458,-0.0493,-0.0112,-0.0098,0.052
4.121686,-0.0405,-0.0166,0.3164,0.319
4.124869,-0.0591,0.0332,0.6080,0.612
4.126529,-0.1167,0.1812,0.7047,0.737
4.127579,-0.0864,0.2393,0.8751,0.911
4.129711,-0.0371,0.2608,1.1383,1.168
4.131869,0.0547,0.2461,1.6139,1.634
4.134413,0.1055,0.0386,1.7536,1.757
4.136157,0.2779,-0.1504,1.9816,2.007
4.138491,0.3321,-0.1738,1.5583,1.603
4.141068,0.3418,-0.0342,1.3566,1.399
4.142695,0.2915,0.1392,1.1842,1.227
4.144858,0.3511,0.2344,1.3800,1.443
4.146778,0.3135,0.2823,1.0777,1.157
4.149968,0.3155,0.3521,0.9361,1.049
4.151929,0.3335,0.3872,0.8326,0.977
4.153357,0.3677,0.2823,0.5919,0.752
4.155339,0.5010,0.2368,0.5811,0.803
4.158245,0.5313,0.2364,0.5611,0.808
4.159533,0.3462,0.1553,-0.2998,0.484
4.162200,0.2993,0.0820,-0.6426,0.714
4.163974,0.3706,-0.0625,-0.2891,0.474
4.166507,0.4209,-0.1343,0.0308,0.443
4.167624,0.7086,0.0161,0.7261,1.015
4.169742,1.1710,0.0322,2.1950,2.488
4.172067,1.3361,0.0571,2.2468,2.615
4.174270,1.3429,0.1167,1.2916,1.867
4.176290,1.3268,-0.1216,0.8346,1.572
4.178421,0.9688,-0.0938,-0.0308,0.974
4.180457,0.8184,0.1055,0.1030,0.832
4.185410,0.8116,0.2481,0.1499,0.862
4.185829,0.8604,0.2984,0.7388,1.173
4.187472,0.8468,0.1572,1.0265,1.340
4.188989,0.7476,0.0020,0.8180,1.108
4.192565,0.5875,-0.0786,0.5464,0.806
4.193300,0.4468,-0.0894,0.4917,0.670
4.195364,0.3702,-0.1162,0.8380,0.923
4.197412,0.3189,-0.0864,1.2428,1.286
4.199819,0.2998,-0.1050,1.7687,1.797
4.202026,0.2090,-0.1177,1.9890,2.003
4.204364,0.0635,0.1152,1.8620,1.867
4.206236,0.1787,0.3814,2.3352,2.373
4.208410,0.3643,0.4927,2.4666,2.542
4.210401,0.3916,0.5538,2.1355,2.241
4.212033,0.3789,0.5103,1.7624,1.874
4.213960,0.5157,0.2886,1.7917,1.887
4.217033,0.5254,0.0645,1.4909,1.582
4.218594,0.4673,-0.0264,0.9903,1.095
4.220669,0.3833,-0.0288,0.4146,0.565
4.223458,0.3306,-0.0234,0.0957,0.345
4.225248,0.3238,-0.0317,-0.0493,0.329
4.227232,0.3257,-0.0435,-0.0220,0.329
4.229175,0.2896,-0.0498,-0.0063,0.294
4.231484,0.3067,-0.0264,0.1060,0.326
4.233873,0.5215,-0.0425,0.6143,0.807
4.235530,0.8375,-0.0029,1.0113,1.313
4.237609,0.8726,-0.0024,0.9693,1.304
4.240298,0.7379,-0.0259,0.5533,0.923
4.242117,0.5728,-0.0195,0.0249,0.574
4.244288,0.5171,-0.0845,0.0342,0.525
4.246158,0.5899,-0.3482,0.7506,1.016
4.247908,0.4937,-0.3789,0.4219,0.752
4.250168,0.6690,-0.3238,0.8590,1.136
4.252413,1.0284,-0.2007,2.4802,2.692
4.254511,0.8634,-0.0474,2.2903,2.448
4.256526,0.5826,0.1250,1.4626,1.579
4.258662,0.3960,-0.0068,1.0797,1.150
4.260653,0.3848,-0.1499,1.4845,1.541
4.262883,0.4024,-0.0142,1.7341,1.780
4.264792,0.4248,0.2588,1.6608,1.734
4.267194,0.3282,0.2466,1.1183,1.191
4.269420,0.2652,0.1978,0.6973,0.772
4.271471,0.2217,0.1489,0.5015,0.568
4.273352,0.1919,0.1255,0.4180,0.477
4.275688,0.1455,0.1045,0.2320,0.293
4.278094,0.0928,0.1045,-0.0151,0.141
4.279721,0.0669,0.1089,-0.0850,0.153
4.281925,0.0601,0.0483,0.0967,0.124
4.285477,0.0625,-0.0039,0.1802,0.191
4.286233,0.0283,-0.0161,0.1709,0.174
4.287752,-0.0112,-0.0039,-0.0034,0.012
4.289734,0.2803,0.1016,0.4122,0.509
4.293278,0.6417,0.1416,1.3927,1.540
4.298360,0.5362,0.1406,0.8941,1.052
4.298512,0.3912,0.1221,0.1318,0.430
4.298928,0.4273,0.0942,-0.0762,0.444
4.300607,0.4849,0.0884,-0.0298,0.494
4.302775,0.4493,-0.2476,0.3345,0.612
4.305167,0.3999,-0.3140,0.3482,0.616
4.307209,0.5113,-0.5381,1.3141,1.509
4.309808,1.0333,-0.6226,2.4661,2.745
4.311206,1.4787,-0.2510,3.3578,3.678
4.313349,1.1891,-0.2241,1.8083,2.176
4.315448,0.8873,-0.2066,0.7496,1.180
4.317575,0.7784,0.1587,0.9874,1.267
4.319711,0.9063,0.3995,1.6784,1.949
4.321823,0.8136,0.3785,1.3976,1.661
4.324015,0.5738,0.2788,0.5767,0.860
4.326160,0.3853,0.1768,-0.0239,0.425
4.328350,0.3047,0.0415,-0.2241,0.381
4.330284,0.2505,-0.0093,-0.2237,0.336
4.332566,0.2486,0.0381,0.0732,0.262
4.334999,0.2691,0.0645,0.5948,0.656
4.336573,0.2798,0.1328,1.0797,1.123
4.338619,0.2803,0.0439,1.4040,1.432
4.340779,0.3999,-0.0288,1.3761,1.433
4.342772,0.6934,0.1704,1.3204,1.501
4.345071,0.7999,0.2622,1.0401,1.338
4.347328,0.8809,0.2422,0.9322,1.305
4.349305,0.8936,0.2774,0.9386,1.325
4.351985,0.6422,0.3140,0.4830,0.863
4.353462,0.4444,0.3912,0.3194,0.673
4.355707,0.3955,0.3765,0.1768,0.574
4.357756,0.5606,0.1021,0.5948,0.824
4.360421,0.7213,-0.1900,1.8220,1.969
4.361884,0.5655,-0.1973,1.6755,1.779
4.364034,0.3765,-0.1157,1.1964,1.260
4.366522,0.2945,-0.0269,1.4953,1.524
4.368013,0.2779,0.0776,2.0593,2.079
4.370127,0.2251,0.1387,2.0261,2.043
4.372142,0.1602,0.1079,1.5016,1.514
4.374251,0.1387,0.0317,1.2257,1.234
4.377082,0.1304,-0.0176,1.0113,1.020
4.378781,0.1504,-0.0288,0.9186,0.931
4.380780,0.1538,-0.0366,0.7354,0.752
4.385193,0.1333,-0.0425,0.4312,0.453
4.385449,0.1279,-0.0151,0.3457,0.369
4.387956,0.1880,-0.0947,0.4429,0.490
4.389181,0.3838,-0.1279,0.6544,0.769
4.391572,0.5875,0.0078,0.9244,1.095
4.394384,0.5103,0.0698,0.5401,0.746
4.395996,0.3536,-0.0454,0.0083,0.357
4.397906,0.4415,-0.0850,0.0283,0.450
4.400295,0.7271,-0.0820,0.8307,1.107
4.402862,0.7462,0.0899,0.7442,1.058
4.404340,0.6973,0.2354,0.8643,1.135
4.406333,0.6124,0.2896,0.7164,0.986
4.408687,0.4981,0.3033,0.7779,0.972
4.410210,0.3702,0.1001,0.3120,0.494
4.412712,0.4263,-0.1104,0.4742,0.647
4.414992,0.5157,-0.2554,0.7735,0.964
4.417194,0.4820,-0.1553,0.5577,0.753
4.418989,0.4263,0.0293,0.5914,0.730
4.420826,0.3789,0.1963,0.8057,0.912
4.423250,0.3931,0.2779,1.0841,1.186
4.425937,0.3716,0.2407,1.2565,1.332
4.427532,0.4009,0.0923,1.0123,1.093
4.429420,0.3457,0.0586,0.8512,0.921
4.431537,0.4483,-0.2456,0.6949,0.863
4.433938,0.8082,-0.4766,1.4005,1.686
4.435783,1.1139,-0.5533,2.2580,2.578
4.437695,1.3878,-0.3243,2.0026,2.458
4.440006,1.4010,-0.1582,1.9973,2.445
4.442520,1.0104,-0.0273,1.0309,1.444
4.444453,0.6890,0.0259,0.2969,0.751
4.445990,0.5210,0.1533,-0.1807,0.572
4.448005,0.4375,0.1485,-0.3267,0.566
4.450691,0.3975,0.1397,-0.2354,0.483
4.452422,0.4161,0.1734,0.0444,0.453
4.454389,0.3677,0.2158,0.2388,0.489
4.456463,0.2544,0.2500,0.2754,0.451
4.459459,0.3160,0.3330,0.5235,0.696
4.461485,1.3673,0.4664,2.5222,2.907
4.463528,1.4777,0.4195,3.3485,3.684
4.465201,0.8878,0.3199,1.2218,1.544
4.467530,0.7076,0.0112,1.2296,1.419
4.469530,0.5801,0.2300,0.6422,0.895
4.471518,0.5630,-0.0039,0.8394,1.011
4.473666,0.5552,0.0439,0.4019,0.687
4.475681,0.5377,0.1172,0.1104,0.561
4.478032,0.6495,0.0523,0.9273,1.133
4.480108,0.6685,0.0474,2.0510,2.158
4.482198,0.3921,0.2398,1.4118,1.485
4.486543,0.2007,0.2935,0.7945,0.870
4.487119,0.1831,0.1109,0.7467,0.777
4.488588,0.1743,0.0840,0.8028,0.826
4.491480,0.1265,0.1406,0.6895,0.715
4.494707,0.0615,0.1406,0.2754,0.315
4.495675,0.0054,0.1226,0.0982,0.157
4.496461,-0.0571,0.0928,0.0654,0.127
4.498816,-0.1162,0.0518,0.2471,0.278
4.501137,-0.1509,0.0425,0.4869,0.511
4.503440,-0.1631,0.0737,0.6998,0.722
4.505278,-0.1475,-0.0093,0.7691,0.783
4.507726,-0.0361,-0.1846,0.7105,0.735
4.509381,0.1543,-0.3164,0.9957,1.056
4.511503,0.2964,-0.2803,1.0436,1.120
4.514590,0.4170,-0.0083,1.3580,1.421
4.515956,0.4190,0.2398,1.5119,1.587
4.517855,0.4439,0.2954,1.7263,1.807
4.520002,0.3858,0.1724,1.4386,1.499
4.522054,0.4541,-0.2920,1.2301,1.343
4.524186,0.7247,-0.5342,1.7057,1.929
4.526128,0.8614,-0.5323,1.8693,2.126
4.528168,1.0133,-0.2588,1.5133,1.840
4.530827,1.0011,-0.0806,1.1354,1.516
4.532322,0.7252,-0.0146,0.4156,0.836
4.534384,0.4913,0.1245,0.0230,0.507
4.536766,0.3545,0.1553,-0.2681,0.471
4.539115,0.3614,0.1162,-0.0176,0.380
4.541324,0.5406,0.1187,0.7945,0.968
4.543304,0.5816,-0.0186,1.0958,1.241
4.545321,0.5362,-0.1465,0.6553,0.859
4.547486,0.4546,-0.2422,0.3858,0.644
4.549579,0.4102,-0.2720,0.1841,0.525
4.551552,0.6212,-0.1743,0.5655,0.858
4.553713,0.9610,0.0786,1.0807,1.448
4.555845,0.9054,0.0879,0.9210,1.294
4.557946,0.6397,-0.0493,0.5103,0.820
4.559974,0.5967,-0.1402,0.4649,0.769
4.562325,0.8140,-0.1416,1.0401,1.328
4.564349,1.1388,0.0962,1.9885,2.294
4.566169,1.3156,0.2124,3.1180,3.391
4.568399,1.0294,0.2129,3.1185,3.291
4.571408,0.7252,0.1611,2.1364,2.262
4.573382,0.5416,0.1206,1.3732,1.481
4.574906,0.4141,0.0820,0.9698,1.058
4.576860,0.3711,0.0606,1.0138,1.081
4.579290,0.3272,0.0337,0.9928,1.046
4.581121,0.2700,0.0156,0.7901,0.835
4.583246,0.1958,0.0098,0.5411,0.575
4.586323,0.1177,-0.0103,0.2954,0.318
4.590702,0.0718,-0.0239,0.1475,0.166
4.591028,0.0215,-0.0273,0.1231,0.128
4.598253,-0.0435,-0.0225,0.0044,0.049
4.598914,-0.0874,-0.0386,-0.0024,0.096
4.600233,-0.0640,-0.0864,0.2632,0.284
4.600885,0.0356,-0.1533,0.6158,0.636
4.601021,0.0996,-0.1988,0.5699,0.612
4.602240,0.2207,-0.1328,0.4200,0.493
4.604227,0.4390,0.0063,0.6446,0.780
4.605999,0.5464,0.0181,0.8341,0.997
4.608144,0.6173,0.0024,0.8394,1.042
4.610708,0.6412,-0.0288,0.8326,1.051
4.613277,0.4805,-0.0103,0.2329,0.534
4.614503,0.4258,-0.0996,-0.0015,0.437
4.616644,0.5001,-0.2056,0.0230,0.541
4.619083,0.6622,-0.2871,0.5591,0.913
4.621270,0.6436,-0.2061,0.7164,0.985
4.623735,0.5611,-0.2066,0.5987,0.846
4.626174,0.5406,-0.0894,0.6021,0.814
4.627594,0.4688,0.0576,0.8204,0.947
4.629809,0.3203,0.1812,0.5279,0.644
4.631679,0.3081,0.2798,1.0079,1.090
4.634894,0.3130,0.3130,1.7419,1.797
4.637008,0.4043,0.0479,2.5037,2.537
4.638394,0.6055,0.0591,3.2230,3.280
4.640064,0.9337,0.2871,3.3407,3.481
4.643099,0.9757,0.3453,2.6028,2.801
4.644749,0.8165,0.2681,1.5978,1.814
4.646869,0.8961,0.2798,1.5363,1.800
4.648305,0.9918,0.3228,1.8190,2.097
4.651524,0.7579,0.2871,0.9200,1.226
4.653156,0.5157,0.2608,0.0381,0.579
4.655107,0.4087,0.2271,-0.2315,0.522
4.656950,0.3760,0.1685,-0.2139,0.464
4.659581,0.3404,0.1353,-0.0044,0.366
4.661230,0.2710,0.1250,-0.1890,0.353
4.663487,0.2486,0.1021,0.0957,0.285
4.665430,0.2197,0.0942,0.3907,0.458
4.668075,0.1421,0.0361,0.1821,0.234
4.669666,0.1861,0.0054,0.2241,0.291
4.671880,0.5181,-0.0083,0.9923,1.119
4.673866,0.5479,0.0566,0.8419,1.006
4.676714,0.3833,0.0601,0.2344,0.453
4.678344,0.3047,-0.0752,0.0903,0.327
4.680204,0.2354,-0.1001,-0.1597,0.302
4.682261,0.2940,-0.1001,0.0591,0.316
4.685327,0.4810,-0.0244,0.4493,0.659
4.686501,0.7769,0.2080,0.9654,1.257
4.688988,0.9972,0.2447,1.2238,1.597
4.690412,0.8624,0.0508,0.8844,1.236
4.695851,0.6417,-0.0317,0.3799,0.746
4.696274,0.6968,0.0049,0.5455,0.885
4.696742,0.6695,0.0415,0.8785,1.105
4.699046,0.5914,-0.0396,1.2096,1.347
4.703202,0.6133,0.0918,1.8469,1.948
4.703470,0.5474,-0.1543,2.4944,2.558
4.708662,0.6080,-0.1895,2.6365,2.712
4.709608,0.4893,-0.2989,2.1330,2.209
4.710431,0.5704,-0.1611,1.8381,1.931
4.711746,0.6026,-0.0654,1.8996,1.994
4.714221,0.5855,0.0020,1.7819,1.876
4.715961,0.5635,0.2012,1.6237,1.730
4.718120,0.3658,0.2183,1.2506,1.321
4.720199,0.2920,0.1704,0.9479,1.006
4.722384,0.2447,0.0962,0.6417,0.693
4.724834,0.2168,-0.0015,0.3350,0.399
4.726421,0.1675,-0.0415,0.0557,0.181
4.728401,0.1157,-0.0015,-0.2613,0.286
4.730478,0.1343,0.0503,-0.1470,0.205
4.732890,0.1299,0.0288,0.1358,0.190
4.734875,0.1113,0.0190,-0.0952,0.148
4.737190,0.1309,-0.0254,0.0039,0.133
4.739345,0.1421,-0.0566,-0.2105,0.260
4.741296,0.1904,-0.0982,-0.0698,0.225
4.743451,0.3096,-0.1260,0.2744,0.432
4.745601,0.7965,0.0625,0.8443,1.162
4.747507,1.3292,0.1890,2.7112,3.025
4.749747,1.1793,0.0977,1.4958,1.907
4.751667,1.2223,0.0640,0.6138,1.369
4.754157,1.3922,0.0293,0.5201,1.486
4.756273,1.4884,-0.3091,1.2325,1.957
4.758264,1.1598,0.1973,-0.0659,1.178
4.760356,1.0138,0.2549,1.2492,1.629
4.762519,1.0460,0.3731,0.1348,1.119
4.764572,1.2145,0.3062,1.4967,1.952
4.766269,1.1271,0.1128,1.2111,1.658
4.768643,0.9405,-0.0864,0.5357,1.086
4.770756,0.7496,-0.2476,0.2207,0.820
4.772835,0.5757,-0.2349,0.3003,0.691
4.774778,0.5425,-0.1646,1.1002,1.238
4.777054,0.4971,-0.0449,1.0734,1.184
4.779659,0.3833,0.0146,0.8009,0.888
4.781649,0.2041,0.0381,0.3140,0.376
4.783423,0.0913,0.1651,0.2764,0.335
4.787004,0.0952,0.2608,0.8800,0.923
4.787567,0.0713,0.2686,1.2003,1.232
4.791190,-0.0342,0.2451,0.9176,0.950
4.791798,-0.1162,0.2329,0.6085,0.662
4.798167,-0.1328,0.2227,0.6768,0.725
4.798464,-0.1465,0.2124,0.8243,0.864
4.798555,-0.1577,0.1641,1.0089,1.034
4.800243,-0.1719,0.0820,1.0607,1.078
4.802411,-0.1118,-0.1509,0.9835,1.001
4.804931,0.0630,-0.3160,1.1505,1.195
4.806428,0.3067,-0.3594,1.5627,1.633
4.808418,0.5294,-0.3125,1.7189,1.826
4.810584,0.6622,-0.2232,1.7873,1.919
4.812999,0.6588,-0.1328,1.6286,1.762
4.815382,0.7008,-0.0840,1.4494,1.612
4.817027,0.6553,-0.0317,1.1002,1.281
4.819265,0.4869,0.0723,0.5674,0.751
4.821747,0.4795,0.0996,0.4502,0.665
4.823470,0.7857,0.1133,0.8873,1.191
4.825517,0.9479,0.2051,1.0777,1.450
4.828114,0.8868,0.1343,0.8023,1.203
4.829882,0.8897,-0.0098,0.6446,1.099
4.832019,0.8038,0.0244,0.2837,0.853
4.833958,0.6846,0.1626,0.0054,0.704
4.836721,0.6788,0.1275,0.0518,0.693
4.838294,0.7471,-0.0400,0.3467,0.825
4.840616,0.8580,-0.1265,0.8712,1.229
4.843382,0.8394,-0.1611,0.9776,1.299
4.844795,0.7193,-0.1597,0.7047,1.020
4.846440,0.5240,-0.1060,0.1255,0.549
4.848624,0.4278,-0.0181,-0.0381,0.430
4.850568,0.5435,-0.0972,0.5582,0.785
4.853224,1.1691,-0.1499,2.0285,2.346
4.855044,1.6208,0.2622,3.4828,3.850
4.857460,1.3307,-0.0278,3.4925,3.738
4.860080,1.1549,-0.2412,2.7933,3.032
4.861838,1.0323,0.1084,2.2175,2.448
4.863694,0.9015,0.2256,1.6091,1.858
4.865859,0.6441,0.1655,1.3556,1.510
4.868902,0.4991,0.0942,1.0270,1.146
4.870005,0.4366,0.1030,0.5806,0.734
4.872085,0.3877,0.1089,0.3726,0.549
4.875565,0.3203,0.1231,0.1514,0.375
4.876282,0.2119,0.1109,-0.0571,0.246
4.879530,0.1094,0.0566,-0.1885,0.225
4.880440,0.0361,0.0161,-0.1953,0.199
4.882772,0.0010,0.0410,-0.0220,0.047
4.888099,-0.0469,0.0444,0.2285,0.237
4.888549,-0.1333,0.0322,-0.0298,0.140
4.888774,-0.1973,0.0127,-0.1206,0.232
4.892164,-0.2495,0.0000,-0.0107,0.250
4.893971,-0.2759,0.0225,0.2617,0.381
4.897705,-0.2979,0.0742,0.3247,0.447
4.897947,-0.3233,0.1411,0.3291,0.482
4.899525,-0.3057,0.1372,0.4361,0.550
4.901623,-0.1875,0.1470,0.5777,0.625
4.903520,0.0264,-0.0273,0.8365,0.837
4.906018,0.4048,-0.1397,1.3844,1.449
4.907888,0.6246,-0.1397,1.6022,1.725
4.910247,0.7281,-0.2002,1.5387,1.714
4.912392,0.7252,-0.1758,1.6330,1.795
4.914061,0.6226,0.0230,1.0690,1.237
4.916337,0.6778,0.2368,1.1114,1.323
4.918748,0.6964,0.3809,0.8565,1.168
4.920595,0.6549,0.4883,0.7696,1.122
4.922677,0.5665,0.4786,0.6715,1.000
4.924889,0.5572,0.1343,0.7696,0.960
4.927517,0.6138,-0.2324,1.1647,1.337
4.929360,0.6612,-0.3921,1.5871,1.763
4.930850,0.6505,-0.3604,1.5192,1.691
4.932868,0.6299,-0.2940,1.3190,1.491
4.935877,0.6031,-0.2613,1.4005,1.547
4.937406,0.6470,-0.1738,1.5138,1.655
4.939444,0.8082,0.0386,1.5324,1.733
4.941637,0.9400,0.2495,1.4420,1.739
4.943958,0.8043,0.1245,0.9083,1.220
4.945815,0.7589,0.0073,0.3477,0.835
4.947998,0.9088,-0.0615,0.7291,1.167
4.950041,0.7735,-0.0654,0.2329,0.810
4.952308,0.6583,-0.1030,-0.2202,0.702
4.954616,0.6216,-0.0859,-0.1660,0.649
4.956448,0.5777,-0.1040,0.0610,0.590
4.959317,0.5152,-0.1079,0.2847,0.598
4.960589,0.4605,-0.0791,0.2852,0.547
4.962645,0.4556,-0.0532,0.3877,0.601
4.964746,0.4864,0.0264,0.5093,0.705
4.966742,0.5298,0.1196,0.5420,0.767
4.968841,0.5567,0.1587,0.4454,0.730
4.970911,0.5210,0.1289,0.4410,0.695
4.973451,0.5816,0.1387,0.4698,0.760
4.976784,0.6256,0.1528,0.5416,0.841
4.977485,0.6578,0.1607,0.5963,0.902
4.979571,0.7462,0.0176,0.7843,1.083
4.981682,0.7613,-0.1172,0.9586,1.230
4.983696,0.5582,-0.1992,0.6485,0.879
4.985775,0.4263,-0.2085,0.5533,0.729
4.988088,0.3995,-0.2530,0.8692,0.990
4.990001,0.4117,-0.2891,1.4489,1.534
4.992092,0.4434,-0.2740,2.0617,2.127
4.996448,0.4043,-0.2574,2.5545,2.599
4.996920,0.3179,-0.0464,2.2810,2.304
4.998777,0.4073,0.2910,2.2532,2.308
5.001030,0.5333,0.3838,2.2619,2.355
5.007571,0.5948,0.3487,2.2063,2.311
5.007873,0.4522,0.1831,1.9074,1.969
5.007970,0.4327,0.1397,1.6032,1.666
5.008665,0.3028,0.1187,1.1901,1.234
5.010972,0.1714,0.0752,0.6881,0.713
5.013035,0.0767,0.0791,0.3208,0.339
5.014955,0.0396,0.1016,0.0752,0.132
5.017124,0.0503,0.1021,0.1260,0.170
5.019569,0.0610,0.0547,0.2940,0.305
5.021858,0.1079,-0.0557,0.3418,0.363
5.023699,0.1338,-0.1270,0.2989,0.351
5.025871,0.2681,-0.1084,0.2095,0.357
5.028014,0.4991,-0.0630,0.6202,0.799
5.030318,0.4634,-0.0156,0.2388,0.522
5.032253,0.5479,0.0410,0.1690,0.575
5.034384,0.7838,-0.0332,0.8761,1.176
5.037146,0.7105,0.0347,1.8391,1.972
5.038953,0.3936,0.1821,0.8287,0.935
5.040649,0.4693,0.0728,1.5207,1.593
5.042891,0.5967,-0.0132,1.2008,1.341
5.044895,0.8258,0.0947,1.3654,1.598
5.046974,1.0865,0.2813,1.6300,1.979
5.048731,1.0958,0.3184,1.7419,2.082
5.052243,0.8448,0.2412,0.9010,1.258
5.053685,0.6133,0.1856,0.1152,0.651
5.055506,0.5220,0.1861,-0.0303,0.555
5.057451,0.4693,0.1030,-0.1768,0.512
5.059742,0.4507,0.0269,-0.2412,0.512
5.062144,0.4639,0.0855,0.1582,0.498
5.063866,0.4551,0.1231,0.6934,0.839
5.065873,0.3536,0.1021,0.3765,0.526
5.069125,0.2774,0.0869,-0.0273,0.292
5.070454,0.3780,0.1861,0.3838,0.570
5.072136,0.4883,0.0439,1.1666,1.265
5.074372,0.5079,-0.1416,1.1217,1.239
5.077276,0.4200,-0.1909,0.7232,0.858
5.078998,0.4561,-0.1758,0.7315,0.880
5.080790,0.7027,-0.0664,1.4215,1.587
5.082895,0.7891,0.0474,1.8137,1.978
5.086363,0.6026,0.0581,1.2770,1.413
5.087309,0.4185,0.1206,0.7877,0.900
5.088915,0.3506,0.0259,0.8272,0.899
5.090922,0.4112,-0.0913,1.2794,1.347
5.093080,0.5230,-0.0689,1.8205,1.895
5.096868,0.4361,-0.1060,1.5832,1.646
5.097393,0.3174,-0.0923,0.9625,1.018
5.099801,0.2334,-0.0757,0.4703,0.530
5.103338,0.1983,-0.0376,0.2798,0.345
5.109765,0.2359,0.1275,0.3511,0.442
5.110073,0.3536,0.2456,0.6793,0.804
5.110186,0.3726,0.0498,0.8775,0.955
5.110864,0.3995,-0.0449,0.8004,0.896
5.113132,0.4791,-0.0991,0.7574,0.902
5.114487,0.7940,0.0913,1.0338,1.307
5.116440,1.1949,0.1524,2.0251,2.356
5.119082,0.9957,0.0068,1.3800,1.702
5.120825,0.7315,-0.1309,0.4244,0.856
5.123046,0.7804,-0.1196,0.2896,0.841
5.125076,0.8492,-0.1275,0.6544,1.080
5.128024,0.7491,0.0190,0.9518,1.211
5.128924,0.5738,0.0742,0.7511,0.948
5.131832,0.4405,0.1040,0.4073,0.609
5.133793,0.3365,0.1709,0.2354,0.445
5.135943,0.2383,0.1817,0.0215,0.300
5.138140,0.1914,0.1182,0.0820,0.239
5.139972,0.1958,0.0439,0.3487,0.402
5.142369,0.1704,0.0322,0.6939,0.715
5.144361,0.1509,-0.0762,0.9855,1.000
5.146029,0.4605,-0.4126,1.7560,1.862
5.148139,0.7476,-0.5538,2.2390,2.425
5.150117,1.0900,-0.2744,2.7762,2.995
5.152839,1.1637,0.3247,3.1844,3.406
5.154619,0.8604,0.4390,2.2649,2.462
5.156612,0.7379,0.4556,1.5070,1.739
5.158742,0.8258,0.3389,1.2413,1.529
5.161210,0.8673,0.0337,0.9518,1.288
5.163381,0.8077,-0.1104,0.5928,1.008
5.165061,0.6959,-0.0679,0.1773,0.721
5.166734,0.5816,0.0269,0.0518,0.585
5.170202,0.4844,0.0396,-0.1040,0.497
5.171571,0.3775,0.0205,-0.1602,0.411
5.173133,0.3194,0.0713,-0.2285,0.399
5.175292,0.2979,0.0566,0.1992,0.363
5.178064,0.1880,0.0088,-0.0342,0.191
5.180130,0.1021,0.0151,-0.3164,0.333
5.182056,0.0689,-0.0273,0.0361,0.082
5.183953,0.0479,-0.0273,0.3697,0.374
5.188585,0.0029,-0.0640,0.4331,0.438
5.189123,0.0234,-0.0806,0.6207,0.626
5.191015,0.0806,-0.0698,0.8072,0.814
5.193981,0.3628,0.0024,1.0055,1.069
5.199807,0.5826,0.0776,1.1495,1.291
5.200077,0.5806,0.0503,0.9366,1.103
5.200202,0.7369,0.0649,0.9972,1.242
5.200870,0.5870,0.0566,0.7550,0.958
5.203256,0.4439,0.0527,0.4576,0.640
5.204910,0.6041,0.1065,0.8360,1.037
5.207030,0.8790,0.3028,1.5334,1.793
5.208908,1.1578,0.2984,2.3513,2.638
5.211549,0.8893,0.2945,1.6530,1.900
5.213452,0.5660,0.2935,0.8643,1.074
5.216188,0.5035,0.3091,0.8316,1.020
5.217651,0.4966,0.0000,1.6340,1.708
5.219817,0.6998,-0.5079,2.0290,2.206
5.222026,1.0836,-0.5875,2.6497,2.922
5.224050,1.0187,-0.4068,1.9797,2.263
5.226050,0.7506,-0.1548,1.0704,1.316
5.228225,0.4659,-0.0269,0.4537,0.651
5.230416,0.3072,0.1079,0.2310,0.399
5.233008,0.3160,0.1939,0.4156,0.557
5.234501,0.3765,0.1826,0.9366,1.026
5.236673,0.3907,0.0156,1.2355,1.296
5.238864,0.4024,-0.1104,1.3151,1.380
5.240951,0.4581,-0.1861,1.2511,1.345
5.243057,0.4981,-0.2168,1.0143,1.151
5.245472,0.5010,-0.1651,0.6592,0.844
5.247159,0.5699,-0.1572,0.6475,0.877
5.249851,0.5186,-0.0791,0.4908,0.718
5.251133,0.4224,-0.1997,0.4888,0.676
5.253300,0.3457,-0.1011,0.3203,0.482
5.255510,0.3570,-0.0982,0.5347,0.650
5.257463,0.4234,-0.1172,0.5601,0.712
5.259828,0.3213,-0.1299,0.4620,0.578
5.262267,0.3438,0.0034,0.2100,0.403
5.264495,0.3184,-0.0054,0.5562,0.641
5.267163,0.2759,-0.0200,0.2935,0.403
5.268023,0.3609,0.0645,0.5381,0.651
5.270362,0.6026,0.1494,0.9786,1.159
5.272435,0.3955,0.0288,0.7100,0.813
5.274602,0.3189,0.1025,0.2451,0.415
5.276686,0.6212,0.2647,0.7042,0.976
5.280454,0.7056,0.3028,1.1110,1.350
5.280910,0.5757,0.2735,0.9439,1.139
5.283178,0.5533,0.2964,0.9215,1.115
5.285086,0.4307,0.2793,1.0318,1.152
5.291086,0.3120,0.2876,0.8477,0.948
5.291479,0.3282,0.1870,1.2535,1.309
5.291678,0.5181,-0.2456,1.9099,1.994
5.293464,0.5357,-0.4673,1.8337,1.967
5.295765,0.4371,-0.5001,1.3341,1.490
5.297889,0.3916,-0.3516,0.8370,0.989
5.299847,0.4097,-0.1851,1.0255,1.120
5.301883,0.4219,0.0762,1.0665,1.149
5.305520,0.3101,0.2847,0.8307,0.931
5.306129,0.3496,0.4566,1.0255,1.176
5.308333,0.3448,0.5982,1.3292,1.498
5.310336,0.2422,0.6011,0.9645,1.162
5.312791,0.2461,0.5367,0.8702,1.052
5.314580,0.2549,0.4082,0.9195,1.038
5.316752,0.1436,0.2901,0.5479,0.636
5.319237,0.0825,0.1455,-0.0469,0.174
5.321475,0.1021,-0.0381,-0.0571,0.123
5.323144,0.2940,-0.1568,0.3081,0.454
5.325236,0.6895,-0.3628,1.5221,1.710
5.327147,0.9088,-0.3125,1.4738,1.759
5.329428,0.9679,-0.1157,0.9928,1.391
5.331985,1.0714,0.0562,1.0353,1.491
5.333422,0.8267,0.2139,0.6978,1.103
5.335462,0.8033,0.1143,0.3282,0.875
5.337927,1.2868,0.0151,1.3742,1.883
5.340045,1.0401,-0.0967,0.8785,1.365
5.342075,0.8223,-0.1001,0.3042,0.883
5.344751,0.6036,-0.1714,0.1655,0.649
5.346387,0.5875,-0.2144,0.4063,0.746
5.348431,0.7779,-0.0737,1.3405,1.552
5.350443,0.7315,-0.0283,1.2584,1.456
5.353057,0.5152,-0.1221,0.4458,0.692
5.354935,0.3877,-0.1299,0.0425,0.411
5.356811,0.3374,-0.1065,0.0381,0.356
5.359086,0.3448,-0.0195,0.3033,0.460
5.361441,0.3418,0.0659,0.6002,0.694
5.363389,0.2617,0.1006,0.7340,0.786
5.365229,0.1636,0.1426,0.7052,0.738
5.367390,0.1519,0.2090,0.8941,0.931
5.370053,0.1802,0.1729,1.3121,1.336
5.372107,0.1841,-0.0498,1.4059,1.419
5.373583,0.2788,-0.1919,1.3937,1.434
5.375916,0.6182,-0.0982,1.9602,2.058
5.378270,0.9166,0.1572,2.7615,2.914
5.380066,0.8805,0.2090,2.5789,2.733
5.382140,0.7857,0.1734,1.9309,2.092
5.384376,0.6700,0.1978,1.3087,1.483
5.386746,0.6275,0.2100,1.1173,1.299
5.388470,0.6021,0.1631,1.0646,1.234
5.390411,0.4849,0.1426,0.6915,0.857
5.392564,0.4048,0.1211,0.4327,0.605
5.396985,0.3443,0.0283,0.3189,0.470
5.397390,0.3213,-0.0791,0.0698,0.338
5.399369,0.3106,-0.0967,0.0371,0.327
5.401685,0.2740,-0.0982,0.0293,0.292
5.407323,0.2241,-0.0816,-0.1597,0.287
5.407640,0.3794,-0.1021,0.2759,0.480
5.407747,0.6710,-0.0669,1.0387,1.238
5.409217,0.5997,0.0391,0.5406,0.808
5.412033,0.3785,0.0381,0.0459,0.383
5.413284,0.3921,0.0029,-0.1782,0.431
5.415538,0.5435,0.0942,0.1714,0.578
5.418876,0.8746,0.2256,1.0245,1.366
5.420327,0.8248,0.3106,1.5724,1.803
5.422321,0.4102,0.1924,0.5401,0.705
5.424189,0.3794,0.0073,0.0415,0.382
5.426329,0.6763,-0.2622,0.6583,0.980
5.428872,0.8980,-0.1509,1.5500,1.798
5.430603,0.9674,-0.0137,2.2273,2.428
5.432656,0.8516,-0.1958,2.1946,2.362
5.434714,0.7335,0.1211,1.6471,1.807
5.436950,0.5992,0.1426,1.2799,1.420
5.439351,0.4693,0.1216,1.0934,1.196
5.441152,0.4136,-0.0254,0.9752,1.060
5.443348,0.3438,0.0713,0.9703,1.032
5.445285,0.2842,0.0693,0.8477,0.897
5.447238,0.2407,0.0127,0.4751,0.533
5.449184,0.1660,0.0918,0.2852,0.343
5.451774,0.1216,0.1445,0.2700,0.330
5.453959,0.1030,0.1406,0.3604,0.400
5.456062,0.0356,0.1182,0.3238,0.346
5.457949,-0.0933,0.1538,0.1582,0.240
5.460158,-0.1582,0.1729,0.2495,0.342
5.462254,-0.1221,0.0923,0.7520,0.767
5.464443,-0.1299,0.1099,0.9303,0.946
5.466402,0.0557,0.1802,1.0558,1.072
5.468685,0.5308,-0.0239,2.0017,2.071
5.470718,0.6192,-0.0371,1.6110,1.726
5.473388,0.7276,-0.0308,1.3449,1.529
5.475154,0.6866,0.0830,0.9908,1.208
5.476977,0.4952,0.1621,0.4854,0.712
5.479296,0.4297,0.2285,0.2315,0.539
5.482056,0.6939,0.3243,0.7154,1.048
5.483319,0.8350,0.3565,0.9933,1.346
5.485362,0.6964,0.2915,0.5640,0.942
5.489261,0.5259,0.1470,0.1773,0.574
5.489680,0.4219,-0.0410,0.0654,0.429
5.491496,0.4688,-0.2051,0.4248,0.665
5.494357,0.9151,-0.4947,2.0769,2.323
5.501857,1.0372,-0.5425,2.2556,2.541
5.502308,0.8683,-0.5054,1.7687,2.034
5.502403,0.7413,-0.2876,1.6926,1.870
5.502486,0.6290,0.0303,1.4689,1.598
5.504510,0.5503,0.1597,1.3297,1.448
5.506744,0.4742,0.0469,1.4293,1.507
5.508466,0.5137,-0.2657,1.6203,1.720
5.510544,0.6485,-0.3423,1.5441,1.709
5.512627,0.6485,-0.2823,1.1344,1.337
5.516027,0.4883,-0.2432,0.4366,0.699
5.517173,0.3965,-0.1836,0.0894,0.446
5.519271,0.3658,-0.1758,0.0361,0.407
5.521408,0.4585,-0.1060,0.4561,0.655
5.523937,0.5445,0.0176,0.8634,1.021
5.525410,0.4761,0.0396,0.6661,0.820
5.527351,0.4014,-0.0298,0.3291,0.520
5.529351,0.3887,0.0474,0.1470,0.418
5.531869,0.5084,0.1216,0.2017,0.560
5.533770,0.7564,0.1695,0.5108,0.928
5.535999,0.8346,0.1362,0.7945,1.160
5.538549,0.6900,0.1665,0.6099,0.936
5.540944,0.5440,0.1519,0.2554,0.620
5.542441,0.7799,0.1079,0.7496,1.087
5.544440,0.8292,0.1651,0.9376,1.262
5.546968,0.5767,0.1572,0.4454,0.745
5.548848,0.4161,0.0845,0.2901,0.514
5.550745,0.4869,-0.1382,1.0670,1.181
5.552769,0.5694,-0.3838,1.9445,2.062
5.555425,0.6339,-0.2451,2.4485,2.541
5.558217,0.5767,0.0938,1.9856,2.070
5.559170,0.4019,0.2158,1.3121,1.389
5.562304,0.3457,0.2085,1.3244,1.385
5.564713,0.2910,0.1738,1.2516,1.297
5.565753,0.2388,0.0801,0.8360,0.873
5.567403,0.2383,0.0420,0.4063,0.473
5.569489,0.2075,0.0552,0.1778,0.279
5.571776,0.1695,0.1035,-0.0083,0.199
5.573741,0.1709,0.1030,0.1431,0.246
5.575735,0.1416,0.0625,0.0410,0.160
5.577877,0.0649,0.0352,-0.0908,0.117
5.581701,-0.0249,0.0210,-0.1201,0.124
5.583206,0.0430,0.1294,0.3081,0.337
5.586334,0.4986,0.4180,1.6901,1.811
5.588543,0.5513,0.5391,2.4592,2.577
5.592238,0.1621,0.5435,1.3068,1.425
5.592507,-0.0122,0.5108,0.9415,1.071
5.592874,0.1074,0.0864,0.9107,0.921
5.595458,0.4976,-0.3970,1.6423,1.761
5.597231,0.9688,-0.5484,2.7014,2.922
5.599306,1.1725,-0.4502,2.6629,2.944
5.601283,0.9713,-0.2974,1.4459,1.767
5.604240,0.7623,-0.0576,0.9210,1.197
5.605495,0.6275,0.2002,0.4395,0.792
5.607447,0.6622,0.3365,0.5328,0.914
5.609434,0.5035,0.2940,0.3785,0.695
5.612666,0.3487,0.2002,-0.1533,0.430
5.614479,0.3936,0.0610,0.0205,0.399
5.616062,0.4913,-0.0220,0.5308,0.724
5.618047,0.4156,-0.0176,0.1182,0.432
5.620498,0.3565,-0.0376,0.0532,0.362
5.622443,0.3868,-0.0122,0.1748,0.425
5.624620,0.4825,0.0830,0.4263,0.649
5.626533,0.6207,0.1509,0.4922,0.806
5.628902,0.8907,0.1304,0.8702,1.252
5.630911,1.0572,0.0884,1.2213,1.618
5.633126,1.0953,-0.0435,1.2194,1.640
5.635020,0.8355,-0.1362,0.5997,1.037
5.637199,0.6163,-0.0757,0.1836,0.647
5.639291,0.6006,-0.1221,0.1909,0.642
5.641622,0.7203,0.0742,1.0460,1.272
5.643613,0.7535,0.1963,1.7717,1.935
5.645953,0.5860,0.1489,1.6237,1.733
5.647491,0.4122,-0.0117,1.1041,1.179
5.649581,0.3511,-0.0840,0.9054,0.975
5.651619,0.3951,-0.0244,1.1783,1.243
5.654363,0.3736,0.0796,1.2169,1.275
5.656131,0.2867,0.1411,0.7686,0.832
5.658534,0.4546,-0.1128,0.9117,1.025
5.660333,0.7696,-0.2471,1.4962,1.701
5.662722,0.8712,-0.2349,1.3878,1.655
5.664529,0.7662,-0.1524,0.8346,1.143
5.666693,0.4649,0.0073,0.1988,0.506
5.668736,0.3194,0.1817,-0.0044,0.367
5.671194,0.4371,0.0464,0.1211,0.456
5.674205,0.9806,-0.2056,1.6545,1.934
5.675536,0.9542,-0.1465,1.4982,1.782
5.677786,0.6177,-0.1367,0.3286,0.713
5.679567,0.4195,-0.0552,-0.2627,0.498
5.681525,0.3619,-0.0361,-0.5093,0.626
5.683701,0.3662,-0.0820,-0.5552,0.670
5.685670,0.5157,-0.0996,0.3047,0.607
5.689801,0.5040,-0.0996,0.9371,1.069
5.690294,0.4292,0.0459,0.8526,0.956
5.692163,0.5787,0.2349,1.3273,1.467
5.695205,0.7882,0.1221,1.8508,2.015
5.702346,0.8238,0.1778,1.8723,2.053
5.702779,0.4883,0.2637,1.0167,1.158
5.703207,0.3653,0.2954,0.7379,0.875
5.703391,0.4830,0.4112,1.5299,1.656
5.705178,0.4014,0.3882,1.6305,1.724
5.706736,0.3531,0.3169,1.1437,1.238
5.709053,0.3897,0.1538,0.8604,0.957
5.710860,0.4170,0.1494,0.8121,0.925
5.713963,0.3711,0.1861,0.6636,0.783
5.715362,0.4605,0.0181,1.0094,1.110
5.717508,0.6470,0.0410,1.4621,1.599
5.719228,0.5088,0.2657,1.4162,1.528
5.721348,0.3208,0.2554,0.7764,0.878
5.723355,0.2471,0.2251,0.6964,0.772
5.725676,0.2080,0.1699,0.6617,0.714
5.727449,0.2285,-0.0249,0.8228,0.854
5.729579,0.2603,-0.2100,0.9503,1.007
5.731826,0.3462,-0.2691,1.1207,1.203
5.733826,0.4126,-0.2202,1.3913,1.468
5.735882,0.3570,-0.1060,1.0997,1.161
5.739166,0.2393,-0.0537,0.5108,0.567
5.740935,0.1465,-0.0078,0.0254,0.149
5.742762,0.1240,0.0230,-0.1157,0.171
5.744550,0.1773,0.0200,0.0386,0.183
5.747259,0.2964,-0.0195,0.4058,0.503
5.749309,0.4639,-0.0454,0.8116,0.936
5.751119,0.4356,-0.0195,0.7374,0.857
5.753010,0.3877,-0.1480,0.7037,0.817
5.755198,0.2344,-0.1919,0.3174,0.439
5.757275,0.3160,-0.0693,0.4361,0.543
5.759526,1.8078,0.0000,3.5951,4.024
5.761656,2.3694,0.2549,4.1108,4.752
5.764105,1.4865,0.2876,3.1805,3.522
5.766136,0.9684,0.1802,1.1564,1.519
5.767735,0.9708,0.2241,0.6671,1.199
5.769632,1.1525,0.2139,0.6324,1.332
5.771933,1.2076,0.0913,0.8868,1.501
5.774242,0.9479,0.0054,1.1422,1.484
5.776349,0.7535,-0.0137,1.2072,1.423
5.778363,0.6514,-0.0444,0.8834,1.099
5.781606,0.5987,-0.0864,0.4668,0.764
5.782621,0.4800,-0.1328,0.2075,0.540
5.785446,0.3160,-0.1152,-0.2354,0.410
5.786828,0.1895,-0.1216,-0.1553,0.273
5.792504,0.0962,-0.1074,-0.0215,0.146
5.792847,0.0430,-0.0708,0.4351,0.443
5.793151,-0.0205,0.0166,1.0279,1.028
5.796010,-0.2027,0.1187,0.9889,1.016
5.797471,-0.2998,0.0879,0.6256,0.699
5.799367,-0.1533,-0.1294,1.2716,1.287
5.801585,0.1875,-0.2593,1.9123,1.939
5.804561,0.3726,-0.1192,1.7082,1.752
5.805799,0.3594,0.1480,1.5158,1.565
5.808005,0.2412,0.2154,0.9728,1.025
5.809712,0.2036,0.2378,0.6456,0.717
5.811881,0.2964,0.2105,0.5757,0.681
5.814252,0.4390,0.1348,0.7110,0.846
5.816005,0.4327,0.0278,0.4200,0.604
5.818672,0.3682,-0.0767,0.1118,0.392
5.820755,0.3028,-0.0879,-0.1016,0.331
5.822954,0.3033,-0.0464,0.0093,0.307
5.824859,0.3360,0.0166,0.3243,0.467
5.826961,0.3369,0.0552,0.4678,0.579
5.829709,0.3584,0.1362,0.4253,0.573
5.832823,0.4395,0.2735,0.6524,0.833
5.833407,0.5411,0.3042,0.6881,0.927
5.835395,0.8512,0.3003,1.2999,1.583
5.837940,0.9449,0.1426,1.5426,1.815
5.839883,0.6881,-0.0855,0.4161,0.809
5.841648,0.6129,-0.0181,0.1030,0.622
5.843793,0.7003,0.0977,0.3843,0.805
5.846203,1.0797,0.4600,1.8366,2.180
5.848488,1.1202,0.6143,2.8523,3.125
5.849838,0.8014,0.6592,1.7370,2.023
5.852344,0.6182,0.6842,1.0602,1.405
5.854633,0.4683,0.6006,0.6617,1.009
5.856839,0.4024,0.2061,0.6641,0.803
5.858427,0.4107,-0.1152,0.9483,1.040
5.860625,0.4395,-0.3047,1.2506,1.360
5.863011,0.4292,-0.2959,1.3244,1.423
5.865330,0.3770,-0.1880,0.7188,0.833
5.866902,0.4009,-0.0679,0.8004,0.898
5.869083,0.4224,0.0649,0.9952,1.083
5.871494,0.3330,0.2344,0.7906,0.889
5.873352,0.3536,0.4004,0.8277,0.985
5.875348,0.5147,0.5391,1.3180,1.514
5.877437,0.4224,0.5435,1.2589,1.435
5.879905,0.1538,0.4454,0.5230,0.704
5.882211,0.1192,0.2271,0.2085,0.331
5.884003,0.4151,-0.0308,0.5054,0.655
5.886132,0.9088,-0.1235,1.9353,2.142
5.888142,0.8302,-0.0498,1.2150,1.472
5.890012,0.6929,-0.0356,0.7813,1.045
5.892017,0.5640,0.0693,0.3125,0.649
5.894126,0.6031,0.0464,0.4800,0.772
5.898654,0.5386,0.0566,0.6075,0.814
5.899196,0.4908,0.0254,0.6778,0.837
5.901289,0.4097,0.0356,0.5508,0.687
5.903186,0.2896,0.0811,0.2368,0.383
5.906013,0.2100,0.1016,0.0732,0.244
5.909057,0.1983,0.1255,0.1558,0.282
5.909334,0.7535,0.2178,1.0006,1.271
5.911320,1.2169,0.2544,2.1364,2.472
5.913378,0.9903,0.2163,1.4142,1.740
5.915512,0.7706,0.2168,0.4014,0.896
5.917895,0.6588,0.1504,-0.0273,0.676
5.919659,0.5518,-0.0796,0.5567,0.788
5.921715,0.4302,0.1411,-0.0752,0.459
5.923868,0.3721,0.3423,0.4678,0.689
5.925897,0.3794,0.1006,0.4849,0.624
5.927782,0.3936,-0.2969,0.6539,0.819
5.929883,0.4942,-0.6104,1.9816,2.132
5.932436,0.6568,-0.7188,2.7908,2.956
5.934436,1.0094,-0.6089,3.2743,3.480
5.936582,1.3141,-0.2700,2.7342,3.046
5.938679,1.1700,-0.1377,1.7995,2.151
5.941474,0.7447,0.0942,0.8018,1.098
5.942851,0.6046,0.1030,0.2798,0.674
5.944790,0.4668,0.0352,-0.0991,0.479
5.947070,0.4112,-0.0215,0.0679,0.417
5.949090,0.3706,-0.0264,0.2095,0.427
5.951432,0.3311,0.0449,0.4439,0.556
5.953383,0.2486,0.1216,0.4009,0.487
5.955858,0.1353,0.1597,0.3174,0.380
5.959494,0.0332,0.1636,0.3672,0.403
5.959951,-0.0176,0.1563,1.0343,1.046
5.961885,0.0137,0.2432,1.8283,1.844
5.963842,-0.0107,0.2476,2.0251,2.040
5.966415,-0.1216,0.1900,1.4386,1.456
5.968128,-0.1890,0.1406,0.9947,1.022
5.970013,-0.1709,-0.0547,0.8385,0.857
5.972009,0.0195,-0.4034,1.1666,1.235
5.974538,0.1616,-0.4751,1.4406,1.526
5.976186,0.2012,-0.4161,1.1012,1.194
5.978733,0.2139,-0.3252,0.6988,0.800
5.980866,0.2681,-0.1670,0.5147,0.604
5.983396,0.2696,-0.0259,0.4571,0.531
5.985931,0.2559,0.1006,0.3770,0.467
5.987203,0.2417,0.2295,0.4351,0.548
5.990462,0.2652,0.2823,0.3872,0.548
5.991482,0.3120,0.3052,0.5337,0.689
5.994530,0.3179,0.2793,0.2808,0.508
5.995543,0.4859,0.2837,0.5333,0.775
5.999339,0.5850,0.3013,0.7218,0.977
5.999796,0.7261,0.3536,1.0143,1.297
6.001885,0.7384,0.3877,1.4118,1.640
6.003964,0.6026,0.3555,0.8380,1.092
6.006171,0.6280,0.1607,0.7086,0.960
6.007998,0.7735,0.0625,0.7447,1.076
6.009835,0.9308,0.0698,1.0358,1.394
6.012447,0.8751,0.0996,0.7598,1.163
6.014397,0.6812,0.2095,0.2974,0.772
6.016713,0.5543,0.3384,0.3448,0.735
6.018607,0.4737,0.3975,0.5445,0.824
6.021399,0.4073,0.1856,0.7657,0.887
6.023647,0.3702,-0.1289,0.7804,0.873
6.025065,0.3677,-0.2661,0.6851,0.822
6.027110,0.5044,-0.3858,1.1705,1.332
6.030337,0.5806,-0.4151,1.5480,1.705
6.031674,0.6216,-0.2759,1.2721,1.443
6.033503,0.7691,-0.1045,1.4733,1.665
6.035527,0.7711,0.1245,1.4259,1.626
6.038651,0.5665,0.2862,0.9942,1.180
6.040016,0.5084,0.2896,0.7789,0.974
6.041989,0.5367,0.0698,0.9747,1.115
6.043960,0.5391,-0.1138,0.8883,1.045
6.046897,0.5796,-0.1128,0.9537,1.122
6.048631,0.5762,-0.0625,1.1959,1.329
6.050108,0.5674,0.0107,1.1984,1.326
6.052160,0.4590,0.0137,0.9122,1.021
6.055386,0.3335,0.0171,0.4468,0.558
6.056802,0.2964,0.0151,0.3614,0.468
6.058741,0.3228,0.0171,0.6768,0.750
6.060821,0.3506,0.0142,0.9967,1.057
6.063718,0.3794,-0.0117,1.0948,1.159
6.065291,0.5713,0.0508,1.1549,1.290
6.067391,0.9195,0.0816,1.4088,1.684
6.069265,0.9122,0.1011,1.1569,1.477
6.072211,0.6275,0.1792,0.4356,0.785
6.073977,0.4507,0.2163,-0.0308,0.501
6.076021,0.7862,0.2539,0.3882,0.913
6.077832,1.7233,0.2461,1.9470,2.612
6.080372,1.5568,0.2012,1.6300,2.263
6.082035,1.0768,0.1353,0.7945,1.345
6.084249,0.8287,0.0615,0.2456,0.867
6.085970,0.7203,-0.0825,0.3252,0.795
6.088860,0.6055,-0.1797,0.2085,0.665
6.090621,0.6954,-0.1846,0.9205,1.168
6.093313,0.9664,-0.3443,2.0583,2.300
6.094780,0.8936,-0.2525,1.8420,2.063
6.098902,0.6964,-0.3575,1.2863,1.506
6.099320,0.4278,-0.0576,0.5289,0.683
6.100919,0.2871,0.0625,0.4126,0.507
6.103834,0.1958,0.1944,0.0322,0.278
6.109734,0.1626,0.1782,0.1426,0.280
6.110087,0.1924,0.1655,0.5274,0.585
6.110191,0.1909,0.1621,0.8121,0.850
6.111537,0.0527,0.1104,0.1563,0.198
6.113592,0.0020,0.1304,-0.1489,0.198
6.115730,0.0356,0.2276,0.6837,0.721
6.117613,-0.1074,0.1870,0.8189,0.847
6.119709,-0.0933,0.1675,0.5850,0.616
6.123347,0.4082,-0.2608,1.9626,2.022
6.123925,0.8097,-0.3536,2.7552,2.893
6.126744,0.6617,-0.1416,2.1462,2.250
6.128374,0.3853,0.1318,1.0504,1.127
6.130754,0.3189,0.2339,0.6006,0.719
6.132321,0.3785,0.2071,0.2530,0.500
6.134357,0.5777,-0.0161,0.6827,0.894
6.136307,0.5289,-0.1289,0.8712,1.027
6.140316,0.4585,-0.1812,0.6080,0.783
6.140794,0.4449,-0.1314,0.4424,0.641
6.143227,0.4629,-0.0322,0.4170,0.624
6.145029,0.5245,0.0400,0.7100,0.884
6.147525,0.4566,-0.0078,0.6495,0.794
6.149550,0.3072,0.0425,0.3843,0.494
6.151520,0.3008,0.2456,0.7169,0.815
6.153493,0.4239,0.4102,1.3600,1.482
6.155804,0.4122,0.4366,1.4206,1.542
6.157778,0.2476,0.4278,0.7769,0.921
6.159845,0.0986,0.3926,0.1948,0.449
6.161930,0.0410,0.3980,0.1284,0.420
6.164158,0.0347,0.4219,0.3492,0.549
6.166063,0.1001,0.3809,0.9078,0.990
6.168170,0.3272,0.0630,1.4557,1.493
6.170201,0.5655,-0.1152,1.7819,1.873
6.173594,0.7056,-0.1060,1.5739,1.728
6.174991,0.7877,0.0195,1.5075,1.701
6.176761,0.7164,0.1377,0.8429,1.115
6.178864,0.7027,0.1358,0.8077,1.079
6.182624,0.6905,0.1402,0.7735,1.046
6.183265,0.8316,-0.0244,1.3024,1.545
6.185109,0.9762,-0.0376,1.6193,1.891
6.187343,0.8468,0.0942,1.0240,1.332
6.191291,0.5474,0.2158,0.2954,0.658
6.191645,0.4239,0.1670,-0.0503,0.458
6.193616,0.3916,0.1211,0.2925,0.504
6.195681,0.3428,0.0850,0.5840,0.683
6.197718,0.2525,-0.0054,0.2725,0.372
6.199812,0.1704,-0.0864,0.1846,0.266
6.202032,0.1362,-0.1470,0.4239,0.469
6.204081,0.2173,-0.1094,1.0753,1.102
6.206019,0.2510,-0.0806,1.5514,1.574
6.207989,0.1304,-0.1192,1.2242,1.237
6.210168,-0.0308,-0.1240,0.5401,0.555
6.212229,-0.1050,-0.0693,0.2515,0.281
6.214506,-0.1148,0.0230,0.1524,0.192
6.216563,0.6290,0.1553,1.4274,1.568
6.218979,1.9162,0.1382,3.8647,4.316
6.220927,1.4987,0.1826,2.8528,3.228
6.223617,0.9669,-0.2007,1.6447,1.918
6.225675,0.7032,-0.2979,0.3804,0.853
6.227464,0.6392,-0.1226,0.3506,0.739
6.229462,0.5845,0.0356,-0.1182,0.597
6.231877,0.5259,0.1338,-0.1865,0.574
6.233690,0.4668,0.0908,-0.3057,0.565
6.235819,0.4268,0.0303,-0.3365,0.544
6.237863,0.4405,0.0459,0.1836,0.479
6.240200,0.5831,0.1060,1.2951,1.424
6.242108,0.5567,0.1641,1.6803,1.778
6.244248,0.5157,0.2744,1.2682,1.396
6.245952,0.6378,0.1284,1.1075,1.284
6.248360,0.6392,0.0557,0.9723,1.165
6.251113,0.4126,0.0029,0.3750,0.558
6.252974,0.3501,-0.1655,0.2671,0.470
6.254917,0.3462,-0.3433,0.4747,0.680
6.257357,0.5210,-0.3394,1.0475,1.218
6.259495,0.8829,-0.3623,2.1662,2.367
6.261053,0.7301,-0.1831,1.5924,1.761
6.263640,0.6163,0.1104,1.1720,1.329
6.265616,0.9420,0.3731,2.2234,2.443
6.267432,0.6876,0.3926,1.9406,2.096
6.269501,0.3643,0.3448,0.8053,0.949
6.271480,0.2168,0.2090,0.3023,0.427
6.274313,0.1968,-0.0493,0.1069,0.229
6.276714,0.1836,-0.1875,0.3858,0.467
6.278094,0.1509,-0.1831,0.3594,0.431
6.280573,0.1099,-0.1372,0.1387,0.224
6.283477,0.1143,-0.0620,0.0942,0.161
6.284847,0.2676,0.0166,0.9273,0.965
6.286203,0.5157,0.1626,1.0646,1.194
6.289078,0.5084,0.2090,0.6470,0.849
6.293929,0.5572,0.2613,0.4673,0.773
6.294224,0.7178,0.3999,1.2765,1.518
6.294589,0.5469,0.4146,1.1012,1.298
6.296529,0.3609,0.3892,0.2461,0.585
6.299072,0.3755,0.3609,0.0156,0.521
6.301553,0.5479,0.3145,0.0689,0.635
6.303158,0.6964,0.1309,0.5489,0.896
6.305659,0.7012,-0.0820,0.3941,0.809
6.307950,0.6607,-0.2232,0.2534,0.742
6.309556,0.6480,-0.3145,0.2622,0.767
6.311865,0.5860,-0.2364,0.2071,0.665
6.314729,0.6197,-0.3345,1.1207,1.324
6.316168,0.6099,-0.4058,1.8127,1.955
6.318392,0.6651,-0.3882,2.1086,2.245
6.320091,0.8619,-0.1743,2.6634,2.805
6.322476,0.6817,0.2105,2.4734,2.574
6.324328,0.5640,0.4927,2.2068,2.330
6.326244,0.5635,0.6202,2.2844,2.433
6.328386,0.4781,0.6466,1.9392,2.099
6.330868,0.3428,0.5880,1.1520,1.338
6.332825,0.2168,0.4327,0.4434,0.656
6.334874,0.1582,0.2281,-0.0698,0.286
6.336943,0.1773,0.0303,-0.1255,0.219
6.339636,0.2105,-0.0239,-0.1133,0.240
6.341323,0.1983,-0.0415,-0.0459,0.208
6.343403,0.1607,-0.0425,-0.2105,0.268
6.345567,0.1445,-0.0601,-0.1201,0.197
6.348204,0.1333,-0.0933,0.1157,0.200
6.350017,0.1821,-0.1109,0.4498,0.498
6.351554,0.3174,-0.1533,0.8775,0.946
6.353789,0.4874,-0.1724,1.1373,1.249
6.356431,0.5528,-0.1436,0.9537,1.112
6.358070,0.5792,-0.1616,0.6768,0.905
6.360165,0.7789,-0.0806,0.7501,1.084
6.362290,0.8311,-0.0435,0.6187,1.037
6.364737,0.5660,-0.0947,0.1094,0.584
6.366424,0.4268,-0.0523,-0.2549,0.500
6.368300,0.5650,0.0298,-0.0264,0.566
6.370422,0.8614,0.0889,0.6705,1.095
6.372880,0.9811,0.1489,1.1427,1.513
6.374770,0.7882,0.0894,0.9410,1.231
6.376725,0.6651,-0.0962,0.8839,1.110
6.379668,0.5435,-0.1406,1.4215,1.528
6.381587,0.4610,-0.3262,2.2932,2.362
6.383467,0.8726,-0.2744,4.0995,4.200
6.385451,0.8834,-0.2119,3.4930,3.609
6.387644,0.7681,-0.1011,2.4670,2.586
6.392341,0.7315,0.1406,2.0437,2.175
6.392750,0.8116,0.3721,1.9582,2.152
6.394772,1.0651,0.3404,2.1267,2.403
6.396809,0.8883,0.3418,1.4425,1.728
6.400828,0.5167,0.2764,0.4917,0.765
6.401292,0.3145,0.2266,-0.0635,0.393
6.402332,0.2403,0.1836,-0.3150,0.437
6.404485,0.2154,0.1328,-0.3453,0.428
6.406174,0.2515,0.0234,0.0591,0.259
6.408546,0.5035,0.0845,0.5821,0.774
6.410526,0.5709,0.1558,0.8394,1.027
6.413377,0.3443,0.0396,0.2246,0.413
6.414718,0.2139,0.0264,-0.3355,0.399
6.416999,0.1763,-0.0063,-0.5069,0.537
6.419083,0.1763,-0.0264,-0.4014,0.439
6.421219,0.2969,-0.0840,0.1499,0.343
6.423321,0.4585,-0.0903,0.7862,0.915
6.425752,0.4043,-0.0982,0.5279,0.672
6.427453,0.3028,-0.1304,0.1382,0.357
6.431057,0.2393,-0.2407,-0.0757,0.348
6.431438,0.1582,-0.1128,-0.1851,0.268
6.433829,0.2730,0.0581,0.2090,0.349
6.435884,0.7418,0.0225,1.6437,1.803
6.438020,0.7716,-0.1065,1.8786,2.034
6.439994,0.4649,0.1133,0.9815,1.092
6.442266,0.2539,0.1333,0.6632,0.723
6.444294,0.1636,0.1441,0.7491,0.780
6.446174,0.2608,0.1152,1.2242,1.257
6.448273,0.3960,0.0156,2.0153,2.054
6.450677,0.3579,-0.1128,1.5661,1.610
6.452453,0.2613,-0.1651,0.9625,1.011
6.454695,0.1895,-0.0703,0.6495,0.680
6.456883,0.3076,0.0376,0.9962,1.043
6.459429,0.3980,0.2725,1.3869,1.468
6.461199,0.3594,0.3501,1.2067,1.307
6.463318,0.4068,0.4195,1.1700,1.308
6.465566,0.4151,0.4737,0.9288,1.122
6.467525,0.4786,0.4624,0.9303,1.144
6.469669,0.4776,0.3711,0.8985,1.083
6.471646,0.3760,0.0713,0.4087,0.560
6.473815,0.3570,-0.1538,0.1387,0.413
6.476013,0.4297,-0.2300,0.1929,0.524
6.477974,0.7843,-0.4493,0.9908,1.341
6.480049,1.2355,-0.5464,1.9060,2.336
6.483071,1.4948,-0.3692,2.1438,2.639
6.485142,1.7194,-0.1675,3.3563,3.775
6.487199,1.4801,0.3037,2.9827,3.344
6.488247,1.1783,0.4644,1.8713,2.260
6.493927,0.8341,0.3345,0.8560,1.241
6.494189,0.5650,0.2305,0.3477,0.702
6.495085,0.4283,0.1880,0.1646,0.496
6.496950,0.3648,0.1880,0.1445,0.435
6.499293,0.3565,0.1792,0.4107,0.573
6.502073,0.2886,0.1870,0.4058,0.532
6.503742,0.1646,0.1485,0.2041,0.301
6.505971,0.0220,0.1162,-0.0869,0.147
6.507726,-0.0884,0.0718,-0.1973,0.228
6.510117,-0.1387,0.0645,-0.1177,0.193
6.511806,-0.1025,0.0254,0.3164,0.334
6.514354,0.0146,-0.0322,0.8600,0.861
6.516395,0.2349,-0.0332,1.1759,1.200
6.518269,0.2349,-0.0063,0.9127,0.942
6.520248,0.1807,0.0283,0.4239,0.462
6.523390,0.2598,0.0352,0.2105,0.336
6.524796,0.4209,0.0664,0.3394,0.545
6.526591,0.4776,-0.0439,0.8101,0.941
6.528491,0.2783,0.0288,0.4815,0.557
6.530550,0.4004,-0.0933,0.7760,0.878
6.533532,1.0944,-0.0952,1.7248,2.045
6.535115,1.1984,-0.0327,1.9631,2.300
6.536821,0.7286,-0.0176,0.6202,0.957
6.540171,0.4981,0.1255,0.1470,0.534
6.541613,0.4747,0.1753,-0.0708,0.511
6.543729,0.9029,0.2661,0.8590,1.274
6.545674,1.0758,0.4717,2.3821,2.656
6.548236,0.6866,0.3833,1.3712,1.581
6.550644,0.4517,0.2998,1.1315,1.255
6.551979,0.5420,-0.0137,1.6608,1.747
6.553998,0.6905,-0.5137,2.1701,2.335
6.556590,0.9322,-0.4498,2.3210,2.541
6.558765,1.0758,-0.0449,2.2947,2.535
6.560447,0.9591,0.2178,1.6291,1.903
6.562409,0.7979,0.2261,1.3712,1.603
6.565272,0.5713,0.1016,0.6358,0.861
6.567457,0.4668,0.1299,0.4395,0.654
6.568598,0.3648,0.1450,0.1001,0.405
6.570738,0.2876,0.1133,-0.0508,0.313
6.573193,0.1880,0.1265,-0.2539,0.340
6.575609,0.0923,0.0801,-0.2554,0.283
6.577239,0.0488,0.1196,-0.1177,0.175
6.579336,0.0566,0.1621,0.2744,0.324
6.581736,0.0283,0.1929,0.4424,0.483
6.583719,-0.0005,0.2114,0.4952,0.538
6.585777,-0.0811,0.2134,0.4737,0.526
6.587724,-0.1719,0.1919,0.1983,0.325
6.592653,-0.2149,0.1597,-0.0234,0.269
6.593092,-0.1602,0.0786,-0.0942,0.202
6.594709,0.1382,-0.0088,0.4468,0.468
6.596315,0.5210,-0.0811,1.4455,1.539
6.604402,0.6006,-0.0820,1.4967,1.615
6.604700,0.6817,-0.4258,1.5695,1.763
6.604812,0.4805,-0.3643,0.9439,1.120
6.604898,0.5118,-0.4473,1.1183,1.309
6.606717,0.6089,-0.2935,0.7301,0.995
6.609121,0.9537,-0.0083,1.2677,1.586
6.612398,1.0860,0.1890,1.8102,2.119
6.612570,0.9581,0.0747,1.6701,1.927
6.614987,0.6783,0.0757,1.2203,1.398
6.617384,0.4761,0.1904,0.7276,0.890
6.619508,0.3921,0.2871,0.7735,0.914
6.621492,0.2862,0.2725,0.8097,0.901
6.623609,0.2417,0.2456,0.8468,0.914
6.625766,0.2588,0.2119,1.0284,1.081
6.627956,0.2002,0.1773,0.9225,0.960
6.629860,0.0986,0.1504,0.5875,0.614
6.632352,0.1607,-0.0566,0.5552,0.581
6.634335,0.6871,-0.2017,1.3327,1.513
6.636408,1.2135,-0.0615,2.2795,2.583
6.638354,0.9713,-0.1211,1.1188,1.487
6.640465,0.9591,-0.2583,0.6109,1.166
6.642638,1.0157,-0.1675,0.7320,1.263
6.644796,1.3937,-0.1094,1.6139,2.135
6.646584,1.5744,-0.0889,1.8894,2.461
6.648945,1.2736,-0.0571,0.7877,1.499
6.650925,1.0387,-0.0078,0.0713,1.041
6.653226,0.9249,0.1079,0.1704,0.947
6.655428,0.8346,0.1709,0.5591,1.019
6.659769,0.7823,0.0591,0.7169,1.063
6.660263,0.6461,-0.0772,0.3091,0.720
6.661676,0.5298,-0.1123,-0.0347,0.543
6.663676,0.4693,-0.0498,-0.0117,0.472
6.666053,0.3794,-0.0806,0.0796,0.396
6.667970,0.3160,-0.0278,0.3150,0.447
6.670276,0.2530,0.0230,0.6446,0.693
6.671941,0.0899,0.0523,0.5880,0.597
6.674226,-0.0796,0.0913,0.3360,0.357
6.676214,-0.1245,0.1084,0.3374,0.376
6.678318,0.1875,-0.1553,1.5583,1.577
6.680370,0.4180,-0.3799,2.3044,2.373
6.685938,0.3135,-0.6334,1.6852,1.827
6.687179,0.1270,-0.6592,0.8150,1.056
6.687264,0.0322,-0.3482,0.3662,0.506
6.688916,0.0029,-0.1260,0.1568,0.201
6.692991,0.0093,0.0645,0.1304,0.146
6.693306,0.0205,0.1958,0.2735,0.337
6.695159,0.1206,0.3369,0.6265,0.722
6.696950,0.6246,0.5401,1.7966,1.977
6.699362,1.4577,0.4439,3.2542,3.593
6.701569,1.3346,0.3389,2.5252,2.876
6.704339,0.6490,0.3609,1.2282,1.435
6.705709,0.3648,0.4268,0.3902,0.684
6.707927,0.2945,0.4874,0.2559,0.624
6.710088,0.2749,0.5074,0.2324,0.622
6.711990,0.2857,0.4756,0.2666,0.616
6.714127,0.4795,0.0899,0.9645,1.081
6.716223,1.0240,-0.3155,3.5121,3.672
6.718330,1.2833,-0.3120,3.2894,3.545
6.721609,1.1808,-0.2393,1.9563,2.297
6.722427,0.8639,-0.3833,0.6392,1.141
6.724779,0.7667,-0.2920,0.6568,1.051
6.726523,0.9874,-0.1231,1.2228,1.576
6.728723,1.1774,0.2881,1.8947,2.249
6.730645,0.9186,0.3687,1.1881,1.546
6.733278,0.6431,0.0776,0.1792,0.672
6.735211,0.5430,-0.0376,-0.2442,0.597
6.737312,0.4605,0.0000,-0.2793,0.539
6.739396,0.3814,0.0625,-0.1065,0.401
6.741736,0.3282,0.1084,0.3496,0.492
6.743717,0.3843,0.2403,1.0602,1.153
6.745811,0.2769,0.2534,0.8219,0.904
6.747840,0.1826,0.2500,0.2681,0.410
6.751140,0.1900,0.2696,0.2520,0.415
6.752566,0.2271,0.2368,0.3326,0.467
6.755287,0.2232,0.0767,0.2515,0.345
6.756802,0.2329,-0.0952,0.3247,0.411
6.758953,0.2979,-0.2031,0.4644,0.588
6.760892,0.4410,-0.1450,0.8140,0.937
6.762757,0.4834,-0.1568,1.0631,1.178
6.765012,0.4439,-0.1807,0.6617,0.817
6.767169,0.4732,-0.1646,0.5152,0.719
6.768693,0.5196,-0.2022,0.5186,0.761
6.770909,0.4258,-0.1778,0.3731,0.593
6.773697,0.3052,-0.0493,0.2696,0.410
6.775700,0.3086,0.1709,0.6705,0.758
6.777310,0.4161,0.3770,1.1544,1.284
6.779960,0.8844,0.6299,1.9328,2.217
6.785379,1.2340,1.0074,3.9555,4.264
6.785994,0.5152,1.1007,3.2743,3.493
6.786207,0.1690,0.9669,1.7223,1.982
6.788168,0.1402,0.8473,0.9557,1.285
6.798378,0.1958,0.5025,0.3101,0.622
6.798936,0.2364,0.1909,0.7574,0.816
6.799132,0.2901,0.0249,0.8409,0.890
6.799316,0.3457,-0.3643,1.6515,1.726
6.799775,0.4361,-0.4493,1.3683,1.505
6.800898,0.4209,-0.3203,0.9747,1.109
6.802856,0.3057,-0.3111,0.0674,0.441
6.805137,0.2368,-0.2051,-0.5352,0.620
6.807644,0.2525,-0.2022,0.0317,0.325
6.808805,0.2959,-0.1431,0.9190,0.976
6.811697,0.2539,-0.0523,1.0973,1.127
6.814532,0.0952,-0.1958,0.3413,0.405
6.815952,0.0361,-0.1167,-0.0801,0.146
6.817421,0.0488,-0.1069,-0.3145,0.336
6.819785,0.2417,-0.1821,-0.0430,0.306
6.821821,0.5611,-0.1953,0.7755,0.977
6.824389,0.5611,-0.0786,0.4439,0.720
6.826028,0.4844,-0.0630,0.2852,0.566
6.828149,0.3872,-0.0410,-0.1040,0.403
6.830150,0.5391,0.0322,0.1250,0.554
6.832592,0.7384,0.0083,0.6827,1.006
6.834501,1.1486,0.1402,1.3312,1.764
6.836512,1.9519,0.3247,2.9349,3.540
6.839023,1.4811,0.2857,1.9030,2.428
6.841449,1.1661,0.2056,0.5528,1.307
6.843447,1.0392,0.0190,0.6119,1.206
6.844977,0.9073,-0.0249,-0.2964,0.955
6.846746,0.9000,-0.2041,0.1392,0.933
6.849449,0.8541,-0.2534,-0.0435,0.892
6.851219,0.8521,-0.2691,0.4082,0.982
6.853116,0.9195,-0.2119,1.4293,1.713
6.855289,0.8346,-0.0308,1.3947,1.626
6.859324,0.6490,-0.0542,0.6456,0.917
6.859849,0.4605,-0.1587,0.0630,0.491
6.861915,0.3033,-0.2329,0.1304,0.404
6.863965,0.1773,-0.0366,0.2027,0.272
6.865905,0.0400,0.1040,0.3443,0.362
6.868397,0.0913,0.3902,1.6125,1.662
6.870219,0.3882,0.6749,3.5004,3.586
6.872283,0.5796,0.6890,5.1363,5.215
6.874875,0.2310,0.5196,3.2538,3.303
6.877807,-0.0693,0.1675,1.3307,1.343
6.878487,-0.0313,-0.1963,0.8809,0.903
6.880608,0.0488,-0.3262,0.8687,0.929
6.883270,0.1323,-0.3047,0.7227,0.795
6.885056,0.6207,-0.0205,1.4962,1.620
6.886821,0.8038,0.2022,1.8908,2.064
6.888845,0.3863,0.2256,0.8770,0.985
6.891471,0.1187,0.2510,0.2202,0.354
6.893539,0.0576,0.1738,-0.1074,0.212
6.895515,0.1602,0.0083,-0.0899,0.184
6.897537,0.4161,-0.0493,0.3057,0.519
6.899804,0.6846,0.0542,0.6500,0.946
6.901907,0.7677,0.1113,0.7930,1.109
6.903944,0.7169,0.0371,0.6422,0.963
6.906110,0.6934,-0.0098,0.2862,0.750
6.908233,0.5919,-0.0098,-0.1309,0.606
6.911088,0.5176,-0.0171,-0.3799,0.642
6.912302,0.7139,0.0083,-0.1309,0.726
6.914442,1.0553,-0.1084,1.0641,1.503
6.916698,1.0504,-0.1240,1.1666,1.575
6.919239,0.9117,-0.2134,0.7193,1.181
6.920784,0.6622,-0.1909,-0.1621,0.708
6.922979,0.5567,-0.0200,-0.4136,0.694
6.925744,0.5108,-0.1055,-0.6089,0.802
6.927240,0.5074,-0.1001,-0.4830,0.708
6.929128,0.5723,-0.2490,0.7086,0.944
6.931114,0.5577,-0.1367,0.7559,0.949
6.933160,0.5831,-0.0244,0.9474,1.113
6.935469,0.8077,0.3262,1.4318,1.676
6.937425,0.7608,0.3277,1.5920,1.795
6.940067,0.8321,0.1045,1.2858,1.535
6.942125,0.8570,0.2652,2.1076,2.291
6.944541,0.6861,0.3628,2.0744,2.215
6.946185,0.7398,0.4375,2.2156,2.376
6.948338,0.6549,0.3912,1.5563,1.733
6.950367,0.4634,0.2241,0.7091,0.876
6.952520,0.3648,-0.0986,0.2471,0.452
6.954436,0.4410,-0.4537,0.7999,1.020
6.956620,0.6192,-0.6466,1.5285,1.771
6.958932,0.6470,-0.5567,1.5812,1.797
6.961377,0.6046,-0.4078,0.8824,1.145
6.963331,0.5992,-0.4214,0.5308,0.905
6.965043,0.6436,-0.3326,0.6236,0.956
6.967346,0.8795,-0.1387,1.4928,1.738
6.969689,0.8678,-0.0322,1.5646,1.789
6.971739,0.6480,0.0093,0.9815,1.176
6.973999,0.4331,-0.0122,0.1973,0.476
6.975965,0.3453,0.0327,-0.1675,0.385
6.978100,0.5298,0.1802,0.1690,0.585
6.980003,0.9845,0.3775,1.1456,1.557
6.986084,0.9308,0.4195,1.1764,1.558
6.986494,0.5552,0.3501,0.4507,0.796
6.986773,0.3540,0.3379,-0.0024,0.489
6.988412,0.3145,0.3960,-0.2232,0.553
6.991197,0.4419,0.4751,0.1265,0.661
6.999219,1.0201,0.2945,1.2174,1.615
6.999665,1.6667,0.2105,2.5613,3.063
6.999865,1.4103,0.1861,1.4201,2.010
6.999972,1.1129,0.1826,0.4629,1.219
7.000936,1.0387,0.0742,-0.1538,1.053
7.002975,1.0069,0.0166,-0.1587,1.020
7.005018,0.9479,0.0430,0.0903,0.953
7.007345,0.8541,-0.3057,0.2940,0.954
7.009061,0.6949,0.1177,0.0635,0.708
7.011191,0.5196,0.2935,0.5201,0.792
7.013424,0.4087,0.3516,-0.0288,0.540
7.015477,0.3340,0.2657,0.1084,0.440
7.019229,0.4478,0.1353,0.4200,0.629
7.020005,0.6378,-0.1011,2.3249,2.413
7.022872,0.5040,-0.1021,1.9084,1.976
7.024664,0.3076,-0.2954,1.0270,1.112
7.026142,0.1729,-0.1885,0.3946,0.470
7.028261,0.1265,-0.2007,0.3780,0.446
7.030348,0.1973,-0.3301,0.9254,1.002
7.033279,0.3013,-0.1675,1.6828,1.718
7.034712,0.2925,0.1494,1.5695,1.603
7.036943,0.1255,0.1504,0.8844,0.906
7.038769,0.0435,0.2036,0.4273,0.475
7.041438,0.0806,0.0962,0.2583,0.287
7.043332,0.4268,0.1748,0.6529,0.799
7.045407,0.8976,0.2388,1.9245,2.137
7.047400,0.8004,0.2559,1.5939,1.802
7.050068,0.4561,0.2080,0.7906,0.936
7.052517,0.3199,0.2871,0.5088,0.666
7.053852,0.5372,0.3013,1.2374,1.382
7.055720,0.7799,0.2505,1.8649,2.037
7.058485,0.7833,0.0054,1.5246,1.714
7.060075,0.8966,-0.2652,1.0983,1.442
7.062086,1.0099,-0.3731,1.2184,1.626
7.064149,1.0441,0.0376,1.0660,1.493
7.066616,1.0670,0.2393,1.3532,1.740
7.068414,1.0514,0.2647,1.1056,1.548
7.070548,0.8849,0.2759,0.5020,1.054
7.072529,0.7579,0.2173,0.1631,0.805
7.075014,0.7091,0.1221,0.3438,0.797
7.077878,0.6114,0.2080,0.2349,0.687
7.078725,0.5406,0.1758,0.0073,0.568
7.081056,0.5445,0.0527,0.2368,0.596
7.083435,0.5323,-0.0278,0.5181,0.743
7.085381,0.4375,-0.0132,0.1592,0.466
7.087431,0.3316,0.0459,0.0288,0.336
7.089112,0.3409,0.1338,0.2705,0.455
7.091884,0.3863,0.0737,0.8390,0.927
7.093302,0.3848,-0.0313,1.0812,1.148
7.095515,0.3155,-0.0635,0.9395,0.993
7.097651,0.2793,0.0181,0.9039,0.946
7.102034,0.3316,0.0972,0.9967,1.055
7.102477,0.4283,0.0772,1.0758,1.160
7.104340,0.5723,-0.0278,0.9664,1.124
7.106523,0.7437,0.1426,0.8746,1.157
7.112074,1.0890,0.3365,1.3131,1.739
7.112374,1.1437,0.4034,1.5461,1.965
7.112783,0.7721,0.4175,0.6524,1.094
7.114959,0.5884,0.3086,0.1118,0.674
7.117097,0.6031,0.0230,-0.1646,0.626
7.119313,0.6422,-0.0786,-0.2686,0.700
7.121230,0.6812,-0.1480,-0.0303,0.698
7.123070,0.6861,-0.1597,0.5118,0.871
7.125969,0.6451,-0.2246,0.8072,1.057
7.127237,0.5508,-0.1724,0.6495,0.869
7.129238,0.5245,-0.1226,0.7091,0.890
7.131627,0.6031,0.0444,1.2609,1.398
7.133644,0.4742,-0.0899,1.4831,1.560
7.135796,0.3360,-0.2183,0.9571,1.038
7.137929,0.3511,-0.2945,1.0558,1.151
7.140072,0.6939,-0.1294,1.7692,1.905
7.142220,0.9728,0.1157,2.1130,2.329
7.144424,0.7857,0.2022,1.4909,1.697
7.146413,0.7623,0.3369,1.4210,1.647
7.149912,0.7432,0.2681,1.6550,1.834
7.151759,0.5684,0.2251,1.2164,1.361
7.153311,0.5084,0.2544,1.0133,1.162
7.155181,0.4903,0.3579,1.2023,1.347
7.156872,0.2989,0.3081,1.1324,1.211
7.159117,0.2359,0.0816,1.0782,1.107
7.161274,0.2031,-0.0845,0.7325,0.765
7.163308,0.1690,-0.1099,0.4136,0.460
7.165203,0.1509,-0.0967,0.2803,0.333
7.167205,0.1318,-0.0254,0.2867,0.317
7.169407,0.3145,0.1909,0.4498,0.581
7.171422,0.4571,0.3003,1.1803,1.301
7.173467,0.2285,0.1968,0.4068,0.506
7.175652,0.0664,0.1704,-0.1729,0.252
7.177656,0.0933,0.0864,-0.3345,0.358
7.180100,0.3970,-0.0645,0.1514,0.430
7.182177,0.8307,-0.1211,1.3883,1.622
7.186477,0.8385,-0.0874,1.1295,1.409
7.187071,0.7633,-0.4566,0.7081,1.137
7.189116,0.6456,-0.2906,-0.1431,0.722
7.192041,0.5919,-0.2320,0.3179,0.711
7.198511,0.5132,-0.0796,-0.0850,0.526
7.199000,0.4463,0.0674,0.0303,0.452
7.199227,0.6119,0.3130,1.1549,1.344
7.200953,0.6285,0.3482,1.6862,1.833
7.201229,0.3882,0.2456,0.8868,0.999
7.203678,0.3135,0.2574,0.2471,0.475
7.205270,0.4473,0.3028,0.9454,1.089
7.207159,0.5059,0.3067,1.3190,1.446
7.209942,0.3912,0.1382,1.2262,1.294
7.211739,0.5010,0.1470,1.2150,1.322
7.213834,0.5298,-0.1016,1.4088,1.509
7.215800,0.5689,-0.0713,1.1310,1.268
7.218270,0.8634,0.3013,1.5568,1.805
7.220071,0.9625,0.4649,2.1301,2.383
7.222210,0.8409,0.4126,2.0031,2.211
7.224723,0.7833,0.4473,1.6183,1.853
7.226999,0.6744,0.4439,1.4591,1.668
7.228303,0.5318,0.4200,1.3161,1.480
7.230586,0.3843,0.3604,1.1842,1.296
7.233502,0.3013,0.2681,0.9425,1.025
7.235432,0.2637,0.2134,0.7520,0.825
7.236984,0.2344,0.1421,0.6978,0.750
7.239306,0.2652,0.1973,0.5543,0.645
7.241775,0.4883,0.2393,0.8433,1.003
7.244222,0.3814,0.0601,0.4615,0.602
7.245591,0.3174,0.0083,-0.2447,0.401
7.247387,0.4043,-0.0894,0.0186,0.415
7.249334,0.3877,-0.2071,0.1148,0.454
7.252114,0.3052,-0.1514,-0.1924,0.391
7.253569,0.2720,-0.0723,-0.1543,0.321
7.255703,0.5157,0.0020,0.3526,0.625
7.257798,0.6109,-0.2022,0.9732,1.167
7.261769,0.7183,-0.2827,0.7887,1.104
7.262232,0.8038,-0.3091,0.8619,1.218
7.264456,1.0021,-0.0552,1.0001,1.417
7.266927,1.5343,0.2373,1.7214,2.318
7.269223,1.3356,0.1729,1.2809,1.859
7.271078,0.7740,0.0366,0.3140,0.836
7.272876,0.5792,-0.0200,-0.0259,0.580
7.275402,0.5176,-0.2657,-0.0054,0.582
7.277304,0.4517,-0.3365,0.0845,0.570
7.279715,0.4014,-0.4009,0.2344,0.614
7.281396,0.6055,-0.2652,1.2672,1.429
7.283984,1.1285,0.2163,3.5414,3.723
7.286299,0.9308,0.0249,2.7093,2.865
7.291480,0.5816,-0.1226,1.0021,1.165
7.291612,0.5748,-0.0332,0.5020,0.764
7.291683,0.7833,-0.0444,0.7721,1.101
7.293997,0.8585,-0.1802,1.1901,1.478
7.298546,0.8297,-0.0474,1.2452,1.497
7.298673,0.5938,0.0122,0.7574,0.963
7.301010,0.4751,0.0767,0.4043,0.629
7.302098,0.4664,0.1660,0.2564,0.557
7.304562,0.4102,0.2100,0.4917,0.674
7.306509,0.2759,0.1948,0.2862,0.443
7.308453,0.2310,0.1738,0.5084,0.585
7.310557,0.2954,0.2105,0.7388,0.823
7.312553,0.3316,0.1690,1.1256,1.186
7.314654,0.1973,-0.0166,0.5386,0.574
7.317094,0.1553,-0.1572,0.1597,0.273
7.319267,0.1406,-0.2251,0.1426,0.301
7.321403,0.2241,-0.3277,0.4253,0.582
7.323537,0.4522,-0.3995,1.5915,1.702
7.325622,0.4317,-0.3677,1.3073,1.425
7.327546,0.4214,-0.3653,0.7242,0.914
7.329458,0.5406,-0.4014,0.7227,0.988
7.331790,0.7384,-0.3921,0.9386,1.257
7.333834,0.6900,-0.1904,0.9508,1.190
7.335884,0.6319,-0.0591,1.0690,1.243
7.337848,0.6695,0.0640,1.1193,1.306
7.340413,0.7794,0.1553,1.3351,1.554
7.342470,0.6573,0.1709,1.1505,1.336
7.344657,0.5245,0.2691,0.9273,1.099
7.346607,0.9889,0.3750,1.5832,1.904
7.348849,1.8874,0.3584,3.1908,3.724
7.351068,1.4801,0.2759,2.0393,2.535
7.352966,0.8824,0.2007,0.6446,1.111
7.355028,0.6602,0.1568,-0.1343,0.692
7.357091,0.6265,0.0083,-0.2339,0.669
7.359406,0.5655,-0.0327,-0.3145,0.648
7.361962,0.4678,-0.0151,-0.3985,0.615
7.363520,0.3614,0.0518,-0.3296,0.492
7.365708,0.4097,0.0322,0.4654,0.621
7.367418,0.4361,0.0903,1.5309,1.594
7.369745,0.3213,0.1489,0.8404,0.912
7.372037,0.2193,0.1836,0.4317,0.518
7.373991,0.1553,0.1865,0.1074,0.265
7.376158,0.2124,0.2197,0.5611,0.639
7.378424,0.1196,-0.0127,1.0944,1.101
7.380378,0.0825,-0.0708,0.7457,0.754
7.382603,0.3194,-0.0884,1.4660,1.503
7.384894,0.5855,0.0249,1.9895,2.074
7.387904,0.5328,0.0068,1.4308,1.527
7.388669,0.4644,-0.0107,0.8873,1.002
7.391005,0.5572,0.0674,1.3454,1.458
7.394439,0.6314,-0.0752,1.6164,1.737
7.395671,0.6089,-0.1079,1.2169,1.365
7.397079,0.5665,0.1426,0.6778,0.895
7.399144,0.6212,0.3052,0.8316,1.082
7.407325,0.6983,0.3662,1.0294,1.297
7.407792,0.5938,0.3282,0.8116,1.058
7.407961,0.5088,0.1953,0.3902,0.670
7.408075,0.5503,0.1572,0.5118,0.768
7.410121,0.6236,0.3052,0.4981,0.854
7.411804,0.5147,0.2993,0.6353,0.871
7.413938,0.3291,0.2095,0.1333,0.412
7.415886,0.2930,0.2061,0.2256,0.423
7.418276,0.3116,0.0972,0.4737,0.575
7.420433,0.2530,0.0601,0.2486,0.360
7.423465,0.2251,0.0415,0.2012,0.305
7.424597,0.3037,0.0010,0.5103,0.594
7.426595,0.4537,-0.0689,0.9967,1.097
7.428911,0.4439,-0.0908,0.8521,0.965
7.430878,0.2969,-0.0786,0.3482,0.464
7.433031,0.1939,-0.0527,-0.0732,0.214
7.435598,0.2237,-0.0801,-0.1011,0.258
7.437440,0.6480,-0.2217,0.7887,1.045
7.440312,1.1783,-0.2823,2.0974,2.422
7.441246,1.2985,-0.1528,2.4568,2.783
7.443876,1.0860,0.0347,1.6286,1.958
7.445951,1.0538,0.2134,1.2985,1.686
7.447508,0.7222,0.2046,0.2422,0.789
7.449547,0.5801,0.0024,-0.0674,0.584
7.451925,0.5425,-0.2110,-0.0747,0.587
7.454436,0.6495,-0.1865,0.4795,0.829
7.456216,1.0826,-0.0610,1.8239,2.122
7.459399,1.1935,-0.1128,2.8470,3.089
7.460639,1.0196,-0.2891,2.0647,2.321
7.462692,0.9400,-0.1265,1.3092,1.617
7.464577,0.7149,-0.0728,0.8805,1.136
7.467830,0.5513,-0.1294,0.8477,1.019
7.469071,0.5792,-0.0615,1.1569,1.295
7.471136,0.5748,-0.0039,1.3751,1.490
7.473000,0.5010,0.0444,1.1476,1.253
7.476308,0.4385,0.2090,0.8033,0.939
7.477384,0.4117,0.2603,0.5621,0.744
7.479462,0.3223,0.1778,0.3013,0.476
7.481764,0.3042,0.0889,0.1538,0.352
7.484207,0.2954,0.0132,0.2588,0.393
7.485787,0.2158,-0.0088,-0.0142,0.216
7.487678,0.1470,0.0659,-0.2339,0.284
7.489670,0.2066,0.0674,0.1978,0.294
7.495246,0.6153,0.1856,0.9791,1.171
7.495681,0.7554,0.2730,1.4914,1.694
7.496066,0.4483,0.1699,0.7847,0.920
7.499691,0.2686,0.1729,0.1768,0.365
7.500990,0.3955,0.1602,0.5987,0.735
7.504728,0.6275,-0.0454,1.5998,1.719
7.504978,0.5635,-0.3120,1.4469,1.584
7.506700,0.4273,-0.3579,0.5704,0.798
7.509222,0.3653,-0.3575,0.5162,0.726
7.511087,0.3848,-0.1768,0.9586,1.048
7.513550,0.4029,0.1123,1.6100,1.663
7.515135,0.2852,0.3472,1.1456,1.231
7.517659,0.1138,0.4351,0.7833,0.903
7.519493,0.0947,0.5235,0.8360,0.991
7.521560,0.1553,0.5762,1.2179,1.356
7.523850,0.1846,0.5572,1.2677,1.397
7.525970,0.1011,0.5123,1.0221,1.148
7.527793,-0.0269,0.3794,0.5513,0.670
7.529830,-0.1055,0.2808,0.3223,0.440
7.531718,-0.1104,0.0698,0.3311,0.356
7.534620,-0.0630,-0.2398,0.7691,0.808
7.536296,0.0493,-0.3399,0.9566,1.016
7.538472,0.1499,-0.4571,1.2155,1.307
7.540415,0.1685,-0.3868,0.7628,0.872
7.542942,0.3711,-0.2710,0.5352,0.705
7.545919,1.0123,-0.0801,1.7873,2.056
7.547178,1.0431,0.0391,1.7375,2.027
7.548941,0.6968,0.0454,0.3145,0.766
7.551444,0.6959,0.0156,0.1655,0.715
7.553135,0.6324,0.0347,-0.1372,0.648
7.555189,0.5880,-0.0425,-0.1192,0.601
7.557273,0.5054,-0.1480,0.0405,0.528
7.559995,0.5323,-0.1084,0.3487,0.645
7.561786,0.8111,0.1245,1.0343,1.320
7.563925,1.0328,0.1900,1.4557,1.795
7.565882,0.8551,-0.0391,1.0680,1.369
7.568288,0.6339,-0.1304,0.5860,0.873
7.569940,0.7462,0.0684,0.7750,1.078
7.571973,1.0826,0.1680,1.6227,1.958
7.574193,1.0987,0.1553,1.8635,2.169
7.577141,0.7442,-0.1631,1.8317,1.984
7.578901,0.5176,-0.2344,1.5207,1.623
7.580740,0.4170,-0.1245,1.4044,1.470
7.582847,0.3433,0.0435,1.2350,1.283
7.586637,0.2725,0.1382,1.2653,1.302
7.587102,0.1919,0.1250,1.1925,1.214
7.589093,0.1519,0.0693,1.1417,1.154
7.591503,0.1392,-0.0908,1.0646,1.077
7.594203,0.1128,-0.1509,0.9518,0.970
7.598894,0.0649,-0.0689,0.8199,0.825
7.599224,0.0044,0.0474,0.6089,0.611
7.599555,-0.0430,0.0952,0.4317,0.444
7.601640,-0.0859,0.0889,0.3062,0.330
7.603696,-0.1152,0.0972,0.1890,0.242
7.605800,-0.1045,0.0327,0.2207,0.246
7.607597,-0.0747,-0.0547,0.7095,0.716
7.609687,-0.1025,-0.0864,0.7003,0.713
7.612643,-0.1065,-0.1934,0.2652,0.345
7.614645,0.0039,-0.3770,0.2129,0.433
7.616423,0.1939,-0.8853,0.3731,0.980
7.618497,0.3609,-0.9498,0.8263,1.310
7.620642,0.5919,-0.8433,1.7429,2.025
7.622853,0.9664,-0.5767,2.3308,2.588
7.624798,1.8928,-0.0049,3.5604,4.032
7.627904,1.9382,0.1944,3.7987,4.269
7.629365,0.9762,0.1948,1.5002,1.800
7.631230,0.7008,0.1279,0.4678,0.852
7.633207,0.7130,-0.0728,-0.0874,0.722
7.635565,0.7437,-0.2554,-0.4068,0.885
7.637765,0.7491,-0.3330,-0.4844,0.952
7.639956,0.7984,-0.3985,0.1895,0.912
7.641703,0.8004,-0.3428,1.2633,1.534
7.643955,0.6900,-0.2984,1.1681,1.389
7.646091,0.5254,-0.2974,0.4800,0.771
7.647742,0.3609,-0.2852,-0.0010,0.460
7.649730,0.2276,-0.3106,0.0132,0.385
7.651972,0.1109,-0.2676,0.2129,0.359
7.654271,0.0689,-0.1895,0.7779,0.804
7.656295,0.0674,-0.1382,1.3571,1.366
7.658571,0.0723,-0.1001,1.9968,2.001
7.660995,-0.0474,-0.1328,1.7629,1.769
7.663010,-0.1421,-0.1738,1.3937,1.412
7.665054,-0.1143,-0.1690,1.3825,1.397
7.667224,-0.0464,-0.1235,1.4806,1.486
7.669422,0.0049,-0.1318,1.4250,1.431
7.671867,0.0811,-0.1187,1.1837,1.192
7.673282,0.1641,-0.0962,0.9293,0.949
7.675421,0.1787,-0.0523,0.6539,0.680
7.678410,0.1812,0.0488,0.4517,0.489
7.679812,0.5606,0.0054,0.8917,1.053
7.681831,1.4347,-0.1655,2.6853,3.049
7.683876,1.5666,-0.1563,2.1833,2.692
7.687234,1.4044,-0.1221,1.3781,1.971
7.688166,1.2926,-0.1250,0.4283,1.367
7.691605,1.2931,-0.1543,-0.1323,1.309
7.692155,1.2877,-0.1817,-0.3926,1.358
7.696688,1.0929,-0.3155,-0.4541,1.225
7.696955,1.0284,-0.0303,-0.5616,1.172
7.698545,0.9215,0.1123,-0.2647,0.965
7.700818,0.8463,0.1138,-0.7335,1.126
7.702951,0.8087,0.0400,-0.4844,0.944
7.704584,1.0104,0.0972,0.7857,1.284
7.706716,0.9654,0.0527,1.7575,2.006
7.709447,0.7891,-0.0269,0.5357,0.954
7.711184,0.7159,-0.0298,0.2671,0.765
7.713991,0.6251,-0.0781,-0.0200,0.630
7.715979,0.5303,-0.3882,0.5333,0.846
7.718495,0.4458,-0.3028,0.3218,0.628
7.719881,0.5562,-0.3882,1.9528,2.067
7.721810,0.6978,-0.2574,2.4915,2.600
7.723885,0.5880,0.2080,2.2522,2.337
7.726615,0.3296,0.4454,1.3991,1.505
7.728339,0.3619,0.5064,1.3800,1.514
7.730580,0.8932,0.6568,2.5896,2.817
7.732120,0.9772,0.6539,3.1282,3.342
7.735404,0.5919,0.3970,1.5607,1.716
7.736732,0.3438,0.3399,0.3545,0.599
7.738830,0.3496,0.3047,0.1533,0.488
7.741000,0.4634,0.2886,0.3799,0.665
7.743601,0.6148,0.3389,1.0675,1.278
7.745200,0.5640,0.3877,1.0416,1.246
7.747178,0.4400,0.4361,0.7955,1.008
7.749302,0.2862,0.3555,0.5948,0.750
7.751941,0.2222,0.1411,0.4151,0.492
7.753391,0.2315,0.0293,0.3794,0.445
7.755895,0.2315,-0.0449,0.5010,0.554
7.757818,0.1900,-0.0586,0.2241,0.300
7.759939,0.1367,-0.0649,0.1128,0.189
7.761993,0.1152,-0.0918,0.1929,0.243
7.763978,0.1880,-0.1172,0.3155,0.385
7.766153,0.2564,-0.2261,0.7169,0.794
7.768681,0.1963,-0.1704,0.1641,0.307
7.770172,0.1690,-0.1318,-0.1377,0.255
7.772426,0.1553,-0.1314,-0.2085,0.291
7.774477,0.1465,-0.1548,-0.1152,0.242
7.776922,0.1294,-0.1240,-0.2310,0.292
7.779325,0.1358,-0.1821,0.0879,0.244
7.781050,0.1631,-0.1445,0.2129,0.305
7.783159,0.2818,-0.0425,0.7374,0.791
7.785157,0.4605,-0.3340,1.1129,1.250
7.787864,0.5591,-0.3619,1.1466,1.326
7.789305,0.9679,-0.3955,2.3240,2.548
7.791358,1.3527,-0.3545,3.6000,3.862
7.795859,1.3917,-0.5601,3.5218,3.828
7.796372,1.4069,-0.5567,2.9940,3.355
7.797841,1.4586,-0.4737,2.8020,3.194
7.800927,1.2086,-0.2163,2.2029,2.522
7.806761,0.8863,0.0513,1.4166,1.672
7.807255,0.7437,0.1665,0.9786,1.240
7.807398,0.5450,0.0518,0.6505,0.850
7.807952,0.4600,-0.0366,0.5796,0.741
7.810072,0.4048,-0.0425,0.4585,0.613
7.812135,0.3409,-0.0054,0.3716,0.504
7.814592,0.2681,0.0381,0.2837,0.392
7.816297,0.2158,0.0689,0.2490,0.337
7.818769,0.1582,0.0899,0.2139,0.281
7.820968,0.1006,0.1089,0.1133,0.187
7.823292,0.0430,0.1016,0.0938,0.145
7.825140,-0.0161,0.1084,0.0454,0.119
7.827228,-0.0254,0.0938,0.2071,0.229
7.829303,0.1099,0.0044,0.8106,0.818
7.831429,0.5884,0.1690,1.4674,1.590
7.833846,0.9576,0.3013,1.7868,2.050
7.835897,1.0206,0.2442,1.5568,1.877
7.837890,0.8927,0.1953,0.8751,1.265
7.840364,0.7398,0.1704,0.1514,0.774
7.841973,0.6915,0.1333,-0.1924,0.730
7.843961,0.7286,0.1333,-0.1255,0.751
7.846474,0.6309,0.0894,0.1377,0.652
7.847967,0.4820,-0.1314,0.3423,0.606
7.852368,0.3262,0.0020,0.0864,0.337
7.852759,0.2569,0.1885,0.2163,0.385
7.854675,0.4991,0.1563,0.7813,0.940
7.856737,1.0602,0.1919,2.9271,3.119
7.858903,0.9654,0.3453,2.8514,3.030
7.860934,0.5845,0.3433,1.8601,1.980
7.863284,0.5635,0.3179,1.6247,1.749
7.865138,0.6446,-0.0088,1.8913,1.998
7.868001,0.4996,-0.2158,1.3385,1.445
7.869445,0.4117,-0.2031,0.8433,0.960
7.871648,0.3804,-0.1216,0.8824,0.969
7.873507,0.4190,0.1314,1.2755,1.349
7.875772,0.3384,0.3033,1.2369,1.318
7.877758,0.1978,0.3125,0.5850,0.692
7.880046,0.1011,0.3160,0.2110,0.393
7.882011,0.0635,0.3081,0.0816,0.325
7.884338,0.0537,0.2554,0.2598,0.368
7.887633,0.0269,0.2036,0.4800,0.522
7.888493,-0.0386,0.0933,0.2876,0.305
7.890055,-0.0942,0.0181,0.0469,0.107
7.900181,-0.1094,0.0244,0.0264,0.115
7.900515,-0.0962,0.0645,0.2857,0.308
7.900601,-0.1109,0.0376,0.3907,0.408
7.900829,-0.1353,-0.0356,0.3941,0.418
7.901563,-0.1445,-0.0923,0.4209,0.455
7.902926,-0.0986,-0.1270,0.6099,0.631
7.905122,0.2813,0.0298,1.4660,1.493
7.907091,0.6968,0.3775,2.7727,2.884
7.909207,0.8092,0.5562,3.3016,3.445
7.911297,0.7252,0.6695,3.2494,3.396
7.913678,0.5567,0.6539,2.0549,2.227
7.915753,0.4820,0.5445,1.1871,1.392
7.917786,0.5098,0.3321,0.7452,0.962
7.920352,0.5997,0.2163,0.6304,0.897
7.922082,0.7467,0.1572,0.9684,1.233
7.924007,0.7218,0.2202,0.7755,1.082
7.927342,0.5709,0.2715,0.4468,0.774
7.928348,0.4131,0.2056,-0.0093,0.462
7.931064,0.3135,0.1358,-0.3496,0.489
7.932657,0.2700,0.0884,-0.5313,0.603
7.935235,0.2329,0.0708,-0.2617,0.357
7.937093,0.1607,0.0518,-0.0713,0.183
7.939644,0.1441,0.0596,0.1367,0.207
7.941016,0.4258,0.2935,1.1461,1.257
7.943453,0.7042,0.4429,1.8845,2.060
7.945628,0.4839,0.4737,1.3297,1.492
7.947646,0.1699,0.4800,0.4708,0.693
7.949451,0.1240,0.3194,0.2530,0.426
7.952295,0.1846,-0.0757,0.3106,0.369
7.953797,0.2486,-0.1821,0.1958,0.365
7.955913,0.7247,-0.2451,1.0641,1.311
7.957857,1.1940,-0.2197,3.1268,3.354
7.960620,0.9620,-0.2407,1.7556,2.016
7.962236,0.7061,-0.2212,0.3394,0.814
7.964342,0.6812,-0.0439,-0.0278,0.683
7.966030,0.9415,0.1636,0.9420,1.342
7.968917,0.8893,0.1734,1.1637,1.475
7.970529,0.6387,0.1177,0.4234,0.775
7.972598,0.4791,0.0366,-0.1709,0.510
7.974530,0.4058,-0.0088,-0.2525,0.478
7.977453,0.3511,-0.0059,-0.0552,0.355
7.979190,0.2710,0.0103,0.0010,0.271
7.981308,0.1724,0.0337,0.0205,0.177
7.983269,0.0459,-0.0044,-0.0552,0.072
7.986063,-0.0459,-0.0190,-0.1406,0.149
7.987789,-0.0513,0.0322,0.2549,0.262
7.990697,-0.0381,0.0439,0.8468,0.849
7.991595,0.0259,-0.0356,1.3185,1.319
7.996571,0.4454,-0.2129,1.9245,1.987
7.996869,0.7462,-0.2681,2.4744,2.598
8.000636,0.7467,-0.2730,2.1692,2.310
8.000823,0.7139,-0.3536,1.9382,2.096
8.003543,0.8585,-0.3330,1.8137,2.034
8.006833,1.0919,-0.0772,1.7199,2.039
8.007460,1.1305,-0.0830,1.5089,1.887
8.008170,1.0543,-0.1294,1.2228,1.620
8.010334,0.9444,-0.1904,0.9303,1.339
8.012928,0.7486,-0.1338,0.6173,0.979
8.014595,0.6290,-0.0635,0.4957,0.803
8.016662,0.5381,-0.0376,0.4029,0.673
8.018928,0.4673,-0.0088,0.3228,0.568
8.021765,0.4375,-0.0371,0.3965,0.592
8.023536,0.4693,-0.0415,0.6466,0.800
8.025421,0.3843,-0.0464,0.4371,0.584
8.027715,0.2881,-0.0479,0.0684,0.300
8.029714,0.2964,-0.0361,0.1743,0.346
8.031665,0.5889,-0.0039,1.0040,1.164
8.033671,1.1676,-0.0093,2.1286,2.428
8.035846,1.0504,0.1304,1.4752,1.816
8.038171,0.8624,0.0596,0.7374,1.136
8.040158,0.6842,-0.0322,0.2110,0.717
8.042218,0.8390,-0.1660,0.6925,1.100
8.044372,1.0690,-0.3272,1.1588,1.610
8.046256,1.0279,-0.2837,1.4616,1.809
8.048183,0.9855,-0.3628,1.6320,1.941
8.050404,0.8043,-0.3277,1.6364,1.853
8.052606,0.6466,-0.1328,1.4040,1.551
8.054683,0.5333,-0.0498,1.2365,1.347
8.056795,0.4375,-0.0703,1.1095,1.195
8.059054,0.3570,-0.0474,0.9845,1.048
8.061104,0.3086,-0.0195,1.0167,1.063
8.063272,0.2525,0.0230,0.7716,0.812
8.065427,0.1782,0.0371,0.6070,0.634
8.067567,0.0928,0.0747,0.4268,0.443
8.079815,0.0205,0.1646,0.3892,0.423
8.080059,-0.0249,0.2071,0.4732,0.517
8.080237,-0.0273,0.1504,0.7032,0.720
8.080357,0.3130,-0.0767,1.5588,1.592
8.080492,0.6441,-0.2974,2.1980,2.310
8.082512,0.4903,-0.2617,1.5392,1.636
8.082732,0.2574,-0.1485,0.8267,0.879
8.084227,0.1343,0.0972,0.8331,0.849
8.088088,0.3291,0.2920,1.4137,1.481
8.088510,0.6993,0.2539,2.5784,2.684
8.090368,0.6519,-0.0523,2.1369,2.235
8.092675,0.4380,-0.2989,1.0035,1.135
8.099012,0.3516,-0.3448,0.4234,0.649
8.099473,0.4507,-0.1563,0.4341,0.645
8.099665,0.6466,0.0591,1.0836,1.263
8.101059,0.5953,0.1904,1.0860,1.253
8.103359,0.3223,0.2178,0.5289,0.657
8.105501,0.1465,0.1695,-0.0884,0.241
8.107609,0.0830,0.1079,-0.2398,0.276
8.109678,0.3326,0.0239,0.0024,0.333
8.113392,0.6588,-0.0098,1.1862,1.357
8.113828,0.4791,0.0356,0.4458,0.655
8.115884,0.3760,0.0708,-0.1299,0.404
8.117863,0.3755,0.0293,0.1602,0.409
8.120196,0.6031,0.0132,0.6549,0.890
8.122299,0.5557,0.0957,0.4703,0.734
8.124250,0.5987,-0.0249,0.3389,0.688
8.126253,0.7047,-0.0410,0.4185,0.821
8.128574,0.8355,0.1182,0.6871,1.088
8.130567,0.7618,0.1362,0.6329,1.000
8.132518,0.7437,-0.0767,0.4258,0.860
8.134845,0.8683,-0.0659,0.8541,1.220
8.136793,0.8121,0.0703,0.9439,1.247
8.139203,0.7012,0.2476,1.0289,1.270
8.141871,0.5904,0.2647,1.2145,1.376
8.143524,0.4434,0.2613,0.9581,1.088
8.145883,0.3545,0.1963,0.6607,0.775
8.147734,0.3457,0.0913,0.6514,0.743
8.149821,0.3125,-0.0396,0.5147,0.603
8.151793,0.2237,-0.0801,0.2759,0.364
8.154268,0.1587,-0.0537,0.4346,0.466
8.156073,0.1011,-0.0176,0.7086,0.716
8.159001,0.0410,-0.0225,0.6309,0.633
8.161420,0.0083,-0.0195,0.6607,0.661
8.163203,0.0054,-0.0029,0.8907,0.891
8.164565,0.0840,0.1069,1.3297,1.337
8.166382,0.2520,0.1817,1.6520,1.681
8.168385,0.5132,0.0474,1.9104,1.979
8.171310,0.7027,-0.0117,2.2243,2.333
8.173009,0.6920,0.0586,2.0569,2.171
8.175137,0.7462,0.0659,1.9030,2.045
8.178291,0.7535,0.0176,1.5324,1.708
8.179692,0.7174,0.0190,1.2047,1.402
8.181402,0.6744,-0.0298,0.9605,1.174
8.183385,0.7618,-0.1172,1.0177,1.277
8.189150,0.7550,-0.1167,0.9337,1.206
8.189570,0.5762,-0.0264,0.4034,0.704
8.189789,0.3824,0.0376,-0.0215,0.385
8.192023,0.3233,0.0200,-0.1265,0.348
8.199763,0.4771,-0.0410,0.2788,0.554
8.200024,0.6026,-0.0791,0.7589,0.972
8.200153,0.5587,-0.0557,0.7471,0.935
8.200260,0.7213,0.0161,0.7525,1.042
8.203182,0.8443,0.1309,0.7569,1.141
8.204896,0.7052,0.0581,0.3799,0.803
8.206245,0.5880,0.0996,0.2617,0.651
8.208299,0.5704,0.0435,0.3775,0.685
8.211114,0.7906,-0.1680,1.0807,1.349
8.212904,0.9479,-0.2915,1.5465,1.837
8.214895,0.7476,-0.2642,1.1837,1.425
8.216925,0.6666,-0.0903,0.8917,1.117
8.220349,0.5479,0.0747,0.7906,0.965
8.221909,0.4107,0.1861,0.8189,0.935
8.223539,0.4087,0.2686,1.1735,1.271
8.225954,0.4415,0.1275,1.7516,1.811
8.228526,0.3579,-0.0728,1.4445,1.490
8.230143,0.2310,-0.0391,0.7247,0.762
8.231843,0.1724,0.0728,0.4561,0.493
8.234096,0.1611,0.1318,0.4424,0.489
8.236520,0.1738,0.1231,0.6509,0.685
8.238369,0.3565,0.2281,0.9283,1.020
8.240221,0.7711,0.1611,1.7453,1.915
8.242347,0.9674,0.0679,2.1198,2.331
8.244982,0.8702,0.1314,1.4162,1.667
8.246724,0.7076,0.2105,0.6651,0.994
8.248447,0.6436,0.2134,0.5059,0.846
8.250516,0.6299,0.2339,0.4375,0.802
8.253139,0.6387,0.2759,0.7052,0.991
8.255691,0.5274,0.2100,0.7711,0.957
8.257382,0.4605,-0.0327,0.5391,0.710
8.259509,0.4122,-0.1470,0.4825,0.651
8.262077,0.3697,-0.1748,0.5264,0.667
8.263625,0.4415,-0.3037,0.8766,1.027
8.265959,0.6978,-0.1011,1.3566,1.529
8.267880,0.6866,0.2046,1.1344,1.342
8.269770,0.6221,0.3614,0.8927,1.147
8.272072,0.4673,0.3716,0.6290,0.867
8.273993,0.3111,0.2637,0.0562,0.412
8.276202,0.3140,0.0649,0.1011,0.336
8.278516,0.3316,0.0117,0.2881,0.439
8.280407,0.3545,-0.0606,0.2642,0.446
8.282654,0.4703,-0.1260,0.4322,0.651
8.284545,0.6334,-0.1748,0.7564,1.002
8.289397,0.6949,-0.2071,0.6832,0.996
8.289831,0.6558,-0.0283,0.4317,0.786
8.291377,0.6426,0.0903,0.7398,0.984
8.293645,0.6622,0.1797,1.0519,1.256
8.301730,0.5801,0.2764,1.1539,1.321
8.302205,0.4688,0.2681,0.8663,1.021
8.302399,0.7071,-0.0386,1.2189,1.410
8.302753,0.7369,0.0693,1.0416,1.278
8.303456,0.7105,-0.0835,0.9400,1.181
8.305713,0.9410,-0.2080,1.3942,1.695
8.307742,0.7872,-0.0684,1.3561,1.570
8.309850,0.8922,0.0772,1.3927,1.656
8.312407,0.6636,0.2256,1.1949,1.385
8.314174,0.3838,0.2886,0.5118,0.702
8.316246,0.3003,0.2539,0.3570,0.531
8.318409,0.3638,-0.0034,0.7642,0.846
8.320367,0.5064,-0.1802,1.0235,1.156
8.322824,0.4292,-0.2022,0.7252,0.867
8.324647,0.2886,-0.1831,0.3824,0.513
8.326458,0.2881,-0.1743,0.3316,0.473
8.328643,0.4839,-0.2193,0.6900,0.871
8.331292,0.6959,-0.2578,1.1979,1.409
8.333034,0.6236,-0.2964,1.1183,1.314
8.335270,0.4415,-0.2476,0.6138,0.796
8.337198,0.3296,-0.1778,0.3345,0.502
8.339527,0.3355,-0.0347,0.3492,0.485
8.341603,0.8092,0.0518,1.0729,1.345
8.343588,1.4279,0.1235,2.2297,2.651
8.345670,1.3966,0.1206,2.0026,2.445
8.348364,0.9293,0.0669,0.9664,1.342
8.349814,0.6793,0.0186,0.2281,0.717
8.351947,0.7760,-0.0982,0.2227,0.813
8.354082,0.8683,0.0928,0.5215,1.017
8.356096,0.8580,0.1152,0.9625,1.295
8.358293,0.6724,0.0181,1.0597,1.255
8.360477,0.5167,0.1235,0.6861,0.868
8.363058,0.4981,0.0205,0.4322,0.660
8.364757,0.5377,-0.1309,0.4737,0.728
8.366503,0.6422,-0.2505,0.8277,1.077
8.368633,0.6675,-0.3589,1.0055,1.259
8.370761,0.5127,-0.3008,0.6700,0.896
8.373423,0.3980,-0.2075,0.3853,0.592
8.375126,0.3282,-0.1577,0.2149,0.423
8.377038,0.3013,-0.0747,0.3833,0.493
8.380145,0.3745,-0.2432,1.1954,1.276
8.382395,0.7457,-0.3565,1.8273,2.006
8.384274,1.0514,-0.1524,2.0393,2.299
8.385795,0.8380,0.1382,1.4069,1.643
8.389297,0.7545,0.3179,1.0499,1.331
8.390082,0.7774,0.3501,1.2506,1.514
8.392043,0.5977,0.2749,0.7086,0.967
8.394209,0.5240,0.1358,0.4732,0.719
8.399780,0.5562,0.0425,0.6216,0.835
8.400050,0.3975,0.1016,0.4717,0.625
8.400352,0.3145,0.1519,0.3379,0.486
8.403014,0.2344,0.1343,0.4322,0.510
8.404918,0.1553,0.0737,0.2500,0.303
8.407297,0.0957,0.0640,0.1460,0.186
8.408583,0.0947,-0.0195,0.1963,0.219
8.410654,0.1563,-0.1406,0.5113,0.553
8.413068,0.4336,-0.0737,0.8766,0.981
8.415943,0.3160,-0.1431,0.7862,0.859
8.417358,0.2481,-0.1729,0.0503,0.307
8.420266,0.4146,-0.1651,0.3262,0.553
8.421890,1.0338,-0.0425,1.5309,1.848
8.423787,1.3112,0.0322,2.2571,2.610
8.425747,0.9527,-0.0015,1.0431,1.413
8.428607,0.6578,-0.0010,0.5186,0.838
8.430289,0.5206,0.0659,0.3306,0.620
8.432660,0.5469,0.1973,0.5552,0.804
8.434166,0.6592,0.2339,1.3688,1.537
8.436975,0.7476,0.3702,1.7702,1.957
8.438565,0.7701,0.4874,2.0276,2.223
8.440630,0.4869,0.3096,1.5138,1.620
8.442638,0.3247,0.2114,0.9181,0.996
8.445214,0.3067,0.0508,0.7071,0.772
8.447031,0.4292,-0.1304,0.9728,1.071
8.449332,0.5538,-0.1948,1.2711,1.400
8.450758,0.5391,-0.1880,0.8414,1.017
8.453790,0.4805,-0.1807,0.4761,0.700
8.455297,0.4312,-0.1563,0.2276,0.512
8.457325,0.3545,-0.1358,0.1680,0.415
8.459629,0.3863,-0.0596,0.3379,0.517
8.462116,0.6436,0.0513,0.8487,1.066
8.464062,0.7261,0.1143,0.8932,1.157
8.466125,0.5533,0.1094,0.4795,0.740
8.468176,0.7144,-0.0166,0.5635,0.910
8.470660,1.1637,-0.0615,1.4474,1.858
8.472408,1.2833,0.0820,1.5890,2.044
8.474465,1.0416,0.1050,0.9542,1.416
8.476517,0.7022,0.1104,0.2901,0.768
8.478921,0.4576,0.1724,0.0464,0.491
8.480726,0.3638,0.1958,0.3848,0.565
8.482900,0.3531,0.2193,0.8326,0.931
8.484821,0.3521,0.2154,1.1202,1.194
8.487979,0.2564,0.1543,0.9024,0.951
8.489964,0.1563,0.1465,0.4576,0.505
8.490884,0.1514,-0.0117,0.5279,0.549
8.493330,0.3037,-0.2339,0.8932,0.972
8.498016,0.4541,-0.2930,1.0997,1.225
8.498436,0.4307,-0.3081,0.7081,0.884
8.500285,0.5035,-0.1616,0.5909,0.793
8.503045,0.6036,-0.0425,0.8272,1.025
8.511069,0.5670,-0.0303,0.7891,0.972
8.511602,0.6685,-0.0078,0.8121,1.052
8.511711,0.7305,0.0303,1.0392,1.271
8.511790,0.6519,0.0923,0.7750,1.017
8.512161,0.7711,0.1714,0.9352,1.224
8.514279,1.0528,0.1387,1.2540,1.643
8.516425,1.0826,0.0620,1.0616,1.518
8.518377,0.9796,-0.0620,0.7027,1.207
8.520652,0.9688,-0.0894,0.6842,1.189
8.522727,1.0704,0.1773,0.9024,1.411
8.524910,1.4333,0.3311,1.7228,2.265
8.526769,1.1984,0.2456,1.0709,1.626
8.528917,0.8468,0.1944,0.1865,0.889
8.531149,0.6265,0.2124,-0.1826,0.686
8.533078,0.5181,0.2144,-0.3233,0.647
8.535159,0.4375,0.2061,-0.3926,0.623
8.537304,0.4317,0.1182,0.0283,0.448
8.539831,0.4551,0.0195,0.7979,0.919
8.541883,0.3970,-0.0083,0.5157,0.651
8.543865,0.3443,-0.0952,0.3999,0.536
8.545997,0.3013,-0.1118,0.2915,0.434
8.548226,0.3653,-0.1245,0.6685,0.772
8.550276,0.5621,-0.2403,1.4186,1.545
8.552529,0.5538,-0.1714,1.0909,1.235
8.554395,0.5733,-0.1504,0.9430,1.114
8.556510,0.8463,-0.0654,1.4093,1.645
8.558652,0.9083,0.1304,1.6608,1.897
8.560672,0.7808,0.2310,1.4630,1.674
8.562871,0.8678,0.2105,1.4752,1.724
8.564921,0.8726,0.3052,1.3947,1.673
8.566905,0.5943,0.3120,0.9391,1.154
8.569035,0.3819,0.2647,0.7984,0.924
8.572164,0.3506,0.1436,0.9430,1.016
8.574760,0.3501,0.0508,1.3917,1.436
8.575497,0.3155,-0.0313,0.9161,0.969
8.577553,0.4205,-0.1983,0.8565,0.975
8.579825,0.5127,-0.2246,0.9342,1.089
8.581838,0.4419,-0.1714,0.8477,0.971
8.583946,0.2808,-0.0386,0.5162,0.589
8.590017,0.2691,-0.0225,0.4136,0.494
8.590483,0.3628,-0.0840,0.6910,0.785
8.590717,0.4546,-0.1299,0.9269,1.040
8.592414,0.4981,-0.1944,0.7882,0.952
8.595176,0.5469,-0.2324,0.6583,0.887
8.600409,0.6216,-0.2281,0.7525,1.002
8.600708,0.7354,0.0010,0.8800,1.147
8.600851,0.8966,0.2183,1.2091,1.521
8.604074,1.0304,0.0933,1.4948,1.818
8.605124,0.9537,-0.1299,1.0885,1.453
8.606716,0.8004,-0.1553,0.6314,1.031
8.608922,0.6050,-0.0210,0.2671,0.662
8.611183,0.4097,0.1416,0.1670,0.465
8.613215,0.2910,0.1738,0.2603,0.427
8.616265,0.3028,0.0552,0.9269,0.977
8.617316,0.3711,-0.1436,1.6696,1.716
8.619748,0.3267,-0.0610,1.0299,1.082
8.621944,0.1787,0.1382,0.4361,0.491
8.623939,0.2583,0.2578,0.3453,0.502
8.626097,0.5699,0.1172,1.1114,1.255
8.628229,0.6353,-0.0649,1.1393,1.306
8.630417,0.5787,0.1631,0.8175,1.015
8.632413,0.6500,0.3980,1.1139,1.350
8.634567,0.5816,0.4346,1.0851,1.306
8.637539,0.4327,0.1817,0.5591,0.730
8.639231,0.4180,-0.0781,0.4307,0.605
8.640769,0.4444,-0.1196,0.3438,0.574
8.643157,0.4781,-0.0410,0.6036,0.771
8.644908,0.4439,-0.0342,0.5762,0.728
8.647286,0.5108,-0.0689,0.7760,0.932
8.649185,0.6094,-0.0054,0.9972,1.169
8.652020,0.8473,0.1333,1.0348,1.344
8.654347,0.9649,0.0723,1.0118,1.400
8.655965,0.9938,0.0552,0.7481,1.245
8.657724,1.1700,0.0776,1.2492,1.713
8.659979,0.9352,0.0801,0.8165,1.244
8.662510,0.7178,0.0942,0.5503,0.909
8.664226,0.6041,0.0859,0.4893,0.782
8.666183,0.5596,0.1128,0.6568,0.870
8.668463,0.5572,-0.0073,0.7647,0.946
8.670923,0.6109,-0.1192,0.5870,0.856
8.672676,0.6788,0.0825,0.7091,0.985
8.674524,0.5210,0.1904,0.6129,0.827
8.676798,0.3584,0.2476,0.5762,0.722
8.679620,0.3384,0.1172,0.8346,0.908
8.681085,0.4239,-0.0918,1.0314,1.119
8.683026,0.4781,-0.1528,0.6983,0.860
8.685175,0.4590,-0.1338,0.3824,0.612
8.687815,0.3609,-0.0640,0.2324,0.434
8.689277,0.3423,0.0913,0.4986,0.612
8.691537,0.4624,0.0820,1.0279,1.130
8.693361,0.6197,-0.1817,1.2955,1.448
8.698560,0.7276,-0.2212,0.9566,1.222
8.699055,0.8419,-0.2178,0.8756,1.234
8.700495,0.8150,-0.0552,0.9049,1.219
8.703090,0.6944,0.1099,1.0084,1.229
8.705908,0.7506,0.1138,1.1803,1.403
8.706132,0.9395,-0.0127,1.3400,1.637
8.709798,0.7681,0.0586,1.0826,1.329
8.710386,0.6734,-0.0791,0.9601,1.175
8.712612,0.8629,-0.0059,1.1114,1.407
8.714549,0.7193,0.1743,0.8639,1.138
8.718030,0.4751,0.2051,0.3951,0.651
8.718756,0.4541,0.0811,0.3575,0.584
8.721011,0.7252,-0.1631,1.1197,1.344
8.723682,0.8639,-0.2271,1.5724,1.808
8.725079,0.7042,-0.1055,0.9469,1.185
8.727600,0.4795,0.0908,0.3116,0.579
8.729658,0.3262,0.1792,0.0107,0.372
8.731903,0.4366,-0.0361,0.4410,0.622
8.733517,0.6050,-0.2051,1.0895,1.263
8.735702,0.5196,-0.1939,0.6514,0.856
8.737954,0.4581,-0.1372,0.2349,0.533
8.741014,0.5142,0.0156,0.4073,0.656
8.741839,0.5474,-0.0645,0.7540,0.934
8.744152,0.5591,-0.1626,0.7935,0.984
8.746260,0.7940,0.0537,1.2223,1.459
8.748437,0.7569,0.2622,1.3258,1.549
8.750440,0.5308,0.2910,1.0294,1.194
8.752937,0.4585,-0.0127,0.7887,0.912
8.754577,0.6759,-0.0562,1.1124,1.303
8.757094,0.6505,0.1382,1.0817,1.270
8.758915,0.6861,0.1792,1.0235,1.245
8.761140,0.6177,0.2974,0.8780,1.114
8.763145,0.4537,0.2530,0.8370,0.985
8.765354,0.4776,-0.0132,0.9459,1.060
8.767007,0.5484,-0.1294,0.9479,1.103
8.769269,0.4288,-0.0635,0.3990,0.589
8.771519,0.4957,-0.0913,0.3755,0.629
8.773546,0.6514,-0.0908,0.6700,0.939
8.775630,0.5103,-0.0855,0.4161,0.664
8.777813,0.4659,-0.0620,0.3443,0.583
8.779936,0.5455,-0.0884,0.7125,0.902
8.782274,0.5923,-0.1162,0.6094,0.858
8.784049,0.7037,-0.1406,0.6124,0.943
8.786294,0.8150,-0.0630,0.7535,1.112
8.790190,0.6524,0.0366,0.6710,0.937
8.790959,0.5723,0.1323,0.6475,0.874
8.792832,0.7457,0.2466,0.9312,1.218
8.795035,0.7569,0.2500,1.1202,1.375
8.800801,0.8214,-0.0518,1.1857,1.443
8.801119,1.0543,-0.1768,1.5719,1.901
8.801238,1.0480,-0.0313,1.3532,1.712
8.803491,0.7540,0.1621,0.8653,1.159
8.805064,0.5411,0.2876,0.6861,0.920
8.807096,0.3838,0.1362,0.7183,0.826
8.809023,0.4893,-0.0435,1.1720,1.271
8.811793,0.5186,0.0698,1.5338,1.621
8.813645,0.4034,0.2241,0.7296,0.863
8.815694,0.2481,0.2637,0.3843,0.528
8.818031,0.1626,0.2456,0.4644,0.550
8.820004,0.1675,0.1318,0.8145,0.842
8.821997,0.2349,-0.0566,0.9102,0.942
8.824250,0.4834,-0.0518,0.8927,1.016
8.826226,0.7452,0.1753,1.2115,1.433
8.828408,0.6050,0.2417,0.8116,1.041
8.831302,0.4834,0.1069,0.4195,0.649
8.832693,0.5845,-0.0161,0.3755,0.695
8.834625,0.8585,0.0532,0.9195,1.259
8.836843,0.8223,0.1221,0.9444,1.258
8.838903,0.5474,0.1743,0.2520,0.627
8.841014,0.4043,0.0840,0.1167,0.429
8.842888,0.3477,-0.0156,0.0918,0.360
8.845309,0.4795,-0.0767,0.9503,1.067
8.847802,0.5147,-0.0371,1.6823,1.760
8.849275,0.4639,-0.0127,0.8145,0.937
8.851325,0.5372,-0.0708,0.6002,0.809
8.853459,0.6436,-0.0391,0.7403,0.982
8.855622,0.7755,0.3428,1.3043,1.556
8.858609,0.7257,0.5723,1.6799,1.917
8.860359,0.3575,0.4878,0.9859,1.157
8.862241,0.1900,0.3150,0.3409,0.501
8.864530,0.2339,0.0093,0.5469,0.595
8.866416,0.3482,-0.2290,1.0484,1.128
8.868479,0.3130,-0.1958,0.7945,0.876
8.870535,0.2398,0.0347,0.6109,0.657
8.873157,0.3135,0.1245,0.8121,0.879
8.874914,0.4751,-0.1592,1.2047,1.305
8.877499,0.4839,-0.2134,0.8165,0.973
8.879779,0.5313,-0.0772,0.5596,0.776
8.881278,0.6329,0.0767,0.4766,0.796
8.883400,0.7784,0.1489,0.8604,1.170
8.885288,0.7091,-0.0200,0.7725,1.049
8.887223,0.6778,-0.0767,0.8819,1.115
8.890525,0.7169,-0.0317,1.0079,1.237
8.892517,0.9981,0.0513,1.2277,1.583
8.895763,0.9581,0.1235,1.1139,1.474
8.903306,0.5816,0.0303,0.4312,0.725
8.903643,0.3892,-0.0908,0.2617,0.478
8.903789,0.4654,-0.1695,0.5015,0.705
8.903915,0.5928,-0.1817,1.1632,1.318
8.904674,0.5733,-0.1045,1.1251,1.267
8.906723,0.5948,0.0386,0.7804,0.982
8.908480,0.7076,-0.0562,0.7823,1.056
8.910517,0.7857,-0.1655,0.8888,1.198
8.913269,0.8014,-0.0273,0.9493,1.243
8.914824,0.7222,0.1406,0.8604,1.132
8.916932,0.6124,0.2320,0.8468,1.070
8.919562,0.5743,-0.0347,0.7432,0.940
8.921978,0.7144,-0.2295,1.0065,1.255
8.923946,0.7652,-0.2632,0.9620,1.257
8.925530,0.6837,-0.0728,0.4703,0.833
8.927297,0.5489,0.0996,0.2984,0.633
8.930001,0.4996,0.2290,0.4068,0.684
8.931769,0.4810,0.1870,0.8228,0.971
8.933570,0.6006,-0.0972,1.0773,1.237
8.935519,0.7799,-0.0278,0.9913,1.262
8.938443,0.8888,0.1841,1.1232,1.444
8.940199,0.6080,0.2681,0.6392,0.922
8.942376,0.4405,0.1607,0.5718,0.739
8.944371,0.5259,-0.0689,0.9474,1.086
8.947023,0.5894,-0.0625,1.2194,1.356
8.948695,0.6016,-0.0737,0.7652,0.976
8.950884,0.7130,-0.0908,0.6715,0.984
8.953010,0.5748,0.0386,0.5528,0.798
8.955556,0.3853,0.1328,0.5079,0.651
8.957642,0.3536,0.1343,0.8639,0.943
8.959286,0.3887,0.0024,0.9620,1.038
8.960968,0.5337,-0.1441,1.0685,1.203
8.963704,0.6334,0.0513,0.8033,1.024
8.965637,0.6490,0.0225,0.8726,1.088
8.967355,0.6944,-0.1284,0.8658,1.117
8.969207,0.8204,-0.1592,1.0895,1.373
8.971768,0.8307,-0.0576,0.9298,1.248
8.973844,0.6573,0.1919,0.6387,0.936
8.975881,0.4351,0.2783,0.4439,0.681
8.978053,0.3697,0.2534,0.6900,0.823
8.980389,0.4068,0.0459,1.2242,1.291
8.982517,0.4810,-0.1128,1.0274,1.140
8.984692,0.5552,-0.1543,0.7598,0.954
8.986403,0.5450,-0.0830,0.6026,0.817
8.988675,0.4268,0.2188,0.7740,0.911
8.991266,0.3125,0.2281,0.7989,0.888
8.992803,0.3662,0.0000,0.9132,0.984
8.994878,0.4410,-0.1289,0.7950,0.918
8.999571,0.4830,-0.1983,0.6109,0.804
9.000037,0.5162,-0.1680,0.7423,0.920
9.001275,0.4112,-0.0816,0.8702,0.966
9.003242,0.5303,0.1001,1.2853,1.394
9.010709,0.8790,0.2935,1.7814,2.008
9.011210,1.0411,0.3409,1.8337,2.136
9.011362,1.0450,0.2403,1.5050,1.848
9.011486,0.9981,0.0625,1.1671,1.537
9.014103,0.8951,-0.0117,0.6592,1.112
9.015797,0.6983,0.1680,0.3272,0.789
9.017840,0.5093,0.2456,0.1880,0.596
9.020187,0.4156,0.3072,0.5323,0.742
9.022308,0.2906,0.2915,0.6089,0.735
9.024252,0.2119,0.2246,0.5958,0.671
9.026476,0.1812,0.1353,0.7066,0.742
9.028636,0.1323,0.1113,0.8390,0.857
9.031534,0.0547,0.0581,0.4737,0.480
9.033015,0.0674,-0.1138,0.3907,0.412
9.035010,0.1436,-0.2393,0.9117,0.953
9.037160,0.2368,-0.2324,0.8307,0.894
9.039277,0.4361,-0.2124,0.8873,1.011
9.041380,0.5303,-0.1807,1.0348,1.177
9.043519,0.3995,0.0020,0.5674,0.694
9.045524,0.3877,0.3106,0.7667,0.914
9.047488,0.4742,0.4737,1.1598,1.340
9.049525,0.5894,0.4156,1.1237,1.335
9.051952,0.5821,0.2285,0.9884,1.170
9.053919,0.4825,0.1294,0.6324,0.806
9.056147,0.6329,0.0171,0.8648,1.072
9.058191,0.9645,0.2158,1.4005,1.714
9.060865,0.7843,0.4117,1.3576,1.621
9.062392,0.4214,0.4156,0.6046,0.846
9.064574,0.3726,0.2876,0.5142,0.697
9.066574,0.4854,0.0420,0.9176,1.039
9.068729,0.5665,0.1055,0.9171,1.083
9.070692,0.4913,0.0835,0.4849,0.695
9.072940,0.4019,0.0591,0.1719,0.441
9.075132,0.3980,0.0772,0.3599,0.542
9.077201,0.4395,0.0186,0.6055,0.748
9.079353,0.4629,-0.0381,0.6158,0.771
9.081852,0.4732,-0.0356,0.4952,0.686
9.083622,0.4449,-0.0186,0.4073,0.603
9.085643,0.3863,-0.0322,0.4678,0.608
9.087330,0.3897,-0.0488,0.6343,0.746
9.091169,0.4805,0.0107,0.8736,0.997
9.091688,0.4849,0.0488,0.8043,0.940
9.093743,0.5088,0.0884,1.0138,1.138
9.096724,0.4380,0.1016,1.1476,1.233
9.103503,0.4014,0.2012,1.1427,1.228
9.103798,0.5259,0.3980,1.6437,1.771
9.103913,0.7144,0.5679,1.9773,2.178
9.104523,1.0099,0.4522,2.3718,2.617
9.106872,1.0011,0.1421,1.9494,2.196
9.109142,0.9269,0.2959,1.2814,1.609
9.110850,0.8180,0.3120,0.8531,1.222
9.112836,0.7716,0.1948,0.6212,1.010
9.115768,0.7257,0.2134,0.6773,1.015
9.117188,0.5723,0.3179,0.6231,0.904
9.119410,0.4581,0.3374,0.4571,0.730
9.122338,0.4488,0.1865,0.7056,0.857
9.124018,0.4131,0.0532,0.8546,0.951
9.125734,0.2993,0.0576,0.4224,0.521
9.127423,0.2471,0.0488,0.2813,0.378
9.129535,0.2134,0.0991,0.2974,0.379
9.132310,0.2290,0.0220,0.2095,0.311
9.134206,0.3135,-0.1255,0.4825,0.589
9.136023,0.3809,-0.1416,0.3340,0.526
9.139911,0.5396,-0.0664,0.4302,0.693
9.140572,0.5377,0.0254,0.4634,0.710
9.142862,0.4292,0.1221,0.2969,0.536
9.144355,0.4185,0.2105,0.5450,0.719
9.146978,0.5074,0.3067,0.8126,1.006
9.148653,0.6251,0.0498,1.0968,1.263
9.150742,0.6807,-0.2490,1.2570,1.451
9.152927,0.6812,-0.4253,1.2003,1.444
9.156002,0.8350,-0.4063,1.4630,1.733
9.157222,1.0055,-0.1582,2.0276,2.269
9.159483,0.9679,0.1963,1.9270,2.165
9.161649,0.7501,0.3877,1.5392,1.756
9.164458,0.4834,0.4014,1.0138,1.193
9.166192,0.3741,0.3887,0.8839,1.036
9.167972,0.3462,0.3667,1.0318,1.149
9.169579,0.2759,0.3301,0.9562,1.048
9.172431,0.1690,0.2881,0.4615,0.570
9.174298,0.1148,0.2539,0.2925,0.404
9.175893,0.1079,0.1563,0.3941,0.437
9.177999,0.1006,0.0493,0.4449,0.459
9.180814,0.0615,0.0098,0.3277,0.334
9.182893,0.0371,0.0073,0.2857,0.288
9.185576,0.1045,0.0586,0.6187,0.630
9.186624,0.5840,0.0801,1.4650,1.579
9.191525,0.9640,0.1353,2.2341,2.437
9.192094,0.8458,0.1611,1.7253,1.928
9.193384,0.6627,0.1514,1.3805,1.539
9.195656,0.5713,0.0249,0.8209,1.000
9.198103,0.7042,-0.1748,0.9562,1.200
9.201429,0.9669,-0.2910,1.5500,1.850
9.201789,0.9796,-0.2476,1.6208,1.910
9.203688,0.7564,-0.0825,1.2897,1.497
9.205743,0.5328,0.0698,0.9747,1.113
9.207502,0.4327,0.1011,0.8629,0.971
9.209524,0.3667,-0.0059,0.7911,0.872
9.212056,0.2764,-0.0371,0.8082,0.855
9.214616,0.1817,-0.0151,0.6519,0.677
9.216420,0.1109,0.0689,0.5484,0.564
9.218275,0.0449,-0.0034,0.3926,0.395
9.220445,-0.0063,-0.0425,0.2730,0.276
9.222675,-0.0249,0.0283,0.4063,0.408
9.224852,0.0879,0.2080,1.0655,1.089
9.226712,0.3443,0.1709,1.5094,1.558
9.228845,0.3882,0.0010,1.2052,1.266
9.231319,0.6592,-0.0083,1.3629,1.514
9.233251,0.6138,0.0244,0.9317,1.116
9.235190,0.4336,-0.1069,0.3140,0.546
9.237301,0.3736,-0.1499,-0.0479,0.405
9.239785,0.4024,-0.1944,0.0991,0.458
9.241873,0.4117,-0.1851,0.0230,0.452
9.243893,0.4449,-0.2241,0.0557,0.501
9.245939,0.5127,-0.1992,1.5368,1.632
9.247988,0.4346,-0.0742,2.0539,2.101
9.249853,0.2222,0.0342,1.2086,1.229
9.251821,0.1392,-0.0381,0.8604,0.872
9.253864,0.1724,-0.0737,0.9903,1.008
9.256366,0.2276,-0.0410,1.3639,1.383
9.258891,0.2339,0.0166,1.3454,1.366
9.260451,0.1636,-0.0586,1.1046,1.118
9.262649,0.1685,-0.0791,0.8404,0.861
9.264937,0.2852,-0.0825,0.9649,1.010
9.267192,0.4756,-0.1489,1.1593,1.262
9.268950,0.6920,-0.0845,1.2706,1.449
9.271117,0.7105,0.0757,0.9913,1.222
9.273216,0.6422,0.1416,0.7901,1.028
9.275780,0.6260,0.0713,0.6011,0.871
9.277421,0.7637,0.1563,0.7686,1.095
9.279751,0.8604,0.1441,0.7564,1.155
9.282449,1.0104,0.0005,0.9703,1.401
9.284237,0.9215,-0.1460,0.7686,1.209
9.285998,0.6842,-0.2197,0.3208,0.787
9.287646,0.5401,-0.2100,0.1734,0.605
9.291445,0.5386,-0.1924,0.3995,0.698
9.293259,0.5547,-0.1411,0.8360,1.013
9.294886,0.5030,-0.0142,1.1461,1.252
9.296251,0.4834,0.0635,1.6110,1.683
9.300810,0.5123,-0.0557,1.6081,1.689
9.301110,0.4463,-0.0752,1.3185,1.394
9.302881,0.3912,-0.0234,1.0387,1.110
9.305160,0.4302,0.0889,1.0323,1.122
9.307459,0.4278,0.1445,0.9952,1.093
9.309156,0.3765,0.1445,0.8263,0.919
9.310974,0.3120,0.1182,0.6729,0.751
9.313065,0.2554,0.0640,0.5689,0.627
9.315285,0.2666,-0.0845,0.5381,0.606
9.317489,0.4273,-0.1226,0.7291,0.854
9.319505,0.5635,0.1323,0.8736,1.048
9.323408,0.4961,0.0068,0.6671,0.831
9.323806,0.6182,0.0151,0.6973,0.932
9.325941,0.7935,-0.0986,1.2785,1.508
9.327594,0.7652,-0.2617,1.1422,1.400
9.329792,0.7423,-0.1489,0.7442,1.062
9.332005,1.0284,0.0781,1.2228,1.600
9.334464,1.0602,0.0889,1.1803,1.589
9.336054,0.7266,0.2090,0.4878,0.900
9.338601,0.5049,0.2515,0.2974,0.638
9.340726,0.4263,0.2207,0.4566,0.663
9.342945,0.4541,0.1152,0.8302,0.953
9.344738,0.4878,0.0645,0.9972,1.112
9.346897,0.3272,0.0928,0.3692,0.502
9.349439,0.2281,0.0728,0.0508,0.245
9.351444,0.2359,0.0596,0.4649,0.525
9.353219,0.2715,0.0938,1.0025,1.043
9.355678,0.2617,0.0200,0.8180,0.859
9.357759,0.2910,-0.0503,0.5547,0.628
9.359822,0.5079,-0.0230,0.6710,0.842
9.361806,0.8516,0.0933,1.2721,1.534
9.364929,0.6915,0.0874,0.9317,1.164
9.366204,0.4307,0.1812,0.5147,0.695
9.367913,0.4761,0.2490,0.8160,0.977
9.369836,0.5953,-0.0278,1.4049,1.526
9.372688,0.7950,-0.2256,1.7155,1.904
9.374865,0.9366,-0.2417,1.7756,2.022
9.376634,0.8419,-0.0098,1.4435,1.671
9.378688,0.5640,0.2061,1.3620,1.488
9.381525,0.4927,0.3330,1.5602,1.670
9.383569,0.5308,0.4170,1.6818,1.812
9.385088,0.4190,0.3326,1.3600,1.461
9.387054,0.2730,0.2290,0.7144,0.798
9.390043,0.2300,0.2085,0.5552,0.636
9.391384,0.2647,0.1631,0.7467,0.809
9.393286,0.2388,0.1196,0.7237,0.771
9.395436,0.2823,-0.0181,0.5801,0.645
9.400514,0.4024,-0.0757,0.7037,0.814
9.400951,0.3843,-0.0479,0.4126,0.566
9.402163,0.2344,0.0132,0.0073,0.235
9.404376,0.2295,0.0576,-0.2510,0.345
9.406635,0.4498,-0.0547,0.3594,0.578
9.410600,0.7476,-0.0215,0.8199,1.110
9.411026,0.8692,0.0493,0.9044,1.255
9.411781,0.7506,-0.0830,0.6788,1.015
9.414703,0.6505,-0.0635,0.2627,0.704
9.416155,0.8692,-0.1323,1.0006,1.332
9.418503,0.6920,0.0947,1.0001,1.220
9.420567,0.6939,0.1709,1.3410,1.520
9.423044,0.8204,-0.1592,1.7282,1.920
9.424907,0.7384,-0.0610,1.4948,1.668
9.427105,0.4966,0.0288,1.0362,1.149
9.429076,0.3970,0.1362,1.0040,1.088
9.431784,0.3028,0.1973,1.0377,1.099
9.433456,0.2080,0.2339,0.7164,0.782
9.435518,0.1851,0.2451,0.5171,0.601
9.438069,0.1660,0.1743,0.5284,0.581
9.440571,0.1250,0.0820,0.3037,0.339
9.442106,0.0923,0.0942,0.2237,0.260
9.443914,0.0674,0.1528,0.3018,0.345
9.445986,0.0654,0.1807,0.4263,0.468
9.448397,0.1773,0.2735,0.7774,0.843
9.449922,0.4219,0.2935,1.1925,1.299
9.452408,0.5196,0.0371,1.3292,1.428
9.454325,0.6168,-0.0215,1.0719,1.237
9.456739,0.6929,-0.0767,1.1139,1.314
9.459567,0.5577,-0.1587,0.6006,0.835
9.461034,0.6529,0.1470,0.5728,0.881
9.462933,1.0963,0.0210,1.8991,2.193
9.465039,1.1012,0.1138,1.7282,2.052
9.467609,0.7965,0.1094,1.0167,1.296
9.469296,0.6231,0.0625,0.7774,0.998
9.471430,0.5435,0.0801,0.8263,0.992
9.473786,0.5269,0.0029,1.0108,1.140
9.476423,0.4683,0.0527,1.1246,1.219
9.477456,0.3413,0.0752,0.8927,0.959
9.479703,0.2740,0.0591,0.5543,0.621
9.482032,0.3638,0.1709,0.6788,0.789
9.484078,0.6851,0.1406,1.1442,1.341
9.486372,0.8292,0.0464,1.4098,1.636
9.487874,0.5333,0.0557,0.6246,0.823
9.492566,0.2852,0.1665,0.1309,0.355
9.492997,0.2144,0.0723,-0.1323,0.262
9.494431,0.2017,-0.1011,-0.1636,0.279
9.500198,0.3526,-0.2407,0.5035,0.660
9.500370,0.5054,-0.3892,1.7248,1.839
9.503814,0.4463,-0.3467,1.7043,1.796
9.504074,0.3550,-0.1724,1.4240,1.478
9.504924,0.3150,0.0332,1.4259,1.461
9.507065,0.3521,0.1870,1.4582,1.512
9.509085,0.2481,0.1245,1.1481,1.181
9.511293,0.2823,-0.1489,0.8263,0.886
9.513270,0.3619,-0.1470,0.8331,0.920
9.516593,0.2842,-0.0991,0.5445,0.622
9.517943,0.2891,0.0430,0.4976,0.577
9.519883,0.3916,0.2442,0.7432,0.875
9.521741,0.5162,0.2940,0.8292,1.020
9.523926,0.6485,0.2095,1.0030,1.213
9.526165,0.7261,0.1255,0.8629,1.135
9.527937,0.9278,0.0698,1.2106,1.527
9.530004,0.8595,0.0439,0.7486,1.141
9.532858,0.7061,0.1607,0.2964,0.782
9.534543,0.7095,0.1416,0.5435,0.905
9.536827,0.7398,-0.1919,0.7745,1.088
9.538692,0.7022,-0.3223,1.1158,1.357
9.540956,0.6114,-0.2364,0.8585,1.080
9.543105,0.7056,-0.0103,1.2316,1.419
9.545090,0.5635,0.0474,1.1700,1.300
9.547155,0.4205,0.1436,0.7261,0.851
9.549539,0.4034,0.3194,0.8897,1.028
9.551537,0.4649,0.3521,1.2413,1.371
9.553642,0.4322,0.3111,1.1529,1.270
9.555715,0.2847,0.2852,0.5005,0.643
9.557939,0.1939,0.2300,0.1318,0.328
9.559830,0.1924,0.1553,0.3233,0.407
9.562165,0.1992,0.0376,0.4278,0.473
9.564159,0.2144,-0.0444,0.3208,0.388
9.566396,0.2422,-0.1167,0.6202,0.676
9.568095,0.3662,-0.1655,0.4483,0.602
9.570110,0.8424,-0.0913,1.3644,1.606
9.572204,0.9029,-0.1016,1.4660,1.725
9.574501,0.6524,-0.1543,0.6983,0.968
9.576523,0.4478,-0.0928,0.3243,0.561
9.578658,0.5054,0.0356,0.4620,0.686
9.580851,0.6661,0.1651,1.3947,1.554
9.583447,0.5225,0.0439,1.1705,1.283
9.585796,0.5855,-0.1260,1.0089,1.173
9.587374,0.6910,-0.0537,1.1788,1.367
9.589290,0.5596,0.0884,1.1891,1.317
9.592607,0.4654,0.0586,1.1022,1.198
9.593399,0.4976,-0.1162,1.0675,1.183
9.596289,0.4361,-0.0552,0.7574,0.876
9.605022,0.2696,0.0405,0.3072,0.411
9.605571,0.1875,0.0449,0.0449,0.198
9.605762,0.2608,0.0566,0.3677,0.454
9.605899,0.4068,-0.0015,0.9376,1.022
9.606059,0.5186,-0.1104,1.2653,1.372
9.608242,0.4732,-0.1289,1.2023,1.298
9.610102,0.3042,0.0171,0.7476,0.807
9.613120,0.1909,0.1089,0.4317,0.484
9.615313,0.1450,0.2710,0.4502,0.545
9.617401,0.3428,0.4126,1.0475,1.177
9.618864,0.3575,0.3130,1.9416,1.999
9.620996,0.2871,0.1118,1.7409,1.768
9.625126,0.3838,0.0000,1.4860,1.535
9.625844,0.5523,-0.0327,1.3375,1.447
9.627569,0.7261,0.0410,1.4923,1.660
9.630085,0.6866,0.0664,1.0314,1.241
9.632354,0.7647,0.2964,1.0074,1.299
9.633614,0.8004,0.3228,0.7882,1.169
9.635736,0.8404,0.3111,0.9107,1.278
9.637769,0.5953,0.1592,0.3140,0.692
9.640683,0.4522,0.1187,-0.2393,0.525
9.642126,0.5132,0.1768,-0.2398,0.593
9.644071,0.8131,0.2041,0.8678,1.207
9.646055,0.5357,0.1192,0.5430,0.772
9.648886,0.3150,0.0855,-0.1192,0.347
9.650398,0.2349,0.1133,-0.3301,0.421
9.652211,0.2525,-0.0796,0.1875,0.324
9.654367,0.4024,-0.1314,0.9952,1.081
9.657315,0.5933,-0.0376,1.6408,1.745
9.659357,0.4849,-0.0859,1.0914,1.197
9.661473,0.3985,-0.2114,0.3697,0.583
9.663194,0.4996,-0.2779,0.3662,0.679
9.665567,0.8350,-0.3887,1.5871,1.835
9.667665,0.9332,-0.2818,1.4811,1.773
9.669502,1.0450,-0.1318,1.3786,1.735
9.671629,0.8976,-0.1646,0.9884,1.345
9.674132,0.6998,0.0410,0.5479,0.890
9.676028,0.6343,0.1284,0.5025,0.819
9.677890,0.4913,0.0703,0.2359,0.549
9.679994,0.3457,-0.0034,-0.0298,0.347
9.682237,0.2378,0.0029,-0.0942,0.256
9.684285,0.2075,0.0420,0.2066,0.296
9.686028,0.1919,0.0303,0.5738,0.606
9.688227,0.1397,-0.0142,0.7730,0.786
9.690974,0.0859,0.0313,0.9195,0.924
9.692981,0.1011,0.1973,1.3512,1.369
9.695484,0.0679,0.4112,1.4879,1.545
9.696911,0.1235,0.4800,1.8605,1.925
9.701235,0.1792,0.5577,1.8288,1.920
9.701701,0.1382,0.5284,1.3717,1.476
9.703453,0.1084,0.4649,0.9381,1.053
9.705529,0.1743,0.3316,0.9845,1.053
9.711353,0.2124,0.2002,1.0738,1.113
9.711647,0.1128,0.2632,0.5040,0.580
9.711764,-0.0142,0.2080,-0.0986,0.231
9.713565,-0.0420,0.1133,-0.3418,0.363
9.715970,-0.0645,0.1162,-0.3736,0.397
9.717906,-0.0669,0.1138,-0.2002,0.240
9.719919,-0.0181,0.0855,0.2061,0.224
9.722140,0.0654,0.1494,0.5713,0.594
9.724279,0.0156,0.1602,0.3096,0.349
9.726892,-0.0171,0.1665,0.0850,0.188
9.728215,0.0215,0.1992,0.1553,0.254
9.730330,0.1485,0.2832,0.6412,0.716
9.732705,0.1475,0.3965,0.8741,0.971
9.734750,0.0806,0.4791,0.6934,0.847
9.736511,0.1885,0.3067,0.4947,0.612
9.739167,0.4483,0.0269,0.6802,0.815
9.741257,0.6549,-0.1660,0.9640,1.177
9.743418,0.6632,-0.1963,0.0234,0.692
9.745309,0.7911,-0.1587,-0.1577,0.822
9.747672,1.0543,-0.1963,0.2100,1.093
9.750183,1.2575,-0.2827,0.5377,1.396
9.751710,1.3454,-0.4004,0.3980,1.459
9.753885,1.4557,-0.3448,0.0806,1.498
9.755921,1.7604,-0.4629,0.7852,1.982
9.758189,1.8688,-0.5220,0.8463,2.117
9.760188,1.9548,-0.5738,0.7628,2.175
9.762442,1.9904,-0.5816,0.6724,2.180
9.764508,1.9406,-0.6114,0.3052,2.057
9.767189,1.9226,-0.7164,0.1631,2.058
9.768462,1.8640,-0.6910,0.0654,1.989
9.771473,1.8259,-0.6319,0.1270,1.936
9.772987,1.7541,-0.6983,-0.0225,1.888
9.774979,1.8317,-1.0939,1.7809,2.779
9.777035,1.7678,-1.0655,2.3997,3.165
9.779171,1.6979,-0.8502,2.0984,2.830
9.781127,1.6413,-0.7652,2.0075,2.704
9.783260,1.5011,-0.7261,0.9879,1.938
9.785532,1.3834,-0.7115,-0.0732,1.557
9.787769,1.2716,-0.7027,-0.6436,1.589
9.789841,0.6573,-0.9024,6.0709,6.173
9.793588,0.2730,-0.9503,3.2635,3.410
9.794070,0.8990,-0.6890,2.0109,2.308
9.795967,1.1119,-0.6407,-0.3155,1.322
9.798061,1.0729,-0.5884,-0.6744,1.397
9.800446,0.9278,-0.6964,-0.5269,1.274
9.805503,0.7008,-0.7672,-0.6163,1.208
9.805931,0.6866,-0.5001,-0.1206,0.858
9.806405,0.5777,-0.4463,-0.1802,0.752
9.808353,0.4346,-0.4371,-0.3267,0.698
9.810342,0.3203,-0.3042,-0.1533,0.468
9.812576,0.2178,-0.2027,0.0220,0.298
9.814644,0.1382,-0.1318,0.1182,0.225
9.817259,0.0439,0.0039,0.1387,0.146
9.819475,-0.1304,0.0474,0.3750,0.400
9.821411,-0.4126,0.6202,1.4826,1.659
9.824559,-0.5010,0.8473,2.7039,2.877
9.825441,-0.4473,0.9205,3.5189,3.665
9.828373,-0.3570,1.0133,2.9725,3.161
9.830897,-0.2769,0.9855,2.6458,2.837
9.831653,-0.1983,0.9039,3.1073,3.242
9.834702,-0.0767,0.7750,3.3026,3.393
9.836034,0.1592,0.3589,8.2582,8.267
9.838034,0.0176,-0.0806,9.0664,9.067
9.840269,0.1138,-0.0313,5.2691,5.270
9.844538,0.2373,-0.0298,1.9484,1.963
9.844992,0.3033,-0.1260,0.5206,0.615
9.846132,0.3555,-0.1548,0.4888,0.624
9.848586,0.4410,-0.2696,1.5978,1.679
9.850768,0.5298,-0.3980,2.0310,2.136
9.854717,0.5875,-0.3750,1.2042,1.391
9.855016,0.6163,-0.3453,0.2779,0.759
9.857922,0.6436,-0.3628,-0.0557,0.741
9.859170,0.6607,-0.4214,0.2393,0.819
9.861199,0.6485,-0.4991,0.6964,1.074
9.863215,0.6236,-0.5093,0.6524,1.036
9.866711,0.5987,-0.4971,0.2622,0.821
9.868590,0.5757,-0.4761,0.0049,0.747
9.869712,0.5240,-0.4263,0.0010,0.675
9.871744,0.4561,-0.3472,0.0986,0.582
9.874386,0.3750,-0.2837,0.3745,0.601
9.876662,0.2989,-0.2329,0.4385,0.580
9.878081,0.2613,-0.2178,0.2832,0.443
9.880123,0.2237,-0.2227,0.1099,0.334
9.883093,0.1895,-0.2290,-0.0273,0.298
9.884360,0.1460,-0.2373,-0.0889,0.292
9.887331,0.1089,-0.2393,-0.1514,0.303
9.888237,0.0698,-0.2388,-0.1431,0.287
9.891355,0.4541,-0.1343,1.9133,1.971
9.892839,0.8619,0.0396,3.7685,3.866
9.894696,0.4034,-0.0571,2.2776,2.314
9.896721,0.0322,-0.2168,0.7266,0.759
9.902072,-0.0098,-0.3160,0.0176,0.317
9.902512,0.1006,-0.3277,0.0850,0.353
9.905666,0.1025,-0.3018,-0.0376,0.321
9.905932,0.0479,-0.2744,0.0264,0.280
9.909586,0.3326,-0.2202,0.4087,0.571
9.909747,0.7799,-0.2012,2.3655,2.499
9.912701,0.4932,-0.2422,1.7824,1.865
9.915006,0.1255,-0.2779,0.0024,0.305
9.916207,0.0210,-0.3189,-0.6505,0.725
9.918064,0.0562,-0.2950,-0.8814,0.931
9.921283,0.1651,-0.2720,-0.6021,0.681
9.922295,0.3335,-0.2212,-0.0298,0.401
9.924844,0.5240,-0.2808,0.7174,0.932
9.926888,0.4942,-0.2749,0.9952,1.145
9.928550,0.4126,-0.2188,-0.8097,0.935
9.930726,0.4351,-0.1890,-0.9703,1.080
9.933442,0.5425,-0.1294,-0.7686,0.950
9.934927,0.6270,-0.0986,-0.6143,0.883
9.937098,0.6612,-0.1099,-1.0978,1.286
9.939140,0.7379,-0.0879,-1.0455,1.283
9.941358,0.8336,-0.0728,-0.7652,1.134
9.943444,0.9073,-0.0664,-0.7135,1.156
9.945406,0.9723,-0.0732,-0.6715,1.184
9.947537,1.0387,-0.0859,-0.3936,1.114
9.949959,1.1080,-0.0606,-0.4888,1.213
9.951890,1.3820,0.0640,0.5821,1.501
9.953921,1.5505,0.2119,1.3097,2.041
9.955948,1.5412,0.2110,1.2809,2.015
9.958325,1.4591,0.0474,0.7525,1.642
9.960149,1.4123,0.1167,0.4747,1.494
9.963346,1.4298,0.3321,1.0602,1.811
9.964395,1.4054,0.4786,1.3693,2.020
9.966570,1.4040,0.5230,1.6403,2.222
9.968413,1.3058,0.6036,1.6496,2.189
9.970360,1.1412,0.5938,1.1959,1.756
9.972462,1.0504,0.5757,1.1866,1.686
9.975082,0.9855,0.6475,1.3302,1.778
9.977160,0.8800,0.8067,1.1642,1.667
9.979515,0.7481,0.8531,1.0294,1.532
9.981700,0.6968,0.8600,0.9010,1.427
9.983777,0.6529,0.8629,0.9967,1.471
9.985808,0.5494,0.8424,0.9024,1.351
9.987862,0.4180,0.7970,0.6500,1.110
9.989654,0.3150,0.7408,0.5377,0.968
9.994113,0.2613,0.6612,0.6402,0.957
9.994528,0.2261,0.5777,0.8629,1.063
9.996130,0.1880,0.5347,1.0299,1.176
9.999034,0.1577,0.5069,1.1280,1.247
10.001543,0.1397,0.5001,1.3102,1.409
10.005599,0.1299,0.4957,1.3673,1.460
10.005888,0.1270,0.4688,1.4982,1.575
10.006320,0.1089,0.4639,1.4416,1.518
10.008533,0.0986,0.4712,1.2101,1.302
10.010561,0.1289,0.4478,1.1090,1.203
10.012944,0.1778,0.4122,1.1031,1.191
10.015034,0.2061,0.3916,1.0450,1.135
10.017161,0.2212,0.3863,0.9444,1.044
10.019337,0.2320,0.3643,0.8546,0.958
10.021439,0.2608,0.3526,0.7994,0.912
10.023902,0.2627,0.3457,0.7935,0.905
10.025927,0.2798,0.3321,0.7955,0.906
10.027891,0.2974,0.2671,0.8629,0.951
10.029960,0.3081,0.1973,0.8707,0.944
10.031931,0.3018,0.1367,0.8717,0.933
10.034106,0.2925,0.0996,0.7891,0.847
10.036169,0.3057,0.0737,0.8097,0.869
10.038263,0.3384,0.0557,0.9898,1.048
10.041982,0.3389,0.0610,0.9942,1.052
10.042563,0.3286,0.0820,0.8805,0.943
10.044676,0.3072,0.0874,0.8267,0.886
10.046556,0.2896,0.1372,0.8350,0.894
10.048839,0.2867,0.1411,0.9713,1.022
10.051086,0.2788,0.1177,0.9908,1.036
10.057096,0.2925,0.0845,0.9557,1.003
10.057352,0.2740,0.0566,0.9083,0.950
10.065599,0.2554,0.0591,0.8380,0.878
10.066155,0.2569,0.0552,0.8766,0.915
10.066312,0.2539,0.0586,0.8531,0.892
10.066420,0.2461,0.0381,0.8541,0.890
10.066527,0.2339,0.0405,0.8292,0.863
10.068333,0.2471,0.0415,0.9186,0.952
10.069981,0.2554,0.0420,0.9605,0.995
10.072013,0.2339,0.0371,0.8951,0.926
10.074120,0.2202,0.0410,0.8028,0.833
10.075952,0.2281,0.0513,0.8893,0.919
10.078302,0.2412,0.0317,0.9957,1.025
10.080044,0.2451,0.0283,1.0045,1.034
10.082186,0.2403,0.0156,0.9518,0.982
10.084743,0.2549,0.0317,0.9361,0.971
10.086541,0.2871,0.0269,1.0358,1.075
10.088637,0.2818,0.0220,1.0177,1.056
10.093604,0.2622,-0.0015,0.9278,0.964
10.093881,0.2466,-0.0386,0.8927,0.927
10.097659,0.2574,-0.0708,1.0465,1.080
10.097786,0.2652,-0.0669,1.1529,1.185
10.099329,0.2486,-0.0708,1.0944,1.124
10.104100,0.2569,-0.0630,0.9273,0.964
10.104382,0.2671,-0.0601,0.8907,0.932
10.105644,0.3213,0.0044,0.9737,1.025
10.108331,0.3379,-0.0078,1.1051,1.156
10.110292,0.3282,0.0039,1.0475,1.098
10.112854,0.3872,0.0855,0.9786,1.056
10.114038,0.4214,0.1250,1.0030,1.095
10.116365,0.3965,0.0747,1.1739,1.241
10.118177,0.3516,0.0469,1.1862,1.238
10.121129,0.3706,0.0786,1.0104,1.079
10.122446,0.3374,0.0625,0.7657,0.839
10.125640,0.2886,0.0254,0.7135,0.770
10.126542,0.3389,0.1568,0.8233,0.904
10.129619,0.3257,0.1792,0.9215,0.994
10.130543,0.2837,0.1240,0.8956,0.948
10.132647,0.2783,0.1270,0.9146,0.964
10.135322,0.2998,0.1270,0.9239,0.980
10.137010,0.3540,0.1402,0.9557,1.029
10.139257,0.3423,0.1348,0.9039,0.976
10.142130,0.2788,0.1338,0.7984,0.856
10.143682,0.2486,0.1397,0.7164,0.771
10.145459,0.2588,0.0962,0.7657,0.814
10.147702,0.2906,0.0459,0.6627,0.725
10.149984,0.3506,0.1187,0.6578,0.755
10.152691,0.3760,0.1553,0.6124,0.735
10.153917,0.4058,0.1968,0.6793,0.815
10.156150,0.3877,0.1846,0.6080,0.744
10.158377,0.3785,0.1377,0.5670,0.695
10.161388,0.3755,0.1221,0.5518,0.679
10.162416,0.3755,0.1436,0.5479,0.680
10.164538,0.3638,0.1519,0.4605,0.606
10.166520,0.3433,0.1270,0.4634,0.591
10.168588,0.3853,0.1616,0.5245,0.671
10.171064,0.4200,0.1646,0.5352,0.700
10.172970,0.4248,0.1641,0.4668,0.652
10.175221,0.4053,0.1709,0.4131,0.603
10.177947,0.4336,0.1909,0.4273,0.638
10.179295,0.4693,0.2217,0.5772,0.776
10.181441,0.4703,0.2329,0.5567,0.765
10.184007,0.4458,0.2285,0.4634,0.682
10.185603,0.4620,0.2969,0.4410,0.704
10.187669,0.4922,0.3111,0.5469,0.799
10.189818,0.5162,0.3213,0.6099,0.861
10.191970,0.5274,0.3042,0.6495,0.890
10.195043,0.5347,0.2681,0.6168,0.859
10.196131,0.5748,0.2696,0.6480,0.907
10.198216,0.5880,0.2974,0.5958,0.888
10.200875,0.5938,0.3042,0.4952,0.831
10.203020,0.6334,0.3037,0.5806,0.911
10.204593,0.6514,0.3184,0.6148,0.951
10.206445,0.6744,0.3047,0.5972,0.951
10.208497,0.7022,0.2832,0.5767,0.952
10.210924,0.7266,0.2749,0.5108,0.930
10.212743,0.7535,0.2451,0.4624,0.917
10.214887,0.7960,0.1890,0.5132,0.966
10.217086,0.8287,0.1607,0.5538,1.010
10.219451,0.8653,0.1494,0.6158,1.073
10.221608,0.8746,0.1367,0.5718,1.054
10.223522,0.8878,0.1245,0.5215,1.037
10.225721,0.9186,0.1362,0.5870,1.099
10.227846,0.9283,0.1563,0.5191,1.075
10.229885,0.9488,0.1372,0.5054,1.084
10.231983,0.9063,0.0298,0.4864,1.029
10.234191,0.9039,-0.0601,0.5660,1.068
10.236294,0.9420,-0.0894,0.8702,1.286
10.238326,0.9801,-0.1177,1.1896,1.546
10.240437,0.9366,-0.1211,1.1339,1.476
10.242827,0.9127,-0.1211,1.0563,1.401
10.244825,0.8878,-0.1387,0.9356,1.297
10.246531,0.8814,-0.1485,0.8155,1.210
10.248589,0.9112,-0.2486,1.0250,1.394
10.251129,0.9068,-0.2193,1.2785,1.583
10.253528,0.9371,-0.1621,1.6593,1.913
10.255144,0.9376,-0.0957,1.5304,1.797
10.257606,0.9093,-0.0293,1.1324,1.453
10.259403,0.9039,-0.0015,0.9571,1.316
10.261777,0.9400,-0.0015,1.1398,1.477
10.263600,0.9645,-0.0029,1.2711,1.596
10.265643,0.9537,-0.0024,1.1881,1.524
10.267771,0.9479,-0.0034,1.1193,1.467
10.270145,0.9391,-0.0044,1.0768,1.429
10.271976,0.9186,-0.0024,0.9962,1.355
10.274139,0.8932,-0.0117,0.9317,1.291
10.276326,0.8604,-0.0176,0.8595,1.216
10.278558,0.8238,-0.0352,0.8556,1.188
10.280447,0.7862,-0.0503,0.8951,1.192
10.282606,0.7359,-0.0664,0.9083,1.171
10.285217,0.6778,-0.0708,0.8463,1.087
10.286578,0.6392,-0.0635,0.8033,1.029
10.288600,0.6353,-0.0513,0.8961,1.100
10.290729,0.6466,-0.0420,1.0221,1.210
10.299457,0.6363,-0.0342,0.9171,1.117
10.300091,0.6329,-0.0391,0.8560,1.065
10.300166,0.6187,-0.0029,0.7349,0.961
10.300228,0.6275,-0.0015,0.8263,1.038
10.301594,0.6392,-0.0039,0.9200,1.120
10.303708,0.6466,-0.0259,0.9952,1.187
10.305697,0.6539,-0.0776,0.9742,1.176
10.307847,0.6539,-0.1216,0.9102,1.127
10.310406,0.6602,-0.1377,0.9015,1.126
10.313191,0.6280,-0.1382,0.8619,1.075
10.314436,0.5577,-0.1201,0.7613,0.951
10.316370,0.4825,-0.0899,0.6749,0.834
10.318565,0.4502,-0.0039,0.7476,0.873
10.320788,0.4615,0.0210,0.8043,0.928
10.322559,0.4444,-0.0049,1.0196,1.112
10.324740,0.4063,-0.0137,0.7467,0.850
10.326661,0.3369,-0.0200,0.2769,0.437
10.328742,0.2886,-0.0518,0.0083,0.293
10.331587,0.2808,-0.0703,0.2329,0.372
10.333114,0.2769,-0.0703,0.5269,0.599
10.335222,0.2456,-0.0713,0.5587,0.614
10.337532,0.1983,-0.0752,0.3745,0.430
10.339569,0.1631,-0.0859,0.2134,0.282
10.341826,0.1436,-0.1035,0.2676,0.321
10.343862,0.1387,-0.1152,0.4263,0.463
10.345786,0.1275,-0.1187,0.6168,0.641
10.348761,0.1123,-0.1069,0.6842,0.702
10.350370,0.1221,-0.0957,0.7340,0.750
10.352175,0.1255,-0.0840,0.8253,0.839
10.354250,0.1465,-0.0708,0.7657,0.783
10.356364,0.1914,-0.0537,0.8927,0.915
10.358858,0.2261,-0.0439,0.8453,0.876
10.360578,0.2666,-0.0249,0.9137,0.952
10.362763,0.2715,-0.0020,0.8297,0.873
10.364783,0.3052,0.0425,0.8346,0.890
10.366578,0.3575,0.0913,0.9063,0.979
10.368840,0.4356,0.1045,1.0401,1.133
10.370941,0.4424,0.0601,0.9938,1.089
10.372876,0.4371,-0.0151,0.8726,0.976
10.375029,0.4981,-0.0488,1.0362,1.151
10.378198,0.5831,-0.0903,1.1686,1.309
10.379644,0.6080,-0.1577,1.0768,1.247
10.381570,0.5840,-0.2271,0.8043,1.020
10.383833,0.5821,-0.2759,0.8263,1.048
10.385824,0.7125,-0.2163,1.3043,1.502
10.388025,0.8673,-0.0689,1.7160,1.924
10.390088,0.9444,-0.0044,1.8088,2.041
10.393261,0.8912,-0.0659,1.5324,1.774
10.395276,0.8160,-0.1465,1.2311,1.484
10.396478,0.7862,-0.1099,1.1134,1.367
10.398463,0.7506,-0.0708,1.1315,1.360
10.400795,0.6675,-0.0933,1.1764,1.356
10.402746,0.6759,-0.0640,1.3571,1.517
10.404873,0.7149,0.0000,1.6003,1.753
10.406626,0.6270,-0.0161,1.5158,1.640
10.409900,0.5811,0.0293,1.2887,1.414
10.411111,0.5157,0.0547,1.0592,1.179
10.413294,0.5259,0.0859,1.0841,1.208
10.415463,0.5313,0.1030,1.1022,1.228
10.418025,0.5132,0.1543,1.0172,1.150
10.419624,0.4781,0.2666,0.9015,1.055
10.421713,0.4708,0.2769,1.0094,1.148
10.423697,0.4659,0.2608,1.1422,1.261
10.426050,0.4454,0.2393,1.0919,1.203
10.429010,0.4151,0.2271,0.9459,1.058
10.430178,0.3721,0.2256,0.7716,0.886
10.432185,0.3550,0.1963,0.8326,0.926
10.434424,0.3565,0.1445,0.9547,1.029
10.437567,0.3418,0.1045,0.9229,0.990
10.438577,0.3199,0.0825,0.7735,0.841
10.440579,0.2969,0.0674,0.6695,0.735
10.442831,0.2779,0.0635,0.6685,0.727
10.445848,0.2945,0.0361,0.8136,0.866
10.446811,0.3145,0.0000,0.9278,0.980
10.448732,0.3150,-0.0142,0.8399,0.897
10.451205,0.3042,-0.0244,0.6812,0.746
10.454072,0.3047,-0.0313,0.5709,0.648
10.455594,0.3340,-0.0562,0.6480,0.731
10.457262,0.3755,-0.0903,0.7559,0.849
10.459870,0.4307,-0.0874,0.8849,0.988
10.461933,0.4498,-0.0684,0.9029,1.011
10.463871,0.4600,-0.0757,0.8873,1.002
10.465871,0.5523,-0.0776,1.1095,1.242
10.468662,0.5992,-0.0913,1.2789,1.415
10.470494,0.5074,-0.0874,0.8189,0.967
10.472259,0.4410,-0.1011,0.5547,0.716
10.474285,0.4600,-0.0776,0.6568,0.806
10.476625,0.5294,0.0298,0.8199,0.976
10.479016,0.5347,0.0527,0.8043,0.967
10.480753,0.5230,0.0444,0.6949,0.871
10.482752,0.5020,0.0151,0.6719,0.839
10.485488,0.5103,-0.0029,0.6466,0.824
10.486917,0.5250,-0.0034,0.7071,0.881
10.488942,0.5123,-0.0117,0.6158,0.801
10.491160,0.4961,-0.0005,0.4590,0.676
10.495675,0.5630,0.0576,0.6514,0.863
10.495835,0.5865,0.0864,0.8355,1.024
10.498455,0.5206,0.0576,0.5303,0.745
10.500763,0.5049,0.0523,0.4410,0.672
10.502023,0.5420,0.0850,0.6324,0.837
10.503899,0.5450,0.0884,0.6905,0.884
10.506060,0.5342,0.0825,0.5855,0.797
10.508114,0.5528,0.0791,0.5801,0.805
10.510684,0.5601,0.0684,0.5298,0.774
10.513611,0.5928,0.0562,0.4771,0.763
10.514458,0.6309,0.0361,0.5147,0.815
10.516491,0.6568,-0.0088,0.4781,0.812
10.518662,0.7159,-0.0640,0.4732,0.861
10.520906,0.7618,-0.0337,0.5381,0.933
10.522975,0.8311,0.0293,0.5718,1.009
10.524863,0.9107,0.0391,0.7335,1.170
10.526942,0.9356,-0.0039,0.7574,1.204
10.528992,0.9835,0.0205,0.8795,1.320
10.531205,0.9513,0.0073,0.7994,1.243
10.533112,0.8482,-0.0552,0.6046,1.043
10.535792,0.8062,-0.0361,0.4986,0.949
10.537551,0.7818,-0.0020,0.5147,0.936
10.539693,0.7139,-0.0635,0.5503,0.904
10.542690,0.7100,-0.1148,0.6153,0.947
10.544119,0.8463,-0.0044,0.7281,1.116
10.546072,0.9019,0.0298,0.7374,1.165
10.548142,0.9200,0.0400,0.6588,1.132
10.550123,0.9049,0.0151,0.5425,1.055
10.552664,0.8897,0.0142,0.5254,1.033
10.554423,0.8824,-0.0298,0.6080,1.072
10.556582,0.9024,-0.0542,0.7540,1.177
10.558627,0.9669,-0.0234,0.9181,1.334
10.561031,0.9728,-0.0313,0.9044,1.329
10.563212,0.9215,-0.0625,0.7266,1.175
10.565049,0.9498,-0.0640,0.7008,1.182
10.566808,1.0021,-0.0713,0.8223,1.298
10.569071,1.0284,-0.0825,0.9024,1.371
10.571522,1.0206,-0.1035,0.8990,1.364
10.573548,1.0231,-0.1201,0.9083,1.373
10.575464,1.0284,-0.1358,0.9400,1.400
10.577681,1.0528,-0.1196,0.9708,1.437
10.580309,1.0382,-0.1021,0.9327,1.399
10.581954,0.9503,-0.1065,0.8199,1.260
10.583887,0.8936,-0.0654,0.7813,1.189
10.587164,0.8648,-0.0166,0.8097,1.185
10.588321,0.8048,-0.0254,0.8316,1.158
10.590378,0.7838,-0.0073,0.8541,1.159
10.592344,0.7823,0.0337,0.8516,1.157
10.595997,0.7188,-0.0049,0.7384,1.030
10.596668,0.6632,-0.0171,0.6759,0.947
10.598910,0.6622,0.0386,0.7086,0.971
10.601132,0.7457,0.1226,0.7901,1.093
10.603226,0.7218,0.0068,0.9102,1.162
10.605771,0.6788,-0.0107,0.8512,1.089
10.607049,0.6876,0.0093,0.6876,0.972
10.609008,0.6260,-0.0225,0.4639,0.780
10.611206,0.5953,0.0059,0.4117,0.724
10.614016,0.6075,-0.0225,0.4898,0.781
10.615521,0.6334,-0.0430,0.5694,0.853
10.617753,0.6378,-0.0464,0.5157,0.821
10.620073,0.6221,-0.0825,0.4717,0.785
10.622593,0.6563,-0.0811,0.5069,0.833
10.624029,0.6983,-0.0874,0.5030,0.865
10.626492,0.7408,-0.0752,0.4717,0.881
10.628276,0.7305,-0.0830,0.4644,0.870
10.630418,0.7496,-0.0982,0.5132,0.914
10.632626,0.7755,-0.1260,0.5279,0.947
10.635419,0.8043,-0.1318,0.5181,0.966
10.636783,0.7984,-0.1665,0.5020,0.958
10.639497,0.8043,-0.1695,0.5157,0.970
10.640917,0.8131,-0.1524,0.5098,0.972
10.643167,0.8385,-0.1509,0.5137,0.995
10.646564,0.8619,-0.1719,0.5557,1.040
10.646970,0.8614,-0.1900,0.5713,1.051
10.649126,0.8976,-0.1812,0.6387,1.116
10.651704,0.9508,-0.1485,0.7721,1.234
10.654278,0.9703,-0.0986,0.8184,1.273
10.655641,0.9747,-0.1152,0.9273,1.350
10.657855,0.9518,-0.1724,0.9068,1.326
10.660650,0.9415,-0.1729,0.8609,1.287
10.662434,0.9288,-0.1275,0.8072,1.237
10.664256,0.8849,-0.1069,0.7345,1.155
10.666411,0.8365,-0.1328,0.6490,1.067
10.668550,0.8531,-0.1455,0.7027,1.115
10.670593,0.8805,-0.1299,0.7930,1.192
10.672663,0.8600,-0.1426,0.8223,1.198
10.674776,0.8331,-0.1651,0.7965,1.164
10.676944,0.8292,-0.1782,0.7677,1.144
10.679181,0.8238,-0.1709,0.7242,1.110
10.681107,0.8336,-0.1636,0.7120,1.108
10.683276,0.8643,-0.1616,0.7696,1.169
10.685455,0.8624,-0.1748,0.8189,1.202
10.687201,0.8414,-0.1934,0.8180,1.189
10.689334,0.8360,-0.1768,0.7813,1.158
10.691350,0.8302,-0.1533,0.7613,1.137
10.696505,0.8219,-0.1592,0.7750,1.141
10.696988,0.8209,-0.1738,0.8136,1.169
10.698395,0.8263,-0.1856,0.8390,1.192
10.701730,0.8184,-0.1963,0.8365,1.187
10.708209,0.8072,-0.1870,0.8223,1.167
10.708627,0.7994,-0.1655,0.8106,1.150
10.708854,0.7852,-0.1636,0.8033,1.135
10.709063,0.7779,-0.1631,0.8018,1.129
10.711189,0.7760,-0.1685,0.8116,1.135
10.713741,0.7818,-0.1724,0.8307,1.154
10.715454,0.7750,-0.1802,0.8375,1.155
10.717356,0.7598,-0.1900,0.8321,1.143
10.719370,0.7501,-0.1953,0.8326,1.138
10.721466,0.7447,-0.1914,0.8360,1.136
10.723465,0.7345,-0.1909,0.8316,1.126
10.725538,0.7271,-0.1944,0.8375,1.126
10.727266,0.7325,-0.1904,0.8687,1.152
10.729419,0.7178,-0.1875,0.8932,1.161
10.731881,0.7017,-0.1690,0.9010,1.154
10.733836,0.7008,-0.1504,0.9029,1.153
10.735892,0.6978,-0.1353,0.8946,1.143
10.738622,0.6837,-0.1211,0.8805,1.121
10.740097,0.6651,-0.1084,0.8790,1.108
10.742538,0.6495,-0.1016,0.9034,1.117
10.744305,0.6397,-0.0972,0.9293,1.132
10.746475,0.6324,-0.0918,0.9303,1.129
10.748634,0.6187,-0.0845,0.8873,1.085
10.750782,0.6094,-0.0801,0.8600,1.057
10.753167,0.6036,-0.0772,0.8751,1.066
10.755513,0.5977,-0.0752,0.9107,1.092
10.757043,0.5884,-0.0693,0.9337,1.106
10.760437,0.5777,-0.0679,0.9444,1.109
10.761975,0.5660,-0.0649,0.9093,1.073
10.763544,0.5567,-0.0537,0.8639,1.029
10.765658,0.5543,-0.0420,0.8536,1.019
10.767374,0.5572,-0.0444,0.9200,1.077
10.769461,0.5567,-0.0479,0.9591,1.110
10.771619,0.5469,-0.0469,0.7984,0.969
10.773623,0.5386,-0.0493,0.6846,0.873
10.776318,0.5337,-0.0532,0.6495,0.842
10.777844,0.5284,-0.0562,0.6641,0.851
10.780510,0.5206,-0.0542,0.6890,0.865
10.782422,0.5074,-0.0459,0.7183,0.881
10.784602,0.4913,-0.0347,0.7213,0.873
10.787490,0.4732,-0.0249,0.7081,0.852
10.788880,0.4595,-0.0205,0.6920,0.831
10.790995,0.4488,-0.0161,0.6871,0.821
10.793058,0.4375,-0.0117,0.6934,0.820
10.796778,0.4278,-0.0083,0.7066,0.826
10.798204,0.4165,-0.0049,0.6929,0.809
10.799770,0.4068,-0.0029,0.6705,0.784
10.803630,0.3990,0.0005,0.6651,0.776
10.803761,0.3936,0.0054,0.6636,0.772
10.807290,0.3892,0.0054,0.6617,0.768
10.807595,0.3863,0.0005,0.6588,0.764
10.809347,0.3868,-0.0015,0.6607,0.766
10.811899,0.3882,-0.0010,0.6627,0.768
10.814613,0.3892,-0.0020,0.6632,0.769
10.815955,0.3912,-0.0039,0.6690,0.775
10.818048,0.3965,-0.0034,0.6783,0.786
10.821484,0.4058,0.0020,0.6846,0.796
10.822682,0.4263,0.0054,0.7584,0.870
10.824436,0.4454,0.0078,0.8111,0.925
10.827770,0.4639,0.0293,0.8404,0.960
10.828947,0.4781,0.0405,0.9034,1.023
10.830863,0.4898,0.0073,0.9894,1.104
10.832935,0.4805,-0.0215,0.9781,1.090
10.836168,0.4585,-0.0303,0.9210,1.029
10.837511,0.4463,-0.0376,0.8966,1.002
10.840256,0.4507,-0.0508,0.9132,1.020
10.841829,0.4649,-0.0645,0.9332,1.045
10.844162,0.4854,-0.0679,0.9337,1.055
10.845780,0.5059,-0.0645,0.9205,1.052
10.848151,0.5201,-0.0674,0.9098,1.050
10.849430,0.5250,-0.0767,0.9005,1.045
10.852164,0.5250,-0.0874,0.8946,1.041
10.854356,0.5245,-0.0933,0.8985,1.045
10.855813,0.5264,-0.0982,0.9039,1.051
10.858559,0.5298,-0.1069,0.9054,1.054
10.861059,0.5372,-0.1113,0.9005,1.054
10.862576,0.5474,-0.1099,0.8902,1.051
10.864589,0.5577,-0.1074,0.8800,1.047
10.866596,0.5626,-0.1089,0.8707,1.042
10.869287,0.5640,-0.1157,0.8658,1.040
10.871084,0.5670,-0.1192,0.8712,1.046
10.873095,0.5738,-0.1172,0.8814,1.058
10.875297,0.5792,-0.1216,0.8829,1.063
10.877433,0.5816,-0.1289,0.8795,1.062
10.879264,0.5860,-0.1304,0.8809,1.066
10.881612,0.5933,-0.1279,0.8858,1.074
10.883631,0.5982,-0.1299,0.8936,1.083
10.885919,0.6011,-0.1348,0.8980,1.089
10.887834,0.6075,-0.1333,0.9049,1.098
10.890062,0.6143,-0.1299,0.9093,1.105
10.891884,0.6168,-0.1279,0.9112,1.108
10.894164,0.6173,-0.1284,0.9137,1.110
10.897271,0.6187,-0.1265,0.9220,1.118
10.898362,0.6168,-0.1206,0.9283,1.121
10.900392,0.6124,-0.1182,0.9293,1.119
10.904855,0.6055,-0.1182,0.9283,1.115
10.905280,0.5997,-0.1152,0.9288,1.112
10.907002,0.5928,-0.1109,0.9317,1.110
10.909634,0.5855,-0.1079,0.9298,1.104
10.916584,0.5757,-0.1065,0.9254,1.095
10.917075,0.5665,-0.1035,0.9205,1.086
10.917266,0.5474,-0.0942,0.9151,1.071
10.917613,0.5127,-0.1011,0.9073,1.047
10.919907,0.4849,-0.1187,0.9146,1.042
10.921477,0.4761,-0.1196,0.9269,1.049
10.924009,0.4888,-0.1040,0.9283,1.054
10.925802,0.5093,-0.0884,0.9146,1.051
10.927894,0.5210,-0.0806,0.9024,1.045
10.930220,0.5245,-0.0757,0.8971,1.042
10.931692,0.5196,-0.0728,0.9015,1.043
10.933729,0.5118,-0.0703,0.9107,1.047
10.936078,0.5030,-0.0698,0.9190,1.050
10.938779,0.4922,-0.0728,0.9239,1.049
10.940291,0.4849,-0.0772,0.9249,1.047
10.942499,0.4878,-0.0742,0.9205,1.044
10.944479,0.4996,-0.0625,0.9127,1.042
10.946627,0.5103,-0.0547,0.9019,1.038
10.949014,0.5152,-0.0562,0.9068,1.044
10.950894,0.5162,-0.0581,0.9225,1.059
10.953326,0.5157,-0.0557,0.8956,1.035
10.955417,0.5059,-0.0596,0.8648,1.004
10.957259,0.4957,-0.0654,0.8531,0.989
10.959354,0.5020,-0.0645,0.8604,0.998
10.961780,0.5269,-0.0664,0.9034,1.048
10.963777,0.5303,-0.0566,0.8243,0.982
10.965857,0.5098,-0.0674,0.7100,0.877
10.967514,0.5015,-0.0884,0.6485,0.825
10.970286,0.5230,-0.0820,0.6373,0.828
10.972120,0.5420,-0.0566,0.6378,0.839
10.974245,0.5474,-0.0459,0.6456,0.848
10.976164,0.5479,-0.0454,0.6500,0.851
10.978413,0.5543,-0.0347,0.6446,0.851
10.980508,0.5601,-0.0298,0.6290,0.843
10.982644,0.5611,-0.0298,0.6168,0.834
10.985615,0.5601,-0.0269,0.6080,0.827
10.986779,0.5650,-0.0186,0.6138,0.834
10.988997,0.5728,-0.0137,0.6304,0.852
10.991139,0.5796,-0.0117,0.6417,0.865
10.993136,0.5777,-0.0093,0.6339,0.858
10.997331,0.5582,-0.0142,0.6236,0.837
10.997792,0.5367,-0.0225,0.6705,0.859
10.999504,0.5284,-0.0171,0.7100,0.885
11.002436,0.5308,-0.0078,0.7423,0.913
11.007345,0.5333,0.0010,0.7935,0.956
11.007657,0.5474,0.0122,0.8458,1.008
11.007759,0.5665,0.0044,0.8878,1.053
11.009626,0.5709,-0.0181,0.9019,1.068
11.011803,0.5557,-0.0366,0.8795,1.041
11.013897,0.5333,-0.0474,0.8722,1.023
11.015927,0.5162,-0.0552,0.8853,1.026
11.018459,0.5069,-0.0635,0.8936,1.029
11.020738,0.5132,-0.0689,0.8941,1.033
11.022885,0.5240,-0.0732,0.8995,1.044
11.025336,0.5391,-0.0747,0.9122,1.062
11.026940,0.5494,-0.0752,0.9176,1.072
11.028881,0.5508,-0.0811,0.9102,1.067
11.031009,0.5460,-0.0899,0.9019,1.058
11.033351,0.5406,-0.0952,0.9005,1.055
11.035201,0.5396,-0.0962,0.9059,1.059
11.038028,0.5455,-0.0972,0.9063,1.062
11.039528,0.5474,-0.0982,0.8985,1.057
11.041930,0.5420,-0.1006,0.8922,1.049
11.043776,0.5357,-0.1045,0.8936,1.047
11.046150,0.5337,-0.1060,0.8976,1.050
11.047640,0.5342,-0.1089,0.8995,1.052
11.050010,0.5347,-0.1113,0.8990,1.052
11.053111,0.5328,-0.1118,0.8995,1.051
11.054675,0.5313,-0.1099,0.9000,1.051
11.056344,0.5313,-0.1079,0.9010,1.052
11.058536,0.5308,-0.1055,0.9015,1.051
11.061167,0.5352,-0.1025,0.9029,1.055
11.063185,0.5396,-0.0991,0.9063,1.059
11.064825,0.5430,-0.0957,0.9112,1.065
11.067419,0.5455,-0.0942,0.9137,1.068
11.070380,0.5479,-0.0928,0.9151,1.071
11.072464,0.5513,-0.0894,0.9166,1.073
11.073321,0.5538,-0.0850,0.9151,1.073
11.075503,0.5518,-0.0820,0.9122,1.069
11.078099,0.5372,-0.0796,0.9073,1.057
11.081846,0.5162,-0.0874,0.9073,1.048
11.082281,0.5040,-0.0928,0.9146,1.048
11.083704,0.5030,-0.0894,0.9200,1.052
11.086252,0.5084,-0.0825,0.9142,1.049
11.087950,0.5157,-0.0767,0.9019,1.042
11.089647,0.5235,-0.0664,0.8897,1.034
11.091904,0.5274,-0.0601,0.8902,1.036
11.093827,0.5264,-0.0615,0.8863,1.033
11.096264,0.5259,-0.0596,0.8736,1.021
11.098438,0.5245,-0.0542,0.8673,1.015
11.100611,0.5274,-0.0542,0.8624,1.012
11.104319,0.5352,-0.0518,0.8516,1.007
11.105351,0.5479,-0.0469,0.8394,1.004
11.107413,0.5587,-0.0435,0.8316,1.003
11.108954,0.5635,-0.0444,0.8292,1.004
11.112452,0.5694,-0.0474,0.8429,1.018
11.114142,0.5709,-0.0537,0.8595,1.033
11.115519,0.5567,-0.0596,0.8028,0.979
11.117334,0.5425,-0.0557,0.7403,0.920
11.119788,0.5377,-0.0684,0.7105,0.894
11.122128,0.5396,-0.0752,0.6929,0.881
11.123809,0.5489,-0.0645,0.6807,0.877
11.125854,0.5518,-0.0586,0.6837,0.881
11.128355,0.5503,-0.0537,0.6866,0.882
11.130829,0.5484,-0.0469,0.6807,0.875
11.132378,0.5479,-0.0420,0.6812,0.875
11.134277,0.5484,-0.0366,0.6905,0.883
11.137032,0.5489,-0.0293,0.7017,0.891
11.138832,0.5450,-0.0239,0.7242,0.907
11.140470,0.5406,-0.0230,0.7525,0.927
11.143355,0.5347,-0.0210,0.7774,0.944
11.145302,0.5259,-0.0176,0.7999,0.957
11.147113,0.5191,-0.0195,0.8214,0.972
11.148938,0.5181,-0.0244,0.8424,0.989
11.151056,0.5220,-0.0322,0.8595,1.006
11.153541,0.5210,-0.0425,0.8770,1.021
11.155651,0.5123,-0.0527,0.8809,1.020
11.157296,0.5020,-0.0606,0.8726,1.009
11.159355,0.4976,-0.0659,0.8668,1.002
11.161859,0.5049,-0.0684,0.8731,1.011
11.163810,0.5167,-0.0698,0.8844,1.027
11.165937,0.5289,-0.0703,0.8902,1.038
11.167679,0.5386,-0.0703,0.8893,1.042
11.170227,0.5464,-0.0679,0.8863,1.043
11.172147,0.5503,-0.0679,0.8824,1.042
11.174045,0.5523,-0.0703,0.8785,1.040
11.176228,0.5533,-0.0713,0.8746,1.037
11.178604,0.5513,-0.0723,0.8702,1.033
11.180770,0.5499,-0.0742,0.8658,1.028
11.182761,0.5464,-0.0767,0.8624,1.024
11.184917,0.5435,-0.0796,0.8590,1.020
11.187468,0.5396,-0.0825,0.8565,1.016
11.189235,0.5357,-0.0869,0.8570,1.014
11.191188,0.5323,-0.0903,0.8590,1.015
11.193298,0.5294,-0.0918,0.8609,1.015
11.197764,0.5264,-0.0933,0.8614,1.014
11.198172,0.5259,-0.0942,0.8629,1.015
11.199798,0.5279,-0.0928,0.8663,1.019
11.204049,0.5337,-0.0884,0.8707,1.025
11.208345,0.5391,-0.0845,0.8746,1.031
11.208637,0.5445,-0.0811,0.8805,1.038
11.208747,0.5484,-0.0767,0.8834,1.043
11.209842,0.5508,-0.0728,0.8839,1.044
11.213293,0.5518,-0.0693,0.8853,1.046
11.214851,0.5508,-0.0679,0.8868,1.046
11.216444,0.5484,-0.0640,0.8853,1.043
11.218626,0.5455,-0.0615,0.8849,1.041
11.222421,0.5416,-0.0601,0.8814,1.036
11.222693,0.5386,-0.0586,0.8775,1.031
11.224894,0.5328,-0.0581,0.8741,1.025
11.227318,0.5284,-0.0591,0.8707,1.020
11.229236,0.5254,-0.0596,0.8648,1.014
11.231250,0.5240,-0.0591,0.8600,1.009
11.233329,0.5235,-0.0581,0.8565,1.006
11.235488,0.5240,-0.0581,0.8516,1.002
11.237568,0.5269,-0.0586,0.8477,1.000
11.239807,0.5318,-0.0591,0.8453,1.000
11.242089,0.5362,-0.0591,0.8433,1.001
11.243978,0.5401,-0.0601,0.8414,1.002
11.246111,0.5435,-0.0606,0.8399,1.002
11.248015,0.5460,-0.0615,0.8419,1.005
11.249997,0.5503,-0.0630,0.8448,1.010
11.252136,0.5547,-0.0654,0.8497,1.017
11.254271,0.5533,-0.0684,0.8287,0.999
11.256406,0.5489,-0.0708,0.8057,0.978
11.258671,0.5464,-0.0718,0.7916,0.965
11.260836,0.5469,-0.0713,0.7823,0.957
11.262994,0.5455,-0.0698,0.7721,0.948
11.265461,0.5435,-0.0684,0.7677,0.943
11.267199,0.5416,-0.0625,0.7652,0.940
11.269284,0.5401,-0.0566,0.7647,0.938
11.271639,0.5381,-0.0527,0.7672,0.939
11.273652,0.5367,-0.0493,0.7711,0.941
11.275468,0.5352,-0.0449,0.7799,0.947
11.277668,0.5342,-0.0396,0.7930,0.957
11.279884,0.5313,-0.0371,0.8067,0.967
11.282028,0.5284,-0.0356,0.8194,0.976
11.283952,0.5240,-0.0366,0.8292,0.982
11.286213,0.5201,-0.0396,0.8380,0.987
11.288334,0.5176,-0.0430,0.8433,0.990
11.290653,0.5157,-0.0488,0.8512,0.996
11.292374,0.5127,-0.0513,0.8507,0.995
11.294508,0.5132,-0.0547,0.8507,0.995
11.297634,0.5191,-0.0562,0.8507,0.998
11.299665,0.5264,-0.0576,0.8536,1.005
11.302971,0.5333,-0.0591,0.8580,1.012
11.303628,0.5401,-0.0591,0.8600,1.017
11.309995,0.5445,-0.0596,0.8600,1.020
11.310313,0.5479,-0.0610,0.8595,1.021
11.310428,0.5513,-0.0625,0.8570,1.021
11.312331,0.5543,-0.0649,0.8541,1.020
11.313805,0.5557,-0.0669,0.8536,1.021
11.315667,0.5557,-0.0689,0.8531,1.020
11.317439,0.5533,-0.0713,0.8521,1.018
11.319862,0.5503,-0.0737,0.8512,1.016
11.321809,0.5460,-0.0772,0.8497,1.013
11.324378,0.5416,-0.0796,0.8497,1.011
11.325849,0.5386,-0.0806,0.8492,1.009
11.327939,0.5367,-0.0820,0.8482,1.007
11.330303,0.5367,-0.0820,0.8502,1.009
11.332368,0.5372,-0.0806,0.8516,1.010
11.334298,0.5381,-0.0786,0.8531,1.012
11.336406,0.5386,-0.0772,0.8560,1.014
11.338908,0.5401,-0.0757,0.8600,1.018
11.342009,0.5420,-0.0728,0.8629,1.022
11.343145,0.5420,-0.0693,0.8668,1.025
11.346213,0.5411,-0.0664,0.8692,1.026
11.347385,0.5406,-0.0645,0.8697,1.026
11.349333,0.5381,-0.0630,0.8717,1.026
11.351400,0.5372,-0.0620,0.8722,1.026
11.354297,0.5333,-0.0610,0.8712,1.023
11.355889,0.5298,-0.0606,0.8702,1.021
11.358569,0.5259,-0.0606,0.8692,1.018
11.360081,0.5240,-0.0606,0.8673,1.015
11.362539,0.5220,-0.0606,0.8648,1.012
11.364312,0.5210,-0.0606,0.8624,1.009
11.366505,0.5215,-0.0601,0.8590,1.007
11.368016,0.5250,-0.0601,0.8575,1.007
11.370903,0.5264,-0.0606,0.8551,1.006
11.373083,0.5294,-0.0606,0.8531,1.006
11.374779,0.5313,-0.0620,0.8507,1.005
11.376779,0.5357,-0.0615,0.8477,1.005
11.379465,0.5391,-0.0625,0.8468,1.006
11.380990,0.5420,-0.0640,0.8463,1.007
11.383254,0.5445,-0.0640,0.8443,1.007
11.385135,0.5460,-0.0649,0.8433,1.007
11.388172,0.5469,-0.0659,0.8409,1.005
11.389602,0.5474,-0.0679,0.8448,1.009
11.392300,0.5474,-0.0698,0.8390,1.004
11.393993,0.5450,-0.0698,0.8248,0.991
11.396421,0.5416,-0.0689,0.8160,0.982
11.397974,0.5430,-0.0689,0.8126,0.980
11.400046,0.5435,-0.0664,0.8062,0.975
11.402002,0.5430,-0.0635,0.8033,0.972
11.407054,0.5420,-0.0615,0.8004,0.969
11.407441,0.5435,-0.0581,0.7989,0.968
11.412506,0.5425,-0.0557,0.7979,0.967
11.412682,0.5420,-0.0537,0.7999,0.968
11.412831,0.5396,-0.0503,0.8009,0.967
11.420973,0.5381,-0.0483,0.8072,0.971
11.421754,0.5372,-0.0459,0.8140,0.976
11.421895,0.5362,-0.0469,0.8204,0.981
11.422015,0.5337,-0.0464,0.8267,0.985
11.423060,0.5303,-0.0474,0.8331,0.989
11.425043,0.5294,-0.0483,0.8394,0.994
11.427217,0.5294,-0.0503,0.8468,1.000
11.429264,0.5284,-0.0518,0.8521,1.004
11.431305,0.5294,-0.0527,0.8560,1.008
11.433462,0.5313,-0.0542,0.8590,1.011
11.435795,0.5308,-0.0566,0.8600,1.012
11.438058,0.5328,-0.0586,0.8614,1.015
11.440021,0.5347,-0.0601,0.8624,1.016
11.442244,0.5342,-0.0606,0.8614,1.015
11.444192,0.5347,-0.0630,0.8609,1.015
11.446528,0.5372,-0.0640,0.8590,1.015
11.448454,0.5386,-0.0649,0.8570,1.014
11.450437,0.5386,-0.0664,0.8541,1.012
11.452662,0.5381,-0.0684,0.8512,1.009
11.454886,0.5372,-0.0693,0.8502,1.008
11.457762,0.5372,-0.0708,0.8497,1.008
11.459377,0.5367,-0.0718,0.8492,1.007
11.460941,0.5362,-0.0732,0.8473,1.005
11.463235,0.5367,-0.0747,0.8473,1.006
11.465285,0.5377,-0.0737,0.8477,1.007
11.467562,0.5391,-0.0728,0.8502,1.009
11.469527,0.5401,-0.0713,0.8516,1.011
11.471874,0.5401,-0.0703,0.8521,1.011
11.473921,0.5401,-0.0698,0.8536,1.013
11.475995,0.5401,-0.0679,0.8565,1.015
11.478433,0.5396,-0.0669,0.8546,1.013
11.480150,0.5391,-0.0649,0.8526,1.011
11.482414,0.5381,-0.0630,0.8512,1.009
11.484316,0.5372,-0.0606,0.8487,1.006
11.486133,0.5352,-0.0586,0.8468,1.003
11.488275,0.5342,-0.0571,0.8443,1.001
11.490365,0.5333,-0.0557,0.8414,0.998
11.492564,0.5328,-0.0557,0.8394,0.996
11.495045,0.5318,-0.0547,0.8380,0.994
11.499103,0.5323,-0.0537,0.8350,0.992
11.499583,0.5318,-0.0523,0.8326,0.989
11.501327,0.5333,-0.0527,0.8307,0.988
11.503743,0.5323,-0.0523,0.8287,0.986
11.511329,0.5328,-0.0532,0.8267,0.985
11.511737,0.5357,-0.0532,0.8253,0.985
11.511911,0.5367,-0.0537,0.8277,0.988
11.513679,0.5377,-0.0542,0.8282,0.989
11.513934,0.5381,-0.0547,0.8292,0.990
11.515734,0.5377,-0.0566,0.8302,0.991
11.518127,0.5381,-0.0576,0.8311,0.992
11.520082,0.5396,-0.0586,0.8331,0.994
11.522553,0.5401,-0.0591,0.8341,0.995
11.525132,0.5406,-0.0601,0.8365,0.998
11.526655,0.5396,-0.0615,0.8380,0.999
11.528284,0.5391,-0.0630,0.8394,1.000
11.531456,0.5391,-0.0640,0.8414,1.001
11.532924,0.5396,-0.0640,0.8448,1.004
11.534887,0.5391,-0.0645,0.8468,1.006
11.536886,0.5386,-0.0645,0.8487,1.007
11.540031,0.5381,-0.0649,0.8497,1.008
11.541208,0.5372,-0.0659,0.8507,1.008
11.543575,0.5377,-0.0664,0.8526,1.010
11.545348,0.5372,-0.0664,0.8536,1.011
11.547916,0.5377,-0.0664,0.8536,1.011
11.550363,0.5367,-0.0654,0.8560,1.012
11.552017,0.5367,-0.0654,0.8565,1.013
11.554711,0.5357,-0.0640,0.8556,1.011
11.556567,0.5352,-0.0635,0.8556,1.011
11.558079,0.5367,-0.0635,0.8560,1.012
11.560148,0.5357,-0.0640,0.8546,1.011
11.562990,0.5352,-0.0630,0.8526,1.009
11.564749,0.5333,-0.0635,0.8497,1.005
11.566268,0.5352,-0.0630,0.8487,1.005
11.568364,0.5357,-0.0620,0.8458,1.003
11.570315,0.5362,-0.0615,0.8448,1.002
11.573054,0.5377,-0.0606,0.8443,1.003
11.574615,0.5381,-0.0601,0.8419,1.001
11.576904,0.5372,-0.0601,0.8390,0.998
11.579560,0.5367,-0.0591,0.8360,0.995
11.581340,0.5381,-0.0596,0.8341,0.994
11.583522,0.5377,-0.0586,0.8336,0.994
11.585556,0.5396,-0.0591,0.8321,0.994
11.588358,0.5396,-0.0591,0.8302,0.992
11.590196,0.5406,-0.0586,0.8307,0.993
11.591770,0.5401,-0.0581,0.8302,0.992
11.593897,0.5391,-0.0581,0.8316,0.993
11.596358,0.5386,-0.0576,0.8336,0.994
11.598584,0.5386,-0.0566,0.8321,0.993
11.600414,0.5381,-0.0571,0.8326,0.993
11.602463,0.5381,-0.0571,0.8355,0.995
11.606925,0.5367,-0.0576,0.8375,0.996
11.607357,0.5347,-0.0586,0.8394,0.997
11.609016,0.5352,-0.0581,0.8404,0.998
11.611199,0.5342,-0.0591,0.8424,0.999
11.616096,0.5342,-0.0591,0.8448,1.001
11.616499,0.5337,-0.0596,0.8453,1.001
11.617191,0.5337,-0.0601,0.8473,1.003
11.619524,0.5342,-0.0601,0.8473,1.003
11.621702,0.5342,-0.0610,0.8473,1.003
11.623834,0.5347,-0.0630,0.8477,1.004
11.625967,0.5352,-0.0635,0.8482,1.005
11.627736,0.5357,-0.0640,0.8492,1.006
11.629846,0.5362,-0.0645,0.8482,1.006
11.632198,0.5352,-0.0645,0.8482,1.005
11.633834,0.5367,-0.0649,0.8487,1.006
11.636538,0.5381,-0.0645,0.8507,1.009
11.638645,0.5381,-0.0645,0.8492,1.007
11.640331,0.5377,-0.0645,0.8468,1.005
11.642344,0.5372,-0.0649,0.8468,1.005
11.644522,0.5377,-0.0654,0.8463,1.005
11.646893,0.5367,-0.0640,0.8463,1.004
11.649005,0.5372,-0.0640,0.8463,1.004
11.650590,0.5386,-0.0635,0.8463,1.005
11.652566,0.5377,-0.0625,0.8463,1.005
11.654935,0.5386,-0.0620,0.8453,1.004
11.657082,0.5377,-0.0610,0.8448,1.003
11.659468,0.5381,-0.0606,0.8443,1.003
11.662379,0.5372,-0.0601,0.8438,1.002
11.663857,0.5372,-0.0586,0.8429,1.001
11.665581,0.5372,-0.0576,0.8409,0.999
11.667704,0.5357,-0.0581,0.8409,0.999
11.669780,0.5357,-0.0586,0.8404,0.998
11.671919,0.5342,-0.0591,0.8404,0.998
11.674021,0.5323,-0.0601,0.8394,0.996
11.676096,0.5323,-0.0620,0.8390,0.995
11.678177,0.5328,-0.0625,0.8399,0.997
11.680180,0.5342,-0.0615,0.8394,0.997
11.682512,0.5367,-0.0606,0.8404,0.999
11.684491,0.5391,-0.0606,0.8404,1.000
11.686475,0.5416,-0.0586,0.8399,1.001
11.688501,0.5430,-0.0571,0.8404,1.002
11.692117,0.5430,-0.0566,0.8409,1.003
11.693332,0.5416,-0.0576,0.8409,1.002
11.695238,0.5381,-0.0596,0.8399,0.999
11.699018,0.5372,-0.0615,0.8390,0.998
11.699596,0.5367,-0.0620,0.8375,0.997
11.701338,0.5381,-0.0630,0.8365,0.997
11.703855,0.5377,-0.0625,0.8346,0.995
11.709620,0.5391,-0.0625,0.8336,0.995
11.709967,0.5386,-0.0615,0.8355,0.996
11.710070,0.5386,-0.0625,0.8380,0.998
11.711924,0.5372,-0.0635,0.8414,1.000
11.714468,0.5362,-0.0630,0.8463,1.004
11.716403,0.5357,-0.0630,0.8502,1.007
11.719069,0.5367,-0.0610,0.8516,1.008
11.720208,0.5381,-0.0601,0.8526,1.010
11.723120,0.5386,-0.0596,0.8531,1.011
11.724621,0.5381,-0.0586,0.8536,1.011
11.726321,0.5362,-0.0596,0.8546,1.011
11.728348,0.5337,-0.0606,0.8570,1.011
11.730405,0.5303,-0.0625,0.8585,1.011
11.732696,0.5279,-0.0630,0.8575,1.009
11.734780,0.5269,-0.0630,0.8551,1.006
11.736858,0.5274,-0.0630,0.8521,1.004
11.739546,0.5284,-0.0625,0.8482,1.001
11.742666,0.5289,-0.0630,0.8443,0.998
11.743511,0.5303,-0.0635,0.8424,0.997
11.745728,0.5328,-0.0630,0.8399,0.997
11.747656,0.5352,-0.0625,0.8380,0.996
11.749842,0.5372,-0.0615,0.8380,0.997
11.752247,0.5381,-0.0615,0.8380,0.998
11.754033,0.5406,-0.0615,0.8360,0.997
11.756248,0.5401,-0.0615,0.8341,0.996
11.758388,0.5411,-0.0630,0.8326,0.995
11.760316,0.5416,-0.0620,0.8326,0.995
11.762547,0.5420,-0.0620,0.8321,0.995
11.764644,0.5420,-0.0620,0.8321,0.995
11.766646,0.5420,-0.0610,0.8331,0.996
11.768760,0.5425,-0.0606,0.8336,0.996
11.770643,0.5420,-0.0591,0.8355,0.998
11.773261,0.5411,-0.0581,0.8365,0.998
11.775381,0.5406,-0.0586,0.8390,1.000
11.777399,0.5391,-0.0571,0.8424,1.002
11.779663,0.5381,-0.0566,0.8443,1.003
11.781776,0.5377,-0.0557,0.8473,1.005
11.785300,0.5372,-0.0552,0.8487,1.006
11.786364,0.5377,-0.0557,0.8512,1.008
11.788726,0.5357,-0.0566,0.8526,1.009
11.790405,0.5337,-0.0571,0.8536,1.008
11.791973,0.5333,-0.0576,0.8536,1.008
11.794543,0.5323,-0.0596,0.8531,1.007
11.796618,0.5318,-0.0601,0.8526,1.007
11.798430,0.5308,-0.0596,0.8507,1.004
11.800351,0.5318,-0.0610,0.8482,1.003
11.802766,0.5318,-0.0625,0.8482,1.003
11.805296,0.5318,-0.0630,0.8468,1.002
11.808485,0.5337,-0.0640,0.8438,1.001
11.808905,0.5352,-0.0645,0.8424,1.000
11.810578,0.5362,-0.0640,0.8409,0.999
11.813557,0.5372,-0.0645,0.8390,0.998
11.820417,0.5377,-0.0645,0.8365,0.996
11.820815,0.5367,-0.0645,0.8360,0.996
11.821027,0.5372,-0.0640,0.8355,0.995
11.823167,0.5386,-0.0645,0.8350,0.996
11.825062,0.5391,-0.0645,0.8355,0.996
11.825772,0.5391,-0.0635,0.8355,0.996
11.829062,0.5396,-0.0625,0.8360,0.997
11.832672,0.5391,-0.0620,0.8375,0.998
11.832944,0.5386,-0.0606,0.8390,0.999
11.834722,0.5396,-0.0606,0.8414,1.001
11.836225,0.5381,-0.0596,0.8438,1.003
11.838630,0.5381,-0.0586,0.8443,1.003
11.840351,0.5381,-0.0581,0.8463,1.005
11.842511,0.5386,-0.0576,0.8473,1.006
11.844733,0.5381,-0.0566,0.8473,1.005
11.848903,0.5377,-0.0562,0.8477,1.005
11.849345,0.5377,-0.0571,0.8477,1.005
11.850954,0.5367,-0.0576,0.8477,1.005
11.853087,0.5367,-0.0562,0.8468,1.004
11.855284,0.5362,-0.0562,0.8458,1.003
11.857418,0.5362,-0.0571,0.8438,1.001
11.859555,0.5357,-0.0581,0.8433,1.001
11.861663,0.5357,-0.0586,0.8414,0.999
11.864467,0.5362,-0.0586,0.8394,0.998
11.866161,0.5372,-0.0591,0.8390,0.998
11.867849,0.5377,-0.0596,0.8390,0.998
11.869863,0.5381,-0.0620,0.8385,0.998
11.872527,0.5381,-0.0620,0.8390,0.999
11.874533,0.5372,-0.0620,0.8380,0.997
11.876239,0.5377,-0.0625,0.8385,0.998
11.878365,0.5377,-0.0635,0.8385,0.998
11.881060,0.5377,-0.0635,0.8414,1.001
11.882843,0.5367,-0.0640,0.8424,1.001
11.884670,0.5357,-0.0640,0.8438,1.002
11.886435,0.5342,-0.0630,0.8438,1.001
11.889079,0.5342,-0.0620,0.8438,1.001
11.890973,0.5342,-0.0625,0.8458,1.002
11.892819,0.5342,-0.0630,0.8468,1.003
11.894837,0.5347,-0.0625,0.8477,1.004
11.897498,0.5342,-0.0615,0.8492,1.005
11.899451,0.5333,-0.0606,0.8492,1.005
11.901546,0.5328,-0.0596,0.8487,1.004
11.903492,0.5333,-0.0601,0.8468,1.002
11.907756,0.5337,-0.0606,0.8463,1.002
11.908177,0.5347,-0.0606,0.8463,1.003
11.913905,0.5347,-0.0601,0.8458,1.002
11.914133,0.5347,-0.0606,0.8453,1.002
11.920804,0.5347,-0.0601,0.8443,1.001
11.921121,0.5342,-0.0615,0.8443,1.001
11.921231,0.5342,-0.0615,0.8443,1.001
11.921337,0.5347,-0.0615,0.8419,0.999
11.924021,0.5357,-0.0615,0.8429,1.001
11.925118,0.5372,-0.0610,0.8433,1.002
11.926549,0.5377,-0.0610,0.8424,1.001
11.928483,0.5381,-0.0606,0.8429,1.002
11.931421,0.5386,-0.0610,0.8424,1.002
11.933115,0.5386,-0.0610,0.8409,1.000
11.935261,0.5396,-0.0620,0.8399,1.000
11.937212,0.5406,-0.0620,0.8394,1.000
11.940294,0.5411,-0.0610,0.8399,1.001
11.941371,0.5401,-0.0606,0.8419,1.002
11.943806,0.5396,-0.0620,0.8409,1.001
11.945928,0.5391,-0.0625,0.8399,1.000
11.948262,0.5381,-0.0620,0.8414,1.001
11.950320,0.5377,-0.0625,0.8429,1.002
11.952360,0.5372,-0.0610,0.8433,1.002
11.954344,0.5362,-0.0615,0.8429,1.001
11.956457,0.5357,-0.0615,0.8414,0.999
11.958476,0.5362,-0.0606,0.8424,1.000
11.960686,0.5377,-0.0606,0.8419,1.001
11.962682,0.5381,-0.0615,0.8433,1.002
11.964774,0.5377,-0.0606,0.8438,1.002
11.966602,0.5362,-0.0606,0.8443,1.002
11.968632,0.5367,-0.0610,0.8448,1.003
11.970623,0.5367,-0.0606,0.8458,1.004
11.973345,0.5357,-0.0606,0.8477,1.005
11.974909,0.5362,-0.0610,0.8477,1.005
11.977396,0.5367,-0.0615,0.8463,1.004
11.979622,0.5352,-0.0615,0.8458,1.003
11.981685,0.5342,-0.0615,0.8443,1.001
11.983720,0.5337,-0.0615,0.8429,1.000
11.985809,0.5337,-0.0620,0.8443,1.001
11.987891,0.5347,-0.0610,0.8448,1.002
11.990921,0.5352,-0.0615,0.8448,1.002
11.992218,0.5347,-0.0630,0.8443,1.001
11.994579,0.5347,-0.0635,0.8429,1.000
11.996263,0.5347,-0.0635,0.8419,0.999
11.999790,0.5347,-0.0630,0.8438,1.001
12.000518,0.5357,-0.0625,0.8433,1.001
12.005002,0.5372,-0.0615,0.8433,1.002
12.005405,0.5372,-0.0606,0.8414,1.000
12.010233,0.5377,-0.0606,0.8404,1.000
12.010484,0.5377,-0.0601,0.8414,1.000
12.011527,0.5377,-0.0610,0.8419,1.001
12.013182,0.5377,-0.0620,0.8424,1.001
12.016237,0.5381,-0.0625,0.8419,1.001
12.017400,0.5372,-0.0625,0.8429,1.001
12.019569,0.5362,-0.0620,0.8419,1.000
12.022106,0.5357,-0.0615,0.8404,0.999
12.024046,0.5377,-0.0615,0.8404,1.000
12.025831,0.5377,-0.0610,0.8419,1.001
12.028184,0.5372,-0.0601,0.8414,1.000
12.030579,0.5367,-0.0601,0.8419,1.000
12.032185,0.5372,-0.0596,0.8424,1.001
12.034248,0.5367,-0.0601,0.8424,1.001
12.036396,0.5381,-0.0601,0.8419,1.001
12.038366,0.5377,-0.0596,0.8433,1.002
12.041113,0.5377,-0.0606,0.8443,1.003
12.043127,0.5367,-0.0610,0.8453,1.003
12.044778,0.5367,-0.0601,0.8453,1.003
12.046531,0.5372,-0.0606,0.8448,1.003
12.049067,0.5377,-0.0610,0.8429,1.002
12.050758,0.5372,-0.0610,0.8414,1.000
12.053142,0.5372,-0.0610,0.8429,1.001
12.055160,0.5377,-0.0625,0.8433,1.002
12.057641,0.5372,-0.0625,0.8424,1.001
12.060004,0.5367,-0.0625,0.8419,1.000
12.061932,0.5372,-0.0615,0.8419,1.001
12.065830,0.5362,-0.0615,0.8419,1.000
12.066251,0.5372,-0.0615,0.8433,1.002
12.068188,0.5372,-0.0615,0.8429,1.001
12.070232,0.5372,-0.0620,0.8433,1.002
12.073268,0.5357,-0.0625,0.8433,1.001
12.074438,0.5362,-0.0620,0.8443,1.002
12.077154,0.5342,-0.0615,0.8438,1.001
12.078920,0.5352,-0.0615,0.8448,1.002
12.081356,0.5352,-0.0620,0.8458,1.003
12.083379,0.5347,-0.0625,0.8433,1.001
12.084832,0.5357,-0.0620,0.8429,1.001
12.086915,0.5352,-0.0615,0.8448,1.002
12.089768,0.5342,-0.0615,0.8443,1.001
12.091480,0.5337,-0.0606,0.8448,1.001
12.093287,0.5337,-0.0606,0.8443,1.001
12.095627,0.5337,-0.0610,0.8424,0.999
12.098164,0.5347,-0.0606,0.8424,1.000
12.100010,0.5342,-0.0601,0.8429,1.000
12.102220,0.5357,-0.0601,0.8429,1.000
12.104006,0.5367,-0.0601,0.8414,1.000
12.108468,0.5362,-0.0586,0.8414,0.999
12.108877,0.5362,-0.0596,0.8409,0.999
12.110422,0.5367,-0.0596,0.8404,0.999
12.112728,0.5362,-0.0601,0.8394,0.998
12.115838,0.5372,-0.0606,0.8409,1.000
12.120352,0.5381,-0.0606,0.8409,1.000
12.120651,0.5381,-0.0610,0.8414,1.001
12.120752,0.5386,-0.0625,0.8419,1.001
12.123301,0.5396,-0.0620,0.8409,1.001
12.124807,0.5386,-0.0635,0.8399,1.000
12.127020,0.5396,-0.0645,0.8404,1.001
12.128840,0.5406,-0.0640,0.8419,1.003
12.131126,0.5406,-0.0635,0.8419,1.003
12.133328,0.5416,-0.0625,0.8424,1.003
12.135823,0.5416,-0.0625,0.8424,1.003
12.137550,0.5411,-0.0610,0.8429,1.003
12.141443,0.5401,-0.0606,0.8429,1.003
12.141869,0.5396,-0.0601,0.8433,1.003
12.143868,0.5372,-0.0610,0.8438,1.002
12.146379,0.5352,-0.0615,0.8453,1.002
12.150269,0.5337,-0.0620,0.8458,1.002
12.150706,0.5333,-0.0620,0.8438,1.000
12.152381,0.5323,-0.0625,0.8424,0.998
12.154576,0.5313,-0.0620,0.8424,0.998
12.157024,0.5323,-0.0620,0.8433,0.999
12.158877,0.5323,-0.0610,0.8443,1.000
12.160693,0.5333,-0.0615,0.8468,1.003
12.163162,0.5347,-0.0615,0.8453,1.002
12.165060,0.5347,-0.0596,0.8448,1.002
12.167067,0.5362,-0.0596,0.8463,1.004
12.169119,0.5377,-0.0596,0.8473,1.005
12.171653,0.5362,-0.0596,0.8473,1.004
12.173520,0.5362,-0.0610,0.8473,1.005
12.176133,0.5367,-0.0615,0.8473,1.005
12.177611,0.5367,-0.0610,0.8443,1.002
12.179985,0.5357,-0.0625,0.8429,1.001
12.182015,0.5357,-0.0640,0.8419,1.000
12.183926,0.5362,-0.0635,0.8443,1.002
12.186084,0.5372,-0.0645,0.8453,1.004
12.188294,0.5377,-0.0645,0.8438,1.003
12.190248,0.5367,-0.0630,0.8424,1.001
12.194567,0.5367,-0.0625,0.8409,1.000
12.194753,0.5372,-0.0615,0.8404,0.999
12.196876,0.5386,-0.0620,0.8424,1.002
12.200445,0.5377,-0.0625,0.8438,1.003
12.200871,0.5377,-0.0615,0.8433,1.002
12.207025,0.5386,-0.0620,0.8424,1.002
12.207403,0.5381,-0.0606,0.8409,1.000
12.207658,0.5362,-0.0601,0.8404,0.999
12.215323,0.5352,-0.0601,0.8394,0.997
12.215993,0.5352,-0.0596,0.8399,0.998
12.216179,0.5352,-0.0591,0.8399,0.998
12.216276,0.5352,-0.0591,0.8409,0.999
12.217947,0.5357,-0.0591,0.8414,0.999
12.219890,0.5352,-0.0586,0.8394,0.997
12.221813,0.5367,-0.0596,0.8399,0.999
12.224101,0.5362,-0.0606,0.8409,0.999
12.226392,0.5372,-0.0601,0.8429,1.001
12.228246,0.5367,-0.0596,0.8443,1.002
12.231940,0.5372,-0.0596,0.8443,1.002
12.232547,0.5381,-0.0606,0.8453,1.004
12.236687,0.5386,-0.0606,0.8443,1.003
12.237006,0.5391,-0.0610,0.8438,1.003
12.238859,0.5386,-0.0601,0.8433,1.002
12.241126,0.5381,-0.0610,0.8443,1.003
12.243346,0.5372,-0.0615,0.8443,1.003
12.245030,0.5377,-0.0615,0.8453,1.004
12.247006,0.5372,-0.0615,0.8448,1.003
12.251897,0.5377,-0.0625,0.8448,1.003
12.252330,0.5386,-0.0630,0.8453,1.004
12.253450,0.5377,-0.0635,0.8473,1.005
12.255571,0.5372,-0.0640,0.8477,1.006
12.257881,0.5372,-0.0635,0.8473,1.005
12.260012,0.5372,-0.0630,0.8477,1.006
12.262193,0.5377,-0.0630,0.8473,1.005
12.264617,0.5367,-0.0615,0.8468,1.004
12.266690,0.5367,-0.0615,0.8458,1.004
12.268413,0.5362,-0.0615,0.8453,1.003
12.270357,0.5367,-0.0635,0.8448,1.003
12.272493,0.5367,-0.0630,0.8453,1.003
12.274865,0.5367,-0.0630,0.8468,1.004
12.276857,0.5357,-0.0615,0.8463,1.003
12.278906,0.5357,-0.0596,0.8438,1.001
12.281460,0.5352,-0.0606,0.8429,1.000
12.283648,0.5367,-0.0596,0.8414,1.000
12.285302,0.5362,-0.0596,0.8390,0.997
12.286995,0.5362,-0.0596,0.8370,0.996
12.289113,0.5362,-0.0596,0.8375,0.996
12.291485,0.5367,-0.0596,0.8375,0.996
12.293670,0.5372,-0.0591,0.8370,0.996
12.295460,0.5367,-0.0591,0.8365,0.996
12.297556,0.5377,-0.0596,0.8375,0.997
12.300782,0.5381,-0.0586,0.8390,0.998
12.302669,0.5381,-0.0596,0.8399,0.999
12.305466,0.5372,-0.0586,0.8394,0.998
12.311690,0.5381,-0.0586,0.8394,0.999
12.311975,0.5386,-0.0596,0.8394,0.999
12.312076,0.5377,-0.0601,0.8404,0.999
12.312789,0.5386,-0.0601,0.8409,1.000
12.315512,0.5391,-0.0606,0.8404,1.000
12.317297,0.5386,-0.0606,0.8404,1.000
12.318872,0.5372,-0.0591,0.8424,1.001
12.321015,0.5377,-0.0601,0.8443,1.003
12.323980,0.5381,-0.0596,0.8448,1.003
12.325368,0.5372,-0.0601,0.8468,1.005
12.327357,0.5367,-0.0615,0.8473,1.005
12.329128,0.5352,-0.0610,0.8473,1.004
12.331570,0.5342,-0.0610,0.8477,1.004
12.334338,0.5342,-0.0615,0.8477,1.004
12.335869,0.5342,-0.0620,0.8458,1.002
12.337940,0.5333,-0.0630,0.8468,1.003
12.340473,0.5333,-0.0635,0.8482,1.004
12.342032,0.5342,-0.0630,0.8482,1.004
12.344249,0.5342,-0.0630,0.8468,1.003
12.346153,0.5362,-0.0630,0.8463,1.004
12.348512,0.5367,-0.0625,0.8453,1.003
12.351512,0.5372,-0.0630,0.8458,1.004
12.352897,0.5386,-0.0635,0.8448,1.004
12.354707,0.5391,-0.0620,0.8433,1.003
12.357201,0.5391,-0.0625,0.8419,1.002
12.358837,0.5391,-0.0620,0.8404,1.000
12.361199,0.5391,-0.0615,0.8404,1.000
12.363193,0.5401,-0.0615,0.8404,1.001
12.365813,0.5391,-0.0615,0.8394,1.000
12.367875,0.5377,-0.0610,0.8394,0.999
12.369278,0.5372,-0.0601,0.8380,0.997
12.371356,0.5367,-0.0596,0.8380,0.997
12.373815,0.5352,-0.0596,0.8390,0.997
12.375567,0.5347,-0.0586,0.8390,0.997
12.377697,0.5357,-0.0581,0.8385,0.997
12.380066,0.5352,-0.0571,0.8390,0.997
12.381866,0.5352,-0.0576,0.8385,0.996
12.384636,0.5347,-0.0576,0.8399,0.997
12.386613,0.5347,-0.0581,0.8409,0.998
12.388428,0.5347,-0.0586,0.8424,0.999
12.390703,0.5357,-0.0591,0.8429,1.000
12.393025,0.5352,-0.0581,0.8443,1.001
12.394511,0.5357,-0.0596,0.8473,1.004
12.396771,0.5362,-0.0606,0.8477,1.005
12.401536,0.5362,-0.0615,0.8487,1.006
12.401943,0.5362,-0.0615,0.8487,1.006
12.403669,0.5357,-0.0610,0.8487,1.005
12.406389,0.5342,-0.0615,0.8487,1.005
12.408650,0.5337,-0.0625,0.8492,1.005
12.413427,0.5337,-0.0640,0.8482,1.004
12.413703,0.5342,-0.0630,0.8482,1.004
12.413800,0.5342,-0.0630,0.8468,1.003
12.415712,0.5342,-0.0620,0.8448,1.001
12.417816,0.5352,-0.0630,0.8453,1.002
12.419997,0.5352,-0.0630,0.8433,1.001
12.422033,0.5357,-0.0625,0.8419,1.000
12.424170,0.5362,-0.0620,0.8414,1.000
12.427036,0.5352,-0.0615,0.8404,0.998
12.428668,0.5362,-0.0620,0.8409,0.999
12.430720,0.5372,-0.0615,0.8419,1.001
12.432815,0.5377,-0.0620,0.8424,1.001
12.434871,0.5386,-0.0615,0.8433,1.003
12.436898,0.5381,-0.0615,0.8433,1.002
12.438991,0.5386,-0.0615,0.8429,1.002
12.441298,0.5386,-0.0620,0.8443,1.003
12.444041,0.5381,-0.0610,0.8448,1.004
12.445467,0.5377,-0.0606,0.8448,1.003
12.447244,0.5377,-0.0610,0.8458,1.004
12.449445,0.5381,-0.0606,0.8443,1.003
12.452083,0.5381,-0.0596,0.8458,1.004
12.453552,0.5377,-0.0591,0.8448,1.003
12.455570,0.5372,-0.0591,0.8438,1.002
12.458116,0.5367,-0.0596,0.8443,1.002
12.460285,0.5362,-0.0596,0.8443,1.002
12.462305,0.5377,-0.0591,0.8429,1.001
12.464239,0.5362,-0.0601,0.8429,1.001
12.466482,0.5352,-0.0601,0.8424,1.000
12.468720,0.5347,-0.0606,0.8429,1.000
12.471165,0.5347,-0.0610,0.8419,0.999
12.472734,0.5352,-0.0620,0.8409,0.999
12.474898,0.5362,-0.0620,0.8419,1.000
12.476956,0.5357,-0.0625,0.8404,0.999
12.479125,0.5357,-0.0615,0.8394,0.998
12.481218,0.5362,-0.0615,0.8390,0.998
12.483381,0.5367,-0.0620,0.8404,0.999
12.485434,0.5367,-0.0615,0.8399,0.999
12.487430,0.5362,-0.0615,0.8414,1.000
12.489248,0.5357,-0.0620,0.8433,1.001
12.493275,0.5357,-0.0625,0.8438,1.001
12.493996,0.5352,-0.0620,0.8448,1.002
12.496069,0.5347,-0.0615,0.8468,1.003
12.497848,0.5357,-0.0615,0.8477,1.005
12.501867,0.5357,-0.0620,0.8473,1.004
12.502281,0.5342,-0.0615,0.8458,1.002
12.505207,0.5347,-0.0606,0.8463,1.003
12.506560,0.5357,-0.0610,0.8473,1.004
12.512258,0.5367,-0.0615,0.8468,1.004
12.512653,0.5362,-0.0606,0.8458,1.003
12.513291,0.5357,-0.0601,0.8458,1.003
12.515021,0.5372,-0.0606,0.8453,1.003
12.517116,0.5362,-0.0606,0.8458,1.003
12.519087,0.5362,-0.0606,0.8433,1.001
12.521660,0.5352,-0.0615,0.8448,1.002
12.523276,0.5357,-0.0615,0.8438,1.001
12.525554,0.5357,-0.0615,0.8433,1.001
12.527518,0.5367,-0.0615,0.8424,1.001
12.529443,0.5372,-0.0615,0.8404,0.999
12.532183,0.5362,-0.0610,0.8394,0.998
12.535455,0.5367,-0.0615,0.8409,0.999
12.535906,0.5362,-0.0606,0.8399,0.998
12.538414,0.5377,-0.0606,0.8404,1.000
12.541427,0.5367,-0.0601,0.8390,0.998
12.543821,0.5372,-0.0601,0.8380,0.997
12.544461,0.5377,-0.0596,0.8394,0.999
12.546684,0.5372,-0.0596,0.8394,0.998
12.550673,0.5377,-0.0601,0.8404,0.999
12.551162,0.5377,-0.0591,0.8399,0.999
12.553027,0.5372,-0.0596,0.8390,0.998
12.555071,0.5357,-0.0596,0.8414,0.999
12.557470,0.5357,-0.0596,0.8409,0.999
12.559425,0.5352,-0.0596,0.8419,0.999
12.561258,0.5347,-0.0596,0.8424,1.000
12.563401,0.5347,-0.0591,0.8424,1.000
12.565705,0.5357,-0.0591,0.8424,1.000
12.567450,0.5367,-0.0601,0.8424,1.001
12.569288,0.5357,-0.0606,0.8419,1.000
12.571669,0.5367,-0.0610,0.8424,1.001
12.573986,0.5362,-0.0606,0.8429,1.001
12.576025,0.5367,-0.0606,0.8419,1.000
12.578735,0.5377,-0.0610,0.8419,1.001
12.580128,0.5372,-0.0615,0.8443,1.003
12.582304,0.5377,-0.0620,0.8448,1.003
12.584394,0.5377,-0.0615,0.8448,1.003
12.586507,0.5372,-0.0606,0.8448,1.003
12.588732,0.5377,-0.0625,0.8433,1.002
12.591384,0.5372,-0.0615,0.8448,1.003
12.593280,0.5381,-0.0620,0.8453,1.004
12.595017,0.5367,-0.0640,0.8448,1.003
12.597194,0.5367,-0.0630,0.8429,1.001
12.600236,0.5372,-0.0630,0.8429,1.001
12.601541,0.5367,-0.0630,0.8438,1.002
12.603738,0.5362,-0.0630,0.8433,1.001
12.605524,0.5372,-0.0625,0.8433,1.002
12.607592,0.5372,-0.0620,0.8443,1.003
12.610582,0.5381,-0.0615,0.8448,1.004
12.612729,0.5377,-0.0601,0.8443,1.003
12.613962,0.5362,-0.0606,0.8448,1.002
12.616192,0.5367,-0.0586,0.8443,1.002
12.619778,0.5367,-0.0576,0.8443,1.002
12.620172,0.5362,-0.0591,0.8448,1.002
12.622519,0.5347,-0.0571,0.8453,1.002
12.624411,0.5318,-0.0566,0.8433,0.999
12.627679,0.5308,-0.0591,0.8419,0.997
12.628614,0.5279,-0.0615,0.8409,0.995
12.630810,0.5269,-0.0649,0.8419,0.995
12.632980,0.5279,-0.0664,0.8433,0.997
12.635209,0.5308,-0.0659,0.8438,0.999
12.637078,0.5347,-0.0645,0.8429,1.000
12.640400,0.5411,-0.0645,0.8424,1.003
12.641657,0.5445,-0.0601,0.8404,1.003
12.643551,0.5460,-0.0610,0.8409,1.004
12.645834,0.5464,-0.0596,0.8424,1.006
12.647478,0.5450,-0.0586,0.8443,1.007
12.651257,0.5425,-0.0591,0.8458,1.007
12.651916,0.5396,-0.0601,0.8463,1.005
12.654071,0.5367,-0.0615,0.8453,1.003
12.656180,0.5367,-0.0610,0.8414,1.000
12.659640,0.5352,-0.0640,0.8419,1.000
12.660556,0.5337,-0.0625,0.8414,0.998
12.662607,0.5333,-0.0630,0.8419,0.999
12.664684,0.5313,-0.0645,0.8424,0.998
12.666914,0.5318,-0.0620,0.8433,0.999
12.669928,0.5323,-0.0615,0.8453,1.001
12.670927,0.5337,-0.0601,0.8477,1.004
12.673113,0.5352,-0.0581,0.8477,1.004
12.675362,0.5367,-0.0586,0.8477,1.005
12.677946,0.5386,-0.0576,0.8482,1.006
12.679410,0.5377,-0.0571,0.8463,1.004
12.681640,0.5381,-0.0596,0.8448,1.003
12.683814,0.5377,-0.0601,0.8433,1.002
12.685697,0.5367,-0.0596,0.8424,1.001
12.687645,0.5362,-0.0596,0.8424,1.000
12.689611,0.5347,-0.0610,0.8419,0.999
12.691970,0.5337,-0.0615,0.8414,0.998
12.694015,0.5328,-0.0625,0.8399,0.997
12.695918,0.5328,-0.0620,0.8394,0.996
12.698228,0.5323,-0.0630,0.8394,0.996
12.700404,0.5328,-0.0620,0.8390,0.996
12.703837,0.5352,-0.0610,0.8394,0.997
12.704966,0.5352,-0.0601,0.8409,0.999
12.706771,0.5362,-0.0601,0.8414,1.000
12.710900,0.5362,-0.0596,0.8429,1.001
12.711310,0.5357,-0.0596,0.8438,1.001
12.713030,0.5362,-0.0601,0.8438,1.002
12.715313,0.5372,-0.0606,0.8438,1.002
12.720496,0.5377,-0.0610,0.8448,1.003
12.720804,0.5377,-0.0610,0.8438,1.002
12.722775,0.5381,-0.0615,0.8458,1.004
12.723573,0.5372,-0.0615,0.8453,1.003
12.727403,0.5367,-0.0610,0.8458,1.004
12.727641,0.5357,-0.0620,0.8458,1.003
12.729482,0.5367,-0.0606,0.8448,1.003
12.731998,0.5362,-0.0610,0.8438,1.002
12.735158,0.5372,-0.0610,0.8443,1.003
12.736285,0.5377,-0.0606,0.8438,1.002
12.738157,0.5372,-0.0610,0.8433,1.002
12.740442,0.5391,-0.0615,0.8433,1.003
12.743037,0.5396,-0.0620,0.8433,1.003
12.745062,0.5396,-0.0630,0.8438,1.004
12.746734,0.5381,-0.0620,0.8438,1.003
12.748955,0.5386,-0.0620,0.8414,1.001
12.751718,0.5381,-0.0630,0.8424,1.002
12.753457,0.5372,-0.0640,0.8438,1.002
12.755320,0.5362,-0.0630,0.8453,1.003
12.757321,0.5367,-0.0625,0.8453,1.003
12.759553,0.5357,-0.0620,0.8453,1.003
12.761873,0.5352,-0.0615,0.8433,1.001
12.763601,0.5347,-0.0606,0.8438,1.001
12.765789,0.5347,-0.0601,0.8433,1.000
12.767524,0.5347,-0.0591,0.8429,1.000
12.769862,0.5357,-0.0591,0.8438,1.001
12.771903,0.5352,-0.0591,0.8424,1.000
12.773876,0.5342,-0.0591,0.8414,0.998
12.776376,0.5342,-0.0591,0.8414,0.998
12.778696,0.5337,-0.0596,0.8414,0.998
12.780405,0.5342,-0.0591,0.8399,0.997
12.783032,0.5337,-0.0586,0.8409,0.998
12.785451,0.5342,-0.0591,0.8414,0.998
12.786996,0.5342,-0.0596,0.8419,0.999
12.788969,0.5352,-0.0591,0.8409,0.999
12.794216,0.5352,-0.0596,0.8409,0.999
12.794653,0.5357,-0.0606,0.8409,0.999
12.796551,0.5352,-0.0601,0.8419,0.999
12.797311,0.5362,-0.0606,0.8424,1.000
12.806910,0.5377,-0.0601,0.8424,1.001
12.807375,0.5377,-0.0601,0.8424,1.001
12.807504,0.5386,-0.0606,0.8429,1.002
12.807633,0.5381,-0.0610,0.8429,1.002
12.808010,0.5381,-0.0601,0.8433,1.002
12.809862,0.5381,-0.0606,0.8453,1.004
12.812319,0.5372,-0.0615,0.8458,1.004
12.814124,0.5362,-0.0620,0.8443,1.002
12.816555,0.5367,-0.0630,0.8448,1.003
12.819987,0.5372,-0.0630,0.8458,1.004
12.820624,0.5372,-0.0635,0.8458,1.004
12.822875,0.5372,-0.0630,0.8448,1.003
12.825701,0.5372,-0.0630,0.8443,1.003
12.826863,0.5377,-0.0615,0.8443,1.003
12.828863,0.5372,-0.0620,0.8443,1.003
12.830951,0.5362,-0.0606,0.8438,1.002
12.833497,0.5372,-0.0610,0.8419,1.001
12.835466,0.5367,-0.0606,0.8419,1.000
12.837423,0.5362,-0.0610,0.8424,1.000
12.839413,0.5357,-0.0610,0.8424,1.000
12.841937,0.5357,-0.0615,0.8433,1.001
12.843642,0.5352,-0.0606,0.8419,0.999
12.845914,0.5352,-0.0610,0.8414,0.999
12.847544,0.5357,-0.0610,0.8438,1.001
12.850074,0.5357,-0.0606,0.8433,1.001
12.852028,0.5362,-0.0596,0.8433,1.001
12.854066,0.5352,-0.0601,0.8433,1.001
12.856176,0.5357,-0.0606,0.8429,1.001
12.860185,0.5357,-0.0601,0.8429,1.000
12.861270,0.5357,-0.0601,0.8433,1.001
12.862678,0.5357,-0.0606,0.8424,1.000
12.864680,0.5362,-0.0606,0.8424,1.000
12.867909,0.5362,-0.0601,0.8424,1.000
12.868999,0.5352,-0.0610,0.8429,1.000
12.871148,0.5352,-0.0615,0.8414,0.999
12.873184,0.5357,-0.0601,0.8419,1.000
12.875459,0.5347,-0.0610,0.8429,1.000
12.877461,0.5352,-0.0610,0.8438,1.001
12.879490,0.5357,-0.0615,0.8433,1.001
12.881275,0.5362,-0.0615,0.8433,1.001
12.883712,0.5372,-0.0615,0.8429,1.001
12.885730,0.5377,-0.0620,0.8429,1.002
12.887603,0.5372,-0.0615,0.8448,1.003
12.889643,0.5377,-0.0620,0.8463,1.005
12.892151,0.5386,-0.0620,0.8473,1.006
12.894726,0.5386,-0.0615,0.8468,1.005
12.896295,0.5377,-0.0610,0.8458,1.004
12.898380,0.5372,-0.0610,0.8453,1.003
12.901065,0.5386,-0.0620,0.8453,1.004
12.902757,0.5377,-0.0620,0.8448,1.003
12.904670,0.5367,-0.0610,0.8448,1.003
12.907020,0.5362,-0.0620,0.8438,1.002
12.910383,0.5347,-0.0615,0.8448,1.002
12.912645,0.5342,-0.0601,0.8448,1.001
12.913178,0.5342,-0.0606,0.8453,1.002
12.915512,0.5347,-0.0610,0.8458,1.003
12.919065,0.5337,-0.0615,0.8448,1.001
12.919538,0.5337,-0.0610,0.8463,1.002
12.921725,0.5342,-0.0606,0.8453,1.002
12.923588,0.5347,-0.0606,0.8429,1.000
12.925876,0.5337,-0.0606,0.8429,0.999
12.927809,0.5337,-0.0606,0.8414,0.998
12.929691,0.5347,-0.0606,0.8404,0.998
12.932308,0.5347,-0.0601,0.8399,0.998
12.935021,0.5347,-0.0596,0.8394,0.997
12.936392,0.5362,-0.0606,0.8375,0.996
12.938503,0.5362,-0.0601,0.8390,0.997
12.940558,0.5367,-0.0596,0.8390,0.998
12.942712,0.5377,-0.0601,0.8394,0.999
12.944911,0.5377,-0.0606,0.8390,0.998
12.947135,0.5372,-0.0610,0.8414,1.000
12.949732,0.5377,-0.0606,0.8433,1.002
12.953342,0.5381,-0.0601,0.8429,1.002
12.953745,0.5372,-0.0615,0.8443,1.003
12.955598,0.5377,-0.0610,0.8458,1.004
12.957584,0.5372,-0.0606,0.8453,1.003
12.959422,0.5362,-0.0610,0.8468,1.004
12.961824,0.5352,-0.0610,0.8468,1.004
12.963758,0.5367,-0.0601,0.8463,1.004
12.965895,0.5357,-0.0601,0.8453,1.003
12.967995,0.5362,-0.0606,0.8448,1.002
12.970013,0.5357,-0.0610,0.8443,1.002
12.972394,0.5362,-0.0610,0.8458,1.003
12.974398,0.5362,-0.0606,0.8458,1.003
12.976761,0.5362,-0.0615,0.8443,1.002
12.978612,0.5352,-0.0615,0.8443,1.002
12.981323,0.5357,-0.0610,0.8433,1.001
12.982832,0.5357,-0.0615,0.8443,1.002
12.986317,0.5352,-0.0610,0.8433,1.001
12.987461,0.5357,-0.0630,0.8438,1.001
12.990431,0.5367,-0.0625,0.8443,1.002
12.991197,0.5357,-0.0615,0.8438,1.001
12.994618,0.5367,-0.0625,0.8424,1.001
12.995419,0.5381,-0.0606,0.8414,1.001
12.997783,0.5377,-0.0596,0.8414,1.000
12.999551,0.5372,-0.0591,0.8409,1.000
13.002260,0.5357,-0.0591,0.8404,0.998
13.003718,0.5347,-0.0601,0.8409,0.998
13.005895,0.5357,-0.0596,0.8399,0.998
13.009526,0.5352,-0.0601,0.8399,0.998
13.009772,0.5337,-0.0591,0.8414,0.998
13.012367,0.5328,-0.0591,0.8414,0.998
13.014094,0.5323,-0.0591,0.8404,0.997
13.016365,0.5318,-0.0581,0.8409,0.997
13.018703,0.5323,-0.0581,0.8409,0.997
13.020946,0.5318,-0.0591,0.8433,0.999
13.022871,0.5333,-0.0576,0.8433,0.999
13.024770,0.5342,-0.0581,0.8438,1.000
13.027138,0.5337,-0.0586,0.8438,1.000
13.029395,0.5357,-0.0601,0.8458,1.003
13.031306,0.5367,-0.0601,0.8468,1.004
13.033237,0.5357,-0.0606,0.8468,1.004
13.038682,0.5362,-0.0625,0.8477,1.005
13.039181,0.5357,-0.0635,0.8482,1.005
13.039738,0.5352,-0.0640,0.8482,1.005
13.041749,0.5347,-0.0649,0.8482,1.005
13.044275,0.5357,-0.0654,0.8473,1.005
13.046133,0.5367,-0.0659,0.8458,1.004
13.047906,0.5377,-0.0654,0.8448,1.004
13.049819,0.5391,-0.0654,0.8448,1.004
13.052505,0.5391,-0.0659,0.8438,1.004
13.054477,0.5396,-0.0649,0.8453,1.005
13.056685,0.5401,-0.0645,0.8473,1.007
13.059101,0.5420,-0.0640,0.8463,1.007
13.060902,0.5420,-0.0630,0.8453,1.006
13.063168,0.5416,-0.0610,0.8453,1.006
13.065205,0.5425,-0.0610,0.8453,1.006
13.067888,0.5411,-0.0615,0.8453,1.006
13.069630,0.5406,-0.0601,0.8463,1.006
13.071449,0.5381,-0.0606,0.8463,1.005
13.073436,0.5357,-0.0601,0.8458,1.003
13.076524,0.5337,-0.0596,0.8448,1.001
13.077596,0.5313,-0.0596,0.8448,1.000
13.079664,0.5308,-0.0591,0.8429,0.998
13.081918,0.5313,-0.0576,0.8419,0.997
13.084235,0.5313,-0.0576,0.8419,0.997
13.087806,0.5308,-0.0581,0.8429,0.998
13.088043,0.5323,-0.0571,0.8429,0.998
13.089899,0.5333,-0.0571,0.8414,0.998
13.092444,0.5342,-0.0571,0.8414,0.998
13.095474,0.5342,-0.0576,0.8409,0.998
13.096250,0.5342,-0.0581,0.8404,0.998
13.098693,0.5342,-0.0596,0.8409,0.998
13.100806,0.5342,-0.0606,0.8404,0.998
13.105425,0.5357,-0.0615,0.8404,0.999
13.105772,0.5367,-0.0620,0.8404,0.999
13.107124,0.5352,-0.0635,0.8399,0.998
13.109127,0.5357,-0.0635,0.8404,0.999
13.111403,0.5372,-0.0630,0.8404,0.999
13.113822,0.5367,-0.0630,0.8414,1.000
13.115601,0.5372,-0.0625,0.8419,1.001
13.117983,0.5381,-0.0625,0.8414,1.001
13.119746,0.5386,-0.0615,0.8414,1.001
13.122024,0.5396,-0.0606,0.8429,1.003
13.124233,0.5396,-0.0606,0.8424,1.002
13.127515,0.5396,-0.0610,0.8433,1.003
13.128070,0.5391,-0.0620,0.8463,1.005
13.130097,0.5377,-0.0606,0.8473,1.005
13.132546,0.5367,-0.0610,0.8473,1.005
13.134851,0.5367,-0.0601,0.8482,1.006
13.136771,0.5367,-0.0615,0.8492,1.006
13.138771,0.5362,-0.0615,0.8497,1.007
13.140892,0.5352,-0.0620,0.8507,1.007
13.143247,0.5362,-0.0620,0.8507,1.007
13.145257,0.5372,-0.0606,0.8497,1.007
13.147443,0.5367,-0.0630,0.8507,1.008
13.149356,0.5381,-0.0606,0.8492,1.007
13.152879,0.5377,-0.0610,0.8487,1.007
13.153631,0.5367,-0.0606,0.8477,1.005
13.155732,0.5357,-0.0610,0.8468,1.004
13.157780,0.5357,-0.0615,0.8458,1.003
13.160038,0.5342,-0.0615,0.8433,1.000
13.162263,0.5337,-0.0610,0.8404,0.997
13.164033,0.5333,-0.0620,0.8390,0.996
13.166328,0.5337,-0.0615,0.8390,0.996
13.168504,0.5347,-0.0601,0.8394,0.997
13.171855,0.5352,-0.0625,0.8404,0.998
13.172232,0.5347,-0.0601,0.8390,0.997
13.174444,0.5333,-0.0620,0.8404,0.997
13.176873,0.5347,-0.0615,0.8414,0.999
13.180160,0.5347,-0.0596,0.8404,0.998
13.180968,0.5357,-0.0610,0.8390,0.997
13.183143,0.5367,-0.0606,0.8390,0.998
13.185242,0.5372,-0.0596,0.8404,0.999
13.187532,0.5362,-0.0591,0.8404,0.999
13.189377,0.5367,-0.0576,0.8414,1.000
13.191544,0.5367,-0.0591,0.8419,1.000
13.193532,0.5377,-0.0581,0.8429,1.001
13.195772,0.5362,-0.0596,0.8429,1.001
13.197812,0.5347,-0.0601,0.8448,1.002
13.199949,0.5352,-0.0581,0.8448,1.002
13.204016,0.5362,-0.0591,0.8443,1.002
13.204416,0.5367,-0.0596,0.8438,1.002
13.206078,0.5372,-0.0591,0.8429,1.001
13.209899,0.5372,-0.0596,0.8419,1.000
13.210116,0.5362,-0.0606,0.8414,1.000
13.216796,0.5357,-0.0620,0.8453,1.003
13.217162,0.5362,-0.0625,0.8453,1.003
13.217267,0.5377,-0.0615,0.8448,1.003
13.219438,0.5377,-0.0610,0.8438,1.002
13.221880,0.5377,-0.0620,0.8429,1.002
13.223907,0.5401,-0.0615,0.8433,1.003
13.225017,0.5401,-0.0615,0.8429,1.003
13.227565,0.5381,-0.0625,0.8404,1.000
13.229604,0.5372,-0.0625,0.8390,0.998
13.231517,0.5377,-0.0615,0.8390,0.998
13.233558,0.5381,-0.0601,0.8390,0.999
13.235703,0.5372,-0.0601,0.8380,0.997
13.238046,0.5367,-0.0601,0.8385,0.997
13.240624,0.5372,-0.0606,0.8385,0.998
13.242209,0.5377,-0.0591,0.8394,0.999
13.244072,0.5367,-0.0591,0.8409,0.999
13.246108,0.5347,-0.0601,0.8429,1.000
13.248157,0.5337,-0.0601,0.8458,1.002
13.250352,0.5342,-0.0601,0.8453,1.002
13.252250,0.5337,-0.0596,0.8468,1.003
13.254509,0.5342,-0.0591,0.8487,1.005
13.256685,0.5333,-0.0596,0.8473,1.003
13.258975,0.5333,-0.0596,0.8468,1.002
13.261921,0.5342,-0.0601,0.8458,1.002
13.263370,0.5352,-0.0601,0.8453,1.002
13.265549,0.5352,-0.0610,0.8468,1.004
13.267367,0.5342,-0.0610,0.8463,1.003
13.269474,0.5352,-0.0601,0.8448,1.002
13.271811,0.5352,-0.0596,0.8443,1.001
13.273734,0.5342,-0.0606,0.8409,0.998
13.275941,0.5342,-0.0615,0.8390,0.997
13.278235,0.5352,-0.0610,0.8385,0.997
13.280147,0.5367,-0.0601,0.8375,0.997
13.282156,0.5381,-0.0596,0.8375,0.997
13.284286,0.5391,-0.0601,0.8380,0.998
13.286137,0.5381,-0.0606,0.8370,0.997
13.288299,0.5386,-0.0615,0.8394,0.999
13.291081,0.5381,-0.0606,0.8394,0.999
13.293927,0.5386,-0.0615,0.8399,1.000
13.294873,0.5391,-0.0625,0.8409,1.001
13.296957,0.5386,-0.0625,0.8424,1.002
13.299045,0.5396,-0.0615,0.8438,1.004
13.301503,0.5401,-0.0610,0.8458,1.005
13.303569,0.5396,-0.0620,0.8482,1.007
13.305297,0.5396,-0.0610,0.8502,1.009
13.307316,0.5386,-0.0615,0.8502,1.008
13.309834,0.5391,-0.0606,0.8507,1.009
13.312565,0.5381,-0.0606,0.8507,1.008
13.313928,0.5367,-0.0610,0.8502,1.007
13.315781,0.5352,-0.0610,0.8487,1.005
13.318223,0.5347,-0.0610,0.8477,1.004
13.323335,0.5333,-0.0601,0.8453,1.001
13.323559,0.5323,-0.0606,0.8443,1.000
13.324132,0.5323,-0.0606,0.8433,0.999
13.326055,0.5313,-0.0610,0.8424,0.998
13.328181,0.5294,-0.0615,0.8424,0.997
13.331062,0.5313,-0.0606,0.8409,0.997
13.332658,0.5328,-0.0610,0.8399,0.997
13.335812,0.5333,-0.0606,0.8394,0.996
13.336936,0.5333,-0.0610,0.8385,0.996
13.339392,0.5342,-0.0606,0.8390,0.996
13.341588,0.5347,-0.0606,0.8394,0.997
13.343920,0.5357,-0.0601,0.8409,0.999
13.345956,0.5357,-0.0601,0.8414,0.999
13.347256,0.5362,-0.0610,0.8409,0.999
13.349502,0.5367,-0.0610,0.8414,1.000
13.351664,0.5367,-0.0615,0.8414,1.000
13.354147,0.5362,-0.0615,0.8429,1.001
13.356267,0.5367,-0.0610,0.8419,1.000
13.357910,0.5377,-0.0606,0.8404,1.000
13.360699,0.5377,-0.0620,0.8414,1.000
13.362602,0.5386,-0.0606,0.8433,1.003
13.364366,0.5381,-0.0606,0.8424,1.001
13.366170,0.5377,-0.0610,0.8424,1.001
13.368398,0.5372,-0.0606,0.8443,1.003
13.370455,0.5367,-0.0596,0.8443,1.002
13.372608,0.5406,-0.0523,0.8458,1.005
13.374444,0.5948,0.0513,0.8424,1.032
13.378229,0.6929,0.2364,0.8321,1.108
13.380196,0.7935,0.3990,0.8961,1.262
13.381380,0.7828,0.2910,0.9801,1.288
13.383532,0.7218,0.1397,0.9469,1.199
13.385641,0.6666,0.0391,0.8521,1.083
13.388874,0.6387,-0.0020,0.7813,1.009
13.389741,0.6304,0.0010,0.7242,0.960
13.391648,0.6329,0.0029,0.7144,0.954
13.397565,0.6309,-0.0029,0.7086,0.949
13.397911,0.6226,-0.0298,0.7135,0.947
13.398088,0.6114,-0.0781,0.7139,0.943
13.400091,0.5884,-0.1152,0.7115,0.930
13.406440,0.5191,-0.1509,0.6568,0.851
13.406750,0.3960,-0.2061,0.6036,0.751
13.406883,0.2100,-0.3086,0.5635,0.676
13.408178,0.0435,-0.4029,0.5191,0.659
13.411965,0.0327,-0.3755,0.5250,0.646
13.412885,0.1597,-0.2691,0.6168,0.692
13.414913,0.2847,-0.1846,0.7442,0.818
13.416869,0.3233,-0.1680,0.7711,0.853
13.419133,0.3091,-0.1616,0.6094,0.702
13.421361,0.2559,-0.1660,0.4331,0.530
13.423318,0.2110,-0.1997,0.3648,0.466
13.425365,0.2193,-0.0957,0.4053,0.471
13.427825,0.1890,-0.0767,0.4815,0.523
13.429469,0.2549,-0.1597,0.6993,0.761
13.431640,0.3496,-0.2300,0.9132,1.005
13.433902,0.4131,-0.2740,1.0231,1.137
13.435958,0.4449,-0.2574,1.0460,1.165
13.439162,0.4727,-0.2388,1.0509,1.177
13.440364,0.5367,-0.2095,1.1866,1.319
13.442325,0.5953,-0.1880,1.3102,1.451
13.444732,0.6060,-0.1909,1.2477,1.400
13.446533,0.5801,-0.1914,1.0890,1.249
13.448481,0.5997,-0.1655,1.0616,1.230
13.450450,0.6607,-0.1294,1.1461,1.329
13.452585,0.7174,-0.1113,1.1647,1.372
13.454761,0.7388,-0.1040,1.0817,1.314
13.457284,0.7530,-0.0850,1.0094,1.262
13.458991,0.7730,-0.0864,0.9884,1.258
13.461906,0.7818,-0.1123,0.9518,1.237
13.463485,0.7794,-0.1499,0.9005,1.200
13.465771,0.7706,-0.1709,0.8663,1.172
13.468143,0.7637,-0.1797,0.8707,1.172
13.469754,0.7554,-0.1821,0.8912,1.182
13.471943,0.7437,-0.1861,0.9024,1.184
13.474118,0.7369,-0.1817,0.9195,1.192
13.476051,0.7305,-0.1660,0.9303,1.194
13.478231,0.7164,-0.1470,0.9332,1.186
13.480624,0.6910,-0.1382,0.9317,1.168
13.482878,0.6715,-0.1421,0.9459,1.169
13.484489,0.6539,-0.1489,0.9425,1.157
13.486355,0.6265,-0.1431,0.9254,1.127
13.488397,0.5958,-0.1528,0.9518,1.133
13.490945,0.5670,-0.1353,0.9493,1.114
13.492898,0.5464,-0.0991,1.0108,1.153
13.495562,0.5245,-0.0835,1.0299,1.159
13.499418,0.5064,-0.0781,1.0577,1.175
13.499604,0.4874,-0.0708,1.0699,1.178
13.501349,0.4659,-0.0684,1.0602,1.160
13.505262,0.4439,-0.0732,1.0411,1.134
13.505651,0.4312,-0.0752,1.0406,1.129
13.507688,0.4234,-0.0781,1.0475,1.132
13.509701,0.4185,-0.0772,1.0655,1.147
13.517019,0.4141,-0.0835,1.0914,1.170
13.517405,0.4195,-0.0874,1.1735,1.249
13.517568,0.4258,-0.0986,1.2697,1.343
13.518214,0.4356,-0.1118,1.3659,1.438
13.520642,0.4375,-0.1055,1.4489,1.517
13.522365,0.4371,-0.0596,1.4855,1.550
13.524457,0.4297,0.0435,1.4396,1.503
13.526212,0.4288,0.2451,1.3444,1.432
13.528352,0.4629,0.3653,1.2404,1.373
13.531687,0.5186,0.2432,1.3263,1.445
13.532618,0.5796,0.1353,1.4879,1.603
13.535435,0.6114,0.0469,1.6525,1.763
13.537521,0.6187,-0.0420,1.7458,1.853
13.539049,0.6177,-0.1113,1.7507,1.860
13.541422,0.6231,-0.1489,1.6369,1.758
13.543411,0.6378,-0.1597,1.4816,1.621
13.545988,0.6622,-0.1568,1.3190,1.484
13.547908,0.6954,-0.1494,1.1442,1.347
13.549901,0.7222,-0.1704,1.0148,1.257
13.551877,0.7511,-0.2012,0.9620,1.237
13.554282,0.7696,-0.2285,0.9010,1.207
13.556187,0.7681,-0.2559,0.8531,1.176
13.558298,0.7574,-0.2534,0.8477,1.165
13.560774,0.7335,-0.2461,0.8277,1.133
13.563315,0.7095,-0.2163,0.8326,1.115
13.564511,0.6978,-0.1831,0.8390,1.106
13.566653,0.6885,-0.1499,0.8546,1.108
13.568437,0.6719,-0.1245,0.8893,1.122
13.571536,0.6505,-0.0986,0.9449,1.151
13.572956,0.6246,-0.0786,1.0240,1.202
13.575033,0.6016,-0.0601,1.0802,1.238
13.577972,0.5821,-0.0420,1.1139,1.258
13.579496,0.5757,-0.0386,1.1363,1.274
13.581486,0.5782,-0.0474,1.1432,1.282
13.583615,0.5787,-0.0811,1.1642,1.303
13.585861,0.5762,-0.1138,1.2081,1.343
13.588191,0.5826,-0.1338,1.2589,1.394
13.589855,0.5997,-0.1558,1.3102,1.449
13.592034,0.6046,-0.1602,1.3971,1.531
13.596625,0.6461,-0.1450,1.5754,1.709
13.597030,0.5923,-0.1856,1.4860,1.610
13.599771,0.5572,-0.2324,1.3707,1.498
13.600367,0.6436,-0.3399,1.2648,1.459
13.605652,0.7691,-0.4815,1.1754,1.485
13.605965,0.8824,-0.5772,1.0577,1.494
13.606383,0.9493,-0.5547,0.8976,1.419
13.608663,0.9820,-0.4292,0.7681,1.319
13.610930,0.9815,-0.2881,0.7403,1.263
13.613110,0.9547,-0.1695,0.8077,1.262
13.615081,0.8766,-0.0820,0.8961,1.256
13.617815,0.7686,-0.0088,0.9415,1.215
13.619642,0.6763,0.0566,0.9483,1.166
13.621513,0.6187,0.1065,0.9527,1.141
13.623445,0.5909,0.1289,0.9801,1.152
13.625772,0.5801,0.1221,1.0045,1.166
13.628227,0.5733,0.0913,1.0270,1.180
13.630389,0.5694,0.0552,1.0582,1.203
13.632047,0.5689,0.0186,1.0860,1.226
13.634415,0.5723,-0.0054,1.1178,1.256
13.636835,0.5709,-0.0210,1.1378,1.273
13.638474,0.5723,-0.0254,1.1525,1.287
13.640696,0.5704,-0.0161,1.1388,1.274
13.642642,0.5591,-0.0029,1.1031,1.237
13.644905,0.5406,0.0039,1.0719,1.200
13.646624,0.5142,0.0083,1.0382,1.159
13.648631,0.4815,0.0088,1.0089,1.118
13.651599,0.4546,0.0098,0.9938,1.093
13.653302,0.4351,0.0098,0.9889,1.080
13.655900,0.4224,0.0044,0.9874,1.074
13.657606,0.4092,-0.0024,0.9962,1.077
13.659431,0.3960,-0.0073,1.0255,1.099
13.662056,0.3789,-0.0151,1.0460,1.113
13.663818,0.3662,-0.0244,1.0729,1.134
13.665735,0.3594,-0.0361,1.0963,1.154
13.668513,0.3540,-0.0454,1.1202,1.176
13.669997,0.3413,-0.0513,1.1212,1.173
13.672470,0.3247,-0.0523,1.1149,1.162
13.674133,0.3057,-0.0498,1.1119,1.154
13.676299,0.2871,-0.0493,1.1061,1.144
13.678668,0.2652,-0.0493,1.1007,1.133
13.680731,0.2466,-0.0479,1.0939,1.122
13.682606,0.2290,-0.0439,1.0909,1.116
13.685635,0.2202,-0.0430,1.0831,1.106
13.686705,0.2183,-0.0376,1.0807,1.103
13.688570,0.2246,-0.0332,1.0812,1.105
13.691165,0.2388,-0.0269,1.0880,1.114
13.693048,0.2559,-0.0220,1.0978,1.127
13.695011,0.2744,-0.0171,1.1134,1.147
13.697409,0.2969,-0.0181,1.1363,1.175
13.699225,0.3184,-0.0205,1.1588,1.202
13.701734,0.3365,-0.0225,1.1891,1.236
13.705712,0.3516,-0.0234,1.2286,1.278
13.706063,0.3658,-0.0278,1.2741,1.326
13.707751,0.3809,-0.0332,1.3180,1.372
13.712624,0.3980,-0.0415,1.3610,1.419
13.712832,0.4185,-0.0469,1.4044,1.466
13.719467,0.4400,-0.0508,1.4420,1.509
13.720120,0.4585,-0.0576,1.4723,1.543
13.720220,0.4742,-0.0669,1.4933,1.568
13.720406,0.4893,-0.0762,1.5070,1.586
13.722635,0.5049,-0.0859,1.5168,1.601
13.724643,0.5186,-0.0923,1.5260,1.614
13.726539,0.5250,-0.1021,1.5236,1.615
13.730292,0.5294,-0.1055,1.5192,1.612
13.732510,0.5352,-0.1045,1.5202,1.615
13.733145,0.5362,-0.1050,1.5172,1.613
13.735136,0.5342,-0.1084,1.5099,1.605
13.737307,0.5357,-0.1055,1.5075,1.603
13.739493,0.5323,-0.1045,1.5124,1.607
13.741605,0.5220,-0.1074,1.5124,1.604
13.743593,0.5127,-0.1079,1.5177,1.606
13.745985,0.5001,-0.1074,1.5212,1.605
13.748961,0.4869,-0.1030,1.5168,1.596
13.750112,0.4756,-0.0845,1.5138,1.589
13.752243,0.4639,-0.0689,1.5080,1.579
13.754298,0.4527,-0.0664,1.4855,1.554
13.756481,0.4468,-0.0645,1.4601,1.528
13.758493,0.4410,-0.0620,1.4376,1.505
13.760572,0.4346,-0.0542,1.4171,1.483
13.763474,0.4297,-0.0444,1.4113,1.476
13.764862,0.4244,-0.0361,1.4025,1.466
13.767047,0.4190,-0.0293,1.3932,1.455
13.768843,0.4146,-0.0249,1.3864,1.447
13.771057,0.4126,-0.0215,1.3825,1.443
13.773231,0.4107,-0.0205,1.3815,1.441
13.775115,0.4092,-0.0215,1.3830,1.442
13.778920,0.4087,-0.0205,1.3878,1.447
13.779902,0.4087,-0.0156,1.3961,1.455
13.781689,0.4112,-0.0132,1.4000,1.459
13.783710,0.4175,-0.0117,1.4181,1.478
13.785938,0.4292,-0.0112,1.4289,1.492
13.789445,0.4415,-0.0107,1.4376,1.504
13.789929,0.4532,-0.0137,1.4430,1.513
13.792082,0.4659,-0.0151,1.4489,1.522
13.794266,0.4742,-0.0166,1.4528,1.528
13.797692,0.4800,-0.0171,1.4484,1.526
13.798647,0.4820,-0.0181,1.4425,1.521
13.802174,0.4786,-0.0195,1.4308,1.509
13.803540,0.4732,-0.0205,1.4157,1.493
13.806640,0.4649,-0.0186,1.4054,1.480
13.807301,0.4561,-0.0151,1.3996,1.472
13.809431,0.4454,-0.0093,1.3898,1.459
13.811769,0.4361,-0.0034,1.3766,1.444
13.813555,0.4268,0.0020,1.3634,1.429
13.815435,0.4165,0.0059,1.3546,1.417
13.817322,0.4038,0.0088,1.3517,1.411
13.820385,0.3907,0.0122,1.3590,1.414
13.822392,0.3789,0.0151,1.3595,1.411
13.824125,0.3702,0.0210,1.3620,1.412
13.825845,0.3628,0.0220,1.3620,1.410
13.828241,0.3589,0.0254,1.3615,1.408
13.830163,0.3584,0.0298,1.3683,1.415
13.832219,0.3570,0.0317,1.3761,1.422
13.834271,0.3560,0.0313,1.3810,1.426
13.836676,0.3570,0.0308,1.3844,1.430
13.838686,0.3579,0.0322,1.3888,1.435
13.841568,0.3589,0.0313,1.3913,1.437
13.842419,0.3614,0.0322,1.3917,1.438
13.844976,0.3614,0.0361,1.3942,1.441
13.846653,0.3584,0.0361,1.3957,1.441
13.848952,0.3565,0.0337,1.3996,1.445
13.850926,0.3540,0.0254,1.3942,1.439
13.853226,0.3531,0.0176,1.3878,1.432
13.855760,0.3521,0.0088,1.3805,1.425
13.857349,0.3496,0.0015,1.3751,1.419
13.859852,0.3472,-0.0034,1.3703,1.414
13.862457,0.3413,-0.0073,1.3639,1.406
13.864591,0.3316,-0.0166,1.3517,1.392
13.866198,0.3194,-0.0269,1.3366,1.374
13.868124,0.3067,-0.0371,1.3185,1.354
13.870703,0.2920,-0.0479,1.2965,1.330
13.872983,0.2793,-0.0557,1.2785,1.310
13.874412,0.2676,-0.0615,1.2653,1.295
13.876505,0.2583,-0.0654,1.2526,1.281
13.879975,0.2515,-0.0659,1.2408,1.268
13.880817,0.2461,-0.0601,1.2330,1.259
13.882994,0.2403,-0.0537,1.2286,1.253
13.885216,0.2364,-0.0469,1.2184,1.242
13.887301,0.2383,-0.0415,1.2111,1.235
13.888943,0.2432,-0.0288,1.1989,1.224
13.891358,0.2515,-0.0112,1.1896,1.216
13.893300,0.2661,0.0083,1.1866,1.216
13.895986,0.2774,0.0269,1.1866,1.219
13.897852,0.2842,0.0405,1.1886,1.223
13.899969,0.2852,0.0557,1.1891,1.224
13.901874,0.2837,0.0689,1.1876,1.223
13.904800,0.2798,0.0825,1.1852,1.221
13.906053,0.2715,0.0933,1.1769,1.211
13.908328,0.2632,0.1030,1.1715,1.205
13.910259,0.2544,0.1074,1.1613,1.194
13.914937,0.2456,0.1069,1.1525,1.183
13.915338,0.2364,0.1060,1.1354,1.165
13.917015,0.2295,0.1079,1.1144,1.143
13.921109,0.2232,0.1094,1.0939,1.122
13.921274,0.2197,0.1030,1.0900,1.117
13.926917,0.2212,0.0972,1.0963,1.123
13.927235,0.2256,0.0899,1.1139,1.140
13.927362,0.2329,0.0864,1.1266,1.154
13.935218,0.2378,0.0835,1.1363,1.164
13.935440,0.2427,0.0825,1.1490,1.177
13.935519,0.2481,0.0845,1.1617,1.191
13.935598,0.2530,0.0840,1.1613,1.191
13.937787,0.2569,0.0830,1.1559,1.187
13.940023,0.2598,0.0855,1.1422,1.174
13.942617,0.2598,0.0903,1.1261,1.159
13.944016,0.2583,0.0952,1.1100,1.144
13.946194,0.2583,0.0986,1.1031,1.137
13.948362,0.2578,0.1001,1.0934,1.128
13.950286,0.2564,0.1006,1.0851,1.119
13.952508,0.2539,0.0986,1.0841,1.118
13.954526,0.2544,0.0991,1.0802,1.114
13.957857,0.2554,0.0991,1.0870,1.121
13.959269,0.2583,0.1006,1.1007,1.135
13.960816,0.2588,0.1035,1.1183,1.152
13.964565,0.2559,0.1060,1.1427,1.176
13.964942,0.2515,0.1084,1.1700,1.202
13.967327,0.2471,0.1123,1.1954,1.226
13.968926,0.2437,0.1172,1.2159,1.246
13.972097,0.2412,0.1221,1.2257,1.255
13.973386,0.2398,0.1270,1.2252,1.255
13.976315,0.2403,0.1284,1.2106,1.241
13.977795,0.2432,0.1265,1.1842,1.216
13.980304,0.2490,0.1206,1.1564,1.189
13.981839,0.2559,0.1152,1.1280,1.162
13.983895,0.2627,0.1084,1.1002,1.136
13.986059,0.2691,0.1035,1.0875,1.125
13.988372,0.2744,0.0986,1.0763,1.115
13.990247,0.2779,0.0996,1.0655,1.106
13.992432,0.2779,0.1035,1.0636,1.104
13.994442,0.2774,0.1089,1.0670,1.108
13.996560,0.2769,0.1133,1.0748,1.116
13.998728,0.2788,0.1152,1.0817,1.123
14.000763,0.2808,0.1157,1.0846,1.126
14.002865,0.2823,0.1138,1.0875,1.129
14.006125,0.2847,0.1099,1.0968,1.138
14.006820,0.2837,0.1035,1.1066,1.147
14.010930,0.2783,0.0962,1.1193,1.157
14.011124,0.2725,0.0864,1.1339,1.169
14.013601,0.2637,0.0747,1.1407,1.173
14.015381,0.2500,0.0635,1.1412,1.170
14.017831,0.2354,0.0527,1.1329,1.158
14.019886,0.2197,0.0439,1.1197,1.142
14.021695,0.2046,0.0366,1.1027,1.122
14.024081,0.1904,0.0298,1.0870,1.104
14.026117,0.1763,0.0244,1.0602,1.075
14.028240,0.1655,0.0234,1.0314,1.045
14.033348,0.1563,0.0269,1.0001,1.013
14.033784,0.1509,0.0308,0.9835,0.995
14.034624,0.1509,0.0342,0.9796,0.992
14.036657,0.1563,0.0381,0.9874,1.000
14.039206,0.1621,0.0391,1.0040,1.018
14.040763,0.1695,0.0396,1.0270,1.042
14.043046,0.1768,0.0391,1.0504,1.066
14.044781,0.1831,0.0381,1.0699,1.086
14.047244,0.1904,0.0405,1.0929,1.110
14.049249,0.1988,0.0425,1.1193,1.138
14.051445,0.2066,0.0464,1.1461,1.166
14.054065,0.2144,0.0493,1.1647,1.185
14.055726,0.2237,0.0523,1.1739,1.196
14.057741,0.2354,0.0547,1.1818,1.206
14.059879,0.2471,0.0625,1.1842,1.211
14.062306,0.2598,0.0723,1.1842,1.215
14.064430,0.2715,0.0840,1.1813,1.215
14.066189,0.2808,0.0982,1.1798,1.217
14.068198,0.2881,0.1099,1.1822,1.222
14.070535,0.2964,0.1226,1.1866,1.229
14.072684,0.3042,0.1353,1.1901,1.236
14.074541,0.3116,0.1431,1.1901,1.238
14.076542,0.3194,0.1509,1.1876,1.239
14.079689,0.3252,0.1582,1.1852,1.239
14.081323,0.3296,0.1636,1.1847,1.241
14.083260,0.3330,0.1690,1.1832,1.241
14.085137,0.3379,0.1724,1.1774,1.237
14.087301,0.3443,0.1758,1.1700,1.232
14.089957,0.3492,0.1763,1.1632,1.227
14.091263,0.3516,0.1743,1.1647,1.229
14.093297,0.3511,0.1685,1.1622,1.226
14.096098,0.3472,0.1611,1.1613,1.223
14.098731,0.3438,0.1538,1.1647,1.224
14.100777,0.3379,0.1470,1.1705,1.227
14.102946,0.3311,0.1421,1.1739,1.228
14.106029,0.3247,0.1362,1.1876,1.239
14.106685,0.3189,0.1289,1.1964,1.245
14.109720,0.3155,0.1240,1.2111,1.258
14.110468,0.3116,0.1192,1.2155,1.260
14.113608,0.3057,0.1138,1.2179,1.261
14.115044,0.3003,0.1079,1.2125,1.254
14.116727,0.2940,0.1035,1.1993,1.239
14.118940,0.2862,0.1001,1.1788,1.217
14.120775,0.2779,0.0986,1.1510,1.188
14.123416,0.2696,0.0967,1.1324,1.168
14.125257,0.2622,0.0962,1.1153,1.150
14.127439,0.2583,0.0942,1.0978,1.132
14.129417,0.2569,0.0899,1.0860,1.120
14.132038,0.2554,0.0879,1.0797,1.113
14.133641,0.2525,0.0850,1.0812,1.113
14.135823,0.2500,0.0811,1.0856,1.117
14.138365,0.2476,0.0781,1.0904,1.121
14.140468,0.2437,0.0757,1.0953,1.125
14.142248,0.2378,0.0762,1.0978,1.126
14.144191,0.2334,0.0772,1.0987,1.126
14.146470,0.2310,0.0776,1.0973,1.124
14.148375,0.2281,0.0772,1.0914,1.118
14.150487,0.2261,0.0762,1.0846,1.111
14.152611,0.2237,0.0786,1.0792,1.105
14.155081,0.2207,0.0825,1.0748,1.100
14.156951,0.2149,0.0874,1.0724,1.097
14.159193,0.2080,0.0928,1.0714,1.095
14.161198,0.1968,0.1011,1.0724,1.095
14.163409,0.1856,0.1084,1.0753,1.097
14.165531,0.1895,0.1084,1.0846,1.106
14.167085,0.2017,0.1084,1.0851,1.109
14.169245,0.2212,0.1104,1.0865,1.114
14.171861,0.2378,0.1162,1.0812,1.113
14.173738,0.2481,0.1196,1.0807,1.115
14.175771,0.2569,0.1167,1.0768,1.113
14.178146,0.2666,0.1074,1.0724,1.110
14.180154,0.2744,0.1011,1.0675,1.107
14.182909,0.2823,0.0977,1.0660,1.107
14.184184,0.2881,0.0923,1.0631,1.105
14.186273,0.2920,0.0874,1.0602,1.103
14.188447,0.2862,0.0845,1.0567,1.098
14.190892,0.2823,0.0781,1.0543,1.094
14.192569,0.2730,0.0757,1.0484,1.086
14.194827,0.2642,0.0747,1.0401,1.076
14.197273,0.2500,0.0781,1.0274,1.060
14.199247,0.2359,0.0801,1.0113,1.042
14.201197,0.2266,0.0811,0.9938,1.022
14.203316,0.2227,0.0811,0.9737,1.002
14.206834,0.2134,0.0855,0.9547,0.982
14.207264,0.2012,0.0908,0.9386,0.964
14.209343,0.1939,0.0923,0.9244,0.949
14.212893,0.1953,0.0928,0.9122,0.937
14.216017,0.1983,0.0938,0.9044,0.931
14.216319,0.1948,0.0957,0.8936,0.920
14.218260,0.1948,0.0962,0.8912,0.917
14.220118,0.2002,0.0972,0.8897,0.917
14.222336,0.2075,0.0986,0.8844,0.914
14.224896,0.2090,0.0986,0.8888,0.918
14.226325,0.2090,0.0982,0.8785,0.908
14.228488,0.2110,0.0972,0.8731,0.904
14.230620,0.2095,0.0972,0.8663,0.897
14.233225,0.2056,0.0991,0.8565,0.886
14.234890,0.2012,0.0996,0.8473,0.876
14.236923,0.1973,0.1001,0.8355,0.864
14.239052,0.1939,0.0996,0.8243,0.853
14.241305,0.1934,0.0972,0.8121,0.840
14.243467,0.1924,0.0894,0.8004,0.828
14.245332,0.1934,0.0859,0.7843,0.812
14.248228,0.1914,0.0908,0.7843,0.812
14.249784,0.1812,0.0869,0.7872,0.812
14.251448,0.1670,0.0752,0.7970,0.818
14.253522,0.1519,0.0669,0.8062,0.823
14.256585,0.1392,0.0679,0.7955,0.810
14.258248,0.1343,0.0816,0.7486,0.765
14.260112,0.1382,0.1089,0.6895,0.712
14.262996,0.1480,0.1392,0.6436,0.675
14.265552,0.1587,0.1607,0.6177,0.658
14.267858,0.1695,0.1670,0.6041,0.649
14.268623,0.1817,0.1651,0.5923,0.641
14.271197,0.1924,0.1636,0.5718,0.625
14.272976,0.2027,0.1675,0.5503,0.610
14.275452,0.2061,0.1738,0.5357,0.600
14.276867,0.1758,0.0962,0.8839,0.906
14.279030,0.1509,0.1030,1.3248,1.337
14.281392,0.1753,0.2232,0.8189,0.867
14.283982,0.2178,0.2354,0.6461,0.721
14.285510,0.2481,0.1885,0.7271,0.791
14.287349,0.2891,0.1895,0.5518,0.651
14.289554,0.3286,0.1143,0.4771,0.590
14.293284,0.3648,0.0781,0.3565,0.516
14.293998,0.3946,0.0659,0.1729,0.436
14.296452,0.3951,0.0508,0.1597,0.429
14.299083,0.3682,0.0425,0.2051,0.424
14.302956,0.3155,0.0503,0.2530,0.407
14.303074,0.2451,0.0659,0.2769,0.376
14.304936,0.1738,0.0796,0.2827,0.341
14.309624,0.1109,0.0845,0.2910,0.323
14.309765,0.0601,0.0703,0.3316,0.344
14.310478,0.0313,0.0474,0.3990,0.403
14.312906,0.0234,0.0308,0.4307,0.432
14.314892,0.0313,0.0063,0.4331,0.434
14.317349,0.0562,-0.0288,0.4126,0.417
14.319074,0.1152,-0.0288,0.4468,0.462
14.321412,0.1675,-0.0322,0.4410,0.473
14.323516,0.2090,-0.0254,0.4424,0.490
14.325987,0.2276,-0.0298,0.4810,0.533
14.328013,0.2290,-0.0410,0.4908,0.543
14.330158,0.2305,-0.0400,0.5079,0.559
14.331577,0.2329,-0.0449,0.5171,0.569
14.333658,0.2354,-0.0566,0.5162,0.570
14.335799,0.2417,-0.0591,0.5201,0.577
14.339161,0.2588,-0.0308,0.5254,0.587
14.340335,0.2696,-0.0449,0.5186,0.586
14.342636,0.2793,-0.0586,0.5167,0.590
14.344440,0.2847,-0.0679,0.5240,0.600
14.346720,0.2930,-0.0718,0.5230,0.604
14.348968,0.2993,-0.0752,0.5225,0.607
14.351172,0.2984,-0.0786,0.5137,0.599
14.352766,0.2959,-0.0732,0.5015,0.587
14.355346,0.2969,-0.0601,0.5030,0.587
14.357282,0.2950,-0.0396,0.5049,0.586
14.359335,0.2945,-0.0122,0.4927,0.574
14.361257,0.2989,0.0000,0.4732,0.560
14.364080,0.3101,0.0132,0.3355,0.457
14.366714,0.3194,-0.0171,0.3892,0.504
14.367834,0.3233,0.0127,0.4834,0.582
14.369786,0.3335,0.0518,0.4439,0.558
14.373038,0.3394,0.1299,0.4756,0.599
