time,gFx,gFy,gFz,TgF
0.000931,0.5460,0.0317,0.8468,1.008
0.001152,0.5484,0.0308,0.8448,1.008
0.002677,0.5494,0.0313,0.8414,1.005
0.005570,0.5494,0.0308,0.8370,1.002
0.006943,0.5503,0.0288,0.8341,1.000
0.008750,0.5508,0.0269,0.8297,0.996
0.011147,0.5503,0.0249,0.8258,0.993
0.017260,0.5503,0.0244,0.8238,0.991
0.017561,0.5503,0.0249,0.8233,0.991
0.017722,0.5513,0.0254,0.8233,0.991
0.019528,0.5508,0.0254,0.8223,0.990
0.021982,0.5508,0.0264,0.8243,0.992
0.023890,0.5499,0.0269,0.8253,0.992
0.025648,0.5489,0.0273,0.8267,0.993
0.027947,0.5474,0.0273,0.8287,0.994
0.030394,0.5469,0.0278,0.8307,0.995
0.032193,0.5464,0.0264,0.8336,0.997
0.034282,0.5455,0.0259,0.8355,0.998
0.036332,0.5440,0.0264,0.8390,1.000
0.039288,0.5445,0.0259,0.8419,1.003
0.040779,0.5455,0.0249,0.8438,1.005
0.042811,0.5469,0.0244,0.8458,1.008
0.045208,0.5469,0.0239,0.8458,1.008
0.047113,0.5469,0.0254,0.8453,1.007
0.048894,0.5479,0.0254,0.8453,1.008
0.050974,0.5484,0.0254,0.8448,1.008
0.052908,0.5484,0.0254,0.8438,1.007
0.058707,0.5484,0.0254,0.8433,1.006
0.059011,0.5494,0.0249,0.8429,1.006
0.060069,0.5494,0.0264,0.8438,1.007
0.061642,0.5503,0.0264,0.8429,1.007
0.063950,0.5499,0.0259,0.8433,1.007
0.065943,0.5499,0.0264,0.8443,1.008
0.068235,0.5489,0.0269,0.8429,1.006
0.070088,0.5484,0.0254,0.8419,1.005
0.072474,0.5469,0.0254,0.8409,1.003
0.074322,0.5455,0.0264,0.8404,1.002
0.076389,0.5445,0.0264,0.8390,1.001
0.078913,0.5445,0.0264,0.8375,0.999
0.080840,0.5455,0.0269,0.8355,0.998
0.083181,0.5469,0.0264,0.8346,0.998
0.084903,0.5484,0.0264,0.8336,0.998
0.087111,0.5484,0.0269,0.8331,0.998
0.089195,0.5494,0.0264,0.8326,0.998
0.091051,0.5503,0.0273,0.8307,0.997
0.093668,0.5503,0.0269,0.8297,0.996
0.095239,0.5499,0.0264,0.8302,0.996
0.100343,0.5489,0.0254,0.8316,0.997
0.100547,0.5489,0.0259,0.8321,0.997
0.102422,0.5489,0.0259,0.8331,0.998
0.103892,0.5489,0.0259,0.8341,0.999
0.106049,0.5484,0.0264,0.8355,1.000
0.108393,0.5484,0.0259,0.8370,1.001
0.110553,0.5479,0.0264,0.8385,1.002
0.112204,0.5484,0.0273,0.8390,1.003
0.117515,0.5474,0.0273,0.8390,1.002
0.117795,0.5469,0.0278,0.8409,1.004
0.119042,0.5474,0.0283,0.8404,1.003
0.120771,0.5464,0.0273,0.8419,1.004
0.123600,0.5469,0.0269,0.8429,1.005
0.124979,0.5464,0.0264,0.8414,1.004
0.127343,0.5474,0.0264,0.8424,1.005
0.129010,0.5474,0.0249,0.8424,1.005
0.131251,0.5464,0.0244,0.8409,1.003
0.133560,0.5479,0.0244,0.8404,1.004
0.135844,0.5484,0.0254,0.8414,1.005
0.137638,0.5489,0.0259,0.8399,1.004
0.140325,0.5479,0.0249,0.8394,1.003
0.142229,0.5484,0.0254,0.8399,1.003
0.144145,0.5489,0.0254,0.8375,1.002
0.146195,0.5489,0.0254,0.8380,1.002
0.148686,0.5474,0.0259,0.8375,1.001
0.150267,0.5479,0.0259,0.8370,1.001
0.152391,0.5479,0.0259,0.8365,1.000
0.154428,0.5464,0.0269,0.8370,1.000
0.159928,0.5469,0.0269,0.8365,1.000
0.160210,0.5460,0.0259,0.8370,1.000
0.160817,0.5460,0.0259,0.8360,0.999
0.162622,0.5464,0.0259,0.8355,0.999
0.165226,0.5474,0.0264,0.8365,1.000
0.167106,0.5484,0.0254,0.8360,1.000
0.169154,0.5479,0.0254,0.8355,0.999
0.171203,0.5479,0.0264,0.8370,1.001
0.173659,0.5489,0.0269,0.8370,1.001
0.175492,0.5479,0.0273,0.8370,1.001
0.177542,0.5479,0.0269,0.8380,1.002
0.179733,0.5494,0.0269,0.8380,1.002
0.182252,0.5484,0.0273,0.8385,1.002
0.184056,0.5489,0.0269,0.8380,1.002
0.186170,0.5479,0.0269,0.8385,1.002
0.188978,0.5479,0.0264,0.8394,1.003
0.190952,0.5479,0.0269,0.8399,1.003
0.192757,0.5474,0.0264,0.8414,1.004
0.194845,0.5479,0.0273,0.8424,1.005
0.196399,0.5474,0.0269,0.8409,1.004
0.199075,0.5469,0.0264,0.8404,1.003
0.200826,0.5464,0.0259,0.8404,1.003
0.203375,0.5474,0.0264,0.8409,1.004
0.206822,0.5479,0.0259,0.8394,1.003
0.207445,0.5474,0.0264,0.8385,1.002
0.209174,0.5479,0.0259,0.8385,1.002
0.211173,0.5484,0.0249,0.8390,1.003
0.213574,0.5484,0.0254,0.8385,1.002
0.215480,0.5489,0.0249,0.8375,1.002
0.217763,0.5474,0.0244,0.8365,1.000
0.219607,0.5474,0.0249,0.8365,1.000
0.222221,0.5479,0.0249,0.8375,1.001
0.224712,0.5479,0.0249,0.8380,1.002
0.226269,0.5479,0.0254,0.8390,1.002
0.228474,0.5469,0.0259,0.8390,1.002
0.231207,0.5474,0.0259,0.8385,1.002
0.232546,0.5484,0.0259,0.8380,1.002
0.235108,0.5484,0.0259,0.8375,1.001
0.236989,0.5474,0.0264,0.8390,1.002
0.239459,0.5474,0.0273,0.8375,1.001
0.240998,0.5479,0.0278,0.8390,1.002
0.243043,0.5474,0.0278,0.8385,1.002
0.245215,0.5479,0.0273,0.8380,1.002
0.248137,0.5484,0.0273,0.8394,1.003
0.249259,0.5494,0.0264,0.8390,1.003
0.251120,0.5484,0.0269,0.8390,1.003
0.253618,0.5479,0.0269,0.8390,1.002
0.259592,0.5489,0.0273,0.8390,1.003
0.259901,0.5489,0.0264,0.8380,1.002
0.260018,0.5494,0.0264,0.8375,1.002
0.262047,0.5499,0.0259,0.8380,1.003
0.265927,0.5489,0.0264,0.8380,1.002
0.266622,0.5484,0.0264,0.8375,1.001
0.268240,0.5469,0.0269,0.8375,1.001
0.270681,0.5474,0.0264,0.8375,1.001
0.273887,0.5484,0.0264,0.8375,1.001
0.274683,0.5489,0.0259,0.8385,1.002
0.276782,0.5479,0.0254,0.8390,1.002
0.278872,0.5469,0.0259,0.8380,1.001
0.281554,0.5474,0.0259,0.8370,1.000
0.283101,0.5479,0.0259,0.8375,1.001
0.285134,0.5479,0.0259,0.8385,1.002
0.287327,0.5479,0.0249,0.8375,1.001
0.290092,0.5474,0.0244,0.8385,1.002
0.293066,0.5469,0.0239,0.8365,1.000
0.293324,0.5474,0.0244,0.8375,1.001
0.295419,0.5479,0.0259,0.8380,1.002
0.298287,0.5474,0.0259,0.8385,1.002
0.300339,0.5474,0.0249,0.8380,1.001
0.301882,0.5479,0.0254,0.8375,1.001
0.304223,0.5489,0.0254,0.8385,1.002
0.307093,0.5479,0.0259,0.8385,1.002
0.308536,0.5474,0.0273,0.8390,1.002
0.310447,0.5474,0.0264,0.8390,1.002
0.312714,0.5474,0.0264,0.8380,1.001
0.314647,0.5479,0.0259,0.8394,1.003
0.316856,0.5474,0.0269,0.8404,1.003
0.318936,0.5469,0.0269,0.8399,1.003
0.320992,0.5469,0.0264,0.8394,1.002
0.323680,0.5479,0.0259,0.8390,1.002
0.325349,0.5474,0.0264,0.8385,1.002
0.327337,0.5479,0.0264,0.8380,1.002
0.329121,0.5479,0.0264,0.8380,1.002
0.331558,0.5484,0.0269,0.8390,1.003
0.333535,0.5489,0.0273,0.8380,1.002
0.335892,0.5494,0.0269,0.8375,1.002
0.337812,0.5489,0.0269,0.8380,1.002
0.340136,0.5484,0.0264,0.8375,1.001
0.342252,0.5489,0.0259,0.8370,1.001
0.344276,0.5474,0.0249,0.8380,1.001
0.346317,0.5474,0.0254,0.8375,1.001
0.348871,0.5479,0.0259,0.8380,1.002
0.351277,0.5484,0.0264,0.8380,1.002
0.352512,0.5484,0.0269,0.8385,1.002
0.354639,0.5489,0.0259,0.8375,1.002
0.357532,0.5489,0.0259,0.8385,1.002
0.359159,0.5484,0.0254,0.8394,1.003
0.361161,0.5474,0.0254,0.8394,1.002
0.363143,0.5484,0.0254,0.8390,1.003
0.369215,0.5479,0.0254,0.8390,1.002
0.369535,0.5474,0.0249,0.8385,1.002
0.369675,0.5484,0.0259,0.8375,1.001
0.371439,0.5484,0.0249,0.8375,1.001
0.373546,0.5484,0.0249,0.8385,1.002
0.375653,0.5484,0.0254,0.8375,1.001
0.377704,0.5479,0.0259,0.8385,1.002
0.380107,0.5484,0.0259,0.8380,1.002
0.382396,0.5479,0.0254,0.8380,1.002
0.384231,0.5479,0.0269,0.8390,1.002
0.386193,0.5479,0.0259,0.8390,1.002
0.388333,0.5474,0.0259,0.8394,1.002
0.390973,0.5484,0.0259,0.8385,1.002
0.393105,0.5479,0.0254,0.8380,1.002
0.394774,0.5474,0.0264,0.8385,1.002
0.397732,0.5479,0.0259,0.8380,1.002
0.399124,0.5479,0.0259,0.8380,1.002
0.401544,0.5479,0.0259,0.8385,1.002
0.403248,0.5484,0.0259,0.8380,1.002
0.406473,0.5484,0.0259,0.8375,1.001
0.408037,0.5479,0.0269,0.8375,1.001
0.409513,0.5474,0.0259,0.8370,1.000
0.411238,0.5479,0.0259,0.8390,1.002
0.413661,0.5479,0.0259,0.8385,1.002
0.415743,0.5479,0.0264,0.8380,1.002
0.418131,0.5474,0.0264,0.8375,1.001
0.419947,0.5484,0.0264,0.8380,1.002
0.423038,0.5469,0.0264,0.8380,1.001
0.424333,0.5469,0.0259,0.8385,1.001
0.427198,0.5479,0.0249,0.8390,1.002
0.428755,0.5479,0.0264,0.8390,1.002
0.431123,0.5474,0.0259,0.8390,1.002
0.432692,0.5479,0.0264,0.8380,1.002
0.434765,0.5474,0.0264,0.8385,1.002
0.436566,0.5474,0.0264,0.8390,1.002
0.439856,0.5479,0.0264,0.8390,1.002
0.441264,0.5479,0.0264,0.8385,1.002
0.443345,0.5479,0.0264,0.8380,1.002
0.445652,0.5479,0.0259,0.8385,1.002
0.449241,0.5469,0.0259,0.8370,1.000
0.450372,0.5474,0.0259,0.8370,1.000
0.451924,0.5479,0.0254,0.8375,1.001
0.453689,0.5484,0.0254,0.8390,1.003
0.457741,0.5479,0.0254,0.8399,1.003
0.458112,0.5479,0.0264,0.8399,1.003
0.460524,0.5474,0.0264,0.8385,1.002
0.462088,0.5484,0.0259,0.8385,1.002
0.467204,0.5489,0.0259,0.8375,1.002
0.467769,0.5484,0.0259,0.8370,1.001
0.469380,0.5469,0.0254,0.8375,1.001
0.470692,0.5469,0.0254,0.8370,1.000
0.474537,0.5474,0.0264,0.8370,1.000
0.475076,0.5484,0.0264,0.8380,1.002
0.477699,0.5489,0.0259,0.8399,1.004
0.479146,0.5484,0.0254,0.8385,1.002
0.482266,0.5469,0.0259,0.8375,1.001
0.483276,0.5484,0.0269,0.8375,1.001
0.485653,0.5484,0.0259,0.8380,1.002
0.487875,0.5479,0.0269,0.8380,1.002
0.490070,0.5469,0.0259,0.8380,1.001
0.494326,0.5474,0.0269,0.8370,1.000
0.494597,0.5474,0.0259,0.8370,1.000
0.496002,0.5474,0.0254,0.8360,1.000
0.497980,0.5479,0.0264,0.8350,0.999
0.500148,0.5489,0.0264,0.8370,1.001
0.502444,0.5484,0.0259,0.8365,1.001
0.504560,0.5484,0.0264,0.8365,1.001
0.506859,0.5479,0.0269,0.8370,1.001
0.509381,0.5474,0.0259,0.8375,1.001
0.510921,0.5474,0.0259,0.8385,1.002
0.512831,0.5489,0.0259,0.8390,1.003
0.517257,0.5479,0.0259,0.8385,1.002
0.517956,0.5479,0.0264,0.8390,1.002
0.519295,0.5484,0.0264,0.8394,1.003
0.521649,0.5479,0.0254,0.8394,1.003
0.523799,0.5469,0.0254,0.8390,1.002
0.525685,0.5484,0.0259,0.8394,1.003
0.527670,0.5479,0.0264,0.8390,1.002
0.529369,0.5484,0.0269,0.8399,1.003
0.531511,0.5494,0.0259,0.8404,1.004
0.533801,0.5489,0.0259,0.8375,1.002
0.535855,0.5484,0.0264,0.8375,1.001
0.537810,0.5479,0.0264,0.8385,1.002
0.540542,0.5474,0.0264,0.8370,1.000
0.542483,0.5464,0.0264,0.8370,1.000
0.544671,0.5464,0.0264,0.8375,1.000
0.546695,0.5474,0.0269,0.8375,1.001
0.551234,0.5474,0.0269,0.8370,1.000
0.551518,0.5474,0.0264,0.8380,1.001
0.553247,0.5474,0.0254,0.8360,1.000
0.555002,0.5474,0.0259,0.8370,1.000
0.559301,0.5479,0.0259,0.8370,1.001
0.559834,0.5484,0.0264,0.8375,1.001
0.561497,0.5474,0.0269,0.8375,1.001
0.564048,0.5484,0.0273,0.8375,1.001
0.566442,0.5484,0.0273,0.8380,1.002
0.567537,0.5484,0.0259,0.8375,1.001
0.569401,0.5489,0.0259,0.8375,1.002
0.571459,0.5474,0.0269,0.8390,1.002
0.573960,0.5474,0.0269,0.8375,1.001
0.575997,0.5469,0.0264,0.8390,1.002
0.578296,0.5479,0.0264,0.8390,1.002
0.581076,0.5479,0.0259,0.8385,1.002
0.582853,0.5469,0.0264,0.8385,1.001
0.585345,0.5469,0.0264,0.8380,1.001
0.586878,0.5474,0.0264,0.8380,1.001
0.588843,0.5484,0.0264,0.8390,1.003
0.590903,0.5484,0.0264,0.8394,1.003
0.592976,0.5479,0.0269,0.8385,1.002
0.595105,0.5484,0.0269,0.8385,1.002
0.597213,0.5479,0.0269,0.8375,1.001
0.599154,0.5484,0.0264,0.8390,1.003
0.601243,0.5479,0.0259,0.8394,1.003
0.603419,0.5484,0.0259,0.8385,1.002
0.605563,0.5484,0.0264,0.8380,1.002
0.608351,0.5484,0.0264,0.8365,1.001
0.609396,0.5474,0.0259,0.8375,1.001
0.611605,0.5474,0.0259,0.8380,1.001
0.613719,0.5479,0.0269,0.8380,1.002
0.616305,0.5484,0.0269,0.8375,1.001
0.617993,0.5489,0.0269,0.8365,1.001
0.620266,0.5474,0.0269,0.8360,1.000
0.622560,0.5479,0.0259,0.8375,1.001
0.625376,0.5479,0.0259,0.8385,1.002
0.626865,0.5484,0.0264,0.8380,1.002
0.629056,0.5479,0.0269,0.8380,1.002
0.634128,0.5474,0.0269,0.8380,1.001
0.634742,0.5469,0.0269,0.8385,1.001
0.635215,0.5479,0.0264,0.8394,1.003
0.637270,0.5484,0.0264,0.8385,1.002
0.639958,0.5479,0.0264,0.8385,1.002
0.641950,0.5479,0.0264,0.8375,1.001
0.643755,0.5474,0.0273,0.8370,1.000
0.645797,0.5484,0.0259,0.8380,1.002
0.647475,0.5479,0.0269,0.8380,1.002
0.649931,0.5484,0.0259,0.8390,1.003
0.651775,0.5474,0.0259,0.8385,1.002
0.654153,0.5474,0.0254,0.8385,1.002
0.657779,0.5489,0.0269,0.8385,1.003
0.658215,0.5479,0.0269,0.8380,1.002
0.660249,0.5479,0.0264,0.8385,1.002
0.662379,0.5474,0.0269,0.8375,1.001
0.665310,0.5474,0.0264,0.8365,1.000
0.666655,0.5479,0.0259,0.8375,1.001
0.668754,0.5479,0.0254,0.8375,1.001
0.671006,0.5474,0.0259,0.8380,1.001
0.673891,0.5484,0.0264,0.8380,1.002
0.675881,0.5479,0.0254,0.8380,1.002
0.677398,0.5479,0.0259,0.8390,1.002
0.679432,0.5484,0.0259,0.8390,1.003
0.681758,0.5484,0.0264,0.8390,1.003
0.683962,0.5479,0.0269,0.8390,1.002
0.685640,0.5484,0.0269,0.8390,1.003
0.687912,0.5489,0.0259,0.8370,1.001
0.690143,0.5489,0.0254,0.8380,1.002
0.691810,0.5489,0.0259,0.8385,1.002
0.693907,0.5484,0.0264,0.8390,1.003
0.695919,0.5479,0.0259,0.8399,1.003
0.699124,0.5489,0.0264,0.8390,1.003
0.700890,0.5479,0.0269,0.8390,1.002
0.702781,0.5469,0.0269,0.8370,1.000
0.704792,0.5469,0.0264,0.8385,1.001
0.707419,0.5474,0.0259,0.8375,1.001
0.709339,0.5479,0.0259,0.8380,1.002
0.711159,0.5479,0.0269,0.8385,1.002
0.713415,0.5479,0.0264,0.8385,1.002
0.715722,0.5479,0.0264,0.8375,1.001
0.717949,0.5474,0.0269,0.8375,1.001
0.719461,0.5479,0.0278,0.8375,1.001
0.721554,0.5479,0.0269,0.8380,1.002
0.724491,0.5479,0.0264,0.8370,1.001
0.726205,0.5474,0.0264,0.8375,1.001
0.727813,0.5489,0.0259,0.8370,1.001
0.729761,0.5484,0.0264,0.8380,1.002
0.732126,0.5484,0.0264,0.8380,1.002
0.734357,0.5479,0.0264,0.8380,1.002
0.736114,0.5479,0.0264,0.8380,1.002
0.738303,0.5479,0.0264,0.8380,1.002
0.740689,0.5479,0.0254,0.8385,1.002
0.742857,0.5479,0.0249,0.8385,1.002
0.744747,0.5474,0.0254,0.8394,1.002
0.746719,0.5484,0.0264,0.8390,1.003
0.750075,0.5489,0.0264,0.8394,1.003
0.751554,0.5479,0.0264,0.8390,1.002
0.753372,0.5484,0.0259,0.8394,1.003
0.755410,0.5484,0.0254,0.8390,1.003
0.758845,0.5489,0.0254,0.8390,1.003
0.759883,0.5494,0.0249,0.8394,1.004
0.761847,0.5494,0.0259,0.8394,1.004
0.763795,0.5484,0.0259,0.8390,1.003
0.767947,0.5474,0.0254,0.8390,1.002
0.768495,0.5474,0.0254,0.8394,1.002
0.770579,0.5474,0.0264,0.8390,1.002
0.771951,0.5479,0.0269,0.8380,1.002
0.774656,0.5484,0.0259,0.8390,1.003
0.776167,0.5484,0.0264,0.8380,1.002
0.778146,0.5474,0.0259,0.8380,1.001
0.780486,0.5479,0.0264,0.8380,1.002
0.782884,0.5484,0.0259,0.8385,1.002
0.786908,0.5484,0.0259,0.8385,1.002
0.787191,0.5474,0.0264,0.8375,1.001
0.789110,0.5474,0.0264,0.8365,1.000
0.791951,0.5474,0.0264,0.8365,1.000
0.793068,0.5469,0.0259,0.8370,1.000
0.795466,0.5474,0.0264,0.8365,1.000
0.797429,0.5474,0.0269,0.8365,1.000
0.799561,0.5479,0.0259,0.8370,1.001
0.801459,0.5479,0.0264,0.8380,1.002
0.803619,0.5474,0.0264,0.8375,1.001
0.805866,0.5484,0.0273,0.8380,1.002
0.808159,0.5479,0.0269,0.8380,1.002
0.810136,0.5474,0.0269,0.8385,1.002
0.812019,0.5474,0.0264,0.8380,1.001
0.814149,0.5469,0.0259,0.8375,1.001
0.817073,0.5474,0.0259,0.8385,1.002
0.818720,0.5474,0.0259,0.8399,1.003
0.820471,0.5469,0.0259,0.8380,1.001
0.822870,0.5474,0.0264,0.8390,1.002
0.824949,0.5479,0.0273,0.8385,1.002
0.826964,0.5469,0.0264,0.8394,1.002
0.829329,0.5464,0.0273,0.8390,1.002
0.831127,0.5460,0.0264,0.8385,1.001
0.833291,0.5460,0.0264,0.8375,1.000
0.835446,0.5479,0.0254,0.8380,1.002
0.837892,0.5503,0.0244,0.8394,1.004
0.839796,0.5513,0.0259,0.8409,1.006
0.843603,0.5523,0.0269,0.8414,1.007
0.844152,0.5508,0.0264,0.8404,1.005
0.845945,0.5484,0.0264,0.8399,1.003
0.847857,0.5474,0.0259,0.8380,1.001
0.849696,0.5455,0.0259,0.8360,0.999
0.852048,0.5440,0.0264,0.8365,0.998
0.854398,0.5401,0.0278,0.8380,0.997
0.856254,0.5523,0.0566,0.8604,1.024
0.859914,0.5562,0.0869,0.8917,1.055
0.861032,0.5303,0.0855,0.9059,1.053
0.862857,0.5577,0.1553,0.9674,1.127
0.865409,0.5103,0.0894,1.0074,1.133
0.867396,0.4864,0.0132,1.0929,1.196
0.869371,0.5059,0.2119,1.1036,1.232
0.871368,0.3653,0.1543,0.9894,1.066
0.873091,0.2891,0.0254,1.0567,1.096
0.875146,0.2788,-0.0410,1.0660,1.103
0.877616,0.2222,-0.0317,0.8092,0.840
0.879561,0.1948,-0.0239,0.8077,0.831
0.882349,0.2002,-0.0693,0.8932,0.918
0.884150,0.1836,-0.0923,0.8536,0.878
0.886054,0.1431,-0.0698,0.7628,0.779
0.888107,0.1138,-0.0215,0.7437,0.753
0.889871,0.1206,0.0156,0.8404,0.849
0.892166,0.1436,0.0151,0.9269,0.938
0.894373,0.2056,0.0176,1.0113,1.032
0.896439,0.2310,0.0601,0.9552,0.985
0.898883,0.2359,0.1192,0.8839,0.923
0.901738,0.2603,0.1528,0.8785,0.929
0.905132,0.3047,0.1353,0.9449,1.002
0.905384,0.3550,0.0796,1.0704,1.131
0.909871,0.3609,0.0264,1.1515,1.207
0.910430,0.3531,0.0039,1.1847,1.236
0.911297,0.3599,0.0195,1.2267,1.279
0.913284,0.3433,0.0225,1.2887,1.334
0.916104,0.2696,0.0161,1.2662,1.295
0.917401,0.2056,-0.0049,1.1569,1.175
0.919570,0.1865,-0.0254,1.0777,1.094
0.921722,0.1602,-0.0146,0.9649,0.978
0.924335,0.1499,-0.0054,0.8604,0.873
0.926250,0.2066,-0.0820,0.8160,0.846
0.927976,0.3448,-0.1587,0.8775,0.956
0.929859,0.5059,-0.1265,0.9869,1.116
0.933263,0.5342,-0.0693,0.9479,1.090
0.934218,0.4781,0.0083,0.8043,0.936
0.936267,0.4766,0.0601,0.7349,0.878
0.938332,0.6055,0.0899,0.9259,1.110
0.943286,0.6422,0.0908,0.9845,1.179
0.943977,0.5850,0.0996,0.9244,1.099
0.945092,0.5318,0.1099,0.8516,1.010
0.946943,0.4908,0.0737,0.8321,0.969
0.950014,0.4073,0.0361,0.8556,0.948
0.951837,0.3340,-0.0020,0.9254,0.984
0.953741,0.3076,-0.0586,1.0445,1.090
0.955685,0.3120,-0.0171,1.0978,1.141
0.958626,0.3428,0.1143,1.1461,1.202
0.959789,0.3062,0.0469,1.1080,1.151
0.961879,0.3477,0.0537,1.0812,1.137
0.964000,0.3609,0.1563,1.0660,1.136
0.972152,0.3409,0.0400,1.1486,1.199
0.972515,0.3262,-0.0034,1.1949,1.239
0.972682,0.2852,-0.0859,1.1427,1.181
0.972790,0.3062,-0.0571,1.0333,1.079
0.974841,0.4053,0.1196,0.9903,1.077
0.977515,0.4620,0.2139,0.9747,1.100
0.978678,0.4351,0.1382,0.9195,1.027
0.980566,0.4034,0.0415,0.9420,1.026
0.982880,0.3545,0.0303,0.9200,0.986
0.984877,0.2998,0.0171,0.8409,0.893
0.986967,0.2871,0.0679,0.8067,0.859
0.989179,0.2451,-0.0405,0.8023,0.840
0.991645,0.2901,-0.0376,0.8477,0.897
0.993636,0.4146,0.1065,0.9015,0.998
0.995469,0.4659,0.0957,0.9039,1.021
0.997567,0.4468,-0.0674,0.8839,0.993
0.999822,0.4307,-0.1362,0.8678,0.978
1.001791,0.4312,-0.0693,0.8536,0.959
1.003972,0.4024,-0.0298,0.8145,0.909
1.006125,0.3731,0.0151,0.7804,0.865
1.008532,0.3912,0.1265,0.8248,0.922
1.010160,0.4161,0.0361,0.9947,1.079
1.012191,0.3511,-0.1094,0.9835,1.050
1.014275,0.3199,-0.1016,0.7755,0.845
1.016564,0.3770,0.0220,0.7242,0.817
1.018621,0.4771,0.1021,0.8004,0.937
1.020689,0.5225,0.0938,0.8648,1.015
1.022983,0.4966,0.0947,0.8263,0.969
1.025137,0.4654,0.0737,0.7955,0.925
1.027319,0.3750,0.0068,0.7330,0.823
1.029549,0.2862,-0.1025,0.7037,0.767
1.031202,0.4322,0.0874,0.8853,0.989
1.033597,0.4312,0.1690,0.9894,1.092
1.035542,0.2681,0.0298,0.8399,0.882
1.037658,0.2427,-0.0874,0.9239,0.959
1.039727,0.2471,-0.1265,0.9820,1.021
1.041870,0.2261,-0.1582,0.8785,0.921
1.044082,0.2344,-0.1499,0.8932,0.935
1.046086,0.3091,-0.0757,1.1417,1.185
1.047897,0.3501,0.0488,1.2618,1.310
1.050112,0.3560,0.1094,1.2369,1.292
1.052407,0.2896,-0.0137,1.0577,1.097
1.054598,0.2315,-0.1133,0.9176,0.953
1.056646,0.2090,-0.1152,0.8233,0.857
1.060085,0.2437,-0.0264,0.8414,0.876
1.060927,0.2813,0.1030,1.0094,1.053
1.063285,0.2915,0.1441,1.1363,1.182
1.064952,0.2940,0.0654,1.1979,1.235
1.068695,0.2720,-0.0244,1.1295,1.162
1.069756,0.3218,0.0679,1.0948,1.143
1.071816,0.4439,0.2393,1.0719,1.185
1.073419,0.7384,0.3184,1.4054,1.619
1.078952,0.9908,0.2847,1.6442,1.941
1.079507,1.1056,0.2007,1.6706,2.013
1.080379,0.9557,0.1631,1.2804,1.606
1.081947,0.7935,0.1109,0.7515,1.099
1.085268,0.7843,0.0649,0.5191,0.943
1.086156,0.8736,0.0190,0.5674,1.042
1.088179,0.9386,-0.0288,0.6280,1.130
1.090081,0.8184,-0.1128,0.5254,0.979
1.093307,0.6114,-0.1431,0.2554,0.678
1.094354,0.4864,-0.0508,0.1152,0.502
1.096504,0.4327,0.0337,0.1621,0.463
1.098760,0.3965,0.0654,0.3589,0.539
1.105170,0.3453,0.0493,0.5484,0.650
1.105784,0.2852,-0.0181,0.6500,0.710
1.106360,0.2197,-0.1021,0.6700,0.712
1.107728,0.1655,-0.1201,0.7164,0.745
1.109670,0.1133,-0.0767,0.8702,0.881
1.111787,0.0703,-0.0625,1.0524,1.057
1.113898,0.0352,-0.0703,1.1339,1.137
1.115471,0.0474,-0.0508,1.3366,1.338
1.117967,0.0537,-0.1094,1.5138,1.519
1.119845,0.0791,-0.1416,1.6164,1.624
1.122088,0.1890,-0.1162,1.6379,1.653
1.124720,0.3072,-0.0571,1.6598,1.689
1.127059,0.3741,0.0581,1.6091,1.653
1.128388,0.4229,0.1045,1.6232,1.681
1.130360,0.4209,0.1480,1.4772,1.543
1.132403,0.4546,0.0991,1.3693,1.446
1.134655,0.4458,0.0112,1.0734,1.162
1.137077,0.4566,0.0767,0.8761,0.991
1.139030,0.3814,0.0957,0.6998,0.803
1.143123,0.2652,0.0205,0.5196,0.584
1.143879,0.2349,0.0498,0.5181,0.571
1.146416,0.2910,0.1426,0.6099,0.691
1.148416,0.2354,0.0151,0.5972,0.642
1.150331,0.3086,0.0474,0.4351,0.536
1.151506,0.4766,0.1475,0.7403,0.893
1.153863,0.4903,0.1548,0.9659,1.094
1.155927,0.4004,0.1299,0.9610,1.049
1.158683,0.3872,0.1743,0.9479,1.039
1.160210,0.4576,0.1997,1.1056,1.213
1.163037,0.5367,0.2217,1.1735,1.309
1.164190,0.5626,0.1924,1.1779,1.319
1.170370,0.4556,0.1436,0.9366,1.051
1.170858,0.3101,0.0518,0.6295,0.704
1.171072,0.2959,0.0689,0.7125,0.775
1.172269,0.3199,0.1558,0.7872,0.864
1.176041,0.2471,0.0913,0.6817,0.731
1.177202,0.1856,0.0913,0.3579,0.413
1.178733,0.1675,0.0850,0.3565,0.403
1.181522,0.1323,0.0356,0.4214,0.443
1.183099,0.1172,0.1011,0.3218,0.357
1.185198,0.1826,0.1592,0.4659,0.525
1.187038,0.1870,0.1680,0.5796,0.632
1.189344,0.1665,0.1704,0.3838,0.452
1.191430,0.2197,0.1773,0.4248,0.510
1.193820,0.2598,0.1699,0.4527,0.549
1.195569,0.1997,0.1616,0.3545,0.438
1.198014,0.0864,0.1377,0.1587,0.227
1.199956,0.0298,0.1275,0.1880,0.229
1.202433,0.0273,-0.0210,0.4122,0.414
1.204165,0.1870,-0.3604,1.0104,1.089
1.206947,0.6578,-0.4917,1.8981,2.068
1.209387,1.3136,-0.3711,3.4437,3.704
1.211879,1.0992,-0.2993,2.7000,2.930
1.213855,0.8067,-0.2647,1.8425,2.029
1.215173,0.7276,-0.1870,1.3781,1.570
1.217466,0.8912,0.0024,1.3869,1.649
1.219147,0.9898,0.0498,1.5392,1.831
1.221645,0.8033,0.0156,1.2677,1.501
1.223551,0.5816,0.0054,0.8849,1.059
1.225595,0.4029,0.0923,0.5513,0.689
1.227468,0.3360,0.0259,0.4737,0.581
1.229808,0.3448,-0.0396,0.6915,0.774
1.231668,0.3155,-0.0635,0.7135,0.783
1.233760,0.2422,-0.0835,0.5587,0.615
1.235909,0.1734,-0.0884,0.3750,0.423
1.237938,0.1441,-0.0674,0.4380,0.466
1.239986,0.1563,-0.0645,0.6783,0.699
1.243513,0.1455,-0.0640,0.7945,0.810
1.244407,0.2183,0.0606,0.8370,0.867
1.246508,0.5157,0.2774,1.3141,1.439
1.248337,0.5640,0.3745,1.3707,1.529
1.250565,0.3750,0.3775,1.0929,1.216
1.252731,0.3565,0.3604,1.1139,1.224
1.254613,0.4634,0.2398,1.3322,1.431
1.256718,0.5582,-0.0195,1.5348,1.633
1.259481,0.5743,-0.1314,1.3302,1.455
1.263161,0.5103,-0.1602,1.0040,1.138
1.263547,0.4483,-0.1489,0.6729,0.822
1.265559,0.4717,-0.1499,0.6895,0.849
1.269352,0.5372,-0.0513,0.8873,1.038
1.269862,0.3633,0.0068,0.9142,0.984
1.271724,0.2412,-0.0337,0.7735,0.811
1.273697,0.2227,-0.0982,0.7750,0.812
1.275785,0.2163,0.0210,0.9054,0.931
1.278166,0.2769,0.1192,1.1891,1.227
1.280169,0.5811,-0.1680,1.8478,1.944
1.282448,1.3566,-0.3037,3.2870,3.569
1.284335,1.7995,-0.3824,4.1284,4.520
1.286831,1.2614,-0.3853,2.3381,2.684
1.288656,0.7794,-0.3496,0.6539,1.076
1.290548,0.6500,-0.3345,0.0098,0.731
1.294243,0.6148,-0.2320,-0.2798,0.714
1.296267,0.5679,-0.0449,-0.3858,0.688
1.297422,0.5352,0.0732,-0.2251,0.585
1.304180,0.6060,0.1035,0.3951,0.731
1.304846,0.6314,0.0889,0.9835,1.172
1.305044,0.4937,0.0088,0.8282,0.964
1.305571,0.3262,0.0059,0.3575,0.484
1.307578,0.1909,-0.0112,0.0542,0.199
1.309605,0.1045,-0.0020,-0.0166,0.106
1.311681,0.0816,-0.0171,0.3052,0.316
1.313899,0.1030,0.0005,0.8380,0.844
1.315876,0.2388,0.0518,1.4621,1.482
1.318050,0.4043,0.0625,1.6076,1.659
1.320229,0.3042,0.0317,0.7652,0.824
1.322553,0.0820,-0.0894,0.1113,0.165
1.324414,0.0220,-0.0581,0.1104,0.127
1.326832,0.0044,0.0112,0.1904,0.191
1.328539,0.1011,0.0908,0.3921,0.415
1.330400,0.4688,0.1753,1.2433,1.340
1.332491,0.5963,0.1948,1.6535,1.768
1.335306,0.4449,0.2295,1.2282,1.326
1.336868,0.3706,0.2266,1.0162,1.105
1.338932,0.2920,0.1480,0.9122,0.969
1.342320,0.2627,0.0342,0.8097,0.852
1.343931,0.3252,-0.1904,0.9957,1.065
1.345723,0.3643,-0.3360,1.0577,1.168
1.347512,0.3726,-0.3955,0.9498,1.094
1.350137,0.3736,-0.3194,0.7110,0.864
1.352205,0.3936,-0.1763,0.6270,0.761
1.354602,0.4288,-0.0649,0.8106,0.919
1.356029,0.3492,0.1372,0.8014,0.885
1.358632,0.2798,0.2544,0.7320,0.824
1.361474,0.3745,0.2862,0.9479,1.059
1.363914,0.6256,-0.0117,1.1417,1.302
1.364491,1.1901,-0.2271,2.2493,2.555
1.367848,1.3707,-0.2017,2.0290,2.457
1.370058,1.1725,-0.1143,0.9005,1.483
1.370944,1.0011,-0.1646,0.4463,1.108
1.373888,0.7315,-0.1426,-0.3008,0.804
1.375849,0.6602,-0.0122,-0.2158,0.695
1.377844,0.6168,0.0239,-0.5113,0.801
1.379246,0.5601,0.0464,-0.5069,0.757
1.381367,0.5040,0.0547,-0.5015,0.713
1.383807,0.5552,0.0640,0.0532,0.561
1.386013,0.5699,0.0674,0.5782,0.815
1.388458,0.4996,0.0718,0.6490,0.822
1.390351,0.4253,0.0205,0.6597,0.785
1.392825,0.3355,-0.0352,0.4708,0.579
1.394251,0.2276,-0.0586,0.1963,0.306
1.396075,0.1729,-0.1099,0.1802,0.273
1.398452,0.2110,-0.2232,0.6265,0.698
1.400664,0.3033,-0.2222,1.0240,1.091
1.402649,0.3047,-0.2041,1.2018,1.257
1.404405,0.2154,-0.1489,0.8741,0.912
1.406484,0.0728,0.3013,0.8101,0.867
1.409415,0.0230,0.6089,1.2579,1.398
1.410923,0.1558,0.5386,1.4836,1.586
1.412865,1.3488,0.6627,3.5135,3.821
1.414596,2.0437,0.5464,4.3032,4.795
1.417739,1.6164,0.1895,4.0673,4.381
1.419626,1.2511,-0.2212,2.9437,3.206
1.421564,0.9645,-0.1206,1.7443,1.997
1.423938,1.0128,0.0288,1.2872,1.638
1.426104,1.0821,0.1734,1.0875,1.544
1.427819,1.0690,0.0146,1.1173,1.546
1.429935,0.9449,-0.0547,0.9215,1.321
1.431906,0.6929,-0.0425,0.4820,0.845
1.434591,0.5352,-0.0523,0.0488,0.540
1.437029,0.4429,-0.0269,-0.0982,0.454
1.438587,0.3658,0.0278,-0.1006,0.380
1.440307,0.3033,0.0601,0.0498,0.313
1.442963,0.2071,0.0308,0.0361,0.212
1.444689,0.0967,0.0078,-0.0610,0.115
1.446707,-0.0049,-0.0151,-0.0796,0.081
1.448639,-0.1030,-0.0327,0.0205,0.110
1.451392,-0.1558,-0.0313,0.2481,0.295
1.454344,-0.1812,-0.0313,0.4585,0.494
1.455199,-0.2158,-0.0361,0.5533,0.595
1.457028,-0.2740,-0.0488,0.4961,0.569
1.459679,-0.3243,-0.0786,0.5044,0.605
1.462062,-0.3623,-0.1543,0.7174,0.818
1.463776,-0.3033,-0.0718,1.0817,1.126
1.465616,-0.1695,0.0479,1.7341,1.743
1.470168,-0.0820,0.1353,1.9992,2.005
1.470726,0.0537,-0.0430,2.3240,2.325
1.472099,0.2080,-0.2119,2.1262,2.147
1.474102,0.2197,-0.2906,1.6115,1.652
1.478210,0.2295,-0.3448,1.3195,1.383
1.478970,0.2837,-0.3750,1.1886,1.278
1.480630,0.4244,-0.3389,1.2291,1.344
1.482394,0.4854,-0.2422,0.9664,1.108
1.484451,0.5210,-0.1240,0.7681,0.936
1.486551,0.4273,-0.0034,0.4048,0.589
1.488966,0.2993,0.0376,0.1177,0.324
1.490461,0.1973,0.0713,-0.0337,0.212
1.492942,0.1460,0.0962,0.0029,0.175
1.494941,0.1406,0.1040,0.1641,0.240
1.496951,0.1812,0.0444,0.5044,0.538
1.498967,0.4253,-0.1807,1.1119,1.204
1.502884,0.7325,-0.2998,1.7536,1.924
1.503947,0.8223,-0.2881,1.7101,1.919
1.505994,0.8360,-0.2310,1.4274,1.670
1.507750,0.9400,-0.1821,1.4347,1.725
1.510001,0.8722,0.0181,1.1315,1.429
1.512235,1.1842,-0.1616,1.7101,2.086
1.514266,1.4113,-0.2940,2.0202,2.482
1.516297,1.2257,-0.3369,1.5568,2.010
1.518392,0.9850,-0.3155,0.7198,1.260
1.520414,0.9596,-0.2461,0.3882,1.064
1.522971,0.9352,0.0459,0.5650,1.094
1.524998,0.6251,0.3409,0.5450,0.897
1.526910,0.5381,0.3921,1.0362,1.232
1.528698,0.6978,0.3809,1.8488,2.013
1.530687,0.8204,0.3760,2.2717,2.444
1.533257,0.5250,0.3584,1.8630,1.968
1.535670,0.3150,0.3003,1.2550,1.328
1.537186,0.2222,0.2378,0.9269,0.982
1.539276,0.1270,0.1279,0.3487,0.393
1.541463,0.0742,-0.0352,0.1797,0.198
1.543632,0.0391,-0.1152,0.1528,0.195
1.545479,0.0054,-0.1358,0.2422,0.278
1.547758,-0.0405,-0.1328,0.2090,0.251
1.549938,-0.0869,-0.1196,0.1778,0.231
1.552278,-0.1143,-0.1123,0.1983,0.255
1.554288,-0.0322,-0.0532,0.4732,0.477
1.556253,0.1318,0.0576,0.9757,0.986
1.558344,0.2950,0.0693,0.6290,0.698
1.561846,0.3335,0.0078,0.6221,0.706
1.564282,0.2867,-0.0083,0.0884,0.300
1.564977,0.3267,0.0220,-0.0444,0.330
1.567394,0.3536,0.0606,-0.0669,0.365
1.568939,0.3023,0.0342,0.1387,0.334
1.571645,0.2041,-0.0112,-0.1382,0.247
1.573263,0.4356,-0.0689,0.2110,0.489
1.575071,0.9625,-0.0288,1.6134,1.879
1.577305,0.8878,-0.1206,1.6330,1.863
1.579278,0.6456,-0.2427,0.9972,1.212
1.581403,0.5757,-0.2823,1.0016,1.189
1.583713,0.7838,-0.0596,1.5949,1.778
1.586106,0.7852,0.3140,1.8830,2.064
1.587848,0.5987,0.4102,1.4264,1.600
1.590305,0.4507,0.3765,1.1105,1.256
1.591792,0.4092,0.3052,1.0260,1.146
1.594259,0.4634,0.2344,1.3297,1.428
1.596697,0.5044,0.2945,1.4562,1.569
1.598430,0.4229,0.3028,1.2325,1.338
1.600290,0.3330,0.2744,0.8199,0.927
1.602703,0.2583,0.2100,0.5435,0.637
1.605353,0.2417,0.1572,0.4302,0.518
1.606968,0.2373,0.0947,0.4537,0.521
1.608682,0.2090,0.0093,0.3501,0.408
1.611106,0.1856,-0.0288,0.3228,0.373
1.613268,0.2886,-0.0918,0.6397,0.708
1.615257,0.3916,-0.1460,0.9215,1.012
1.618500,0.5250,-0.1216,1.0133,1.148
1.620553,0.6524,-0.1192,0.9635,1.170
1.621961,0.7174,-0.0308,0.6910,0.997
1.623924,0.8136,-0.0430,0.6934,1.070
1.626764,0.8072,0.0132,0.6514,1.037
1.628727,0.6724,0.1109,0.4537,0.819
1.630060,0.5694,0.1792,0.3116,0.673
1.632128,0.5840,0.0791,0.4195,0.723
1.635093,0.7349,-0.1558,0.9356,1.200
1.636733,0.8072,-0.2798,1.3195,1.572
1.638482,0.6490,-0.3775,1.0636,1.302
1.640731,0.4903,-0.4458,0.9122,1.128
1.642988,0.4922,-0.5523,1.3322,1.524
1.644829,0.7012,-0.6558,2.6380,2.807
1.646956,0.8780,-0.3706,3.0628,3.208
1.656449,0.8448,-0.2080,2.4534,2.603
1.656901,0.5538,0.2783,1.6760,1.787
1.657152,0.4292,0.4590,1.1227,1.287
1.657378,0.5367,0.4361,1.0143,1.228
1.658759,0.6119,0.3858,1.0807,1.300
1.662558,0.4698,0.3096,0.7286,0.921
1.663111,0.3081,0.2412,0.4043,0.563
1.663785,0.3477,0.2066,0.6368,0.754
1.665865,0.3662,0.1348,1.1500,1.214
1.670133,0.2251,0.0781,0.6646,0.706
1.670435,0.1802,0.0293,0.0942,0.205
1.672183,0.2569,-0.0508,0.1890,0.323
1.674137,0.2700,-0.0796,0.1621,0.325
1.676423,0.2090,-0.0933,-0.0215,0.230
1.678475,0.1445,-0.1138,-0.0952,0.207
1.680572,0.1670,-0.1572,0.1695,0.285
1.682786,0.4190,-0.1944,0.7989,0.923
1.684776,0.8077,0.0376,1.4225,1.636
1.686801,0.8624,0.1065,1.5983,1.819
1.688772,0.8023,0.0288,1.2960,1.525
1.690832,0.7579,-0.1152,1.0328,1.286
1.693800,0.5919,-0.2188,0.4610,0.781
1.695551,0.6148,-0.0645,0.4117,0.743
1.697499,0.6983,0.1958,0.9928,1.229
1.699741,0.7139,0.3472,1.1329,1.383
1.703094,0.6724,0.2642,1.0909,1.308
1.703890,0.5010,0.0088,0.6597,0.828
1.705907,0.3872,-0.0752,0.2173,0.450
1.707969,0.3418,-0.1304,0.3599,0.513
1.711322,0.3179,-0.1069,0.5621,0.655
1.712202,0.2842,-0.0635,0.6695,0.730
1.714303,0.2271,-0.0220,0.5005,0.550
1.716426,0.1714,0.0479,0.4551,0.489
1.718737,0.1231,0.1582,0.3409,0.395
1.720720,0.0830,0.1948,0.4351,0.484
1.722852,0.0869,0.2466,0.8165,0.857
1.724867,0.0693,0.2725,1.2882,1.319
1.728131,0.0430,0.1685,1.1329,1.146
1.728722,0.2334,-0.0845,1.2477,1.272
1.730831,0.3550,-0.1382,1.2926,1.348
1.733153,0.4292,-0.1641,1.1857,1.272
1.738137,0.5289,-0.1904,1.3273,1.441
1.738706,0.5713,0.1025,1.3024,1.426
1.739480,0.5777,0.3130,1.2926,1.450
1.741566,0.5152,0.3379,0.9391,1.123
1.744609,0.4263,0.3228,0.6080,0.810
1.746315,0.2945,0.2808,0.3174,0.516
1.748025,0.2344,0.1548,0.2832,0.399
1.750154,0.4283,-0.1211,0.6558,0.793
1.752237,0.8678,-0.2471,1.8742,2.080
1.754551,0.9410,-0.1572,1.4396,1.727
1.756447,0.8980,-0.0889,1.0895,1.415
1.758736,0.9356,-0.1084,0.8057,1.240
1.762697,0.9615,-0.1065,0.6422,1.161
1.763235,0.7403,-0.0996,0.0591,0.749
1.765472,0.5616,-0.0674,-0.3511,0.666
1.767154,0.4878,-0.0664,-0.3677,0.615
1.770458,0.5518,-0.0459,0.1406,0.571
1.770959,0.5865,-0.0444,0.6827,0.901
1.773403,0.4683,-0.0381,0.5025,0.688
1.775453,0.3697,-0.0791,0.2364,0.446
1.777521,0.3545,-0.0562,0.2876,0.460
1.779759,0.4263,-0.0146,0.7071,0.826
1.782112,0.3692,0.0649,0.9386,1.011
1.784018,0.5084,0.4146,1.5231,1.658
1.787267,0.9786,0.5103,2.8255,3.033
1.788317,1.3361,0.3921,3.3490,3.627
1.790072,0.9605,0.2490,2.0031,2.235
1.792139,0.6675,0.1353,1.0572,1.258
1.794677,0.5054,0.2398,0.6636,0.868
1.796572,0.5928,0.3438,0.8624,1.102
1.798588,0.7276,0.4122,1.7971,1.982
1.800624,0.5352,0.2827,1.6164,1.726
1.802708,0.3531,0.0483,0.8936,0.962
1.804967,0.2979,-0.1538,0.5679,0.659
1.807062,0.2876,-0.2637,0.5416,0.667
1.808924,0.2915,-0.3008,0.5787,0.714
1.810946,0.2857,-0.3062,0.7637,0.871
1.813494,0.2867,-0.3291,1.0030,1.094
1.815135,0.2671,-0.3330,0.9513,1.043
1.817267,0.3135,-0.2217,1.0084,1.079
1.820936,0.3213,-0.1338,0.9986,1.058
1.821880,0.2666,-0.0313,0.6724,0.724
1.823943,0.2261,0.0176,0.4165,0.474
1.826021,0.1548,0.1187,0.1817,0.267
1.828928,0.1514,0.2222,0.1695,0.318
1.830344,0.2061,0.2642,0.4942,0.597
1.832306,0.2149,0.2534,0.6422,0.723
1.836027,0.1328,0.1875,0.4620,0.516
1.836709,0.0308,0.0542,0.2041,0.213
1.838785,0.1021,-0.0747,0.1445,0.192
1.841429,0.3081,-0.1856,0.5191,0.632
1.845867,0.4820,-0.2124,0.9249,1.064
1.846136,0.7496,-0.0884,0.9493,1.213
1.847455,1.3790,0.1314,2.0534,2.477
1.849195,1.7136,0.2163,3.1737,3.613
1.852374,1.4118,0.2320,1.6579,2.190
1.854323,1.0060,0.2183,0.1426,1.039
1.855738,0.8458,0.0674,-0.5445,1.008
1.858129,0.8121,0.0571,-0.7164,1.084
1.861852,0.8219,-0.1919,-0.2793,0.889
1.862088,0.7740,-0.2071,-0.2300,0.834
1.864568,0.6890,-0.2998,0.0928,0.757
1.866216,0.5840,-0.3433,0.1748,0.700
1.868830,0.4957,-0.4756,0.5850,0.902
1.872046,0.6612,-0.3111,3.1439,3.228
1.875108,0.9806,0.3047,5.9015,5.990
1.875538,0.6046,0.4424,3.8344,3.907
1.878699,0.2022,0.2998,1.2506,1.302
1.878869,0.0855,0.3184,0.7413,0.811
1.881520,0.0566,0.3794,0.5411,0.663
1.883056,0.0606,0.3960,0.3213,0.514
1.885659,0.1250,0.3042,0.6378,0.718
1.887437,0.1402,0.1636,0.8458,0.873
1.889031,0.0732,0.0781,0.2930,0.312
1.892033,0.0112,0.0469,-0.2124,0.218
1.895032,-0.0410,0.0015,-0.3399,0.342
1.895475,-0.0557,-0.0137,-0.2383,0.245
1.897710,0.0693,-0.0493,0.4834,0.491
1.900128,0.1353,-0.0645,1.0387,1.049
1.902611,0.1714,-0.0708,1.0509,1.067
1.903996,0.3643,-0.0371,0.9864,1.052
1.906144,0.4419,-0.0093,0.7520,0.872
1.908397,0.4034,0.0195,0.3599,0.541
1.911053,0.4288,0.0356,0.1753,0.465
1.912310,0.5743,0.0723,0.2486,0.630
1.914595,0.6256,0.0234,0.2974,0.693
1.916752,0.4952,-0.0923,0.0855,0.511
1.919004,0.4712,-0.1602,0.0200,0.498
1.920837,0.6671,-0.2368,0.4126,0.819
1.922891,0.7979,-0.2647,0.8419,1.190
1.925294,0.8521,-0.2456,1.0836,1.400
1.927421,0.8839,-0.2246,1.4591,1.721
1.929028,0.8053,-0.1934,1.8767,2.051
1.931173,1.0611,0.0684,3.1068,3.284
1.933714,1.1002,0.3609,3.6337,3.814
1.935798,0.9112,0.1675,2.7205,2.874
1.937755,0.6475,-0.2066,1.8791,1.998
1.939874,0.5201,-0.3413,1.4879,1.613
1.942069,0.4839,-0.3072,1.3756,1.490
1.944852,0.4937,-0.0928,1.1705,1.274
1.946856,0.5059,0.0640,0.8707,1.009
1.948408,0.4825,0.2320,0.6124,0.813
1.950440,0.3682,0.2759,0.2700,0.534
1.953441,0.2383,0.2276,0.1690,0.370
1.954602,0.3116,0.3575,0.5118,0.698
1.956640,0.4830,0.4380,1.2843,1.440
1.959325,0.3545,0.4082,1.0865,1.214
1.961846,0.1333,0.3052,0.2188,0.398
1.963209,-0.0093,0.2661,-0.1636,0.313
1.965498,-0.0210,0.2017,-0.3179,0.377
1.967501,0.1309,-0.0298,0.1548,0.205
1.971000,0.1992,-0.1626,0.6060,0.658
1.973659,0.1279,-0.2031,0.3262,0.405
1.973828,0.1387,-0.0122,0.3291,0.357
1.975743,0.3838,0.2056,0.9815,1.074
1.978616,0.6905,0.0381,2.1316,2.241
1.979733,0.9557,-0.1611,2.2634,2.462
1.982242,1.2877,-0.2495,2.7928,3.085
1.984296,1.2076,-0.2451,2.0910,2.427
1.986352,0.8966,-0.2315,0.7374,1.184
1.988231,0.7681,-0.1318,0.0698,0.783
1.990498,0.8199,0.0523,0.0068,0.822
1.992711,0.8658,0.2798,0.3238,0.966
1.994739,0.8590,0.3482,0.6451,1.129
1.998627,0.7008,0.3365,0.4874,0.917
1.998920,0.4791,0.2598,-0.0903,0.552
2.001545,0.3667,0.2368,-0.2749,0.516
2.003419,0.3169,0.2237,-0.2271,0.449
2.005563,0.2705,0.1743,-0.0864,0.333
2.007376,0.1699,0.1172,-0.0859,0.224
2.008973,0.0982,0.1094,0.0474,0.154
2.011605,0.0151,0.0459,0.0737,0.088
2.014072,-0.0732,0.0288,-0.1040,0.130
2.015630,-0.1275,0.0225,-0.1016,0.165
2.018629,-0.1309,-0.0200,0.1748,0.219
2.020137,-0.0400,-0.1572,0.8136,0.830
2.022099,0.1260,-0.3296,1.5920,1.631
2.024137,0.5084,-0.1792,2.1213,2.189
2.026217,0.9415,0.1109,3.1629,3.302
2.028699,0.8087,0.3037,2.9134,3.039
2.030742,0.5743,0.2837,1.9060,2.011
2.032669,0.4878,0.0293,0.9605,1.078
2.037242,0.6251,0.1035,0.9122,1.111
2.037651,0.7686,0.2271,0.9772,1.264
2.038907,0.9537,0.2603,1.2653,1.606
2.041092,0.8477,0.2486,0.8453,1.223
2.043128,0.7008,0.1021,0.3550,0.792
2.045853,0.6588,-0.0298,0.3951,0.769
2.047162,0.5972,-0.0347,0.4058,0.723
2.049139,0.4732,0.0210,0.1436,0.495
2.051245,0.3277,0.0654,-0.1338,0.360
2.054355,0.2461,0.1133,-0.1734,0.322
2.055612,0.2114,0.1436,0.0283,0.257
2.057963,0.1865,0.1260,0.1665,0.280
2.064343,0.2940,0.0308,0.6382,0.703
2.064989,0.5201,-0.0630,1.2277,1.335
2.065712,0.5103,-0.0288,1.0826,1.197
2.066611,0.5054,0.0503,0.7110,0.874
2.070703,0.9845,0.2574,1.2916,1.644
2.071109,1.1583,0.3091,1.7834,2.149
2.072640,0.9820,0.2940,1.2189,1.593
2.074765,0.9229,0.3223,1.2003,1.548
2.077224,1.0553,0.1480,1.1608,1.576
2.079153,1.2985,-0.1665,1.7267,2.167
2.081623,1.2369,-0.4644,2.0334,2.425
2.083532,1.2096,-0.5562,2.1379,2.519
2.085448,1.1647,-0.4532,1.7346,2.138
2.087839,1.0651,-0.4483,1.6921,2.049
2.089169,0.9156,-0.4673,1.7263,2.009
2.091764,0.8678,-0.3868,2.0266,2.238
2.094459,0.7887,-0.2276,1.6393,1.833
2.095837,0.6578,-0.1074,0.8468,1.078
2.097825,0.5142,-0.0859,0.2466,0.577
2.100235,0.3877,-0.0498,-0.1489,0.418
2.103260,0.2793,0.0068,-0.2281,0.361
2.104446,0.2090,0.1323,-0.0825,0.261
2.106498,0.1831,0.1909,0.2935,0.395
2.108851,0.1289,0.1997,0.5079,0.561
2.110526,0.0483,0.1895,0.4712,0.510
2.112897,-0.0449,0.1851,0.4698,0.507
2.114804,-0.1152,0.1548,0.4239,0.466
2.116985,-0.1909,0.0752,0.3702,0.423
2.119955,-0.2466,0.0107,0.2232,0.333
2.121397,-0.2774,-0.0415,0.2593,0.382
2.123336,-0.2661,-0.0889,0.3570,0.454
2.125918,-0.2017,-0.1704,0.6173,0.671
2.128125,-0.1065,-0.2627,0.7012,0.756
2.129317,0.1978,-0.1973,1.0323,1.069
2.131324,0.7911,-0.0156,2.1159,2.259
2.133530,0.8106,0.1582,2.3909,2.530
2.136406,0.5337,0.2686,1.4572,1.575
2.137826,0.4600,0.3106,1.0524,1.190
2.140280,0.4458,0.3130,0.7525,0.929
2.142254,0.4161,0.2539,0.1113,0.500
2.144652,0.5079,0.1528,-0.0073,0.530
2.146543,0.5508,0.1436,0.0786,0.575
2.148505,0.6627,0.0977,0.5489,0.866
2.150613,0.7633,0.1309,1.1862,1.417
2.153127,0.7330,0.3189,1.3375,1.558
2.155337,0.5035,0.3067,1.0948,1.243
2.157030,0.3833,0.2774,0.8204,0.947
2.159749,0.3423,0.2862,1.1139,1.200
2.161765,0.1968,0.3335,1.0719,1.140
2.164154,0.1939,0.1978,1.3380,1.366
2.165531,0.6846,-0.2569,2.0022,2.132
2.167605,1.1656,-0.2564,2.6917,2.944
2.171469,1.1549,-0.0899,1.9050,2.230
2.172128,0.8258,-0.0273,0.5025,0.967
2.175203,0.6597,-0.0337,0.0132,0.661
2.175914,0.6348,0.0488,-0.1499,0.654
2.178608,0.6485,0.1812,0.0747,0.677
2.180519,0.6270,0.0991,0.2080,0.668
2.182198,0.5660,0.0698,0.1729,0.596
2.184276,0.4800,0.0620,-0.0190,0.484
2.186465,0.4278,0.0454,-0.0210,0.431
2.189742,0.3648,0.0225,0.1240,0.386
2.190681,0.2344,0.0000,0.1958,0.305
2.193156,0.1851,0.0664,0.2930,0.353
2.195861,0.2041,0.0840,0.7008,0.735
2.197284,0.3467,0.1646,1.1393,1.202
2.199094,0.6304,0.2749,1.2023,1.385
2.201155,0.5923,0.2178,0.8350,1.047
2.203453,0.4917,0.1685,0.6485,0.831
2.205501,0.6612,-0.1944,1.3703,1.534
2.207323,0.4004,-0.1988,0.9083,1.012
2.209530,0.5713,-0.3326,1.5705,1.704
2.212662,0.9996,-0.1953,2.1408,2.371
2.213746,1.0123,-0.0410,1.8996,2.153
2.215798,0.9376,0.0864,1.7932,2.025
2.217937,0.6983,0.0503,1.5685,1.718
2.220783,0.5914,-0.0982,1.4640,1.582
2.222876,0.5836,-0.1914,1.4914,1.613
2.224640,0.4864,-0.1065,1.3312,1.421
2.226720,0.3926,0.1323,1.0011,1.083
2.229298,0.2867,0.2793,0.5054,0.645
2.230867,0.1880,0.2764,0.1748,0.377
2.233019,0.1255,0.2608,0.0244,0.290
2.235017,0.1743,0.1870,0.4527,0.520
2.237710,0.1778,0.1104,0.8697,0.895
2.239149,0.1079,0.0332,0.7237,0.732
2.241263,0.0474,0.0562,0.4996,0.505
2.243611,0.0161,0.0508,0.4727,0.476
2.245503,0.0225,-0.0625,0.2935,0.301
2.248011,0.1734,-0.1284,0.5743,0.613
2.249506,0.5762,-0.2554,1.3195,1.462
2.251657,0.9732,-0.3448,2.1037,2.343
2.253842,1.1876,-0.2476,1.8151,2.183
2.256708,1.2218,-0.1441,1.0963,1.648
2.258147,1.0460,-0.0400,1.2750,1.650
2.259937,0.7530,0.2700,0.2515,0.839
2.262471,0.7125,0.2989,0.4463,0.892
2.264429,0.8512,0.2564,0.0239,0.889
2.266325,1.0880,0.2447,0.9537,1.467
2.268529,0.8482,0.1006,0.7296,1.123
2.271179,0.6382,-0.1118,-0.1323,0.661
2.272915,0.5577,-0.1909,-0.2290,0.632
2.275235,0.4922,-0.2871,-0.0371,0.571
2.276875,0.4556,-0.2281,0.3120,0.597
2.279346,0.4078,-0.1294,0.6256,0.758
2.281649,0.3321,-0.0523,0.6519,0.733
2.283420,0.2725,-0.0581,0.8521,0.897
2.285721,0.1582,-0.1397,0.8595,0.885
2.288008,0.0176,-0.1768,0.9054,0.923
2.290221,0.0371,0.0957,1.4547,1.458
2.292084,0.2720,0.3760,2.3235,2.369
2.293845,0.5333,0.1563,2.4802,2.542
2.297076,0.6002,0.0562,1.7595,1.860
2.298027,0.5181,0.1504,1.1847,1.302
2.300442,0.5157,0.1983,0.9688,1.115
2.302747,0.6700,0.2217,1.1149,1.319
2.305246,0.6451,0.2412,0.8966,1.131
2.306672,0.5357,0.2290,0.4566,0.740
2.309040,0.4732,0.2002,0.1763,0.543
2.312163,0.5689,0.1533,0.2495,0.640
2.313197,0.6710,0.0986,0.5450,0.870
2.315311,0.5889,-0.0356,0.5298,0.793
2.317145,0.5528,-0.1367,0.4385,0.719
2.320318,0.5396,-0.1709,0.4034,0.695
2.322462,0.4708,-0.1968,0.3213,0.603
2.323543,0.4229,-0.2583,0.3829,0.626
2.326423,0.5308,-0.3868,0.9361,1.144
2.328354,0.7408,-0.2554,1.6545,1.831
2.329813,0.7486,-0.1548,2.1018,2.236
2.331612,0.5235,-0.2979,1.7233,1.826
2.333941,0.6470,-0.0264,1.9606,2.065
2.336409,0.8473,0.2686,1.9616,2.154
2.338124,0.9332,0.3448,1.6921,1.963
2.340508,0.7681,0.2686,1.2081,1.457
2.342265,0.5264,0.1411,0.3955,0.673
2.345539,0.3995,0.0942,-0.0752,0.417
2.347098,0.3785,-0.0972,-0.0855,0.400
2.349114,0.3555,-0.2520,0.0806,0.443
2.350762,0.3433,-0.2783,0.3999,0.596
2.353426,0.6373,-0.0557,1.2301,1.386
2.355705,1.0284,0.1807,1.7702,2.055
2.357394,0.7823,0.1123,0.9645,1.247
2.360025,0.4429,0.0659,0.0308,0.449
2.363928,0.3619,0.1372,0.0649,0.392
2.364421,0.4038,0.1299,0.0308,0.425
2.367596,0.5860,0.1817,0.9146,1.101
2.367742,0.5914,0.2500,1.0577,1.237
2.370764,0.3135,0.1953,0.6368,0.736
2.372050,0.2012,0.1358,0.3770,0.448
2.373733,0.1768,0.0855,0.6690,0.697
2.375987,0.1821,-0.0015,0.9864,1.003
2.378621,0.1431,-0.1597,1.3322,1.349
2.382260,0.1333,-0.1758,1.4362,1.453
2.382512,0.3101,0.0649,1.5988,1.630
2.384699,0.5660,0.2315,1.9138,2.009
2.387150,0.3843,0.1240,1.3903,1.448
2.389190,0.1480,0.0527,0.5323,0.555
2.391406,0.1983,0.1973,0.4620,0.540
2.393132,0.3814,0.2603,0.9610,1.066
2.395752,0.2657,0.0962,0.9718,1.012
2.397394,0.1470,0.0132,0.3418,0.372
2.399661,0.1045,-0.0034,0.1309,0.168
2.401826,0.1299,0.0186,0.1812,0.224
2.405636,0.2324,0.1411,0.4981,0.567
2.406198,0.2290,0.1753,0.5518,0.623
2.407810,0.2647,0.1660,0.4795,0.572
2.409984,0.4825,0.0254,0.7760,0.914
2.412399,0.5176,-0.1021,0.7794,0.941
2.414585,0.5880,-0.0625,0.5523,0.809
2.416060,0.6251,-0.1895,0.6143,0.897
2.418242,0.5289,-0.2178,0.3550,0.673
2.420626,0.6549,-0.2608,0.7135,1.003
2.422762,0.7564,-0.2793,1.0465,1.321
2.424757,0.7218,-0.2852,1.2228,1.448
2.426515,0.7310,-0.1138,1.4210,1.602
2.430412,0.6851,0.0918,1.7951,1.924
2.430930,0.6016,0.3086,1.8840,2.002
2.433046,0.4947,0.2320,1.5924,1.684
2.435035,0.3755,-0.0342,1.0719,1.136
2.437259,0.3218,-0.1548,0.7847,0.862
2.439387,0.3404,-0.1436,0.8643,0.940
2.441547,0.3853,-0.0693,1.0480,1.119
2.443735,0.3360,0.0933,0.8961,0.962
2.446169,0.1978,0.2539,0.5406,0.629
2.447634,0.1665,0.2066,0.5919,0.649
2.449681,0.2339,0.0806,0.9420,0.974
2.451727,0.2007,0.1226,1.1383,1.162
2.454187,0.0772,0.0527,0.6968,0.703
2.456036,0.2359,-0.2876,0.7388,0.827
2.458690,1.1251,-0.4434,2.4080,2.695
2.460391,1.8166,-0.3960,3.9145,4.334
2.463805,1.4684,-0.3579,2.1540,2.631
2.464670,1.2780,-0.2539,1.0856,1.696
2.466868,1.2701,-0.1812,0.6607,1.443
2.469013,1.0065,-0.0435,-0.0523,1.009
2.472223,0.9415,0.0669,-0.0532,0.945
2.473720,0.8565,0.0596,-0.1025,0.865
2.475265,0.8824,0.0254,0.4590,0.995
2.477358,0.7730,-0.0518,0.3291,0.842
2.479469,0.6046,-0.0703,-0.3980,0.727
2.481595,0.4683,-0.1060,-0.4776,0.677
2.483717,0.3755,-0.0840,-0.4131,0.565
2.485750,0.3311,-0.0640,0.1143,0.356
2.487895,0.4117,0.0913,0.7091,0.825
2.489812,0.4556,0.2129,1.3849,1.473
2.491939,0.2759,0.1250,0.7647,0.823
2.495591,0.2451,-0.0225,0.2603,0.358
2.496276,0.5489,-0.0635,0.5845,0.804
2.498871,0.7110,0.0586,0.6568,0.970
2.500940,0.6373,-0.0024,0.6978,0.945
2.502473,0.4107,-0.3413,1.0699,1.196
2.504919,0.2588,0.0845,0.3086,0.412
2.506687,0.1988,0.1646,0.7730,0.815
2.508919,0.1904,0.3213,0.3545,0.515
2.510985,0.2168,0.2818,0.1929,0.404
2.513632,0.3926,0.2569,1.3580,1.437
2.515282,0.5108,0.2505,2.3425,2.411
2.517461,0.3658,0.3057,1.7814,1.844
2.519402,0.1924,0.2276,0.5054,0.587
2.521738,0.1636,0.0571,0.0356,0.177
2.523716,0.1861,-0.1025,-0.1392,0.254
2.526186,0.2735,-0.2110,0.2476,0.425
2.527685,0.3853,-0.3067,0.8712,1.001
2.529794,0.4502,-0.2910,0.9674,1.106
2.531864,0.5865,-0.1538,1.1031,1.259
2.533967,0.7598,-0.0225,1.1559,1.383
2.536029,0.5709,-0.0689,1.1095,1.250
2.539279,0.7281,0.2388,1.7414,1.903
2.540669,1.3419,-0.3052,3.7553,3.999
2.542663,1.4699,-0.5508,3.5883,3.917
2.544825,1.0690,-0.5713,1.9108,2.263
2.547206,0.8053,-0.5660,1.1534,1.516
2.549299,0.9884,-0.4502,1.2545,1.659
2.551100,1.2169,-0.1148,1.5607,1.982
2.553594,1.1564,-0.0327,1.5138,1.905
2.556198,0.8175,-0.2124,0.6451,1.063
2.557626,0.6006,-0.1318,-0.1157,0.626
2.559494,0.4805,-0.0625,-0.4327,0.650
2.563938,0.3819,-0.0718,-0.5494,0.673
2.564357,0.2959,-0.0454,-0.5543,0.630
2.566869,0.2232,0.0176,-0.5503,0.594
2.567853,0.2896,0.1118,0.0845,0.322
2.569756,0.4034,0.2075,0.8883,0.997
2.572521,0.4395,0.2744,1.1808,1.289
2.574157,0.6807,0.3023,1.4562,1.636
2.576272,0.7804,0.1948,1.2750,1.508
2.580485,0.5826,0.1255,0.5967,0.843
2.580818,0.4546,0.1328,0.0869,0.482
2.582638,0.3301,0.2183,0.0430,0.398
2.584844,0.2818,0.1729,-0.2276,0.401
2.587327,0.6026,-0.0498,0.5650,0.828
2.589675,0.7115,-0.1162,0.8858,1.142
2.591243,0.5230,-0.1568,0.2534,0.602
2.593369,0.3912,-0.1992,-0.0698,0.444
2.596505,0.3296,-0.1983,-0.1211,0.403
2.597598,0.3272,-0.1924,0.1260,0.400
2.600293,0.3614,-0.1865,0.8336,0.927
2.602152,0.5284,0.0317,1.2726,1.378
2.606263,0.7139,0.5118,2.4553,2.608
2.606937,0.6890,0.5709,2.6204,2.769
2.607882,0.5938,0.4717,2.6453,2.752
2.610043,0.5323,0.3692,2.3069,2.396
2.612965,0.5025,0.3365,2.5208,2.592
2.614469,0.5518,-0.0210,2.9349,2.986
2.616962,0.6309,-0.3135,2.9700,3.052
2.618321,0.6573,-0.3042,2.1809,2.298
2.621663,0.6109,0.0591,1.4298,1.556
2.623001,0.4248,0.2954,0.8551,0.999
2.625001,0.2730,0.2774,0.3501,0.523
2.627062,0.1680,0.2202,-0.0449,0.281
2.629677,0.1162,0.1128,-0.2324,0.283
2.631810,0.1133,-0.0029,-0.1387,0.179
2.633515,0.1402,-0.0142,0.2197,0.261
2.635456,0.1362,-0.0488,0.3936,0.419
2.638513,0.1104,-0.0215,0.0244,0.115
2.639876,0.0952,0.0142,-0.2798,0.296
2.642207,0.3819,0.0801,0.0703,0.396
2.643756,0.7266,0.1509,0.9015,1.168
2.647212,0.6060,0.1143,0.6148,0.871
2.647932,0.4839,0.0708,0.0576,0.492
2.650074,0.4629,0.0098,-0.2368,0.520
2.652909,0.4112,0.0015,-0.4585,0.616
2.655121,0.3638,0.0181,-0.5567,0.665
2.656561,0.4239,0.0161,-0.2569,0.496
2.658762,0.4722,0.0532,0.0103,0.475
2.660775,0.4678,0.0439,0.3301,0.574
2.664472,0.4664,-0.0806,0.3955,0.617
2.665906,0.7672,-0.1934,1.0274,1.297
2.667314,1.2828,-0.2969,2.1076,2.485
2.669298,1.1417,-0.3135,1.6857,2.060
2.671843,0.8365,-0.4244,1.4289,1.709
2.673798,0.5787,-0.0996,0.7261,0.934
2.675676,0.4239,0.3706,0.9371,1.093
2.677573,0.4068,0.4415,0.8639,1.052
2.679991,0.6485,0.3789,1.0607,1.300
2.682852,1.0431,0.0693,3.3397,3.499
2.684196,0.7662,-0.1333,2.9266,3.028
2.686079,0.4986,-0.2500,1.3512,1.462
2.687901,0.3946,-0.2554,0.6104,0.770
2.689902,0.3990,-0.1597,0.3614,0.561
2.692333,0.5450,-0.0547,0.9337,1.082
2.694261,0.5289,0.0654,1.2335,1.344
2.696289,0.3692,0.1152,0.8849,0.966
2.698465,0.2305,0.1597,0.4527,0.532
2.700682,0.1582,0.1660,0.1284,0.263
2.702964,0.1465,0.1289,0.2051,0.283
2.705181,0.1743,0.1509,0.5289,0.577
2.707153,0.2281,0.1157,1.1837,1.211
2.709353,0.6363,-0.2217,2.2419,2.341
2.711740,0.9615,-0.2461,2.5506,2.737
2.714628,0.8927,-0.2178,1.6979,1.931
2.715903,0.8976,-0.0967,1.2013,1.503
2.717804,0.8531,0.1465,0.9078,1.254
2.720035,0.7594,0.3179,0.8678,1.196
2.722153,0.7701,0.3233,0.7867,1.147
2.724099,0.9254,0.3584,0.9322,1.362
2.726454,0.7130,0.2867,0.4820,0.907
2.728070,0.4756,0.1753,-0.1211,0.521
2.730213,0.3804,0.0982,-0.4195,0.575
2.732982,0.3658,0.0146,-0.1768,0.407
2.734618,0.3404,-0.0249,0.0601,0.347
2.737244,0.2867,-0.0625,-0.1524,0.331
2.738793,0.2471,-0.1089,0.0034,0.270
2.740932,0.2388,-0.1641,0.3018,0.418
2.742863,0.3472,-0.3995,0.9322,1.072
2.745101,0.4898,-0.5709,1.3317,1.529
2.747491,0.6119,-0.4048,1.5055,1.675
2.749504,0.8458,-0.3111,2.2263,2.402
2.751672,0.9801,-0.2056,2.4744,2.669
2.754362,0.8136,-0.1797,1.6652,1.862
2.755705,0.6314,-0.1480,1.0626,1.245
2.757887,0.5186,-0.2002,0.9122,1.068
2.759871,0.4615,-0.1870,0.8785,1.010
2.761797,0.4175,-0.1353,0.7462,0.866
2.764869,0.3555,-0.0732,0.4048,0.544
2.766186,0.2842,-0.0938,0.1665,0.342
2.767884,0.2295,-0.0703,-0.0474,0.245
2.770053,0.2158,-0.0464,0.0601,0.229
2.772279,0.1929,-0.0396,0.1724,0.262
2.774448,0.1504,-0.0010,0.2188,0.265
2.776304,0.1402,0.1939,0.4668,0.525
2.778710,0.4356,0.3526,1.1271,1.259
2.780669,1.9196,0.4834,3.5526,4.067
2.783330,2.1545,0.5103,4.3471,4.879
2.785278,1.1520,0.3516,1.5588,1.970
2.790035,0.9308,0.2740,0.1436,0.981
2.790470,0.8414,0.1880,0.3199,0.920
2.791575,0.7711,-0.1231,-0.3453,0.854
2.793558,0.8394,-0.1289,0.4922,0.982
2.795396,0.8316,-0.3536,0.8380,1.232
2.797828,0.7799,-0.0938,0.1426,0.798
2.800149,0.9112,-0.3960,1.8215,2.075
2.802003,0.8482,-0.2300,2.1233,2.298
2.805294,0.5757,-0.1494,0.7623,0.967
2.806260,0.3682,-0.0737,0.1812,0.417
2.808153,0.2534,0.1231,0.1045,0.300
2.810048,0.2764,0.2569,0.5396,0.658
2.813625,0.2407,0.2832,1.0465,1.111
2.815945,0.0796,0.2823,0.6417,0.706
2.816460,-0.0679,0.2490,0.3106,0.404
2.819010,-0.1758,0.2476,0.0977,0.319
2.822168,-0.2373,0.2447,0.1509,0.373
2.823028,-0.1641,0.0684,0.5049,0.535
2.825113,0.0015,-0.1411,1.2135,1.222
2.827256,0.0249,-0.2544,1.1852,1.212
2.829573,0.0938,-0.0317,0.7447,0.751
2.831359,0.3018,0.2442,1.3034,1.360
2.833522,0.5543,0.3223,1.8112,1.921
2.835588,0.5279,0.3614,1.7634,1.876
2.838185,0.3677,0.3736,0.9542,1.089
2.840330,0.4078,0.3662,0.7310,0.914
2.842112,0.4058,0.2505,0.6104,0.775
2.844253,0.4527,0.0566,0.7335,0.864
2.846639,0.4502,-0.0991,0.6622,0.807
2.848142,0.5411,-0.0532,0.6011,0.811
2.850336,0.5582,-0.0146,0.5533,0.786
2.852321,0.3941,0.0337,0.1909,0.439
2.855185,0.2725,0.0244,-0.0127,0.274
2.857048,0.2217,0.0469,0.0371,0.230
2.858682,0.1919,0.0742,0.1079,0.232
2.861121,0.1646,0.0825,0.1128,0.216
2.863959,0.1631,0.1260,0.2256,0.306
2.865194,0.2393,0.2447,0.5464,0.645
2.867495,0.5425,0.4004,1.1310,1.317
2.869613,0.9112,0.4673,2.0754,2.314
2.873828,1.2496,0.2471,2.7737,3.052
2.874342,1.3859,0.0542,2.7215,3.055
2.876814,1.0318,-0.1235,1.3927,1.738
2.877860,0.8204,0.1196,0.4932,0.965
2.881420,0.7843,0.4209,0.4634,1.004
2.882068,0.7823,0.5474,0.1045,0.961
2.884411,1.2042,0.6739,1.2130,1.837
2.886275,1.1407,0.6685,2.3411,2.689
2.889700,0.7569,0.4976,1.4240,1.688
2.890663,0.5704,0.3160,0.2774,0.709
2.892693,0.4512,0.0952,-0.2598,0.529
2.894371,0.3829,-0.0073,-0.2896,0.480
2.896840,0.3179,-0.0283,-0.0469,0.323
2.899075,0.1944,-0.0376,0.1460,0.246
2.901132,0.0591,-0.0254,0.2344,0.243
2.903177,-0.0225,-0.0249,0.2925,0.294
2.906458,-0.0747,-0.1524,0.5079,0.535
2.908217,0.0747,-0.4180,1.6349,1.689
2.909702,0.1528,-0.4712,2.0080,2.068
2.911792,0.1548,-0.7486,2.2336,2.361
2.915306,0.0752,-0.8385,1.7341,1.928
2.915855,-0.0977,-0.4644,0.9815,1.090
2.917944,-0.1382,-0.1211,0.5450,0.575
2.920021,-0.0078,0.1948,0.7066,0.733
2.923490,0.6568,0.2696,1.7580,1.896
2.924400,1.1969,0.2852,2.6448,2.917
2.926811,0.8287,0.1577,1.9118,2.090
2.928177,0.4356,0.0337,0.7926,0.905
2.931050,0.3247,0.0283,0.1489,0.358
2.932360,0.4590,0.0132,0.1773,0.492
2.934525,0.6534,0.0620,0.2564,0.705
2.936531,0.6314,0.1587,0.2510,0.698
2.938811,0.5220,0.1602,0.0410,0.548
2.941448,0.5494,0.0659,0.1416,0.571
2.943355,0.6265,-0.0244,0.4253,0.758
2.945284,0.6920,-0.0991,0.7413,1.019
2.947531,0.8390,-0.1841,1.1744,1.455
2.949629,0.8487,-0.1988,1.1529,1.445
2.951692,0.8097,-0.0982,0.6695,1.055
2.953711,0.9005,-0.1587,0.7012,1.152
2.956944,0.9566,-0.2197,0.7994,1.266
2.957907,0.8590,-0.2588,0.9220,1.286
2.960182,0.8184,-0.2310,1.1105,1.399
2.961960,1.6213,-0.0742,2.8094,3.244
2.965557,2.0793,0.0977,4.5449,4.999
2.966920,1.2228,0.3765,3.1761,3.424
2.968718,0.6578,0.4361,1.6618,1.840
2.970304,0.4776,0.2954,0.8092,0.985
2.973575,0.4590,0.0498,0.9620,1.067
2.976197,0.3960,0.0098,0.9684,1.046
2.976841,0.2886,0.0684,0.3960,0.495
2.978956,0.2158,0.0850,0.0816,0.246
2.980840,0.1714,0.0767,0.0186,0.189
2.983169,0.1206,0.0532,-0.0864,0.158
2.985233,0.0547,0.0317,-0.0776,0.100
2.987225,-0.0146,0.0083,-0.1270,0.128
2.989491,-0.0698,-0.0200,-0.1646,0.180
2.991774,-0.1104,-0.0493,-0.1480,0.191
2.993730,-0.0942,-0.1060,-0.0137,0.142
2.995548,-0.0117,-0.1753,0.2266,0.287
2.998077,0.4053,-0.1846,0.9713,1.069
3.000097,0.5601,-0.0474,1.3942,1.503
3.002127,0.4771,0.0332,0.7423,0.883
3.004297,0.4385,-0.1182,1.0138,1.111
3.006917,0.2793,-0.0586,0.2344,0.369
3.008252,0.2769,0.0698,0.4258,0.513
3.011185,0.4644,0.1353,0.4156,0.638
3.012544,0.7662,0.0459,1.0914,1.334
3.014629,0.6944,0.1040,0.7847,1.053
3.016864,0.4434,0.0942,0.0762,0.460
3.018888,0.3472,0.0923,0.0146,0.360
3.020956,0.3575,0.0024,0.3453,0.497
3.024009,0.3819,-0.0552,0.8321,0.917
3.025326,0.3653,-0.0737,0.9679,1.037
3.027696,0.2842,-0.1123,0.6876,0.752
3.030559,0.2564,-0.1221,0.6607,0.719
3.033737,0.3028,-0.0708,1.1412,1.183
3.033894,0.3399,0.2901,1.6828,1.741
3.035927,0.3213,0.4888,1.7502,1.845
3.040309,0.3106,0.4888,1.4987,1.607
3.040819,0.3101,0.1445,1.0270,1.082
3.042402,0.5152,-0.1084,1.2223,1.331
3.044797,0.4908,-0.1709,1.1696,1.280
3.047028,0.4058,-0.1992,1.0104,1.107
3.048488,0.3882,-0.1953,0.8922,0.992
3.050450,0.3872,-0.0527,0.6539,0.762
3.053135,0.4458,0.0606,0.6129,0.760
3.055311,0.8233,0.2339,1.1979,1.472
3.057105,1.4333,0.2300,2.2737,2.698
3.059133,1.5461,0.0903,2.4231,2.876
3.061105,1.2330,0.0239,1.4967,1.939
3.065183,0.7921,0.1172,0.3140,0.860
3.065607,0.6109,0.1812,-0.2417,0.682
3.068310,0.5518,0.2183,-0.3716,0.700
3.069492,0.5137,0.2320,-0.3472,0.662
3.072871,0.5015,0.1709,-0.3018,0.610
3.074032,0.7320,-0.1177,0.7911,1.084
3.076519,1.0138,-0.2534,2.2790,2.507
3.078328,0.8941,-0.2735,2.2073,2.397
3.080139,0.7891,-0.4615,1.6828,1.915
3.082262,0.6685,-0.4756,1.2301,1.479
3.084360,0.5816,-0.2998,0.8917,1.106
3.086348,0.6085,-0.1431,1.0148,1.192
3.089357,0.6319,-0.0933,1.3170,1.464
3.090653,0.5591,-0.1299,1.4420,1.552
3.094019,0.4751,-0.1411,1.2809,1.373
3.094859,0.4444,-0.0606,1.0191,1.113
3.097520,0.3990,-0.0303,0.7750,0.872
3.098966,0.2871,0.1094,0.5108,0.596
3.101382,0.1836,0.2334,0.3418,0.453
3.103515,0.1636,0.2574,0.5621,0.639
3.107365,0.1636,0.2261,0.7711,0.820
3.108017,0.1221,0.1875,0.6871,0.723
3.109912,0.0786,0.1089,0.4434,0.463
3.111878,0.0532,0.0654,0.2906,0.303
3.113859,0.0928,0.0742,0.2783,0.303
3.116372,0.2735,-0.0186,0.5294,0.596
3.118173,0.6319,0.0083,0.9889,1.174
3.120217,0.9244,0.0557,1.4728,1.740
3.122477,0.8360,0.0137,1.2091,1.470
3.124691,0.8521,-0.0816,0.9879,1.307
3.126491,0.5772,-0.1255,0.4410,0.737
3.128430,0.4737,0.0288,0.2261,0.526
3.130726,0.4429,0.2193,0.2031,0.534
3.133943,0.6939,0.0430,0.8341,1.086
3.135356,0.9537,0.1406,1.5329,1.811
3.137196,1.0021,0.3501,1.4333,1.784
3.139442,0.8624,0.3711,1.1183,1.460
3.141406,0.6763,0.3174,0.6275,0.976
3.143434,0.6544,0.2715,1.3634,1.536
3.145548,0.6871,0.1548,2.3332,2.437
3.148823,0.6822,-0.0679,2.7991,2.882
3.149914,0.5445,-0.0469,1.6217,1.711
3.151849,0.4756,0.1665,0.9679,1.091
3.153952,0.3672,0.2295,0.4766,0.644
3.156202,0.3223,0.2129,0.7955,0.884
3.158299,0.2783,0.1841,0.9464,1.004
3.160434,0.2725,0.0420,0.8717,0.914
3.162305,0.2876,-0.0474,0.4898,0.570
3.166700,0.2617,-0.0977,0.2539,0.378
3.167136,0.1997,-0.0752,-0.2378,0.320
3.169801,0.1802,-0.1275,-0.2554,0.338
3.170554,0.2051,-0.1968,0.0171,0.285
3.173655,0.2515,-0.2334,0.6226,0.711
3.174819,0.2764,-0.1162,0.7887,0.844
3.176885,0.3536,-0.0488,0.5616,0.665
3.179576,0.4952,-0.0156,0.5040,0.707
3.182202,0.6197,0.1245,0.6534,0.909
3.183483,0.5118,0.1318,0.4888,0.720
3.185668,0.3868,0.0947,0.1304,0.419
3.187717,0.5127,0.1069,0.2544,0.582
3.191564,0.6671,0.1050,0.6983,0.971
3.193091,0.6192,0.0659,0.5049,0.802
3.193780,0.5728,0.1074,0.5904,0.830
3.196118,0.5362,0.1665,0.6939,0.893
3.198844,0.4786,0.2271,0.7642,0.930
3.200291,0.3819,0.2378,0.5836,0.737
3.202299,0.2740,0.1929,0.4009,0.522
3.204463,0.2813,0.1641,0.7178,0.788
3.206558,0.5533,-0.1695,1.6467,1.745
3.208885,0.7623,-0.2886,1.9113,2.078
3.210741,0.8150,-0.2671,1.5851,1.802
3.213262,0.7496,-0.4048,1.6520,1.859
3.215112,0.6358,-0.3872,1.2731,1.475
3.217633,0.5640,-0.2256,1.1710,1.319
3.219318,0.5469,-0.0396,1.3141,1.424
3.221512,0.4825,0.3306,1.6926,1.791
3.223788,0.5298,0.5381,2.0881,2.220
3.225662,0.6392,0.6378,2.2283,2.404
3.227564,0.5206,0.6514,1.6506,1.849
3.229811,0.2925,0.5699,0.9400,1.138
3.231726,0.1587,0.4751,0.4786,0.693
3.234192,0.1265,0.3780,0.3672,0.542
3.236203,0.1699,0.1948,0.5928,0.647
3.238385,0.2378,0.0322,0.8731,0.906
3.240696,0.2759,-0.0313,0.9498,0.990
3.242825,0.5162,0.0762,1.0333,1.158
3.244938,0.6085,0.0464,1.1754,1.324
3.247330,0.6104,-0.0054,0.9337,1.116
3.249876,0.5386,-0.1294,0.5914,0.810
3.253685,0.4976,-0.1953,0.2105,0.575
3.253809,0.6534,-0.2803,0.6050,0.934
3.256252,0.7398,-0.3218,0.9435,1.241
3.259624,0.8248,-0.1455,0.7071,1.096
3.259752,0.6695,-0.0571,0.5577,0.873
3.262600,0.5660,-0.0933,0.3023,0.648
3.264295,0.5914,-0.2002,1.0006,1.179
3.267438,0.4888,-0.2495,0.7501,0.929
3.267658,0.4771,-0.2320,0.7799,0.943
3.270219,0.4825,-0.1782,0.9772,1.104
3.272035,0.5220,-0.0415,1.0489,1.172
3.274637,0.5167,0.0327,1.0699,1.189
3.276269,0.3389,0.0347,0.4712,0.581
3.278207,0.3018,0.1470,0.2373,0.411
3.281115,0.3389,0.2525,0.4917,0.648
3.283955,0.3819,0.2867,0.4688,0.669
3.285451,0.3731,0.3116,0.6959,0.849
3.286531,0.3916,0.2979,0.4947,0.698
3.288688,0.4878,0.2774,0.7247,0.917
3.290600,0.5582,0.2432,1.0397,1.205
3.293627,0.4688,0.1607,0.8302,0.967
3.295191,0.3545,0.0786,0.4610,0.587
3.298151,0.3326,-0.1299,0.3824,0.523
3.299518,0.3687,-0.2217,0.4913,0.653
3.301683,0.3985,-0.2515,0.8233,0.949
3.303604,0.4302,-0.1821,0.7428,0.877
3.306090,0.4004,-0.0864,0.7882,0.888
3.308015,0.5435,0.1480,1.0309,1.175
3.310004,0.6793,0.3379,1.4889,1.671
3.311956,0.7423,0.4439,1.5002,1.732
3.315013,0.6851,0.4229,1.6872,1.869
3.316340,0.3951,0.4424,1.1320,1.278
3.318850,0.5469,0.4981,1.9265,2.064
3.320554,0.5455,0.5679,2.0593,2.205
3.322684,0.6124,0.2281,2.1364,2.234
3.324719,0.6876,-0.2876,1.8210,1.968
3.326848,0.7721,-0.4473,1.5270,1.769
3.328485,0.7081,-0.2632,0.9181,1.189
3.332825,0.6236,-0.0791,0.5718,0.850
3.333262,0.4781,-0.0283,0.7491,0.889
3.335542,0.3286,-0.0254,0.3199,0.459
3.337099,0.2124,-0.0610,-0.1485,0.266
3.339359,0.1211,-0.0488,-0.2876,0.316
3.341811,0.0703,-0.0493,-0.1187,0.146
3.343772,0.0547,-0.0288,0.2608,0.268
3.345746,-0.0034,-0.0581,0.2036,0.212
3.348179,-0.0479,-0.0698,0.0957,0.128
3.350444,-0.0732,-0.1021,0.1626,0.205
3.352179,-0.0850,-0.1148,0.3345,0.364
3.354232,-0.1006,-0.1465,0.4849,0.516
3.356840,-0.0772,-0.1568,0.7144,0.735
3.358161,0.0264,-0.0459,0.8814,0.883
3.360680,0.3072,0.0308,1.0524,1.097
3.362715,0.6373,0.0142,1.4103,1.548
3.365979,0.8180,0.0215,1.5192,1.726
3.366732,0.7808,0.0210,1.1212,1.366
3.369042,0.7540,-0.1021,0.8746,1.159
3.371749,0.6588,-0.2432,0.5181,0.873
3.373198,0.6925,-0.2676,0.6695,1.000
3.375497,0.9630,-0.2012,1.1149,1.487
3.377411,1.3488,-0.1455,1.9924,2.410
3.379430,1.1481,-0.0591,1.7472,2.092
3.383643,0.8267,0.0000,1.2716,1.517
3.384105,0.5494,0.0737,0.9693,1.117
3.387080,0.5201,0.1494,1.2931,1.402
3.387904,0.5176,0.1055,1.7316,1.810
3.390017,0.5054,0.0054,1.9089,1.975
3.392005,0.4854,-0.0845,1.5890,1.664
3.394163,0.4830,-0.1768,1.1549,1.264
3.396280,0.4380,-0.1221,0.7608,0.886
3.399024,0.3628,-0.0977,0.4297,0.571
3.400686,0.2920,-0.0718,0.2246,0.375
3.403145,0.2461,-0.0156,0.1294,0.279
3.405485,0.2110,0.0161,0.1890,0.284
3.406828,0.3111,0.1206,0.3555,0.488
3.408672,1.0548,0.1001,1.4977,1.835
3.410883,1.4503,0.0669,2.0769,2.534
3.413015,0.9498,0.0972,0.8253,1.262
3.415770,0.7296,0.0908,-0.0386,0.736
3.417902,0.8453,0.0430,-0.1065,0.853
3.420015,0.7677,0.0547,-0.0938,0.775
3.421938,0.6763,0.0962,0.2378,0.723
3.424283,0.6622,0.0635,1.0231,1.220
3.425757,0.5943,-0.0894,0.8980,1.081
3.428137,0.5630,-0.3145,0.8448,1.063
3.429984,0.5040,0.0557,-0.2085,0.548
3.432315,0.4610,0.2476,0.4112,0.665
3.434400,0.6412,0.3745,0.7369,1.046
3.436519,0.8150,0.4649,1.9074,2.126
3.438616,0.6768,0.3824,1.2091,1.437
3.440675,0.5367,0.2788,0.6124,0.861
3.442503,0.4292,0.1270,0.2241,0.501
3.444973,0.3921,0.1011,0.1934,0.449
3.446951,0.4038,-0.1270,0.5098,0.663
3.449702,0.4102,-0.1763,0.8717,0.979
3.450859,0.3516,-0.1118,0.8687,0.944
3.453364,0.4112,-0.1743,1.3512,1.423
3.455683,0.4043,-0.0488,1.4020,1.460
3.457261,0.3487,0.1983,1.0558,1.129
3.459567,0.2627,0.3179,0.8819,0.974
3.461871,0.1983,0.3228,0.7354,0.827
3.463874,0.2505,0.3438,0.9923,1.080
3.467144,0.3062,0.3560,1.1002,1.196
3.468091,0.2657,0.3438,0.8902,0.991
3.470128,0.1524,0.3047,0.5303,0.630
3.472533,0.0718,0.2295,0.3599,0.433
3.474490,0.1265,-0.0107,0.5020,0.518
3.476576,0.2847,-0.1983,0.8375,0.907
3.478683,0.3667,-0.2368,0.7579,0.875
3.481066,0.2832,-0.2046,0.2925,0.456
3.483591,0.2603,-0.0986,-0.0518,0.283
3.485224,0.2764,-0.0791,0.1358,0.318
3.487755,0.3003,-0.0938,0.1812,0.363
3.489555,0.3091,-0.0698,0.2002,0.375
3.490994,0.3282,-0.0444,0.3741,0.500
3.492994,0.3877,0.0410,0.4908,0.627
3.495207,0.6954,0.2510,0.9879,1.234
3.497155,1.3712,0.3877,1.9694,2.431
3.499295,1.7497,0.4712,3.2176,3.693
3.501956,1.5295,0.4146,2.4929,2.954
3.504012,1.0538,0.3697,0.6392,1.287
3.505958,0.8907,0.2324,0.0005,0.921
3.508204,0.9381,-0.0210,0.0430,0.939
3.510211,0.9630,-0.2935,0.1729,1.021
3.512271,0.9347,-0.4019,0.3247,1.068
3.515513,0.8844,-0.5196,0.1851,1.042
3.516709,1.0397,-0.5352,2.4358,2.702
3.518999,1.2247,-0.5362,5.4102,5.573
3.521107,0.9562,-0.3980,4.2016,4.327
3.523704,0.5445,-0.0078,1.5006,1.596
3.524884,0.3531,0.2036,0.2608,0.484
3.527064,0.2627,0.2437,-0.0610,0.363
3.528947,0.1826,0.2471,-0.1162,0.329
3.530961,0.0908,0.2359,-0.1338,0.286
3.534146,-0.0156,0.2349,-0.1226,0.265
3.535344,-0.0933,0.2290,-0.1885,0.311
3.538083,-0.1704,0.1548,-0.1568,0.279
3.539958,-0.2295,0.0776,-0.1797,0.302
3.543593,-0.2217,0.0498,0.4537,0.507
3.543938,-0.1992,0.0732,1.0138,1.036
3.546130,-0.2617,0.0444,1.0846,1.117
3.548565,-0.3687,-0.0444,0.8492,0.927
3.550004,-0.4366,-0.0816,0.5792,0.730
3.552681,-0.3921,-0.1372,0.5801,0.714
3.554820,-0.2320,-0.2686,0.9278,0.993
3.557035,-0.0073,-0.4102,1.4709,1.527
3.558730,0.1924,-0.3120,1.8806,1.916
3.560714,0.4961,-0.4327,2.6761,2.756
3.562903,0.7247,-0.2510,2.7293,2.835
3.565757,0.9171,-0.1006,2.4382,2.607
3.567329,0.8014,-0.0728,1.7726,1.947
3.569417,0.5381,-0.1040,1.0963,1.226
3.571172,0.6236,0.0322,0.9752,1.158
3.573424,1.1876,0.2671,1.5568,1.976
3.575394,1.4137,0.2559,1.9475,2.420
3.577368,1.0030,0.2022,0.7203,1.251
3.579926,0.7657,0.1992,-0.1548,0.806
3.582277,0.8712,0.1235,-0.2227,0.908
3.585224,0.8365,0.0728,-0.3648,0.915
3.586820,0.7813,0.1094,-0.5777,0.978
3.588706,0.8180,0.0933,-0.0117,0.823
3.590038,0.7901,0.1216,0.6124,1.007
3.592553,0.8263,0.0000,0.4375,0.935
3.594531,1.2106,-0.1323,1.0138,1.585
3.596636,1.5207,-0.1372,1.6779,2.269
3.599284,1.3239,-0.1192,0.8067,1.555
3.601393,1.2140,0.0562,0.1841,1.229
3.603343,1.1075,0.1045,0.5460,1.239
3.605569,0.8438,0.3555,-0.1841,0.934
3.607354,0.7364,0.4522,0.8165,1.189
3.609319,0.7428,0.4038,1.5749,1.787
3.610935,0.6802,0.3350,1.1661,1.391
3.613611,0.4664,0.2168,0.3218,0.607
3.616450,0.3062,0.1221,-0.4190,0.533
3.617865,0.1875,0.1177,-0.3189,0.388
3.619896,0.0635,0.0762,-0.2740,0.291
3.622207,-0.0151,-0.0063,-0.1572,0.158
3.623954,-0.0313,-0.1060,0.3599,0.376
3.626804,-0.0537,-0.2149,0.9972,1.021
3.628398,-0.1309,-0.2617,1.2975,1.330
3.630720,-0.1983,-0.3013,1.3722,1.419
3.633279,-0.1963,-0.2871,1.4894,1.529
3.634961,-0.0405,-0.1738,1.9343,1.942
3.637311,0.0547,-0.0239,1.8400,1.841
3.638859,0.2100,0.2266,1.9621,1.986
3.640970,0.1528,0.3267,1.4831,1.526
3.643035,0.0889,0.4053,1.0914,1.168
3.644972,0.1123,0.3980,0.7906,0.892
3.647320,0.1582,0.3531,0.6490,0.756
3.649369,0.1865,0.2544,0.2740,0.418
3.651299,0.3482,0.0845,0.3042,0.470
3.653226,0.4893,-0.0425,0.5113,0.709
3.655689,0.7169,-0.1152,0.8346,1.106
3.657392,0.8951,-0.1734,1.1832,1.494
3.659756,0.7569,-0.2197,0.7901,1.116
3.661859,0.6202,-0.2393,0.2285,0.703
3.664509,0.5201,-0.2027,-0.1963,0.592
3.667189,0.5059,-0.1812,-0.1211,0.551
3.670079,0.7335,-0.1240,0.7677,1.069
3.670568,0.6485,0.1260,1.3385,1.493
3.672897,0.8136,0.5557,2.2175,2.427
3.674860,1.9030,0.3404,4.6885,5.071
3.676917,2.0256,0.1895,4.2109,4.677
3.678988,1.2594,0.0864,1.6711,2.094
3.681073,0.7794,0.1284,-0.0073,0.790
3.684558,0.7012,0.0835,-0.4385,0.831
3.685300,0.6944,0.0933,-0.5357,0.882
3.688099,0.7178,0.0415,-0.2564,0.763
3.689593,0.8341,-0.2188,0.4727,0.983
3.691260,0.7896,-0.4224,1.1012,1.419
3.693549,0.6466,-0.4165,0.9830,1.248
3.695735,0.5499,-0.5186,1.1569,1.382
3.697915,0.5015,-0.4683,1.2785,1.451
3.700009,0.4507,-0.4571,1.2062,1.366
3.702085,0.2959,-0.4400,0.5435,0.759
3.704137,0.1524,-0.3662,0.2774,0.484
3.706322,0.0718,-0.2407,0.2354,0.344
3.708374,0.0947,-0.0855,0.4585,0.476
3.710556,0.1089,-0.0078,0.7120,0.720
3.712694,0.0293,0.0894,0.6231,0.630
3.714854,-0.0933,0.1738,0.4947,0.533
3.717214,-0.1367,0.1763,0.5450,0.589
3.719097,-0.0479,0.2095,1.0289,1.051
3.720956,-0.1065,0.3423,1.3537,1.400
3.723574,-0.1646,0.3648,1.3034,1.363
3.725210,-0.2227,0.1621,1.2199,1.251
3.727371,-0.0454,-0.1558,1.1852,1.196
3.729049,0.2432,-0.2158,1.2521,1.294
3.731200,0.9752,-0.0088,2.1242,2.337
3.733391,1.4298,0.1807,3.4310,3.721
3.735462,0.8487,0.2417,1.7057,1.920
3.737490,0.5308,0.2852,0.5147,0.792
3.739888,0.5601,0.2061,0.1509,0.616
3.742089,0.6133,0.0303,-0.2036,0.647
3.744122,0.6290,-0.0273,-0.4175,0.755
3.746513,0.6212,-0.0576,-0.6070,0.870
3.749367,0.6280,-0.0205,-0.5474,0.833
3.750825,0.8512,0.1084,0.5020,0.994
3.752914,0.8443,0.1851,1.3590,1.611
3.754743,0.7301,0.2578,0.8219,1.129
3.758086,0.5591,0.2520,0.4800,0.779
3.758859,0.4043,0.2085,-0.1460,0.478
3.761018,0.3023,0.1953,-0.2178,0.421
3.763927,0.2896,0.2256,0.1626,0.401
3.766780,0.3902,0.2588,1.1852,1.274
3.767542,0.2881,-0.0693,1.4884,1.518
3.769435,0.2783,-0.2046,0.9645,1.024
3.771301,0.5269,-0.2075,1.4083,1.518
3.774381,0.9366,-0.1006,2.2844,2.471
3.775621,1.1486,-0.2085,2.4490,2.713
3.777844,1.1207,-0.1621,1.7731,2.104
3.780935,0.9405,0.0415,0.8419,1.263
3.783296,0.8136,0.3682,0.9117,1.276
3.784242,0.6402,0.4683,0.8956,1.196
3.786343,0.5425,0.4639,1.0382,1.260
3.788248,0.4624,0.3531,0.9772,1.137
3.790607,0.3423,0.2066,0.6168,0.735
3.792541,0.2183,0.0703,0.1631,0.281
3.794652,0.1284,0.0371,-0.1421,0.195
3.796745,0.0977,0.0591,-0.1279,0.171
3.802926,0.0825,0.0586,0.0581,0.117
3.803473,0.0186,0.0889,0.0596,0.109
3.803676,-0.1021,0.0488,0.0122,0.114
3.806600,-0.2022,0.0425,0.0264,0.208
3.807368,-0.1802,0.0464,0.2530,0.314
3.809240,-0.0195,0.0269,0.7989,0.800
3.811366,0.2197,0.0005,1.2155,1.235
3.813414,0.5035,0.0029,1.4513,1.536
3.816064,0.8165,-0.0278,1.7741,1.953
3.817681,0.8668,-0.3140,1.4694,1.735
3.819985,0.7037,-0.5162,0.7823,1.172
3.822042,0.5762,-0.4229,0.3081,0.778
3.824145,0.5230,-0.2749,0.1245,0.604
3.826944,0.6124,-0.0786,0.3765,0.723
3.828304,0.7906,0.2383,0.8795,1.206
3.830372,0.9376,0.4209,1.3493,1.696
3.832602,0.9562,0.4825,1.6940,2.004
3.834646,0.8077,0.3355,1.7658,1.971
3.836882,0.9469,-0.3062,2.5818,2.767
3.839127,1.1110,-0.4058,3.2791,3.486
3.841224,1.0255,0.0903,2.8382,3.019
3.843258,0.8350,0.3814,1.9948,2.196
3.845305,0.5772,0.0322,1.4543,1.565
3.847374,0.5001,-0.1734,1.0353,1.163
3.849984,0.5201,-0.0225,1.1046,1.221
3.851279,0.4893,0.1602,1.1320,1.244
3.854066,0.4004,0.3130,0.7100,0.873
3.855900,0.3179,0.3120,0.2935,0.533
3.858013,0.2652,0.2886,0.1553,0.422
3.859982,0.2510,0.1768,0.1763,0.354
3.862268,0.2788,-0.0078,0.2671,0.386
3.864313,0.2691,-0.0728,0.3062,0.414
3.867325,0.2080,-0.0689,-0.1416,0.261
3.868546,0.1856,-0.0273,-0.4112,0.452
3.870769,0.3033,-0.1060,0.0938,0.335
3.873135,0.3833,-0.1875,0.4771,0.640
3.875018,0.4038,-0.1821,0.6680,0.802
3.877104,0.4541,-0.1865,0.7447,0.892
3.879084,0.4903,-0.1983,0.6851,0.865
3.881175,0.4668,-0.1734,0.4014,0.640
3.883811,0.3902,-0.1724,0.1558,0.454
3.885379,0.2852,-0.1216,-0.0728,0.318
3.887631,0.2871,-0.0625,-0.0361,0.296
3.889721,0.4634,0.1572,0.4366,0.656
3.891533,0.9508,0.3594,1.3864,1.719
3.893594,1.2848,0.3052,2.2014,2.567
3.895771,1.1075,0.1353,1.5016,1.871
3.897715,0.8267,0.0596,0.7198,1.098
3.902128,0.5826,-0.0122,-0.1318,0.597
3.902653,0.7481,-0.3267,0.4576,0.936
3.906067,1.1896,-0.3306,1.2374,1.748
3.906657,1.2902,-0.0718,1.9089,2.305
3.908843,1.0675,0.0547,1.6374,1.955
3.910806,0.7730,0.3072,0.9327,1.250
3.912777,0.6363,0.3443,0.6177,0.951
3.914866,0.4859,0.2959,0.4566,0.729
3.918044,0.3702,0.2207,0.5108,0.668
3.919786,0.2686,0.1568,0.5704,0.650
3.921216,0.2129,0.1040,0.8155,0.849
3.923392,0.1655,0.0820,0.9439,0.962
3.929020,0.0801,0.1074,0.7735,0.785
3.929225,0.0386,0.1050,0.8336,0.841
3.929414,0.1948,-0.0342,1.2985,1.313
3.931403,0.7149,0.1528,2.0993,2.223
3.934502,0.7921,0.2207,2.1115,2.266
3.936578,0.4957,0.1318,1.1744,1.282
3.938284,0.3013,0.1631,0.4351,0.554
3.939998,0.2901,0.1480,0.1152,0.345
3.942655,0.4341,-0.1216,0.5186,0.687
3.944366,0.4449,-0.1738,0.6807,0.832
3.946553,0.3995,-0.1636,0.6978,0.821
3.948762,0.3589,-0.0625,0.5821,0.687
3.951092,0.3286,-0.0308,0.5381,0.631
3.952879,0.2959,0.0474,0.2329,0.380
3.955399,0.3453,0.1299,0.2349,0.437
3.956791,0.3819,0.1939,0.1553,0.456
3.959140,0.4976,0.2442,0.3565,0.659
3.961148,0.6612,0.3628,0.8067,1.104
3.963297,0.5308,0.3570,0.7750,1.005
3.965485,0.3169,0.3999,0.6456,0.823
3.967756,0.3013,0.3965,0.8228,0.962
3.969368,0.3858,0.1099,1.4811,1.534
3.971553,0.3799,-0.2002,1.4743,1.536
3.973550,0.2969,-0.2398,0.8707,0.951
3.975839,0.4390,-0.1655,1.0558,1.155
3.977714,0.6846,0.0313,1.7394,1.870
3.980525,0.5342,0.1318,1.3585,1.466
3.985146,0.3003,0.0703,0.9732,1.021
3.985580,0.2774,-0.1699,0.8282,0.890
3.986862,0.3726,-0.2969,1.1417,1.237
3.989178,0.5484,-0.0537,1.1954,1.316
3.990760,0.4351,0.1182,0.9508,1.052
3.993434,0.3907,0.3272,0.9303,1.061
3.994948,0.3794,0.2647,1.6574,1.721
3.997385,0.2188,0.2471,1.5739,1.608
4.001646,0.1778,0.2613,1.3659,1.402
4.002089,0.1167,0.2632,0.7667,0.819
4.004696,0.0806,0.0737,0.4854,0.498
4.006389,0.1025,-0.1695,0.6417,0.672
4.008895,0.1597,-0.3975,0.8160,0.922
4.009674,0.2583,-0.5020,1.1046,1.241
4.011574,0.4527,-0.5020,1.6393,1.773
4.014111,0.8316,-0.1680,1.7912,1.982
4.016679,0.7945,0.0952,1.6486,1.833
4.018284,0.4678,0.1826,0.9254,1.053
4.020710,0.2715,0.2657,0.4566,0.594
4.022566,0.2217,0.1651,0.1470,0.313
4.024732,0.3233,0.0278,0.3853,0.504
4.026767,0.3428,-0.0855,0.7183,0.801
4.028832,0.2906,-0.1055,0.2588,0.403
4.030859,0.2666,-0.1279,0.2295,0.374
4.033751,0.3697,-0.1265,0.6114,0.726
4.035413,0.5518,-0.1846,1.0060,1.162
4.037532,0.5552,-0.2041,0.8453,1.032
4.039234,0.5093,-0.2676,0.5362,0.786
4.041253,0.5840,-0.0908,0.3467,0.685
4.043574,0.8223,0.1406,0.6597,1.064
4.045672,1.0172,0.2222,0.7828,1.303
4.047706,0.9078,0.2105,0.4190,1.022
4.050575,0.8111,0.1919,0.1900,0.855
4.051804,0.7618,0.0098,0.3809,0.852
4.054213,0.6124,0.0273,0.1607,0.634
4.056140,0.9918,-0.0132,1.0040,1.411
4.058073,1.8840,-0.2583,3.3817,3.880
4.060568,2.2786,-0.2598,3.8471,4.479
4.062638,1.9050,-0.3804,2.7703,3.384
4.064957,1.3844,-0.5186,1.2487,1.935
4.067543,1.1461,-0.4302,0.5782,1.354
4.069484,1.0587,-0.2764,-0.4644,1.189
4.071957,0.9850,0.0010,-0.4688,1.091
4.073263,0.9220,0.0913,-0.8136,1.233
4.075397,0.8350,0.1441,-0.6099,1.044
4.077465,0.9239,0.1978,0.3409,1.004
4.079289,0.9283,0.2295,1.3620,1.664
4.081425,0.6988,0.1748,0.9840,1.219
4.084321,0.4664,0.1675,0.2725,0.566
4.085837,0.2867,0.0996,-0.1748,0.350
4.087816,0.1626,0.0093,-0.2681,0.314
4.089689,0.0527,-0.0044,-0.2290,0.235
4.091810,-0.0542,-0.0205,-0.0713,0.092
4.093801,-0.1148,-0.0606,0.2432,0.276
4.096139,-0.0615,-0.1255,1.2428,1.251
4.098162,-0.0884,-0.1665,1.7570,1.767
4.103074,-0.2051,-0.1475,1.7560,1.774
4.103533,-0.2334,0.0381,1.8762,1.891
4.104696,0.0523,0.3086,2.3298,2.351
4.107091,0.1812,0.3955,2.3503,2.390
4.109097,0.1172,0.3277,1.7614,1.795
4.111066,0.1025,0.2520,1.4904,1.515
4.113048,0.1372,0.1797,1.2809,1.301
4.115138,0.2197,0.1109,1.1857,1.211
4.117534,0.1743,0.1362,0.6993,0.733
4.119425,0.1695,0.1314,0.4346,0.485
4.121830,0.1856,0.1094,0.3545,0.415
4.123798,0.2002,0.1148,0.3565,0.425
4.125803,0.2393,0.1025,0.5284,0.589
4.127955,0.2285,0.0762,0.4590,0.518
4.129578,0.2149,0.0386,0.3765,0.435
4.131661,0.1836,0.0044,0.2373,0.300
4.134443,0.2031,-0.0899,0.2862,0.362
4.136070,0.3047,-0.2783,0.6299,0.753
4.137983,0.6241,-0.8077,1.5954,1.894
4.142094,1.3419,-1.2360,3.3363,3.803
4.142556,1.5617,-1.1339,3.6884,4.163
4.144679,1.4953,-0.6143,3.0447,3.447
4.146649,1.7346,-0.2085,2.5452,3.087
4.149018,1.8171,-0.0537,2.1350,2.804
4.151171,1.3703,-0.0830,1.1852,1.814
4.153981,1.1002,-0.1582,0.5528,1.241
4.155224,1.0133,-0.0693,0.1602,1.028
4.157355,0.9234,0.0772,0.1597,0.940
4.159574,0.8311,0.1221,0.1001,0.846
4.161468,0.7042,0.1348,-0.0742,0.721
4.163539,0.5972,0.0986,-0.1543,0.625
4.165784,0.5142,0.0654,-0.0757,0.524
4.168362,0.3902,0.0816,-0.1006,0.411
4.170007,0.2593,0.0664,-0.1900,0.328
4.171768,0.1397,0.0772,-0.1201,0.200
4.174318,0.0566,0.1255,0.1485,0.202
4.176060,-0.0425,0.1441,0.1968,0.248
4.178455,0.0562,0.1480,0.8180,0.833
4.180402,0.8492,0.3076,2.1457,2.328
4.182795,0.9488,0.3247,1.7849,2.047
4.185696,0.6436,0.2354,0.5630,0.887
4.187413,0.4996,0.1773,-0.3897,0.658
4.189702,0.7369,0.1631,-0.2940,0.810
4.191796,0.8526,0.1577,-0.2007,0.890
4.193384,0.7852,0.1441,-0.1524,0.813
4.195376,0.8985,0.0244,0.4097,0.988
4.197478,0.7579,-0.0317,0.6861,1.023
4.199465,0.6036,-0.0327,0.5816,0.839
4.202907,0.5860,-0.0376,0.8878,1.064
4.204168,0.4678,0.0151,0.5660,0.734
4.206082,0.3291,0.0576,-0.1143,0.353
4.208540,0.1792,0.0664,-0.6304,0.659
4.210137,0.0908,0.0303,-0.6036,0.611
4.212185,0.0239,-0.3428,0.2432,0.421
4.214022,-0.1460,0.2110,0.6900,0.736
4.216109,-0.1055,0.0913,1.6730,1.679
4.221767,0.3936,-0.2447,2.3088,2.355
4.222781,0.6417,-0.3941,2.7356,2.837
4.223058,0.5601,-0.6817,1.8435,2.044
4.225050,0.5328,-0.4258,1.6315,1.768
4.226831,0.6710,0.0835,3.2962,3.365
4.229022,0.9381,0.6402,4.0668,4.222
4.231124,0.8692,0.8443,3.1947,3.417
4.233863,0.5992,0.8004,1.6613,1.939
4.235438,0.3687,0.6724,0.7550,1.076
4.237521,0.2412,0.5880,0.3184,0.711
4.239392,0.2451,0.5460,0.2544,0.650
4.241546,0.2691,0.4776,0.4141,0.687
4.243646,0.2559,0.4292,0.3570,0.614
4.246100,0.1734,0.3360,0.1983,0.427
4.247823,0.0747,0.2349,-0.1851,0.308
4.249806,0.0322,0.1299,-0.2041,0.244
4.252171,0.0063,0.0757,-0.3203,0.329
4.254722,-0.0176,-0.0098,-0.1670,0.168
4.256276,-0.0689,-0.0830,0.1055,0.151
4.258499,-0.0825,-0.1001,0.5411,0.556
4.260574,-0.0557,-0.0732,0.6607,0.667
4.262999,-0.0474,-0.0552,0.6592,0.663
4.264901,-0.0737,-0.1128,0.5025,0.520
4.267548,-0.0747,-0.1934,0.4581,0.503
4.269248,-0.0659,-0.1929,0.4664,0.509
4.271706,0.0127,-0.2110,0.6207,0.656
4.273450,0.1465,-0.2012,0.8092,0.847
4.275509,0.5303,-0.0210,1.1989,1.311
4.277490,0.7291,-0.0215,1.4333,1.608
4.279644,0.5284,-0.0571,1.1798,1.294
4.281672,0.3833,0.2305,1.3834,1.454
4.284289,1.0904,0.4595,2.7693,3.012
4.287334,2.3249,0.4009,6.1276,6.566
4.288963,1.6940,0.4937,3.9228,4.301
4.290997,1.0231,0.4331,1.1149,1.574
4.292219,0.8546,0.3882,-0.0127,0.939
4.294136,1.0680,0.3848,0.0620,1.137
4.296272,1.2389,0.3555,0.3423,1.334
4.298266,1.2115,0.2608,-0.0137,1.239
4.301031,1.1529,0.1333,-0.4141,1.232
4.303130,1.0992,-0.0518,-0.3824,1.165
4.305161,1.0104,-0.2031,-0.3565,1.090
4.307003,0.9093,-0.2393,-0.0889,0.944
4.309355,0.8233,-0.2515,0.5562,1.025
4.311128,0.7891,-0.2207,1.1642,1.424
4.313385,0.7232,-0.2481,1.2726,1.485
4.316702,0.5670,-0.1196,0.7076,0.915
4.318217,0.3799,-0.0918,0.1402,0.415
4.319780,0.2466,-0.0513,-0.2124,0.329
4.322127,0.1817,-0.0615,0.1001,0.216
4.324844,0.0835,-0.1196,0.3467,0.376
4.326004,-0.0596,-0.1328,0.4747,0.496
4.328066,-0.1861,-0.0962,0.4698,0.514
4.329929,-0.2373,-0.0449,0.5787,0.627
4.331966,-0.2163,0.0942,0.6807,0.720
4.334663,-0.2207,0.2095,0.7291,0.790
4.336494,-0.2920,0.2378,0.6812,0.778
4.338892,-0.3467,0.2368,0.9112,1.003
4.341231,-0.2456,0.0313,1.5485,1.568
4.342842,-0.0059,-0.0269,2.0554,2.056
4.345598,0.4415,-0.1128,2.7981,2.835
4.347277,0.6612,0.1294,2.7532,2.834
4.349228,0.6177,0.3081,1.9948,2.111
4.351576,1.0260,0.3638,2.2195,2.472
4.353198,1.3361,0.4165,2.5481,2.907
4.355348,1.1393,0.2793,2.0100,2.327
4.357650,0.8873,0.1001,0.8565,1.237
4.359566,0.8580,0.0029,0.1533,0.872
4.362579,0.9259,-0.1323,-0.0918,0.940
4.363515,0.9332,-0.1040,-0.2764,0.979
4.366058,0.9498,-0.0762,-0.1489,0.964
4.368291,0.8829,-0.0601,0.0679,0.888
4.370707,0.8145,-0.0039,0.2207,0.844
4.372708,0.9415,0.1533,0.6353,1.146
4.374277,0.8663,0.1519,0.6719,1.107
4.376284,0.6602,0.1475,0.2818,0.733
4.378403,0.4678,0.1475,-0.1929,0.527
4.381099,0.3335,0.1030,-0.3096,0.467
4.383022,0.3008,0.0723,-0.0454,0.313
4.387266,0.2954,-0.0337,1.1857,1.222
4.387760,0.2867,-0.0337,1.7233,1.747
4.389359,0.3741,-0.0713,2.0954,2.130
4.391184,0.6163,0.3101,2.3674,2.466
4.393248,0.5347,0.4498,2.1223,2.234
4.395634,0.3413,0.1885,1.4269,1.479
4.397840,0.3116,-0.1148,0.6236,0.706
4.399796,0.3614,-0.3697,0.5381,0.746
4.401950,0.3692,-0.3662,0.8302,0.980
4.404250,0.3321,-0.3062,0.7989,0.918
4.406070,0.3916,-0.1499,0.9332,1.023
4.407880,0.4756,0.0005,1.4342,1.511
4.409971,0.4356,0.2490,1.3204,1.413
4.412552,0.2783,0.2744,0.7764,0.869
4.414692,0.1900,0.2329,0.2657,0.401
4.416733,0.1797,0.1260,0.1992,0.296
4.419173,0.1421,0.0122,-0.0225,0.144
4.421660,0.1441,0.0381,-0.1152,0.188
4.423349,0.1450,0.1465,0.2554,0.328
4.425104,0.0752,0.0649,-0.0977,0.139
4.427058,0.0757,0.0855,-0.0005,0.114
4.429251,0.1216,0.1397,0.3208,0.370
4.432020,0.2232,0.1607,0.5674,0.631
4.433573,0.2691,-0.0439,0.3633,0.454
4.435934,0.5352,-0.1069,0.7052,0.892
4.438138,0.6949,-0.0352,0.7213,1.002
4.439809,0.6270,0.0264,0.5074,0.807
4.441872,0.5845,0.1895,0.2910,0.680
4.443998,0.9132,0.1738,0.9811,1.352
4.446049,1.0724,-0.0591,1.5465,1.883
4.447961,0.8961,-0.3667,1.1398,1.496
4.449996,0.9444,-0.4854,1.2018,1.604
4.453318,0.8946,-0.2022,1.2301,1.534
4.454261,0.7804,0.1196,0.9737,1.254
4.456631,0.6798,-0.0254,0.7677,1.026
4.458613,0.5294,-0.2027,0.1685,0.591
4.461319,0.4541,-0.2388,0.2915,0.590
4.463054,0.4869,-0.2671,0.9674,1.115
4.465102,0.5953,-0.2510,1.7556,1.871
4.467249,0.5796,-0.1602,1.9694,2.059
4.469631,0.4053,-0.1216,1.5470,1.604
4.471955,0.2652,0.0083,1.0641,1.097
4.473846,0.2505,0.2476,0.7877,0.863
4.476868,0.3418,0.4439,0.9786,1.128
4.477740,0.3648,0.5132,1.0841,1.254
4.479719,0.2202,0.5328,0.8775,1.050
4.482296,0.1289,0.5572,0.8429,1.019
4.484958,0.1602,0.2603,1.3834,1.417
4.487214,0.3584,-0.2031,2.2034,2.242
4.489197,0.6236,-0.4004,2.8416,2.937
4.491707,0.6065,-0.0811,1.8459,1.945
4.492329,0.9859,0.2554,1.8034,2.071
4.494747,1.1476,0.3291,1.3703,1.817
4.497264,0.7393,0.3052,0.5264,0.958
4.499396,0.5074,0.2720,-0.2056,0.611
4.502000,0.4615,0.1939,-0.2974,0.582
4.502911,0.4532,0.1030,-0.3619,0.589
4.505158,0.5611,0.0596,0.0811,0.570
4.507169,0.6920,0.0483,0.8717,1.114
4.509228,0.6343,0.0913,1.0719,1.249
4.511450,0.4932,0.1040,0.7222,0.881
4.513405,0.4170,-0.0347,0.3785,0.564
4.515558,0.4810,-0.0816,0.4668,0.675
4.518437,0.6822,-0.2276,1.3532,1.532
4.519784,0.7437,-0.3174,1.6257,1.816
4.521783,0.6939,-0.2344,1.4235,1.601
4.524016,0.6817,-0.1817,1.2975,1.477
4.526156,0.6026,-0.2715,1.1442,1.321
4.528037,0.4893,-0.2881,0.9332,1.092
4.529985,0.3955,-0.2490,0.6973,0.840
4.532186,0.2993,-0.2046,0.4908,0.610
4.534974,0.2276,-0.1318,0.3492,0.437
4.536637,0.2505,-0.0259,0.6314,0.680
4.538575,0.3238,0.1343,1.0934,1.148
4.541222,0.5425,0.3912,1.6081,1.742
4.542977,0.7633,0.4742,2.1941,2.371
4.545101,0.3999,0.2783,1.2965,1.385
4.547161,0.1851,-0.0298,0.4639,0.500
4.549594,0.2212,-0.1836,0.3203,0.430
4.552244,0.4439,-0.3496,1.1754,1.304
4.554003,0.6153,-0.2793,1.5885,1.726
4.555955,0.6837,0.0523,1.8615,1.984
4.557920,0.5430,0.3330,1.7673,1.879
4.559867,0.2876,0.3638,1.2775,1.359
4.562068,0.1944,0.3409,0.6412,0.752
4.564097,0.2154,0.2974,0.5064,0.626
4.566480,0.1568,0.2095,0.3726,0.455
4.569730,0.0601,0.1431,-0.1431,0.211
4.570290,0.0093,0.1143,-0.2007,0.231
4.573207,-0.0073,0.0430,-0.0967,0.106
4.574950,-0.0264,-0.0356,-0.0342,0.056
4.576884,-0.0703,-0.1846,0.1294,0.236
4.578916,-0.1514,-0.3838,0.2525,0.484
4.581165,-0.1636,-0.3560,0.4273,0.580
4.583228,-0.0938,-0.3140,0.5933,0.678
4.585540,0.0039,-0.3448,0.8150,0.885
4.587565,0.0855,-0.4214,0.9137,1.010
4.589726,0.1387,-0.4698,0.8526,0.983
4.591632,0.1519,-0.4874,0.8092,0.957
4.593587,0.2603,-0.1929,1.0001,1.051
4.595683,0.5303,0.1104,1.7458,1.828
4.598074,0.6431,0.1499,1.5505,1.685
4.600091,0.6817,-0.0762,0.9234,1.150
4.605373,0.7232,-0.1968,0.5367,0.922
4.605850,0.7452,-0.1924,0.2178,0.800
4.606935,0.8722,-0.1929,0.3980,0.978
4.609000,0.9713,-0.0571,0.6021,1.144
4.610260,0.8888,0.0073,0.3721,0.964
4.612639,0.7696,0.0562,-0.0552,0.774
4.614458,0.7496,0.0801,-0.1836,0.776
4.616575,0.8707,0.1499,0.1089,0.890
4.618993,0.9952,0.2163,0.3599,1.080
4.621311,1.2394,0.2998,0.7481,1.478
4.623390,1.4040,0.3565,1.0616,1.796
4.625351,1.2648,0.3413,0.7408,1.505
4.627391,1.2125,0.3741,0.5987,1.403
4.629479,1.3883,0.2114,1.2081,1.852
4.631653,1.6867,-0.0835,1.9890,2.609
4.633802,2.0725,-0.1812,2.8895,3.560
4.636710,1.8674,-0.2222,2.1389,2.848
4.638271,1.5158,-0.3501,0.6299,1.678
4.640207,1.3981,-0.2608,-0.0005,1.422
4.642390,1.3195,0.1216,-0.3311,1.366
4.644268,1.4079,0.3409,0.1348,1.455
4.646395,1.4645,0.4908,1.1403,1.920
4.648265,1.2994,0.5088,1.3620,1.950
4.650301,1.0426,0.3955,0.8814,1.421
4.653649,0.8414,0.3184,0.1626,0.914
4.655005,0.6529,0.2993,0.0005,0.718
4.657376,0.4844,0.1768,-0.2222,0.562
4.659120,0.3184,0.0532,-0.0708,0.330
4.661294,0.1924,-0.0649,0.0732,0.216
4.663360,0.0679,-0.1485,0.3296,0.368
4.665394,-0.0273,-0.1240,0.7481,0.759
4.667442,-0.0879,-0.1695,1.1989,1.214
4.669947,-0.2012,-0.1807,1.1378,1.170
4.671844,-0.3399,-0.4317,0.8497,1.012
4.674283,-0.4756,-0.4649,0.4698,0.814
4.676023,-0.5591,-0.4615,0.5381,0.903
4.677959,-0.5499,-0.2613,0.8189,1.020
4.680074,-0.4659,-0.2017,1.2482,1.347
4.682403,-0.3628,-0.3848,1.4171,1.513
4.684433,-0.1709,-0.4756,1.3629,1.454
4.688859,-0.0425,-0.3833,1.1246,1.189
4.689411,-0.0610,-0.2554,0.7320,0.778
4.690594,-0.0498,-0.1367,0.4737,0.496
4.692902,0.0400,-0.0816,0.5167,0.525
4.694574,0.0156,0.0430,0.7384,0.740
4.696756,-0.0889,0.3379,1.1305,1.183
4.698837,-0.1343,0.5176,1.4162,1.514
4.701318,0.2915,0.8277,2.3455,2.504
4.703518,1.1661,0.6900,3.4681,3.723
4.708011,1.8937,0.3316,4.3549,4.760
4.708672,1.3117,0.1074,3.0565,3.328
4.709916,0.8746,-0.3399,1.6691,1.915
4.711608,0.9259,-0.5328,1.4850,1.829
4.713733,1.1652,-0.4175,1.6413,2.056
4.715682,1.2985,-0.0356,1.5949,2.057
4.718355,1.1793,-0.1836,1.2164,1.704
4.720465,0.9874,-0.3545,0.8380,1.343
4.722963,0.8087,-0.4800,0.9356,1.327
4.724760,0.7369,-0.4659,1.1608,1.452
4.726581,0.7081,-0.2896,1.3737,1.572
4.728358,0.6773,-0.0493,1.0777,1.274
4.730478,0.9518,0.2989,1.4801,1.785
4.732967,1.0475,0.4312,1.9650,2.268
4.736142,0.7403,0.3218,0.9410,1.240
4.737432,0.4913,0.2246,0.2359,0.589
4.739328,0.5040,0.2359,0.0645,0.560
4.741342,0.4014,0.1851,0.2808,0.524
4.743355,0.3062,0.1460,-0.2974,0.451
4.745309,0.2554,0.1421,-0.3184,0.432
4.747455,0.2769,0.0952,-0.0674,0.300
4.749812,0.2769,0.0581,0.2364,0.369
4.753433,0.2110,0.0459,-0.1172,0.246
4.754243,0.1865,0.0625,-0.1353,0.239
4.756219,0.1294,0.0317,-0.2598,0.292
4.758536,0.0737,-0.0400,-0.3721,0.381
4.760264,0.0386,0.0532,-0.3101,0.317
4.762155,0.1675,0.1641,0.5269,0.577
4.764317,0.2320,0.1118,0.9381,0.973
4.766589,0.1338,-0.1489,0.5474,0.583
4.769365,0.0928,-0.1670,0.0005,0.191
4.770778,0.1582,-0.2510,0.0859,0.309
4.773247,0.4786,-0.1489,0.6129,0.792
4.774566,0.7901,-0.0859,1.6134,1.799
4.776811,0.6592,-0.1577,1.0035,1.211
4.778758,0.3999,-0.2046,-0.0606,0.453
4.781557,0.3194,-0.0430,-0.3697,0.490
4.783475,0.3921,-0.0474,-0.5528,0.679
4.788138,0.7208,0.1275,0.3794,0.824
4.789785,0.9654,0.4156,1.6603,1.965
4.791978,0.9366,0.7222,2.7029,2.950
4.792410,0.4932,0.9176,2.0622,2.310
4.794073,0.3423,1.2047,2.5584,2.848
4.796037,0.5997,1.2526,2.7830,3.110
4.797992,0.6075,1.0382,2.8890,3.129
4.800371,0.3892,0.6705,2.4534,2.573
4.802803,0.3316,0.3565,2.1482,2.203
4.804902,0.3467,0.1030,1.7770,1.813
4.806582,0.3672,-0.0947,1.7087,1.750
4.808363,0.3003,-0.1631,1.2042,1.252
4.810630,0.2403,-0.1362,0.8155,0.861
4.813135,0.2119,-0.0669,0.7882,0.819
4.815978,0.1455,0.0630,0.5850,0.606
4.817018,0.0493,0.1968,0.1900,0.278
4.819337,-0.0146,0.2324,-0.0498,0.238
4.821298,-0.0537,0.2217,-0.2197,0.317
4.823463,-0.0923,0.1748,-0.2627,0.329
4.825421,-0.1441,0.0855,-0.3863,0.421
4.827621,-0.1826,0.0278,-0.3921,0.433
4.829634,-0.2051,0.0049,-0.2334,0.311
4.831886,-0.2447,-0.0737,0.0005,0.256
4.833896,-0.2871,-0.1133,-0.0625,0.315
4.836132,-0.3296,-0.1485,-0.0498,0.365
4.838105,-0.3462,-0.1118,-0.0552,0.368
4.840521,-0.3487,-0.0982,-0.0195,0.363
4.842416,-0.3399,-0.1250,0.0337,0.364
4.844529,-0.3174,-0.1675,0.0669,0.365
4.846813,-0.1973,-0.1714,0.1318,0.293
4.848521,0.1021,-0.2740,0.4429,0.531
4.850517,0.5674,-0.2832,1.3097,1.455
4.853534,0.6202,-0.1670,1.1798,1.343
4.854908,0.4292,-0.0938,-0.1353,0.460
4.857099,0.5543,-0.1328,-0.5772,0.811
4.859252,1.2433,-0.0894,0.9996,1.598
4.861514,1.2218,0.0532,1.5192,1.950
4.863464,0.8468,0.1851,0.2857,0.913
4.865564,0.7911,-0.0239,0.2031,0.817
4.867547,0.9439,-0.2114,0.0669,0.970
4.870126,1.5817,-0.1812,1.8068,2.408
4.872355,1.5534,-0.1123,2.4861,2.934
4.874207,1.4748,-0.2588,2.8484,3.218
4.876238,1.2809,-0.2515,2.5520,2.866
4.878146,0.9942,-0.1968,1.7585,2.030
4.880176,0.8072,-0.0396,1.3947,1.612
4.882325,0.7608,0.0918,1.5939,1.769
4.884391,0.8731,0.0523,2.2253,2.391
4.888553,0.8844,-0.1445,2.4363,2.596
4.889268,0.7388,-0.1450,1.2413,1.452
4.892693,0.5914,-0.1104,0.2456,0.650
4.893221,0.5269,-0.0737,-0.2193,0.575
4.895202,0.4742,-0.0601,-0.3448,0.589
4.897233,0.4942,0.0024,-0.0151,0.494
4.899236,0.7296,-0.0537,1.4425,1.617
4.901285,0.8267,-0.0669,1.7209,1.910
4.903677,0.6519,0.0259,0.8214,1.049
4.905742,0.5035,-0.0483,0.1397,0.525
4.907893,0.4336,-0.0557,-0.1470,0.461
4.909920,0.4239,0.0454,-0.1807,0.463
4.912085,0.4869,0.0649,-0.1616,0.517
4.914099,1.0792,-0.0562,1.7360,2.045
4.916368,1.3322,-0.0137,2.3171,2.673
4.918313,1.1232,-0.1323,1.8952,2.207
4.920558,0.8028,-0.1592,0.7012,1.078
4.922934,0.6832,0.0601,0.2163,0.719
4.924982,0.8463,-0.1172,0.4175,0.951
4.927508,1.2438,-0.1851,1.6042,2.038
4.928640,1.0182,-0.0146,1.5485,1.853
4.930682,0.7125,0.1660,0.6299,0.965
4.933034,0.5694,0.1948,0.3335,0.688
4.935018,0.5958,0.0347,0.7730,0.977
4.937992,0.6470,-0.1978,1.4997,1.645
4.939992,0.5157,-0.2681,1.1671,1.304
4.941722,0.3457,-0.3076,0.5318,0.705
4.944400,0.2940,-0.3233,0.6505,0.784
4.945914,0.3111,-0.3496,1.2467,1.332
4.947764,0.2515,-0.3453,1.4318,1.494
4.950137,0.1104,-0.3921,1.1534,1.223
4.951970,0.0259,-0.3335,1.2448,1.289
4.954761,0.1143,-0.2730,2.0329,2.054
4.956237,0.6158,-0.3687,3.2806,3.358
4.958655,0.7628,-0.2251,2.8113,2.922
4.960401,0.4629,0.0210,1.5065,1.576
4.962666,0.3037,0.0996,0.7774,0.841
4.964558,0.2886,0.0698,0.5001,0.582
4.966907,0.4361,-0.1338,0.6890,0.826
4.968895,0.6075,-0.2681,1.0455,1.239
4.971833,0.5142,-0.1699,0.8097,0.974
4.973316,0.3106,-0.0635,0.2359,0.395
4.975171,0.1851,-0.0269,-0.1402,0.234
4.977190,0.2349,-0.1670,-0.0415,0.291
4.979386,0.3999,-0.3628,0.5699,0.785
4.981528,0.4004,-0.3526,0.4620,0.706
4.983701,0.3501,-0.3223,0.0967,0.486
4.985496,0.2798,-0.3286,-0.0366,0.433
4.989274,0.1958,-0.3086,-0.3189,0.485
4.991167,0.1582,-0.2539,-0.3521,0.462
4.993352,0.2276,-0.0991,-0.0195,0.249
4.994105,0.4297,0.0474,0.5870,0.729
4.996264,0.7750,0.0811,1.1715,1.407
4.998465,0.9825,0.1152,1.7013,1.968
5.000516,0.9366,0.1831,1.5607,1.829
5.003215,0.7335,0.2061,1.0846,1.325
5.004810,0.6519,0.1856,0.6607,0.947
5.006828,0.7554,0.2588,0.9576,1.247
5.008729,0.7706,0.2847,0.7769,1.131
5.010958,0.8219,0.2876,0.8243,1.199
5.013212,0.6363,0.2232,0.5865,0.894
5.015430,0.4092,0.1348,0.0498,0.434
5.017202,0.3140,-0.0244,-0.0816,0.325
5.020166,0.3116,-0.0933,0.3101,0.449
5.021810,0.2993,-0.1025,0.6133,0.690
5.023768,0.2158,-0.1231,0.5660,0.618
5.025831,0.1968,-0.0659,0.7867,0.814
5.027827,0.1548,0.1367,1.2369,1.254
5.030286,0.0249,0.3150,1.1754,1.217
5.032166,-0.0283,0.3604,1.0270,1.089
5.034344,0.1426,0.4307,1.4836,1.551
5.037559,0.3135,0.4034,1.7824,1.854
5.038553,0.3120,0.1465,1.4123,1.454
5.041608,0.3355,-0.0513,1.1573,1.206
5.043122,0.5079,-0.0098,1.2448,1.344
5.044863,0.6138,0.2100,1.3024,1.455
5.047306,0.5679,0.2793,1.0509,1.227
5.048676,0.5294,0.2217,0.7813,0.969
5.050811,0.7310,0.0899,1.0299,1.266
5.054165,0.9825,0.1157,1.2902,1.626
5.055880,0.7276,0.1128,0.6402,0.976
5.057834,0.4278,0.0957,-0.0903,0.448
5.059915,0.4400,0.0493,-0.2354,0.501
5.061787,0.8038,-0.0689,0.3926,0.897
5.063970,0.8912,-0.0488,0.6221,1.088
5.065756,0.6876,-0.0371,0.2574,0.735
5.067912,0.5162,0.0322,-0.1309,0.533
5.071458,0.5137,0.1304,-0.1846,0.561
5.072195,0.7056,0.1065,0.2793,0.766
5.074346,0.8033,-0.1157,0.9732,1.267
5.076386,0.7501,-0.2354,1.1163,1.365
5.078547,0.5484,-0.2202,0.8048,0.998
5.081397,0.5479,-0.1865,0.9337,1.099
5.082991,0.7188,-0.0137,1.5470,1.706
5.084972,0.6812,0.0816,1.6574,1.794
5.087863,0.4038,0.2295,1.1554,1.245
5.089173,0.2197,0.2803,0.8971,0.965
5.090855,0.1763,0.1714,1.2150,1.240
5.092945,0.2398,0.0181,1.6564,1.674
5.095064,0.2871,0.0015,1.6784,1.703
5.097332,0.2261,0.0454,1.2882,1.309
5.099312,0.1514,0.2149,0.7569,0.801
5.101788,0.2212,0.2925,0.7120,0.801
5.106121,0.3609,0.3282,1.0533,1.161
5.106652,0.4624,0.3286,1.3961,1.507
5.108051,0.5972,0.2852,1.7287,1.851
5.110137,0.8590,0.0205,2.5090,2.652
5.112154,0.6138,-0.1851,1.9323,2.036
5.114253,0.6265,-0.1406,1.4323,1.570
5.116445,0.8570,-0.0689,1.7707,1.968
5.118763,0.8209,-0.0947,1.6628,1.857
5.120665,0.7052,-0.0283,1.1090,1.315
5.123049,0.8697,0.2075,1.0607,1.387
5.125080,0.8556,0.2857,0.9029,1.276
5.127114,0.6251,0.2388,0.3321,0.747
5.128975,0.3247,0.1714,-0.3072,0.479
5.131034,0.1919,0.1489,-0.4463,0.508
5.133382,0.1123,0.1211,-0.4893,0.516
5.135364,0.1265,0.1162,-0.0982,0.198
5.138327,0.2622,0.1875,0.7120,0.782
5.139947,0.4395,0.3213,1.1476,1.270
5.141913,0.2158,0.2266,0.3902,0.500
5.144124,0.0215,0.1572,-0.1963,0.252
5.145887,-0.0039,0.0986,-0.4087,0.420
5.148088,0.0317,0.0523,-0.5381,0.542
5.150403,0.3086,-0.1841,0.0820,0.369
5.152260,0.8228,-0.3672,1.9939,2.188
5.155184,0.8023,-0.4063,2.0578,2.246
5.158848,0.5035,-0.1670,0.6597,0.847
5.159587,0.4527,-0.3252,0.6939,0.890
5.161167,0.4478,-0.3086,0.3096,0.626
5.162767,0.4839,-0.2197,0.9039,1.049
5.165122,0.4283,-0.0806,1.0372,1.125
5.166929,0.3384,0.0059,1.0646,1.117
5.168929,0.2266,0.0186,0.6827,0.720
5.171276,0.2290,0.1201,0.8048,0.845
5.173449,0.2217,0.2168,0.9151,0.966
5.175305,0.1704,0.3282,0.8858,0.960
5.177433,0.1724,0.3667,0.8795,0.968
5.179396,0.1978,0.3789,1.0489,1.133
5.181976,0.1939,0.3433,1.1134,1.181
5.183976,0.2837,0.2349,1.2174,1.272
5.186278,0.4571,-0.1431,1.4142,1.493
5.190625,0.6905,-0.3228,1.6935,1.857
5.191498,0.9957,-0.2715,1.9397,2.197
5.195713,0.9693,-0.2281,1.4489,1.758
5.195931,0.8033,-0.0845,0.7037,1.071
5.196669,0.7628,0.1021,0.4825,0.908
5.198577,0.7183,0.2124,0.5494,0.929
5.201261,0.6290,0.1763,0.3721,0.752
5.202959,0.6016,0.1138,0.3770,0.719
5.206893,0.5049,0.0601,0.0991,0.518
5.207722,0.4859,0.0903,0.0649,0.498
5.209029,0.6807,0.1787,0.7408,1.022
5.210975,0.9000,0.2940,1.0509,1.414
5.213202,0.9005,0.1948,0.7584,1.193
5.215402,0.7950,0.0991,0.4722,0.930
5.218104,0.6607,0.0820,0.2354,0.706
5.220884,0.5772,-0.0190,0.2959,0.649
5.222291,0.4395,-0.1436,0.0728,0.468
5.224180,0.4874,-0.2285,0.5674,0.782
5.226185,0.6856,-0.3223,1.1642,1.389
5.228186,0.7037,-0.3565,1.7282,1.900
5.230350,0.6378,-0.3433,1.5895,1.747
5.232543,0.5567,-0.2012,1.2213,1.357
5.235454,0.4527,-0.1426,0.9254,1.040
5.236434,0.5943,-0.0034,1.1495,1.294
5.239249,0.7442,-0.0068,1.5837,1.750
5.241404,0.5655,-0.0425,1.4044,1.515
5.243215,0.3848,0.0239,0.7862,0.876
5.245227,0.3516,0.1372,0.4834,0.613
5.247164,0.3819,0.2329,0.6124,0.758
5.249057,0.3706,0.2324,0.9264,1.024
5.251186,0.4756,0.0786,1.3971,1.478
5.254143,0.6236,-0.1348,1.6916,1.808
5.256273,0.9127,-0.2061,2.0359,2.241
5.257539,1.1168,-0.2085,2.1760,2.455
5.259680,1.0655,-0.0620,1.6457,1.961
5.262016,0.8643,0.0278,1.0680,1.374
5.264048,0.6358,0.1182,0.5831,0.871
5.266203,0.5787,0.0825,0.6426,0.869
5.268171,0.5357,-0.0068,0.6661,0.855
5.270766,0.5196,-0.0811,0.8018,0.959
5.272474,0.4732,-0.0933,1.0411,1.147
5.274496,0.3233,-0.0234,0.5362,0.627
5.276828,0.2144,0.0381,0.3384,0.402
5.278679,0.2012,0.0366,0.4815,0.523
5.280716,0.2871,-0.0737,0.7974,0.851
5.283048,0.4766,-0.0806,0.8844,1.008
5.285112,0.4048,-0.0361,0.4732,0.624
5.290067,0.2354,-0.0957,-0.2608,0.364
5.290474,0.2867,0.0029,-0.2456,0.378
5.291596,0.4751,-0.0117,0.5064,0.695
5.293730,0.5059,-0.1348,0.9229,1.061
5.295323,0.4854,-0.1738,0.8263,0.974
5.297670,0.6006,-0.1260,0.9781,1.155
5.299833,0.5557,-0.0620,0.9923,1.139
5.301916,0.4502,0.1104,0.7730,0.901
5.304293,0.5875,0.2129,1.3092,1.451
5.306344,0.5684,0.1231,1.4513,1.564
5.308562,0.4038,0.0381,1.0480,1.124
5.310648,0.2515,0.0723,0.5508,0.610
5.312534,0.2393,0.0498,0.4380,0.502
5.314511,0.2447,-0.0146,0.4468,0.510
5.316826,0.2124,-0.0273,0.3467,0.408
5.318765,0.2114,-0.0337,0.5059,0.549
5.321867,0.2515,0.0059,0.6553,0.702
5.323198,0.3169,0.0195,0.6641,0.736
5.325299,0.4483,0.0806,0.5757,0.734
5.327483,0.7838,-0.0386,1.2785,1.500
5.329365,1.0738,-0.0840,1.8298,2.123
5.331241,1.0826,0.0557,1.5895,1.924
5.333350,0.7701,-0.0181,0.4869,0.911
5.335366,0.7535,-0.0322,0.2857,0.806
5.338201,0.9234,-0.0425,0.3829,1.001
5.339831,1.0782,0.0894,0.7974,1.344
5.342891,1.0953,0.1748,1.0074,1.498
5.344359,1.0050,-0.0796,0.9776,1.404
5.346117,1.0133,-0.1519,0.8897,1.357
5.348142,0.9981,-0.0205,0.7315,1.238
5.350349,0.9068,0.1211,0.4297,1.011
5.352447,0.9894,0.1201,0.7535,1.249
5.355744,0.9102,-0.0381,0.6182,1.101
5.356951,0.9400,-0.0527,0.7330,1.193
5.359266,0.9078,0.0327,0.6392,1.111
5.361403,0.6607,0.0523,0.2144,0.697
5.364012,0.5225,0.0635,-0.0029,0.526
5.365636,0.5279,0.0039,0.1680,0.554
5.367338,0.5709,-0.0269,0.5889,0.821
5.370029,0.6085,-0.0855,0.9903,1.165
5.373767,0.6456,-0.0322,1.1207,1.294
5.374954,0.5479,-0.0278,0.9820,1.125
5.375693,0.6470,0.0703,1.0260,1.215
5.377694,1.0314,-0.0015,1.6276,1.927
5.379870,0.9820,-0.1123,1.7424,2.003
5.381973,0.9254,0.0195,1.4186,1.694
5.384162,0.7628,0.0391,1.3712,1.570
5.386132,0.5245,0.0757,0.9122,1.055
5.390349,0.3970,0.2080,0.5347,0.698
5.390833,0.3277,0.2368,0.3042,0.506
5.392669,0.3243,0.2036,0.4683,0.605
5.395544,0.4253,0.2930,0.8116,0.962
5.396951,0.6280,0.3169,1.3439,1.517
5.399049,0.3780,0.0249,0.7423,0.833
5.401315,0.2500,-0.0273,-0.0493,0.256
5.403060,0.4239,-0.0269,0.1245,0.443
5.405193,0.5738,0.0015,0.9483,1.108
5.407330,0.6070,-0.1240,0.9132,1.104
5.409188,0.6695,-0.1299,0.9337,1.156
5.411215,0.7794,-0.0439,0.7696,1.096
5.413410,0.8263,0.1250,0.9225,1.245
5.415393,0.6094,-0.0137,0.5127,0.797
5.417693,0.5259,-0.1690,0.2867,0.622
5.419710,0.5079,-0.1211,0.5513,0.759
5.422839,0.5181,-0.0195,0.9576,1.089
5.424411,0.4908,0.1231,1.2365,1.336
5.426659,0.4424,0.1416,1.1324,1.224
5.428409,0.5572,0.2207,1.0626,1.220
5.430463,0.5230,0.2354,1.0006,1.153
5.432668,0.3912,0.0894,0.5113,0.650
5.434865,0.5577,-0.0200,0.7393,0.926
5.436970,0.7921,0.1563,0.9620,1.256
5.438927,0.6754,0.1411,0.6754,0.965
5.441139,0.5845,0.0635,0.4585,0.746
5.443362,0.5674,-0.0649,0.4263,0.713
5.445544,0.5543,-0.0884,0.3350,0.654
5.447480,0.6055,-0.1494,0.4634,0.777
5.449281,0.7257,-0.2466,0.5865,0.965
5.451371,0.8858,-0.0723,0.8868,1.256
5.453811,0.8287,0.0850,1.0001,1.302
5.455916,0.7584,0.0015,0.7017,1.033
5.458379,0.9386,-0.1904,1.0582,1.427
5.460080,0.9454,-0.0923,1.0377,1.407
5.462219,0.7828,-0.0576,0.9645,1.243
5.464377,0.6788,-0.2344,0.7188,1.016
5.466373,0.7447,-0.1914,1.2955,1.507
5.468483,0.6392,-0.0728,1.1700,1.335
5.470533,0.4844,0.0259,0.8033,0.938
5.473085,0.3829,0.0859,0.5533,0.678
5.474621,0.4136,0.0630,0.6563,0.778
5.476988,0.4678,0.1372,0.9024,1.026
5.478898,0.3111,0.1953,0.5689,0.677
5.481136,0.3296,0.0083,0.5157,0.612
5.483401,0.5767,0.0093,0.9454,1.107
5.485543,0.7730,0.1704,1.1237,1.374
5.491098,0.6544,0.1441,0.7095,0.976
5.491563,0.7032,0.0991,0.6846,0.986
5.491954,0.8228,-0.0601,1.0279,1.318
5.494995,0.7359,-0.1109,0.7071,1.027
5.495595,0.6851,-0.0684,0.3745,0.784
5.497722,0.7369,-0.1470,0.6060,0.965
5.499813,0.7735,-0.0591,0.8897,1.180
5.502551,0.6778,0.1260,0.9938,1.209
5.505287,0.6021,0.1221,1.0846,1.247
5.506511,0.7081,-0.1826,1.1608,1.372
5.508854,0.9327,-0.1909,1.3126,1.622
5.510713,0.8219,-0.1089,0.8961,1.221
5.512700,0.6324,0.0684,0.7745,1.002
5.514826,0.4664,0.1382,0.6104,0.781
5.517167,0.4429,0.1504,0.6822,0.827
5.519148,0.4761,0.0855,0.8502,0.978
5.522212,0.5259,-0.0537,0.7579,0.924
5.523688,0.6358,-0.0957,0.7052,0.954
5.526715,0.5836,-0.0689,0.5381,0.797
5.527573,0.5875,-0.0557,0.2783,0.652
5.529400,0.8868,-0.0737,0.6256,1.088
5.531357,1.1779,0.0156,1.0963,1.609
5.534119,1.0065,0.1470,0.8600,1.332
5.535958,0.8087,0.2154,0.4595,0.955
5.539327,0.8018,0.2320,0.3081,0.890
5.540472,0.9259,0.0835,0.7027,1.165
5.542984,0.8106,0.0879,0.4527,0.933
5.544765,0.7135,0.0518,0.3736,0.807
5.546271,0.6265,-0.1309,0.4712,0.795
5.548416,0.5372,-0.0908,0.2388,0.595
5.550557,0.4996,-0.0806,0.6158,0.797
5.552680,0.5401,-0.2031,0.9757,1.134
5.555448,0.6583,-0.2315,1.2980,1.474
5.557382,0.6055,-0.0606,1.0660,1.227
5.559228,0.5738,-0.0107,0.8053,0.989
5.561496,0.7144,0.0620,1.1578,1.362
5.563382,0.6304,0.3228,1.2482,1.435
5.565504,0.5313,0.3677,1.0636,1.244
5.567615,0.4380,0.2920,0.9068,1.049
5.569494,0.3750,0.2168,0.6456,0.777
5.572177,0.4175,-0.0161,0.6646,0.785
5.573763,0.4849,-0.0454,0.7330,0.880
5.575809,0.5489,-0.0347,0.9381,1.087
5.577762,0.5606,-0.0772,0.5963,0.822
5.580397,0.6002,-0.0928,0.5264,0.804
5.582241,0.7501,0.0020,0.6046,0.963
5.584229,0.8307,0.1035,0.7398,1.117
5.586626,0.7911,0.1636,0.7193,1.082
5.589711,0.7564,0.0049,0.7579,1.071
5.590909,0.8297,-0.1021,0.8370,1.183
5.592931,0.8883,-0.1743,0.8790,1.262
5.595064,0.8106,0.0269,0.6426,1.035
5.597167,0.7144,0.2320,0.8341,1.122
5.599180,0.5782,0.2246,0.8424,1.046
5.601600,0.4917,0.1709,1.1637,1.275
5.603766,0.4048,0.1519,0.8424,0.947
5.608238,0.5035,-0.1055,1.0069,1.131
5.608924,0.6295,-0.2613,1.2247,1.402
5.610110,0.6519,-0.1685,1.2462,1.416
5.612464,0.5782,-0.0523,1.0060,1.161
5.613875,0.6187,0.0469,1.0538,1.223
5.616039,0.6563,0.1514,1.0978,1.288
5.618621,0.4678,0.2574,0.6324,0.828
5.620130,0.3306,0.2764,0.2867,0.518
5.622382,0.3628,0.1865,0.3745,0.554
5.624975,0.5811,-0.0200,1.0719,1.219
5.626533,0.7056,-0.0830,1.2228,1.414
5.629181,0.5889,-0.0762,0.5733,0.825
5.630794,0.6671,-0.0293,0.3843,0.770
5.633077,0.8956,-0.0542,0.7418,1.164
5.635003,0.7369,-0.0728,0.5044,0.896
5.637179,0.5074,0.0400,0.1235,0.524
5.639558,0.3711,0.1196,-0.0293,0.391
5.641393,0.3413,0.0298,0.1729,0.384
5.643433,0.5040,-0.0899,0.5928,0.783
5.646145,0.7974,-0.1734,1.2189,1.467
5.647392,0.8809,-0.1528,0.9542,1.308
5.649462,0.9762,0.0288,1.0738,1.452
5.651508,0.7247,0.1006,0.8604,1.129
5.653806,0.6597,0.2246,0.7603,1.031
5.656227,0.8824,0.1025,1.4611,1.710
5.657902,1.0089,0.2080,1.5490,1.860
5.660220,0.8326,0.3140,1.0914,1.408
5.662693,0.6417,0.2945,0.5923,0.922
5.664399,0.7950,-0.0635,1.0069,1.285
5.666640,0.8673,-0.2144,1.2780,1.559
5.668686,0.7388,-0.1226,0.8341,1.121
5.670842,0.6212,0.0151,0.4483,0.766
5.673324,0.6163,-0.0649,0.5269,0.813
5.675087,0.6925,-0.0044,0.8238,1.076
5.677302,0.5889,0.0820,0.4654,0.755
5.679258,0.4810,0.1211,0.1988,0.534
5.681395,0.4571,0.0996,0.1538,0.492
5.683441,0.5323,0.0527,0.4820,0.720
5.685592,0.5855,0.0176,0.7833,0.978
5.687819,0.5220,-0.0195,0.4307,0.677
5.691703,0.5435,-0.0190,0.2725,0.608
5.692319,0.6632,0.0542,0.4678,0.813
5.696109,0.6470,0.1782,0.4986,0.836
5.696457,0.5821,0.2578,0.5367,0.833
5.698157,0.6129,0.1187,0.6319,0.888
5.700326,0.8521,-0.0327,1.0187,1.328
5.702358,0.7779,-0.1206,0.8321,1.145
5.704485,0.5831,-0.1641,0.3233,0.687
5.707059,0.5005,0.0166,0.4673,0.685
5.709276,0.4937,0.1963,0.9361,1.076
5.711666,0.5342,0.2237,1.4782,1.588
5.713079,0.5479,0.2354,1.5421,1.653
5.714903,0.4742,0.1152,1.2570,1.348
5.717145,0.5298,-0.0684,1.2135,1.326
5.719358,0.7823,-0.1904,1.5212,1.721
5.721399,0.8336,0.0269,1.5421,1.753
5.723848,0.7139,0.2022,1.3673,1.556
5.725767,0.5704,0.1865,1.1818,1.325
5.728059,0.5582,0.0391,1.1207,1.253
5.729546,0.5137,0.0205,0.9640,1.093
5.731515,0.4346,0.0884,0.7374,0.860
5.733781,0.3565,0.1514,0.4517,0.595
5.736145,0.3101,0.1548,0.2657,0.437
5.738045,0.5401,-0.0283,0.7716,0.942
5.740702,0.8077,-0.1011,1.5070,1.713
5.742997,0.6763,-0.1172,0.8800,1.116
5.744784,0.5337,-0.0132,0.1572,0.557
5.746767,0.5503,0.1050,-0.0884,0.567
5.749295,0.5464,0.1055,-0.2237,0.600
5.751030,0.5464,0.0581,-0.1328,0.565
5.753130,0.6617,-0.0982,0.3999,0.779
5.755923,0.6915,-0.1314,0.5787,0.911
5.757539,0.8995,-0.0571,0.9264,1.292
5.759495,1.0235,-0.1353,1.2208,1.599
5.761842,0.8980,-0.1250,0.6832,1.135
5.763728,0.6549,0.0029,0.1431,0.670
5.765905,0.4908,0.1196,-0.0820,0.512
5.767878,0.5987,0.0391,0.4424,0.745
5.769708,0.9088,-0.1362,1.4943,1.754
5.773454,0.9166,0.0884,1.6593,1.898
5.774168,0.6089,0.0557,1.0250,1.194
5.776249,0.6334,-0.2163,1.2545,1.422
5.778307,0.8912,-0.0723,1.5597,1.798
5.780547,0.9610,0.1651,1.7492,2.003
5.783070,0.6920,0.1797,1.1022,1.314
5.784880,0.5264,0.3291,0.9327,1.120
5.786499,0.4097,0.2647,0.9757,1.091
5.790347,0.3955,0.1621,1.0826,1.164
5.791042,0.3931,0.0054,0.9762,1.052
5.793428,0.4371,-0.0772,0.7598,0.880
5.795204,0.4917,-0.0195,0.7213,0.873
5.797692,0.4795,-0.0181,0.5777,0.751
5.800282,0.4048,-0.0283,0.2134,0.459
5.801656,0.3833,-0.0337,0.1851,0.427
5.803612,0.4600,0.1030,0.3179,0.569
5.806225,0.7047,0.1880,0.8785,1.142
5.809492,0.8136,0.0659,1.0055,1.295
5.809919,0.8619,0.1685,0.6759,1.108
5.813445,0.6939,0.1646,0.3741,0.805
5.813884,0.4434,0.0566,-0.0991,0.458
5.816672,0.4244,0.0059,-0.1387,0.446
5.818001,0.5381,0.0103,0.2320,0.586
5.820427,0.5709,0.0737,0.5206,0.776
5.823066,0.4751,0.0571,0.7354,0.877
5.824797,0.3531,0.0059,0.4810,0.597
5.826775,0.4522,-0.1939,0.7481,0.895
5.829016,0.7379,-0.2324,1.1974,1.426
5.831070,0.9942,-0.0469,1.5363,1.831
5.833170,0.9122,-0.1763,1.2555,1.562
5.835361,1.0436,-0.1953,1.1989,1.601
5.837637,1.2032,0.0474,1.7673,2.139
5.839869,1.0221,0.1919,1.5744,1.887
5.841603,0.8722,0.2100,1.3673,1.635
5.843972,0.6617,0.0772,1.0099,1.210
5.845792,0.5738,-0.1128,0.8370,1.021
5.848027,0.5396,-0.1416,0.7823,0.961
5.849702,0.5264,-0.0684,0.8512,1.003
5.851840,0.4595,0.0606,0.9186,1.029
5.854248,0.3887,0.0713,0.7384,0.837
5.856884,0.3633,0.0195,0.6490,0.744
5.859382,0.4087,0.0225,0.7818,0.883
5.860487,0.4957,0.0200,0.9620,1.082
5.862752,0.5450,0.0767,0.7340,0.917
5.864949,0.5587,-0.0010,0.6173,0.833
5.866773,0.5391,-0.0996,0.6046,0.816
5.868936,0.6368,-0.0181,0.6070,0.880
5.870957,0.8990,0.1675,0.9571,1.324
5.873483,0.7779,0.1206,0.6739,1.036
5.875839,0.5093,0.0508,0.2315,0.562
5.877632,0.3745,-0.0103,0.0977,0.387
5.879536,0.4507,0.0308,0.3536,0.574
5.881654,0.7188,0.1709,1.1134,1.336
5.883614,0.5171,0.0430,1.0817,1.200
5.885883,0.3194,-0.0718,0.3369,0.470
5.887895,0.3877,-0.1509,0.3965,0.575
5.890483,0.7579,-0.2085,1.3073,1.525
5.892265,0.8341,-0.1773,1.3664,1.611
5.894051,0.7125,0.0088,0.7828,1.059
5.896262,0.7506,0.1504,0.8834,1.169
5.898255,0.6050,0.1738,0.6431,0.900
5.900552,0.5210,0.1875,0.7725,0.951
5.902887,0.4082,0.0151,0.7506,0.855
5.904702,0.4278,-0.1748,0.6832,0.825
5.909897,0.5518,-0.1709,0.7252,0.927
5.910464,0.8897,-0.0391,1.2540,1.538
5.911603,0.9596,-0.0215,1.3698,1.673
5.914396,0.8170,-0.0557,0.8648,1.191
5.915329,0.7266,0.0859,0.5977,0.945
5.917550,0.7188,0.2754,0.8150,1.121
5.919643,0.7052,0.1377,0.8341,1.101
5.921594,0.6939,0.0347,0.8028,1.062
5.923836,0.6221,-0.0796,0.7760,0.998
5.925789,0.5601,-0.0562,0.5269,0.771
5.928109,0.6495,0.0552,0.7950,1.028
5.929861,0.6529,0.2066,0.9498,1.171
5.932054,0.5084,0.1406,0.6934,0.871
5.934327,0.4957,0.0073,0.6099,0.786
5.937253,0.5508,0.0796,0.5987,0.817
5.940216,0.6348,0.1450,0.8463,1.068
5.940878,0.6636,0.1812,0.8038,1.058
5.943062,0.7335,0.2393,0.8609,1.156
5.945217,0.7794,0.2461,0.9293,1.238
5.946950,0.6500,0.0430,0.7476,0.992
5.949200,0.6612,-0.1133,0.7315,0.993
5.951105,0.6363,-0.1377,0.8204,1.047
5.953973,0.5093,-0.1172,0.6153,0.807
5.955403,0.3946,-0.0356,0.2930,0.493
5.957514,0.3228,0.0689,0.2871,0.437
5.959553,0.3081,0.0923,0.5323,0.622
5.961682,0.3565,-0.0137,1.0069,1.068
5.963746,0.5713,-0.0659,1.2907,1.413
5.965992,0.7779,-0.0210,1.3209,1.533
5.968189,0.7042,-0.0479,0.9181,1.158
5.969977,0.6407,0.0361,0.6353,0.903
5.972082,0.6475,0.1963,0.6866,0.964
5.974149,0.5523,0.1206,0.8048,0.983
5.976252,0.4659,-0.0747,0.7515,0.887
5.978220,0.4419,-0.1572,0.7237,0.862
5.980665,0.4893,-0.2168,0.7061,0.886
5.982785,0.7144,-0.0674,0.9649,1.203
5.984812,0.7911,0.0737,1.0519,1.318
5.986975,0.7857,-0.0117,0.8697,1.172
5.989902,0.9991,-0.0679,1.1627,1.535
5.992795,1.1412,0.0044,1.2975,1.728
5.993508,0.9757,0.0527,0.8492,1.295
5.996712,0.7662,0.1040,0.4820,0.911
5.997494,0.5938,0.1235,0.3829,0.717
5.999494,0.4766,0.0928,0.4434,0.658
6.001727,0.5230,-0.0649,0.7603,0.925
6.003874,0.6260,-0.1743,0.8263,1.051
6.006769,0.6378,-0.1944,0.5821,0.885
6.007814,0.6373,-0.1338,0.4400,0.786
6.009987,0.6739,0.0562,0.7437,1.005
6.012834,0.5635,0.1514,0.8116,1.000
6.014487,0.4751,0.0420,0.7652,0.902
6.016561,0.6177,-0.1001,0.9366,1.126
6.018684,0.8263,-0.0625,1.0817,1.363
6.020689,0.7647,-0.0586,0.8761,1.164
6.024000,0.6759,-0.0088,0.8702,1.102
6.025391,0.6299,0.1299,1.0807,1.258
6.027299,0.5928,0.1685,1.1105,1.270
6.029332,0.5367,0.1441,0.9234,1.078
6.031298,0.5010,0.0869,0.7110,0.874
6.033463,0.6353,0.1743,0.8131,1.046
6.035502,0.7462,0.0215,0.9889,1.239
6.037693,0.7994,-0.0405,0.9142,1.215
6.040062,0.8653,0.1240,0.9488,1.290
6.041949,0.7237,0.2334,0.7413,1.062
6.044262,0.5176,0.2471,0.4805,0.748
6.046249,0.3672,0.2398,0.3453,0.558
6.047914,0.3145,0.1880,0.4268,0.563
6.049921,0.3169,0.0547,0.6309,0.708
6.051944,0.4576,-0.1192,0.9488,1.060
6.054299,0.6422,-0.1524,1.0768,1.263
6.057240,0.6309,-0.1543,0.6827,0.942
6.058564,0.6026,-0.1138,0.3975,0.731
6.061019,0.6241,0.0293,0.5132,0.809
6.063478,0.5587,0.1358,0.7227,0.924
6.065242,0.6900,-0.0225,0.9508,1.175
6.067154,0.9293,-0.1152,1.2868,1.591
6.069332,0.8350,0.0269,0.7833,1.145
6.071299,0.6480,0.1260,0.4849,0.819
6.074740,0.5552,0.2134,0.5342,0.800
6.075709,0.4864,0.2534,0.8639,1.023
6.077971,0.4800,0.0410,0.8375,0.966
6.080049,0.6006,-0.1353,0.8570,1.055
6.081859,0.6129,-0.1616,0.6177,0.885
6.084069,0.6729,-0.1553,0.6436,0.944
6.086072,0.8595,-0.0151,0.9645,1.292
6.087952,0.9298,0.1406,1.1700,1.501
6.091748,0.8101,0.1748,0.9229,1.240
6.092751,0.7237,0.1006,0.7398,1.040
6.094668,0.6168,0.0400,0.7794,0.995
6.096898,0.4966,0.0313,0.6837,0.846
6.098636,0.4454,0.0010,0.7237,0.850
6.100883,0.4434,-0.0610,0.7764,0.896
6.102932,0.4400,-0.0215,0.7945,0.908
6.105034,0.4385,0.0044,0.7764,0.892
6.109507,0.5152,-0.1318,0.7252,0.899
6.110003,0.5943,-0.1865,0.8145,1.025
6.111325,0.6666,-0.0864,0.8726,1.102
6.113611,0.6470,0.0435,0.9669,1.164
6.115387,0.4874,0.0298,0.8219,0.956
6.117657,0.5567,-0.0899,0.9688,1.121
6.119848,0.6363,-0.1118,0.9532,1.152
6.121948,0.6422,-0.0420,0.8097,1.034
6.124237,0.6353,0.0000,0.8468,1.059
6.126240,0.5757,0.0073,0.7974,0.984
6.128119,0.5528,0.1172,0.9015,1.064
6.130000,0.5635,0.1748,0.9605,1.127
6.132022,0.5889,0.1836,0.9435,1.127
6.134333,0.6343,0.1978,0.8780,1.101
6.136255,0.6802,0.0967,0.8214,1.071
6.138569,0.7965,0.0142,0.9122,1.211
6.141600,1.0050,0.1099,1.1490,1.530
6.143280,0.9781,0.1563,1.0387,1.435
6.145304,0.7813,0.1055,0.5972,0.989
6.147137,0.7266,0.0493,0.5606,0.919
6.149466,0.7159,0.0576,0.8072,1.080
6.151494,0.6104,0.1314,0.7569,0.981
6.153442,0.4668,0.1558,0.5132,0.711
6.155588,0.3902,0.0732,0.4361,0.590
6.157864,0.4175,-0.0679,0.4815,0.641
6.160030,0.4795,-0.1450,0.6094,0.789
6.161856,0.5054,-0.0991,0.6636,0.840
6.163964,0.6002,-0.0352,0.6412,0.879
6.166128,0.7310,-0.0571,0.7520,1.050
6.168026,0.7779,0.0200,0.8468,1.150
6.170027,0.6041,0.1397,0.6807,0.921
6.172801,0.5381,0.0938,0.7193,0.903
6.175682,0.6055,0.0283,0.9459,1.123
6.177135,0.6329,0.1548,0.9469,1.149
6.178897,0.5250,0.0698,0.7525,0.920
6.181313,0.4893,-0.0430,0.7354,0.884
6.183063,0.5713,0.0796,0.7833,0.973
6.185214,0.6690,0.0332,0.8223,1.061
6.187177,0.6915,0.0234,0.7843,1.046
6.189568,0.7125,0.0767,0.8209,1.090
6.193588,0.7174,-0.0449,0.8448,1.109
6.194154,0.7261,-0.1226,0.7828,1.075
6.195773,0.7174,-0.0869,0.7252,1.024
6.197780,0.7091,0.0073,0.7149,1.007
6.199541,0.6827,0.0669,0.7686,1.030
6.202175,0.5723,0.1255,0.6915,0.906
6.204035,0.4834,0.0571,0.6846,0.840
6.206169,0.4820,-0.0078,0.7569,0.897
6.207960,0.5167,0.0869,0.8429,0.992
6.210223,0.6182,0.0996,0.8199,1.032
6.212189,0.7354,0.0059,0.9596,1.209
6.214490,0.8023,0.0059,0.9566,1.249
6.216447,0.7242,-0.0684,0.8057,1.086
6.218593,0.6490,-0.0816,0.7330,0.982
6.220987,0.6334,0.0723,0.8795,1.086
6.224282,0.5040,0.0581,0.8712,1.008
6.225338,0.4507,0.0171,0.8209,0.937
6.228176,0.4600,-0.0054,0.9449,1.051
6.230220,0.5259,-0.0454,0.9625,1.098
6.231476,0.6226,-0.0259,0.9283,1.118
6.233498,0.6573,-0.0117,0.8184,1.050
6.235622,0.6280,0.0273,0.8018,1.019
6.238045,0.5069,0.1353,0.7310,0.900
6.241468,0.5088,-0.0410,0.6719,0.844
6.242350,0.7301,-0.0527,0.8565,1.127
6.245422,0.8590,0.0415,0.8936,1.240
6.246179,0.8223,0.0942,0.7369,1.108
6.248190,0.7559,0.1602,0.6402,1.003
6.250168,0.6021,0.2090,0.5743,0.858
6.252348,0.4019,0.2388,0.4131,0.624
6.254892,0.2998,0.1411,0.2827,0.436
6.257731,0.3247,-0.0239,0.5147,0.609
6.259542,0.4327,-0.1514,0.8570,0.972
6.261432,0.5132,-0.1524,0.8233,0.982
6.263630,0.6011,-0.0791,0.6251,0.871
6.265287,0.7061,-0.0215,0.7847,1.056
6.267319,0.7584,0.0239,0.9801,1.239
6.269583,0.7447,0.0850,0.9767,1.231
6.271545,0.7379,0.0840,0.9640,1.217
6.274594,0.6573,-0.0396,0.9171,1.129
6.276022,0.5840,-0.1148,0.8697,1.054
6.278051,0.6588,-0.1846,0.9713,1.188
6.280066,0.7974,-0.1475,1.0714,1.344
6.282148,0.8927,-0.0796,1.0001,1.343
6.284230,0.9742,0.0073,1.0025,1.398
6.286461,0.9537,0.0591,0.9669,1.359
6.288241,0.8077,0.0552,0.8321,1.161
6.291510,0.6578,-0.0034,0.7847,1.024
6.293054,0.5655,-0.0493,0.7935,0.976
6.294515,0.5533,-0.0024,0.8111,0.982
6.296722,0.5460,0.0288,0.7603,0.936
6.298770,0.5499,0.0449,0.7467,0.928
6.301115,0.5572,0.0444,0.7525,0.937
6.303322,0.5591,0.0273,0.7364,0.925
6.305256,0.5718,0.0234,0.7222,0.922
6.310523,0.6470,0.0835,0.7901,1.025
6.311092,0.6275,0.0728,0.7960,1.016
6.312313,0.5948,0.0547,0.8043,1.002
6.314873,0.6617,0.1265,0.8639,1.095
6.315861,0.7462,0.1734,0.9571,1.226
6.317684,0.7281,0.1475,0.9376,1.196
6.319990,0.6407,0.1353,0.7847,1.022
6.321966,0.5274,0.1157,0.7501,0.924
6.324682,0.4073,0.0952,0.7393,0.849
6.326435,0.3687,0.0772,0.7178,0.811
6.328440,0.3887,0.0391,0.6832,0.787
6.330294,0.4371,0.0942,0.6763,0.811
6.332973,0.4937,0.0708,0.6563,0.824
6.335172,0.5943,0.0132,0.6744,0.899
6.337067,0.6612,0.0669,0.6900,0.958
6.339061,0.6319,0.0557,0.6705,0.923
6.341350,0.5464,-0.0186,0.6299,0.834
6.343209,0.5162,-0.0093,0.5894,0.784
6.345412,0.5254,0.0249,0.6329,0.823
6.347364,0.5460,0.1343,0.7916,0.971
6.350077,0.6441,0.0303,0.9264,1.129
6.351670,0.8145,0.0625,1.0299,1.315
6.353719,0.7769,0.0059,0.8580,1.158
6.355814,0.7222,-0.1094,0.8009,1.084
6.358636,0.6881,-0.0894,0.8927,1.131
6.360204,0.6734,-0.0723,0.9688,1.182
6.362624,0.6661,-0.1611,0.8995,1.131
6.364719,0.6802,-0.1812,0.8380,1.094
6.366513,0.7545,-0.1211,0.8941,1.176
6.368180,0.8756,0.0063,1.0118,1.338
6.370323,0.8746,0.0527,0.9122,1.265
6.372313,0.7603,-0.0010,0.7257,1.051
6.375628,0.6597,-0.0142,0.7100,0.969
6.376857,0.5796,0.0273,0.7906,0.981
6.379289,0.5025,0.0361,0.7779,0.927
6.381879,0.4703,0.0615,0.7340,0.874
6.383610,0.5025,0.0327,0.7637,0.915
6.385294,0.5494,0.0615,0.7916,0.966
6.387441,0.5357,0.0684,0.7813,0.950
6.389748,0.5479,0.0571,0.7945,0.967
6.394149,0.6314,0.1475,0.8575,1.075
6.394704,0.6260,0.1284,0.8565,1.069
6.396134,0.6256,0.1079,0.8717,1.078
6.398815,0.6319,0.1328,0.8600,1.075
6.400291,0.6221,0.1260,0.8136,1.032
6.402390,0.6114,0.1138,0.7896,1.005
6.404445,0.5928,0.0942,0.7740,0.979
6.406388,0.5928,0.0830,0.7296,0.944
6.408396,0.5733,0.0845,0.7003,0.909
6.410473,0.4747,0.1392,0.6485,0.816
6.412544,0.3946,0.1035,0.6124,0.736
6.414877,0.4273,0.0366,0.6158,0.750
6.417068,0.5674,-0.0220,0.6920,0.895
6.419127,0.6666,0.0093,0.6929,0.962
6.421417,0.7076,0.0435,0.7042,0.999
6.423498,0.7305,0.0718,0.7711,1.065
6.425632,0.7486,0.0435,0.8160,1.108
6.427755,0.7623,0.0503,0.8111,1.114
6.429676,0.7716,0.0342,0.8209,1.127
6.431760,0.7808,0.0308,0.8140,1.128
6.433944,0.7891,0.0200,0.7965,1.121
6.435972,0.8067,0.0015,0.7901,1.129
6.438231,0.7979,-0.0366,0.7525,1.097
6.440256,0.7647,-0.0820,0.7056,1.044
6.442896,0.7359,-0.1060,0.6856,1.011
6.446176,0.7139,-0.1152,0.6671,0.984
6.446579,0.6978,-0.1177,0.6534,0.963
6.448396,0.6827,-0.1094,0.6646,0.959
6.450354,0.6759,-0.0962,0.6788,0.963
6.452434,0.6807,-0.0816,0.7218,0.995
6.454913,0.6900,-0.0596,0.7486,1.020
6.456853,0.6925,-0.0405,0.7686,1.035
6.458924,0.6832,-0.0308,0.8033,1.055
6.461737,0.6710,-0.0308,0.8458,1.080
6.463636,0.6578,-0.0132,0.8805,1.099
6.465506,0.6295,0.0049,0.8990,1.097
6.467626,0.6080,0.0259,0.9366,1.117
6.469763,0.5923,0.0405,0.9693,1.137
6.471848,0.5772,0.0493,0.9762,1.135
6.473932,0.5616,0.0620,0.9703,1.123
6.476513,0.5377,0.0610,0.9620,1.104
6.478052,0.5157,0.0552,0.9415,1.075
6.480282,0.5049,0.0537,0.9083,1.041
6.482216,0.5049,0.0552,0.8756,1.012
6.484405,0.5001,0.0498,0.8414,0.980
6.486689,0.4878,0.0322,0.8004,0.938
6.489158,0.4795,0.0098,0.7642,0.902
6.490617,0.4683,0.0269,0.7252,0.864
6.494537,0.4590,0.0459,0.6949,0.834
6.495138,0.4708,0.0581,0.7032,0.848
6.498801,0.4883,0.0698,0.7091,0.864
6.499259,0.5020,0.0645,0.7193,0.880
6.501494,0.5245,0.0566,0.7481,0.915
6.503432,0.5543,0.0620,0.7838,0.962
6.505530,0.5665,0.0689,0.8136,0.994
6.508443,0.5591,0.0679,0.8463,1.017
6.510132,0.5474,0.0767,0.8702,1.031
6.511866,0.5220,0.0767,0.8883,1.033
6.514111,0.4937,0.0693,0.9059,1.034
6.516046,0.4791,0.0591,0.9210,1.040
6.518793,0.4834,0.0562,0.9352,1.054
6.520307,0.4942,0.0576,0.9439,1.067
6.522519,0.5054,0.0523,0.9459,1.074
6.525610,0.5098,0.0361,0.9381,1.068
6.526747,0.5054,0.0278,0.9225,1.052
6.528673,0.4981,0.0317,0.9015,1.030
6.530955,0.4888,0.0342,0.8775,1.005
6.532726,0.4830,0.0278,0.8639,0.990
6.535317,0.4815,0.0181,0.8551,0.981
6.537009,0.4888,0.0142,0.8473,0.978
6.539052,0.5020,0.0093,0.8414,0.980
6.542301,0.5142,0.0015,0.8419,0.987
6.543688,0.5313,0.0000,0.8482,1.001
6.545863,0.5440,0.0034,0.8541,1.013
6.547912,0.5396,0.0088,0.8546,1.011
6.549886,0.5201,0.0093,0.8556,1.001
6.551905,0.5035,0.0078,0.8614,0.998
6.553869,0.4966,0.0132,0.8717,1.003
6.556012,0.4976,0.0220,0.8805,1.012
6.558176,0.5079,0.0298,0.8927,1.027
6.560307,0.5171,0.0308,0.9049,1.043
6.562916,0.5235,0.0352,0.9132,1.053
6.564675,0.5230,0.0376,0.9083,1.049
6.566392,0.5137,0.0327,0.8980,1.035
6.568308,0.5054,0.0283,0.8883,1.022
6.570430,0.5044,0.0317,0.8775,1.013
6.573452,0.5069,0.0376,0.8634,1.002
6.576260,0.5103,0.0356,0.8512,0.993
6.577446,0.5132,0.0327,0.8414,0.986
6.579456,0.5162,0.0381,0.8287,0.977
6.581554,0.5167,0.0449,0.8160,0.967
6.583406,0.5162,0.0415,0.8067,0.959
6.585497,0.5176,0.0361,0.8023,0.955
6.587654,0.5250,0.0366,0.7989,0.957
6.590179,0.5352,0.0405,0.7994,0.963
6.592429,0.5435,0.0396,0.8062,0.973
6.594599,0.5474,0.0352,0.8131,0.981
6.596401,0.5494,0.0356,0.8214,0.989
6.598384,0.5469,0.0386,0.8297,0.994
6.600308,0.5425,0.0381,0.8375,0.999
6.602612,0.5381,0.0361,0.8463,1.004
6.604666,0.5372,0.0356,0.8531,1.009
6.607006,0.5396,0.0371,0.8570,1.013
6.611866,0.5425,0.0366,0.8590,1.017
6.612550,0.5464,0.0317,0.8600,1.019
6.613837,0.5494,0.0278,0.8585,1.020
6.616315,0.5538,0.0283,0.8570,1.021
6.616920,0.5577,0.0298,0.8546,1.021
6.619039,0.5587,0.0283,0.8502,1.018
6.621550,0.5567,0.0259,0.8458,1.013
6.623644,0.5547,0.0244,0.8433,1.010
6.625541,0.5538,0.0259,0.8399,1.006
6.627705,0.5528,0.0249,0.8404,1.006
6.630044,0.5533,0.0234,0.8404,1.006
6.632068,0.5557,0.0244,0.8419,1.009
6.634243,0.5567,0.0254,0.8429,1.010
6.636368,0.5567,0.0259,0.8429,1.010
6.638675,0.5557,0.0239,0.8433,1.010
6.640443,0.5538,0.0234,0.8473,1.012
6.642535,0.5528,0.0264,0.8473,1.012
6.644810,0.5508,0.0288,0.8463,1.010
6.646789,0.5469,0.0283,0.8448,1.007
6.648818,0.5440,0.0269,0.8433,1.004
6.650731,0.5435,0.0293,0.8394,1.000
6.653680,0.5425,0.0327,0.8375,0.998
6.655523,0.5401,0.0322,0.8331,0.993
6.657598,0.5377,0.0308,0.8287,0.988
6.660234,0.5381,0.0317,0.8253,0.986
6.661559,0.5396,0.0342,0.8233,0.985
6.663677,0.5377,0.0347,0.8228,0.984
6.665732,0.5342,0.0327,0.8228,0.982
6.667788,0.5333,0.0332,0.8258,0.984
6.670108,0.5318,0.0366,0.8282,0.985
6.672803,0.5303,0.0356,0.8326,0.988
6.674340,0.5279,0.0337,0.8385,0.991
6.677735,0.5274,0.0332,0.8424,0.994
6.679300,0.5294,0.0352,0.8473,1.000
6.682383,0.5284,0.0352,0.8516,1.003
6.682641,0.5279,0.0317,0.8556,1.006
6.684966,0.5279,0.0308,0.8580,1.008
6.686836,0.5294,0.0327,0.8595,1.010
6.688618,0.5298,0.0327,0.8590,1.010
6.690670,0.5298,0.0308,0.8580,1.009
6.693106,0.5303,0.0303,0.8585,1.010
6.695022,0.5333,0.0313,0.8565,1.009
6.697180,0.5362,0.0313,0.8546,1.009
6.699255,0.5362,0.0298,0.8526,1.008
6.701697,0.5381,0.0273,0.8516,1.008
6.703744,0.5401,0.0278,0.8507,1.008
6.705704,0.5416,0.0293,0.8482,1.007
6.707910,0.5420,0.0269,0.8473,1.006
6.710278,0.5430,0.0254,0.8482,1.007
6.712149,0.5430,0.0269,0.8487,1.008
6.714225,0.5445,0.0278,0.8477,1.008
6.716331,0.5450,0.0278,0.8473,1.008
6.718466,0.5430,0.0264,0.8468,1.006
6.720487,0.5435,0.0278,0.8473,1.007
6.722605,0.5450,0.0298,0.8463,1.007
6.724695,0.5450,0.0308,0.8448,1.006
6.727163,0.5440,0.0298,0.8419,1.003
6.730028,0.5435,0.0298,0.8385,1.000
6.730928,0.5445,0.0327,0.8360,0.998
6.733493,0.5435,0.0332,0.8350,0.997
6.735218,0.5420,0.0322,0.8336,0.995
6.737300,0.5406,0.0317,0.8316,0.992
6.739445,0.5391,0.0317,0.8311,0.991
6.743444,0.5381,0.0332,0.8326,0.992
6.744343,0.5372,0.0317,0.8331,0.992
6.746147,0.5372,0.0308,0.8346,0.993
6.747939,0.5372,0.0327,0.8370,0.995
6.750182,0.5377,0.0327,0.8399,0.998
6.752075,0.5372,0.0317,0.8429,1.000
6.754149,0.5357,0.0308,0.8453,1.001
6.756037,0.5362,0.0317,0.8468,1.003
6.759877,0.5362,0.0322,0.8477,1.004
6.760903,0.5367,0.0313,0.8492,1.005
6.763174,0.5372,0.0298,0.8497,1.006
6.764853,0.5367,0.0298,0.8492,1.005
6.766804,0.5367,0.0303,0.8497,1.005
6.768689,0.5377,0.0298,0.8497,1.006
6.770755,0.5372,0.0293,0.8487,1.005
6.773188,0.5372,0.0288,0.8482,1.004
6.777628,0.5386,0.0278,0.8477,1.005
6.778299,0.5401,0.0283,0.8468,1.005
6.780125,0.5401,0.0288,0.8463,1.004
6.781734,0.5396,0.0283,0.8463,1.004
6.783751,0.5401,0.0288,0.8463,1.004
6.785779,0.5425,0.0298,0.8473,1.007
6.787833,0.5416,0.0298,0.8473,1.006
6.789943,0.5411,0.0288,0.8473,1.006
6.792998,0.5411,0.0303,0.8468,1.005
6.794328,0.5420,0.0313,0.8453,1.005
6.796529,0.5411,0.0308,0.8443,1.003
6.798398,0.5401,0.0303,0.8448,1.003
6.800642,0.5411,0.0313,0.8429,1.002
6.802755,0.5411,0.0322,0.8409,1.000
6.804986,0.5391,0.0322,0.8394,0.998
6.807091,0.5377,0.0317,0.8390,0.997
6.809707,0.5377,0.0317,0.8385,0.997
6.813247,0.5396,0.0332,0.8390,0.998
6.813683,0.5391,0.0347,0.8385,0.997
6.815328,0.5381,0.0327,0.8390,0.997
6.817456,0.5386,0.0322,0.8394,0.998
6.819490,0.5381,0.0322,0.8399,0.998
6.821914,0.5377,0.0322,0.8419,0.999
6.823866,0.5372,0.0317,0.8433,1.000
6.826754,0.5381,0.0308,0.8453,1.003
6.828269,0.5386,0.0313,0.8438,1.002
6.830231,0.5391,0.0317,0.8438,1.002
6.832192,0.5386,0.0308,0.8448,1.002
6.834459,0.5381,0.0308,0.8443,1.002
6.836429,0.5386,0.0298,0.8448,1.002
6.838653,0.5396,0.0298,0.8438,1.002
6.840712,0.5391,0.0303,0.8438,1.002
6.843283,0.5401,0.0293,0.8433,1.002
6.845292,0.5406,0.0298,0.8438,1.003
6.847170,0.5406,0.0308,0.8443,1.003
6.848873,0.5416,0.0303,0.8448,1.004
6.850939,0.5411,0.0283,0.8448,1.004
6.853024,0.5416,0.0293,0.8453,1.004
6.855260,0.5411,0.0298,0.8458,1.004
6.857361,0.5411,0.0303,0.8463,1.005
6.859692,0.5396,0.0303,0.8463,1.004
6.862089,0.5391,0.0298,0.8468,1.004
6.864063,0.5401,0.0303,0.8458,1.004
6.866022,0.5401,0.0308,0.8463,1.004
6.868270,0.5391,0.0303,0.8463,1.004
6.869876,0.5386,0.0303,0.8468,1.004
6.872354,0.5386,0.0308,0.8463,1.004
6.874319,0.5381,0.0317,0.8453,1.003
6.876576,0.5386,0.0317,0.8448,1.002
6.878645,0.5381,0.0303,0.8433,1.001
6.880950,0.5377,0.0313,0.8433,1.001
6.883013,0.5372,0.0313,0.8433,1.000
6.885353,0.5367,0.0317,0.8438,1.001
6.886990,0.5377,0.0317,0.8424,1.000
6.889309,0.5377,0.0308,0.8424,1.000
6.891141,0.5377,0.0317,0.8424,1.000
6.895763,0.5386,0.0322,0.8433,1.001
6.896177,0.5391,0.0313,0.8443,1.002
6.897940,0.5391,0.0308,0.8443,1.002
6.899877,0.5401,0.0313,0.8443,1.003
6.901797,0.5396,0.0308,0.8433,1.002
6.904200,0.5396,0.0293,0.8429,1.001
6.905982,0.5396,0.0293,0.8438,1.002
6.908023,0.5406,0.0308,0.8419,1.001
6.910344,0.5406,0.0313,0.8414,1.001
6.912558,0.5401,0.0298,0.8424,1.001
6.914480,0.5401,0.0293,0.8433,1.002
6.916671,0.5386,0.0298,0.8424,1.000
6.918789,0.5391,0.0293,0.8429,1.001
6.920751,0.5391,0.0293,0.8433,1.001
6.922941,0.5391,0.0293,0.8448,1.003
6.925014,0.5386,0.0293,0.8458,1.003
6.927132,0.5401,0.0303,0.8458,1.004
6.929238,0.5401,0.0298,0.8458,1.004
6.931106,0.5396,0.0288,0.8463,1.004
6.933304,0.5396,0.0303,0.8468,1.005
6.935176,0.5386,0.0313,0.8453,1.003
6.937309,0.5386,0.0313,0.8468,1.004
6.939492,0.5391,0.0313,0.8453,1.003
6.941916,0.5386,0.0313,0.8443,1.002
6.944688,0.5386,0.0317,0.8448,1.002
6.946530,0.5391,0.0313,0.8433,1.001
6.949828,0.5386,0.0313,0.8433,1.001
6.950125,0.5386,0.0298,0.8424,1.000
6.952415,0.5391,0.0308,0.8433,1.001
6.954397,0.5401,0.0317,0.8433,1.002
6.956539,0.5396,0.0308,0.8443,1.002
6.958651,0.5396,0.0308,0.8438,1.002
6.961135,0.5401,0.0313,0.8433,1.002
6.966293,0.5401,0.0303,0.8433,1.002
6.966393,0.5396,0.0308,0.8433,1.002
6.967393,0.5401,0.0303,0.8424,1.001
6.969076,0.5401,0.0303,0.8424,1.001
6.971067,0.5396,0.0303,0.8429,1.001
6.973963,0.5396,0.0308,0.8429,1.001
6.976159,0.5396,0.0303,0.8433,1.002
6.977564,0.5396,0.0303,0.8433,1.002
6.979492,0.5401,0.0303,0.8433,1.002
6.981692,0.5401,0.0303,0.8443,1.003
6.983723,0.5391,0.0298,0.8453,1.003
6.986070,0.5391,0.0298,0.8443,1.002
6.987944,0.5391,0.0313,0.8438,1.002
6.990317,0.5391,0.0313,0.8443,1.002
6.992305,0.5381,0.0303,0.8438,1.001
6.995608,0.5381,0.0308,0.8458,1.003
6.996468,0.5377,0.0303,0.8453,1.002
6.998731,0.5377,0.0303,0.8448,1.002
7.000780,0.5381,0.0298,0.8443,1.002
7.003008,0.5386,0.0293,0.8443,1.002
7.005145,0.5381,0.0303,0.8438,1.001
7.007137,0.5391,0.0308,0.8453,1.003
7.008978,0.5381,0.0303,0.8448,1.002
7.011321,0.5386,0.0308,0.8438,1.002
7.013315,0.5391,0.0303,0.8443,1.002
7.015376,0.5396,0.0308,0.8429,1.001
7.017370,0.5396,0.0303,0.8433,1.002
7.019792,0.5391,0.0303,0.8429,1.001
7.022040,0.5386,0.0298,0.8433,1.001
7.024098,0.5396,0.0313,0.8443,1.003
7.027029,0.5391,0.0313,0.8438,1.002
7.028442,0.5391,0.0313,0.8433,1.001
7.030398,0.5381,0.0313,0.8424,1.000
7.032665,0.5381,0.0298,0.8429,1.000
7.034632,0.5381,0.0308,0.8433,1.001
7.036773,0.5386,0.0303,0.8429,1.001
7.038785,0.5396,0.0298,0.8443,1.002
7.040941,0.5396,0.0303,0.8448,1.003
7.044233,0.5386,0.0303,0.8433,1.001
7.045519,0.5391,0.0313,0.8424,1.001
7.047780,0.5386,0.0303,0.8424,1.000
7.049351,0.5377,0.0308,0.8433,1.001
7.051199,0.5391,0.0308,0.8438,1.002
7.053664,0.5391,0.0303,0.8448,1.003
7.055671,0.5386,0.0303,0.8443,1.002
7.057770,0.5386,0.0298,0.8443,1.002
7.060773,0.5386,0.0308,0.8448,1.002
7.062174,0.5396,0.0303,0.8463,1.004
7.064682,0.5386,0.0298,0.8453,1.003
7.066772,0.5391,0.0303,0.8443,1.002
7.068399,0.5381,0.0303,0.8443,1.002
7.070429,0.5381,0.0293,0.8438,1.001
7.072519,0.5396,0.0293,0.8443,1.002
7.074602,0.5391,0.0303,0.8443,1.002
7.078842,0.5386,0.0303,0.8448,1.002
7.079349,0.5381,0.0308,0.8448,1.002
7.081358,0.5386,0.0308,0.8448,1.002
7.083709,0.5386,0.0298,0.8433,1.001
7.085303,0.5386,0.0313,0.8424,1.000
7.087307,0.5396,0.0308,0.8424,1.001
7.089141,0.5386,0.0308,0.8424,1.000
7.091133,0.5401,0.0313,0.8433,1.002
7.093489,0.5391,0.0308,0.8438,1.002
7.096076,0.5391,0.0303,0.8433,1.001
7.098828,0.5381,0.0303,0.8433,1.001
7.100756,0.5386,0.0303,0.8438,1.002
7.101921,0.5386,0.0308,0.8429,1.001
7.104152,0.5391,0.0308,0.8424,1.001
7.106140,0.5391,0.0313,0.8438,1.002
7.108314,0.5391,0.0313,0.8429,1.001
7.112835,0.5386,0.0313,0.8433,1.001
7.113359,0.5386,0.0298,0.8438,1.002
7.114748,0.5396,0.0303,0.8438,1.002
7.118105,0.5386,0.0303,0.8443,1.002
7.119068,0.5396,0.0298,0.8453,1.003
7.121031,0.5386,0.0298,0.8453,1.003
7.123132,0.5401,0.0298,0.8443,1.003
7.125295,0.5396,0.0298,0.8438,1.002
7.127167,0.5401,0.0303,0.8438,1.002
7.129297,0.5401,0.0303,0.8448,1.003
7.131197,0.5396,0.0293,0.8443,1.002
7.133618,0.5386,0.0303,0.8433,1.001
7.135750,0.5386,0.0303,0.8438,1.002
7.137855,0.5401,0.0303,0.8438,1.002
7.139981,0.5396,0.0303,0.8453,1.003
7.142266,0.5386,0.0303,0.8453,1.003
7.144230,0.5391,0.0317,0.8453,1.003
7.146425,0.5386,0.0313,0.8438,1.002
7.148490,0.5391,0.0308,0.8443,1.002
7.150624,0.5386,0.0303,0.8448,1.002
7.152563,0.5381,0.0308,0.8443,1.002
7.154775,0.5391,0.0308,0.8448,1.003
7.156998,0.5391,0.0298,0.8443,1.002
7.159007,0.5396,0.0298,0.8438,1.002
7.161244,0.5386,0.0303,0.8443,1.002
7.164369,0.5386,0.0303,0.8443,1.002
7.165264,0.5396,0.0303,0.8429,1.001
7.167487,0.5401,0.0303,0.8429,1.002
7.169243,0.5396,0.0308,0.8433,1.002
7.171354,0.5391,0.0303,0.8433,1.001
7.173732,0.5386,0.0308,0.8448,1.002
7.175645,0.5386,0.0313,0.8438,1.002
7.178141,0.5391,0.0308,0.8438,1.002
7.180573,0.5396,0.0303,0.8438,1.002
7.182191,0.5396,0.0303,0.8448,1.003
7.184453,0.5386,0.0308,0.8448,1.002
7.186791,0.5391,0.0303,0.8453,1.003
7.188385,0.5391,0.0293,0.8443,1.002
7.190462,0.5396,0.0303,0.8438,1.002
7.192670,0.5391,0.0313,0.8443,1.002
7.194720,0.5391,0.0303,0.8443,1.002
7.197123,0.5391,0.0298,0.8429,1.001
7.198785,0.5386,0.0313,0.8438,1.002
7.200949,0.5386,0.0313,0.8443,1.002
7.203049,0.5401,0.0308,0.8448,1.003
7.205599,0.5386,0.0308,0.8453,1.003
7.207543,0.5386,0.0308,0.8458,1.003
7.209359,0.5386,0.0313,0.8448,1.002
7.213853,0.5386,0.0303,0.8458,1.003
7.214265,0.5377,0.0308,0.8443,1.001
7.215980,0.5386,0.0308,0.8458,1.003
7.218199,0.5391,0.0303,0.8453,1.003
7.219769,0.5396,0.0308,0.8448,1.003
7.222561,0.5391,0.0303,0.8443,1.002
7.224406,0.5381,0.0298,0.8438,1.001
7.226552,0.5401,0.0308,0.8448,1.003
7.228925,0.5396,0.0308,0.8448,1.003
7.231029,0.5386,0.0303,0.8448,1.002
7.232807,0.5396,0.0298,0.8429,1.001
7.234916,0.5391,0.0317,0.8433,1.001
7.237638,0.5391,0.0308,0.8433,1.001
7.239147,0.5391,0.0313,0.8433,1.001
7.241178,0.5396,0.0308,0.8448,1.003
7.244366,0.5396,0.0313,0.8443,1.003
7.245779,0.5391,0.0313,0.8443,1.002
7.247844,0.5391,0.0313,0.8443,1.002
7.249460,0.5391,0.0313,0.8453,1.003
7.251407,0.5396,0.0308,0.8438,1.002
7.253989,0.5401,0.0317,0.8433,1.002
7.255723,0.5401,0.0308,0.8433,1.002
7.257635,0.5391,0.0298,0.8438,1.002
7.261178,0.5391,0.0298,0.8433,1.001
7.262813,0.5391,0.0298,0.8438,1.002
7.265269,0.5386,0.0298,0.8433,1.001
7.266789,0.5391,0.0308,0.8429,1.001
7.269049,0.5386,0.0298,0.8438,1.002
7.270559,0.5396,0.0308,0.8448,1.003
7.272879,0.5391,0.0303,0.8438,1.002
7.274789,0.5396,0.0303,0.8429,1.001
7.278078,0.5381,0.0303,0.8433,1.001
7.279349,0.5386,0.0308,0.8433,1.001
7.281799,0.5377,0.0308,0.8448,1.002
7.283926,0.5377,0.0303,0.8438,1.001
7.285465,0.5381,0.0313,0.8438,1.001
7.287547,0.5377,0.0313,0.8443,1.001
7.289354,0.5381,0.0308,0.8433,1.001
7.291634,0.5391,0.0308,0.8433,1.001
7.294233,0.5381,0.0308,0.8438,1.001
7.297246,0.5386,0.0317,0.8448,1.002
7.298878,0.5391,0.0313,0.8443,1.002
7.301790,0.5396,0.0308,0.8453,1.003
7.302201,0.5391,0.0308,0.8443,1.002
7.304297,0.5386,0.0308,0.8443,1.002
7.306497,0.5391,0.0303,0.8438,1.002
7.308669,0.5396,0.0313,0.8429,1.001
7.311120,0.5396,0.0308,0.8438,1.002
7.312823,0.5386,0.0303,0.8443,1.002
7.314851,0.5391,0.0308,0.8433,1.001
7.317373,0.5386,0.0308,0.8438,1.002
7.319272,0.5396,0.0303,0.8424,1.001
7.321322,0.5391,0.0313,0.8438,1.002
7.323551,0.5386,0.0308,0.8443,1.002
7.325694,0.5391,0.0313,0.8438,1.002
7.328214,0.5396,0.0308,0.8438,1.002
7.329616,0.5391,0.0303,0.8448,1.003
7.331786,0.5391,0.0313,0.8448,1.003
7.334907,0.5396,0.0313,0.8438,1.002
7.336073,0.5396,0.0298,0.8438,1.002
7.337802,0.5391,0.0303,0.8424,1.001
7.340552,0.5406,0.0308,0.8424,1.001
7.342273,0.5396,0.0308,0.8429,1.001
7.345165,0.5391,0.0313,0.8448,1.003
7.346762,0.5391,0.0308,0.8443,1.002
7.348814,0.5391,0.0308,0.8438,1.002
7.350772,0.5401,0.0303,0.8438,1.002
7.353183,0.5386,0.0313,0.8453,1.003
7.355082,0.5386,0.0317,0.8443,1.002
7.357446,0.5381,0.0308,0.8448,1.002
7.359466,0.5381,0.0308,0.8438,1.001
7.361797,0.5386,0.0313,0.8443,1.002
7.363822,0.5391,0.0313,0.8448,1.003
7.365623,0.5386,0.0308,0.8443,1.002
7.368033,0.5391,0.0303,0.8443,1.002
7.369530,0.5381,0.0313,0.8443,1.002
7.371529,0.5386,0.0308,0.8458,1.003
7.375723,0.5396,0.0308,0.8443,1.002
7.376127,0.5396,0.0303,0.8443,1.002
7.379932,0.5391,0.0303,0.8438,1.002
7.380536,0.5396,0.0308,0.8433,1.002
7.382455,0.5396,0.0298,0.8429,1.001
7.384393,0.5391,0.0298,0.8443,1.002
7.386523,0.5386,0.0303,0.8443,1.002
7.388545,0.5391,0.0313,0.8443,1.002
7.391549,0.5391,0.0308,0.8429,1.001
7.393217,0.5396,0.0308,0.8443,1.002
7.397964,0.5391,0.0298,0.8448,1.003
7.398481,0.5386,0.0298,0.8443,1.002
7.399617,0.5386,0.0303,0.8448,1.002
7.402608,0.5396,0.0308,0.8443,1.002
7.403557,0.5391,0.0308,0.8453,1.003
7.405566,0.5386,0.0308,0.8448,1.002
7.408347,0.5386,0.0313,0.8443,1.002
7.409394,0.5386,0.0308,0.8443,1.002
7.411595,0.5381,0.0308,0.8438,1.001
7.413957,0.5386,0.0313,0.8433,1.001
7.415879,0.5391,0.0298,0.8429,1.001
7.417918,0.5381,0.0303,0.8433,1.001
7.420717,0.5377,0.0303,0.8438,1.001
7.422459,0.5381,0.0308,0.8458,1.003
7.424647,0.5386,0.0308,0.8458,1.003
7.426596,0.5381,0.0308,0.8443,1.002
7.428688,0.5381,0.0308,0.8438,1.001
7.430967,0.5381,0.0303,0.8433,1.001
7.433297,0.5391,0.0308,0.8453,1.003
7.435175,0.5391,0.0308,0.8438,1.002
7.437510,0.5396,0.0308,0.8443,1.002
7.439270,0.5391,0.0308,0.8438,1.002
7.441323,0.5386,0.0308,0.8429,1.001
7.443577,0.5386,0.0293,0.8433,1.001
7.445934,0.5386,0.0308,0.8433,1.001
7.447855,0.5386,0.0313,0.8433,1.001
7.449822,0.5381,0.0308,0.8443,1.002
7.451732,0.5391,0.0303,0.8438,1.002
7.454181,0.5391,0.0303,0.8448,1.003
7.456115,0.5386,0.0303,0.8429,1.001
7.458313,0.5386,0.0303,0.8429,1.001
7.460250,0.5386,0.0303,0.8429,1.001
7.462633,0.5381,0.0308,0.8443,1.002
7.464688,0.5381,0.0308,0.8438,1.001
7.466868,0.5386,0.0308,0.8438,1.002
7.468911,0.5391,0.0313,0.8429,1.001
7.470862,0.5401,0.0308,0.8433,1.002
7.473059,0.5401,0.0308,0.8433,1.002
7.475136,0.5396,0.0303,0.8438,1.002
7.477284,0.5391,0.0298,0.8438,1.002
7.480142,0.5391,0.0303,0.8438,1.002
7.481611,0.5391,0.0308,0.8433,1.001
7.483794,0.5396,0.0313,0.8433,1.002
7.485634,0.5401,0.0308,0.8438,1.002
7.487868,0.5386,0.0308,0.8438,1.002
7.489516,0.5391,0.0308,0.8438,1.002
7.491622,0.5391,0.0308,0.8458,1.003
7.493990,0.5396,0.0298,0.8443,1.002
7.499449,0.5396,0.0303,0.8443,1.002
7.500048,0.5401,0.0308,0.8448,1.003
7.501212,0.5386,0.0308,0.8433,1.001
7.502493,0.5386,0.0303,0.8438,1.002
7.504408,0.5391,0.0293,0.8453,1.003
7.506623,0.5406,0.0298,0.8458,1.004
7.508763,0.5401,0.0308,0.8458,1.004
7.511891,0.5401,0.0317,0.8463,1.004
7.513149,0.5401,0.0313,0.8453,1.004
7.515668,0.5391,0.0308,0.8453,1.003
7.517352,0.5391,0.0308,0.8443,1.002
7.519317,0.5386,0.0303,0.8438,1.002
7.521548,0.5386,0.0298,0.8438,1.002
7.523585,0.5372,0.0308,0.8424,1.000
7.525861,0.5352,0.0303,0.8424,0.998
7.528545,0.5377,0.0298,0.8424,1.000
7.530027,0.5381,0.0313,0.8409,0.999
7.531880,0.5367,0.0313,0.8414,0.998
7.534106,0.5362,0.0313,0.8424,0.999
7.536093,0.5347,0.0308,0.8399,0.996
7.538248,0.5347,0.0308,0.8390,0.995
7.540389,0.5357,0.0303,0.8404,0.997
7.542864,0.5377,0.0308,0.8404,0.998
7.546551,0.5396,0.0298,0.8424,1.001
7.547052,0.5425,0.0293,0.8438,1.004
7.550437,0.5445,0.0303,0.8458,1.006
7.551301,0.5450,0.0308,0.8473,1.008
7.553357,0.5450,0.0317,0.8492,1.010
7.555188,0.5420,0.0303,0.8502,1.009
7.557462,0.5406,0.0293,0.8502,1.008
7.559510,0.5391,0.0303,0.8502,1.007
7.562653,0.5401,0.0308,0.8507,1.008
7.563881,0.5416,0.0308,0.8487,1.007
7.565976,0.5411,0.0303,0.8473,1.006
7.568197,0.5391,0.0293,0.8448,1.003
7.569677,0.5362,0.0298,0.8414,0.998
7.571839,0.5347,0.0293,0.8394,0.996
7.573976,0.5342,0.0298,0.8385,0.995
7.576077,0.5367,0.0303,0.8404,0.998
7.579197,0.5381,0.0303,0.8409,0.999
7.580706,0.5406,0.0308,0.8424,1.001
7.582933,0.5420,0.0308,0.8453,1.005
7.584894,0.5416,0.0313,0.8463,1.005
7.586949,0.5396,0.0303,0.8463,1.004
7.589442,0.5377,0.0313,0.8477,1.004
7.591176,0.5377,0.0313,0.8482,1.005
7.593244,0.5381,0.0313,0.8487,1.005
7.595358,0.5396,0.0308,0.8482,1.006
7.598308,0.5391,0.0303,0.8473,1.005
7.600095,0.5377,0.0313,0.8443,1.001
7.602936,0.5372,0.0308,0.8424,1.000
7.603764,0.5362,0.0308,0.8399,0.997
7.605773,0.5372,0.0303,0.8399,0.997
7.607916,0.5386,0.0303,0.8394,0.998
7.609728,0.5396,0.0303,0.8394,0.998
7.611966,0.5411,0.0308,0.8404,1.000
7.614678,0.5411,0.0313,0.8429,1.002
7.616661,0.5406,0.0327,0.8429,1.002
7.618788,0.5391,0.0317,0.8443,1.002
7.622877,0.5386,0.0303,0.8448,1.002
7.623086,0.5381,0.0293,0.8453,1.002
7.624942,0.5386,0.0303,0.8458,1.003
7.626937,0.5406,0.0308,0.8458,1.004
7.629736,0.5411,0.0303,0.8453,1.004
7.631671,0.5396,0.0308,0.8438,1.002
7.633868,0.5381,0.0308,0.8438,1.001
7.635519,0.5381,0.0308,0.8424,1.000
7.637433,0.5386,0.0308,0.8424,1.000
7.639459,0.5401,0.0298,0.8424,1.001
7.641866,0.5406,0.0303,0.8429,1.002
7.643770,0.5406,0.0298,0.8443,1.003
7.646114,0.5406,0.0303,0.8443,1.003
7.648444,0.5396,0.0303,0.8453,1.003
7.650032,0.5377,0.0303,0.8458,1.003
7.651762,0.5372,0.0293,0.8468,1.003
7.653882,0.5377,0.0303,0.8458,1.003
7.656097,0.5381,0.0308,0.8448,1.002
7.658173,0.5386,0.0303,0.8468,1.004
7.660744,0.5391,0.0298,0.8453,1.003
7.663577,0.5386,0.0303,0.8453,1.003
7.664916,0.5391,0.0313,0.8443,1.002
7.667200,0.5386,0.0313,0.8433,1.001
7.669354,0.5391,0.0313,0.8419,1.000
7.671016,0.5396,0.0308,0.8419,1.000
7.673152,0.5391,0.0308,0.8414,1.000
7.675209,0.5396,0.0308,0.8414,1.000
7.677386,0.5391,0.0313,0.8394,0.998
7.679487,0.5386,0.0313,0.8404,0.999
7.682344,0.5377,0.0303,0.8414,0.999
7.683773,0.5381,0.0308,0.8433,1.001
7.685853,0.5386,0.0313,0.8438,1.002
7.687697,0.5401,0.0308,0.8453,1.004
7.689965,0.5406,0.0298,0.8448,1.003
7.692024,0.5411,0.0303,0.8458,1.005
7.694527,0.5411,0.0303,0.8453,1.004
7.698694,0.5406,0.0313,0.8448,1.003
7.699334,0.5401,0.0308,0.8448,1.003
7.700856,0.5396,0.0308,0.8443,1.002
7.702971,0.5386,0.0313,0.8448,1.002
7.704786,0.5377,0.0308,0.8433,1.001
7.706919,0.5372,0.0303,0.8438,1.001
7.709207,0.5372,0.0303,0.8438,1.001
7.711251,0.5367,0.0298,0.8448,1.001
7.713352,0.5377,0.0298,0.8448,1.002
7.715534,0.5386,0.0308,0.8448,1.002
7.717697,0.5396,0.0313,0.8458,1.004
7.719866,0.5396,0.0303,0.8443,1.002
7.722080,0.5406,0.0303,0.8458,1.004
7.723949,0.5396,0.0303,0.8453,1.003
7.726135,0.5391,0.0303,0.8443,1.002
7.727918,0.5401,0.0308,0.8429,1.002
7.730378,0.5386,0.0308,0.8438,1.002
7.732252,0.5386,0.0303,0.8429,1.001
7.735050,0.5391,0.0303,0.8438,1.002
7.736472,0.5396,0.0293,0.8433,1.002
7.738294,0.5396,0.0293,0.8448,1.003
7.740707,0.5391,0.0298,0.8433,1.001
7.742886,0.5381,0.0303,0.8438,1.001
7.746275,0.5377,0.0303,0.8443,1.001
7.747310,0.5391,0.0303,0.8448,1.003
7.749349,0.5401,0.0303,0.8473,1.005
7.751661,0.5401,0.0308,0.8473,1.005
7.753479,0.5396,0.0298,0.8473,1.005
7.755444,0.5396,0.0293,0.8477,1.005
7.757634,0.5391,0.0288,0.8468,1.004
7.759673,0.5391,0.0298,0.8468,1.004
7.763117,0.5386,0.0313,0.8443,1.002
7.764188,0.5381,0.0313,0.8453,1.003
7.766194,0.5386,0.0303,0.8438,1.002
7.768039,0.5381,0.0308,0.8433,1.001
7.769936,0.5377,0.0308,0.8433,1.001
7.772700,0.5381,0.0308,0.8429,1.000
7.774611,0.5381,0.0313,0.8414,0.999
7.776520,0.5377,0.0308,0.8404,0.998
7.779314,0.5396,0.0308,0.8414,1.000
7.780974,0.5396,0.0303,0.8419,1.000
7.783050,0.5386,0.0317,0.8414,1.000
7.785088,0.5386,0.0317,0.8414,1.000
7.787109,0.5377,0.0317,0.8404,0.998
7.789158,0.5381,0.0317,0.8414,0.999
7.791218,0.5386,0.0313,0.8409,0.999
7.793543,0.5386,0.0308,0.8414,1.000
7.798194,0.5386,0.0303,0.8419,1.000
7.799867,0.5386,0.0293,0.8419,1.000
7.800134,0.5377,0.0303,0.8424,1.000
7.802737,0.5381,0.0308,0.8414,0.999
7.803919,0.5386,0.0293,0.8419,1.000
7.805975,0.5391,0.0298,0.8429,1.001
7.807950,0.5396,0.0308,0.8438,1.002
7.809950,0.5396,0.0303,0.8443,1.002
7.812895,0.5401,0.0308,0.8443,1.003
7.814259,0.5396,0.0303,0.8458,1.004
7.816448,0.5386,0.0298,0.8463,1.004
7.818741,0.5386,0.0298,0.8458,1.003
7.820959,0.5391,0.0313,0.8468,1.004
7.822936,0.5396,0.0313,0.8468,1.005
7.825223,0.5391,0.0303,0.8463,1.004
7.827299,0.5396,0.0303,0.8463,1.004
7.829877,0.5391,0.0303,0.8468,1.004
7.831454,0.5386,0.0313,0.8458,1.003
7.833464,0.5401,0.0308,0.8448,1.003
7.836248,0.5386,0.0308,0.8443,1.002
7.837718,0.5381,0.0303,0.8458,1.003
7.839730,0.5391,0.0308,0.8453,1.003
7.841975,0.5381,0.0303,0.8433,1.001
7.844117,0.5377,0.0313,0.8429,1.000
7.846587,0.5381,0.0303,0.8429,1.000
7.848450,0.5381,0.0303,0.8429,1.000
7.850535,0.5391,0.0313,0.8438,1.002
7.852908,0.5391,0.0313,0.8433,1.001
7.854545,0.5396,0.0308,0.8409,1.000
7.856537,0.5391,0.0313,0.8414,1.000
7.858725,0.5396,0.0308,0.8424,1.001
7.860660,0.5396,0.0308,0.8414,1.000
7.864661,0.5401,0.0313,0.8414,1.000
7.865641,0.5396,0.0313,0.8414,1.000
7.867079,0.5396,0.0303,0.8419,1.000
7.869232,0.5401,0.0308,0.8424,1.001
7.871269,0.5401,0.0303,0.8429,1.002
7.873429,0.5391,0.0303,0.8438,1.002
7.875529,0.5391,0.0298,0.8433,1.001
7.877711,0.5391,0.0298,0.8414,1.000
7.880866,0.5396,0.0298,0.8443,1.002
7.881873,0.5396,0.0303,0.8448,1.003
7.884244,0.5391,0.0303,0.8438,1.002
7.886169,0.5396,0.0313,0.8443,1.003
7.888098,0.5396,0.0308,0.8443,1.002
7.890045,0.5381,0.0303,0.8448,1.002
7.892155,0.5386,0.0308,0.8463,1.004
7.894294,0.5391,0.0303,0.8453,1.003
7.896880,0.5386,0.0308,0.8453,1.003
7.899985,0.5386,0.0313,0.8458,1.003
7.902018,0.5381,0.0308,0.8473,1.004
7.904742,0.5391,0.0308,0.8473,1.005
7.905039,0.5386,0.0298,0.8458,1.003
7.907175,0.5381,0.0308,0.8453,1.003
7.909432,0.5391,0.0298,0.8453,1.003
7.911321,0.5391,0.0298,0.8453,1.003
7.913617,0.5401,0.0303,0.8458,1.004
7.915567,0.5396,0.0313,0.8443,1.003
7.917915,0.5391,0.0317,0.8453,1.003
7.919861,0.5391,0.0322,0.8438,1.002
7.922081,0.5381,0.0313,0.8438,1.001
7.924040,0.5381,0.0308,0.8433,1.001
7.926189,0.5386,0.0313,0.8429,1.001
7.927968,0.5381,0.0313,0.8419,1.000
7.931340,0.5386,0.0313,0.8424,1.000
7.933852,0.5386,0.0308,0.8424,1.000
7.935875,0.5391,0.0313,0.8433,1.001
7.937288,0.5396,0.0313,0.8414,1.000
7.938730,0.5391,0.0313,0.8419,1.000
7.941188,0.5396,0.0313,0.8424,1.001
7.943096,0.5401,0.0308,0.8443,1.003
7.945151,0.5406,0.0381,0.8429,1.002
7.947653,0.5411,0.0586,0.8336,0.996
7.949731,0.5391,0.1001,0.8028,0.972
7.951966,0.5274,0.1504,0.7550,0.933
7.953517,0.5093,0.1821,0.6973,0.883
7.955906,0.5054,0.1841,0.6666,0.857
7.957577,0.5381,0.1597,0.7027,0.899
7.960960,0.5557,0.1006,0.7716,0.956
7.962144,0.5670,0.0596,0.8160,0.995
7.964495,0.5674,0.0205,0.8043,0.985
7.967145,0.5352,-0.0630,0.7061,0.888
7.968161,0.4478,-0.2002,0.5660,0.749
7.970095,0.4126,-0.1577,0.3868,0.587
7.972786,0.4224,0.1338,0.2261,0.497
7.974408,0.5577,0.2857,0.3037,0.696
7.976511,0.7330,0.2456,0.5591,0.954
7.978550,0.8199,0.1148,0.6441,1.049
7.981789,0.8145,-0.0249,0.5606,0.989
7.983198,0.8893,-0.2290,0.7882,1.210
7.985351,0.9083,-0.2017,0.9537,1.332
7.987347,0.9537,-0.1177,1.0524,1.425
7.990359,0.9102,-0.0127,0.9742,1.333
7.991209,0.7867,0.0332,0.8160,1.134
7.993636,0.7135,0.0957,0.7735,1.057
7.995615,0.6641,0.1509,0.7579,1.019
7.999507,0.6280,0.1304,0.7281,0.970
7.999934,0.6124,0.0606,0.8302,1.033
8.002070,0.6334,0.0039,0.9249,1.121
8.004412,0.6431,-0.0098,0.9068,1.112
8.006356,0.6397,-0.0063,0.9049,1.108
8.008086,0.6197,-0.0674,0.9610,1.145
8.010102,0.5796,-0.1563,1.0470,1.207
8.012428,0.5284,-0.1778,1.0792,1.215
8.014944,0.4917,-0.1812,1.1432,1.258
8.017006,0.4673,-0.1875,1.2379,1.336
8.018989,0.4576,-0.1841,1.2926,1.384
8.021634,0.4410,-0.1709,1.3795,1.458
8.023659,0.3926,-0.1416,1.4416,1.501
8.025537,0.3374,-0.1362,1.4836,1.528
8.027414,0.2959,-0.1489,1.5085,1.544
8.030514,0.2593,-0.1035,1.5705,1.595
8.031742,0.2383,-0.0200,1.5905,1.608
8.033732,0.2339,0.0200,1.5890,1.606
8.035963,0.2466,0.0151,1.5968,1.616
8.037926,0.2696,0.0005,1.6232,1.645
8.040059,0.2969,-0.0151,1.6340,1.661
8.042125,0.3243,-0.0337,1.6403,1.672
8.044188,0.3521,-0.0542,1.6681,1.706
8.047523,0.3614,-0.0693,1.6686,1.709
8.048385,0.3628,-0.0679,1.6398,1.681
8.050543,0.3536,-0.1358,1.8464,1.885
8.052843,0.3311,-0.3150,2.3035,2.348
8.054788,0.3037,-0.4063,2.5042,2.555
8.057094,0.3579,-0.3980,2.5413,2.597
8.059269,0.4141,-0.3579,2.3230,2.387
8.061423,0.4346,-0.3130,1.9196,1.993
8.063783,0.4615,-0.2378,1.5348,1.620
8.065371,0.5152,-0.1748,1.2770,1.388
8.067446,0.5782,-0.1279,1.0660,1.219
8.069747,0.6549,-0.0918,0.9200,1.133
8.071515,0.7286,-0.0601,0.8394,1.113
8.073973,0.7706,-0.0230,0.7911,1.105
8.075930,0.7838,0.0132,0.7628,1.094
8.078013,0.8145,0.0356,0.7579,1.113
8.080946,0.8565,0.0430,0.7916,1.167
8.082485,0.8814,0.0606,0.8600,1.233
8.084771,0.8722,0.1021,0.9762,1.313
8.086498,0.8302,0.1558,1.1295,1.410
8.088315,0.7799,0.2100,1.2872,1.520
8.090376,0.7276,0.2549,1.4411,1.634
8.092457,0.6719,0.2803,1.5656,1.727
8.094482,0.6070,0.2867,1.6471,1.779
8.096705,0.5479,0.2715,1.6847,1.792
8.098996,0.4986,0.2490,1.6896,1.779
8.101478,0.4615,0.2222,1.6608,1.738
8.103405,0.4248,0.1978,1.6300,1.696
8.105413,0.3946,0.1787,1.5929,1.651
8.107581,0.3745,0.1695,1.5426,1.596
8.110113,0.3623,0.1660,1.4855,1.538
8.111767,0.3472,0.1695,1.4406,1.491
8.116163,0.3277,0.1743,1.3888,1.438
8.116765,0.3052,0.1753,1.3327,1.378
8.118187,0.2744,0.1714,1.2721,1.313
8.120689,0.2427,0.1616,1.2213,1.256
8.122118,0.2197,0.1421,1.1500,1.179
8.124361,0.2022,0.1069,1.0528,1.077
8.127048,0.1865,0.0542,0.9317,0.952
8.128239,0.1680,-0.0137,0.8326,0.849
8.131101,0.1528,-0.0972,0.7428,0.765
8.133377,0.1455,-0.1729,0.6617,0.699
8.135901,0.1416,-0.2276,0.6549,0.708
8.137171,0.1465,-0.2456,0.7520,0.805
8.139028,0.1699,-0.2222,0.8331,0.879
8.141297,0.2095,-0.1470,0.8482,0.886
8.143231,0.2412,-0.1001,0.7476,0.792
8.145521,0.2486,-0.1255,0.6675,0.723
8.148291,0.2378,-0.1787,0.6646,0.728
8.149906,0.2232,-0.2075,0.6915,0.756
8.151938,0.2202,-0.1821,0.7110,0.766
8.153858,0.2251,-0.1187,0.7218,0.765
8.155816,0.2378,-0.0640,0.7755,0.814
8.158100,0.2456,-0.0410,0.8287,0.865
8.160083,0.2373,-0.0469,0.8707,0.904
8.162318,0.2241,-0.0596,0.9044,0.934
8.164313,0.2154,-0.0728,0.9273,0.955
8.166537,0.2124,-0.0776,0.9571,0.983
8.168235,0.2110,-0.0737,0.9991,1.024
8.170454,0.2085,-0.0606,1.0577,1.080
8.172486,0.2075,-0.0454,1.1178,1.138
8.174676,0.2056,-0.0342,1.1529,1.172
8.176674,0.2090,-0.0254,1.1764,1.195
8.179276,0.2129,-0.0156,1.1871,1.206
8.182162,0.2168,-0.0024,1.1901,1.210
8.183873,0.2232,0.0146,1.1949,1.216
8.186167,0.2315,0.0347,1.2032,1.226
8.187766,0.2378,0.0537,1.2120,1.236
8.189679,0.2451,0.0693,1.2067,1.233
8.191747,0.2505,0.0840,1.1998,1.229
8.194132,0.2554,0.1006,1.1925,1.224
8.196170,0.2583,0.1172,1.1808,1.214
8.199599,0.2603,0.1314,1.1783,1.214
8.201333,0.2617,0.1445,1.1754,1.213
8.202157,0.2661,0.1607,1.1920,1.232
8.204401,0.2681,0.1743,1.2345,1.275
8.206309,0.2652,0.1846,1.2916,1.331
8.208351,0.2642,0.1909,1.3522,1.391
8.210312,0.2603,0.1934,1.4035,1.440
8.212836,0.2574,0.1924,1.4503,1.486
8.214874,0.2559,0.1934,1.5021,1.536
8.217346,0.2481,0.1846,1.5343,1.565
8.219270,0.2329,0.1724,1.5407,1.568
8.221396,0.2271,0.1621,1.5470,1.572
8.223399,0.2212,0.1445,1.5309,1.554
8.225611,0.2085,0.1157,1.4962,1.515
8.227550,0.1934,0.0811,1.4665,1.481
8.229907,0.1787,0.0264,1.4298,1.441
8.231865,0.1699,-0.0269,1.2907,1.302
8.233933,0.1758,-0.0532,1.1090,1.124
8.236112,0.1831,-0.0532,0.8917,0.912
8.238213,0.2071,-0.0361,0.8873,0.912
8.240254,0.2647,0.0010,1.1486,1.179
8.242509,0.3369,0.0586,1.4425,1.483
8.244864,0.4126,0.1221,1.7160,1.769
8.247640,0.4727,0.1582,1.9323,1.996
8.248281,0.4961,0.1602,2.0012,2.068
8.250991,0.4971,0.1475,1.9948,2.061
8.252688,0.4688,0.1118,1.9353,1.994
8.254862,0.4253,0.0610,1.8518,1.901
8.257035,0.4038,0.0234,1.7419,1.788
8.259022,0.4214,0.0225,1.6735,1.726
8.261350,0.4512,0.0376,1.6515,1.712
8.265119,0.4688,0.0425,1.6300,1.697
8.266189,0.4136,0.0264,1.6208,1.673
8.267894,0.4185,0.0220,1.6159,1.669
8.269980,0.4185,0.0254,1.6022,1.656
8.271898,0.4165,0.0376,1.5788,1.633
8.273939,0.4214,0.0430,1.5695,1.626
8.276084,0.4302,0.0366,1.5558,1.615
8.278203,0.4380,0.0386,1.5607,1.621
8.281570,0.4463,0.0518,1.5754,1.638
8.282589,0.4488,0.0635,1.6081,1.671
8.284734,0.4595,0.0557,1.6286,1.693
8.286617,0.4712,0.0415,1.6462,1.713
8.288705,0.4883,0.0322,1.6833,1.753
8.290591,0.5020,0.0215,1.7389,1.810
8.293277,0.5103,0.0000,1.7878,1.859
8.295075,0.5264,-0.0166,1.8264,1.901
8.298066,0.5372,-0.0259,1.8488,1.925
8.299364,0.5450,-0.0293,1.8488,1.928
8.301733,0.5464,-0.0386,1.8254,1.906
8.303659,0.5435,-0.0405,1.7990,1.880
8.305574,0.5313,-0.0415,1.7678,1.846
8.307721,0.5137,-0.0381,1.7472,1.822
8.309930,0.4825,-0.0371,1.7389,1.805
8.311890,0.4498,-0.0322,1.7360,1.794
8.317381,0.4161,-0.0273,1.7126,1.763
8.318012,0.3804,-0.0186,1.7204,1.762
8.319900,0.3433,-0.0146,1.7082,1.742
8.322145,0.3199,-0.0205,1.6496,1.680
8.322795,0.3013,-0.0190,1.5885,1.617
8.324689,0.2876,-0.0186,1.5295,1.556
8.327184,0.2798,-0.0166,1.4899,1.516
8.328535,0.2730,-0.0132,1.4596,1.485
8.331196,0.2666,-0.0078,1.4459,1.470
8.332823,0.2583,-0.0015,1.4586,1.481
8.334921,0.2466,0.0068,1.4855,1.506
8.337190,0.2339,0.0171,1.5285,1.546
8.339363,0.2222,0.0269,1.5778,1.594
8.341980,0.2114,0.0317,1.6227,1.637
8.343897,0.2041,0.0303,1.6613,1.674
8.345597,0.1978,0.0283,1.6867,1.698
8.349217,0.1929,0.0254,1.6979,1.709
8.350987,0.1880,0.0234,1.6965,1.707
8.352140,0.1861,0.0225,1.6823,1.693
8.353965,0.1831,0.0254,1.6569,1.667
8.356114,0.1792,0.0269,1.6257,1.636
8.358253,0.1748,0.0293,1.6037,1.613
8.360288,0.1709,0.0347,1.5861,1.596
8.362502,0.1651,0.0391,1.5749,1.584
8.365162,0.1548,0.0454,1.5763,1.585
8.370761,0.1397,0.0488,1.5837,1.591
8.370976,0.1231,0.0327,1.5949,1.600
8.371687,0.1084,-0.0132,1.5959,1.600
8.373152,0.1025,0.0073,1.5939,1.597
8.374929,0.1001,0.0454,1.5973,1.601
8.377222,0.1001,0.0781,1.6042,1.609
8.379967,0.1069,0.0879,1.6056,1.612
8.382579,0.1157,0.0664,1.5954,1.601
8.383918,0.1211,0.0366,1.5778,1.583
8.390622,0.1226,0.0127,1.5514,1.556
8.390922,0.1235,0.0010,1.5226,1.528
8.391111,0.1235,-0.0029,1.5026,1.508
8.391932,0.1221,-0.0029,1.4928,1.498
8.394121,0.1177,-0.0249,1.4738,1.479
8.396175,0.1074,-0.0420,1.4459,1.451
8.400326,0.0977,-0.0220,1.4250,1.428
8.401087,0.0884,0.0103,1.4088,1.412
8.402484,0.0864,0.0469,1.3898,1.393
8.404938,0.0899,0.0679,1.3673,1.372
8.406592,0.0938,0.0601,1.3439,1.348
8.408340,0.0947,0.0317,1.3287,1.333
8.410542,0.0913,0.0098,1.3097,1.313
8.412695,0.0850,0.0029,1.2809,1.284
8.417023,0.0816,0.0176,1.2560,1.259
8.417494,0.0776,0.0313,1.2418,1.245
8.419160,0.0737,0.0342,1.2355,1.238
8.421610,0.0713,0.0220,1.2350,1.237
8.423664,0.0635,0.0015,1.2379,1.240
8.425667,0.0493,-0.0156,1.2452,1.246
8.427813,0.0405,-0.0269,1.2521,1.253
8.429851,0.0513,-0.0293,1.2667,1.268
8.432025,0.0659,-0.0230,1.2824,1.284
8.434173,0.0635,-0.0142,1.3038,1.305
8.436510,0.0601,-0.0078,1.3214,1.323
8.438365,0.0566,-0.0029,1.3375,1.339
8.440469,0.0439,0.0044,1.3419,1.343
8.442588,0.0298,0.0103,1.3449,1.345
8.444814,0.0249,0.0151,1.3488,1.349
8.446797,0.0176,0.0225,1.3473,1.348
8.449182,0.0112,0.0332,1.3302,1.331
8.450847,-0.0020,0.0449,1.3121,1.313
8.453159,-0.0117,0.0527,1.2960,1.297
8.455636,-0.0039,0.0566,1.2858,1.287
8.457116,-0.0024,0.0679,1.2662,1.268
8.459327,-0.0034,0.0806,1.2423,1.245
8.461632,-0.0039,0.0923,1.2257,1.229
8.463656,0.0029,0.1079,1.2076,1.212
8.465656,0.0151,0.1250,1.1871,1.194
8.467820,0.0376,0.1431,1.1598,1.169
8.470276,0.0591,0.1626,1.1183,1.132
8.472188,0.0806,0.1778,1.0914,1.109
8.474112,0.1065,0.1890,1.0690,1.091
8.476190,0.1358,0.1973,1.0470,1.074
8.478460,0.1553,0.2031,1.0367,1.068
8.480472,0.1675,0.2022,1.0162,1.050
8.482896,0.1748,0.2007,0.9996,1.034
8.485121,0.1748,0.1953,0.9772,1.012
8.486923,0.1753,0.1890,0.9503,0.985
8.488699,0.1704,0.1792,0.9102,0.943
8.490811,0.1611,0.1675,0.8722,0.903
8.492810,0.1494,0.1519,0.8414,0.868
8.494889,0.1348,0.1382,0.8160,0.839
8.497189,0.1206,0.1265,0.8028,0.822
8.500387,0.1045,0.1157,0.7994,0.814
8.502249,0.0874,0.1060,0.8092,0.821
8.505240,0.0713,0.0972,0.8287,0.837
8.505690,0.0557,0.0879,0.8536,0.860
8.507836,0.0439,0.0786,0.8824,0.887
8.510001,0.0337,0.0718,0.9073,0.911
8.512128,0.0269,0.0659,0.9293,0.932
8.514987,0.0230,0.0620,0.9483,0.951
8.516366,0.0063,0.0562,0.9669,0.969
8.518447,-0.0142,0.0469,0.9742,0.975
8.521233,-0.0010,0.0415,0.9767,0.978
8.522709,-0.0313,0.0342,0.9898,0.991
8.524741,-0.0264,0.0244,1.0099,1.011
8.526798,0.0063,0.0112,1.0138,1.014
8.528687,0.0063,0.0015,1.0196,1.020
8.530813,-0.0029,-0.0088,1.0274,1.027
8.533460,0.0029,-0.0244,1.0270,1.027
8.536320,0.0098,-0.0464,1.0182,1.019
8.537721,0.0342,-0.0396,0.9273,0.929
8.539470,0.0596,-0.0264,1.0299,1.032
8.541643,0.0781,-0.0230,1.0299,1.033
8.543644,0.1025,-0.0142,1.0509,1.056
8.546040,0.1069,-0.0015,1.0401,1.046
8.554707,0.1016,0.0078,1.0226,1.028
8.555156,0.0884,0.0190,1.0074,1.011
8.555342,0.0664,0.0264,0.9918,0.994
8.555690,0.0313,0.0327,0.9850,0.986
8.556357,0.0068,0.0313,0.9796,0.980
8.558325,-0.0146,0.0176,0.9772,0.977
8.560746,-0.0381,-0.0044,0.9679,0.969
8.562867,-0.0698,-0.0376,0.9659,0.969
8.565867,-0.1177,-0.0796,0.9601,0.971
8.567088,-0.1572,-0.1157,0.9444,0.964
8.568996,-0.1738,-0.1382,0.9156,0.942
8.571518,-0.2012,-0.1445,0.8824,0.917
8.573006,-0.2046,-0.1441,0.8707,0.906
8.575247,-0.1988,-0.1377,0.8482,0.882
8.577324,-0.1841,-0.1289,0.8507,0.880
8.580033,-0.1655,-0.1148,0.8468,0.870
8.583859,-0.1367,-0.1016,0.8726,0.889
8.584194,-0.1143,-0.0933,0.9088,0.921
8.585720,-0.0757,-0.0982,1.0265,1.034
8.587934,-0.0371,-0.0654,1.0743,1.077
8.590039,-0.0166,-0.0078,0.9205,0.921
8.592166,-0.0146,-0.0151,0.7730,0.773
8.594141,-0.0117,-0.0503,0.7174,0.719
8.596480,-0.0142,-0.0767,0.6978,0.702
8.599620,-0.0161,-0.0742,0.6944,0.699
8.601122,-0.0166,-0.0718,0.7081,0.712
8.602616,-0.0176,-0.0620,0.7247,0.728
8.604848,-0.0225,-0.0547,0.7418,0.744
8.607048,-0.0313,-0.0493,0.7598,0.762
8.608636,-0.0361,-0.0444,0.7872,0.789
8.610749,-0.0410,-0.0547,0.8077,0.811
8.613159,-0.0435,-0.0698,0.8067,0.811
8.616204,-0.0488,-0.0884,0.7945,0.801
8.619327,-0.0606,-0.1172,0.7745,0.786
8.619800,-0.0772,-0.1445,0.7398,0.758
8.621761,-0.0864,-0.1528,0.7183,0.739
8.623719,-0.0899,-0.1577,0.7100,0.733
8.626000,-0.0884,-0.1514,0.6915,0.713
8.627929,-0.0835,-0.1460,0.6749,0.696
8.631460,-0.0796,-0.1382,0.6607,0.680
8.632007,-0.0786,-0.1304,0.6456,0.663
8.634300,-0.0791,-0.1148,0.6378,0.653
8.636566,-0.0767,-0.0806,0.6505,0.660
8.639069,-0.0772,-0.0527,0.6759,0.682
8.640678,-0.0825,-0.0518,0.6588,0.666
8.642693,-0.0908,-0.0449,0.6456,0.653
8.645057,-0.0908,-0.0230,0.6866,0.693
8.647072,-0.0835,0.0171,0.7139,0.719
8.648766,-0.0757,0.0435,0.7008,0.706
8.650893,-0.0693,0.0566,0.6822,0.688
8.657046,-0.0596,0.0571,0.6602,0.665
8.657175,-0.0498,0.0508,0.6382,0.642
8.657267,-0.0420,0.0210,0.6182,0.620
8.659464,-0.0376,-0.0088,0.5958,0.597
8.661633,-0.0317,-0.0122,0.5738,0.575
8.663718,-0.0234,-0.0054,0.5743,0.575
8.665709,-0.0122,0.0186,0.5889,0.589
8.667923,-0.0049,0.0483,0.6173,0.619
8.670143,-0.0029,0.0693,0.6216,0.626
8.672188,-0.0005,0.0835,0.6036,0.609
8.674525,0.0010,0.0918,0.5718,0.579
8.676300,0.0088,0.1050,0.5298,0.540
8.678420,0.0210,0.1206,0.4898,0.505
8.680739,0.0361,0.1372,0.4717,0.493
8.682850,0.0508,0.1441,0.4566,0.481
8.685960,0.0645,0.1455,0.4429,0.471
8.687188,0.0762,0.1626,0.4185,0.455
8.688961,0.0850,0.1734,0.3931,0.438
8.691144,0.0864,0.1709,0.3863,0.431
8.693514,0.0796,0.1704,0.3843,0.428
8.695250,0.0664,0.1685,0.3892,0.429
8.697456,0.0464,0.1660,0.4063,0.441
8.699612,0.0303,0.1631,0.4156,0.447
8.702159,0.0142,0.1568,0.4312,0.459
8.704323,-0.0122,0.1553,0.4463,0.473
8.707254,-0.0317,0.1533,0.4454,0.472
8.708766,-0.0449,0.1489,0.4595,0.485
8.710252,-0.0615,0.1460,0.4493,0.476
8.712202,-0.0669,0.1450,0.4385,0.467
8.714337,-0.0649,0.1421,0.4146,0.443
8.716683,-0.0684,0.1314,0.4371,0.461
8.719457,-0.0610,0.1231,0.4346,0.456
8.720962,-0.0532,0.0986,0.4664,0.480
8.722846,-0.0474,0.0820,0.4781,0.487
8.725702,-0.0420,0.0630,0.4751,0.481
8.727853,-0.0352,0.0366,0.4898,0.492
8.728812,-0.0308,0.0039,0.5240,0.525
8.730896,-0.0230,-0.0313,0.5391,0.541
8.734400,-0.0098,-0.0498,0.5308,0.533
8.735461,0.0005,-0.0571,0.5391,0.542
8.737334,0.0068,-0.0610,0.5425,0.546
8.739558,0.0068,-0.0620,0.5416,0.545
8.741709,0.0059,-0.0703,0.5552,0.560
8.743906,0.0103,-0.0767,0.5503,0.556
8.745844,0.0107,-0.0820,0.5508,0.557
8.747982,0.0103,-0.0903,0.5567,0.564
8.750237,0.0137,-0.0869,0.5640,0.571
8.752203,0.0200,-0.0718,0.5684,0.573
8.754376,0.0249,-0.0669,0.5709,0.575
8.756305,0.0303,-0.0557,0.5796,0.583
8.758706,0.0381,-0.0479,0.5787,0.582
8.760784,0.0439,-0.0444,0.5596,0.563
8.762742,0.0435,-0.0469,0.5230,0.527
8.765564,0.0508,-0.0259,0.4976,0.501
8.767021,0.0645,0.0029,0.5098,0.514
8.768952,0.0816,0.0439,0.5245,0.533
8.770952,0.0962,0.0728,0.5416,0.555
8.773841,0.1104,0.0903,0.5518,0.570
